{
"type": "FeatureCollection",
"name": "ga_hexgrid_40km",
"crs": { "type": "name", "properties": { "name": "urn:ogc:def:crs:OGC:1.3:CRS84" } },
"features": [
{ "type": "Feature", "properties": { "hex_id": 0, "area_km2": 11.147041639320053 }, "geometry": { "type": "Polygon", "coordinates": [ [ [ -82.189751203802771, 30.448058189879657 ], [ -82.189734618773826, 30.377080424511082 ], [ -82.192938094939052, 30.378775284540058 ], [ -82.192334086198443, 30.384566233322065 ], [ -82.19651507387151, 30.389312168242018 ], [ -82.204149044671681, 30.401326014882144 ], [ -82.210288995809663, 30.424585755893382 ], [ -82.209867981815947, 30.432813678179397 ], [ -82.206483979484517, 30.437076657182594 ], [ -82.204621008132605, 30.442586124045697 ], [ -82.203972970587685, 30.444502601087699 ], [ -82.204820956544964, 30.451835525221647 ], [ -82.206037948122656, 30.455502482029647 ], [ -82.207519943094027, 30.456923458646205 ], [ -82.207520831123318, 30.456940528017267 ], [ -82.189751203802771, 30.448058189879657 ] ] ] } },
{ "type": "Feature", "properties": { "hex_id": 1, "area_km2": 214.51054578274844 }, "geometry": { "type": "Polygon", "coordinates": [ [ [ -82.189751203802771, 30.448058189879657 ], [ -82.017583616983657, 30.534031552388541 ], [ -82.018359323036151, 30.531180445960903 ], [ -82.018808950588337, 30.524656672831391 ], [ -82.018866308799431, 30.523824446380445 ], [ -82.017676926201247, 30.520993503326157 ], [ -82.016988305073937, 30.51935446213848 ], [ -82.015824305543575, 30.518162471138968 ], [ -82.014768298607436, 30.513005481855604 ], [ -82.01589027288226, 30.495495505160054 ], [ -82.018220268195208, 30.492081506087477 ], [ -82.017295270236403, 30.487634536475099 ], [ -82.016980271143851, 30.478775585713073 ], [ -82.017777269753552, 30.475077599783898 ], [ -82.023732259221489, 30.467285600966566 ], [ -82.025455257115283, 30.457751641715006 ], [ -82.028210253716111, 30.447392681281212 ], [ -82.0300622510604, 30.444849683852819 ], [ -82.036201242448669, 30.438456682231259 ], [ -82.03720724172446, 30.434514698828163 ], [ -82.035999921610127, 30.431669047812502 ], [ -82.034462247128474, 30.428044752218163 ], [ -82.034003248853608, 30.422353787304374 ], [ -82.039969242354175, 30.414276800224712 ], [ -82.041162241832922, 30.409962818883145 ], [ -82.041688144050497, 30.405697051509566 ], [ -82.04198824248148, 30.403262853760648 ], [ -82.041162245110471, 30.396837895762875 ], [ -82.035869253701321, 30.38528398923857 ], [ -82.036823254231365, 30.377881027212506 ], [ -82.040744252167144, 30.370155053950402 ], [ -82.047915247559345, 30.363262062943321 ], [ -82.049964248974447, 30.362379426578155 ], [ -82.050067245973878, 30.362335059165215 ], [ -82.06003223814308, 30.360325028506232 ], [ -82.068531374824914, 30.359181177043794 ], [ -82.081104371159938, 30.358803164647526 ], [ -82.094685208271599, 30.360777876303963 ], [ -82.100127623008504, 30.364264008652551 ], [ -82.101796198547888, 30.365332812617883 ], [ -82.101414197921969, 30.366552805466196 ], [ -82.102498195918358, 30.367819791439903 ], [ -82.104832193361517, 30.368315777369972 ], [ -82.116383183595588, 30.367331733049269 ], [ -82.14328016358651, 30.363389645423453 ], [ -82.158107350672751, 30.359910074420299 ], [ -82.161755348936978, 30.357848078971642 ], [ -82.165190348079264, 30.358032074384592 ], [ -82.170052347065052, 30.358926065248333 ], [ -82.171506346972748, 30.35986605970945 ], [ -82.171974414731821, 30.360347355470633 ], [ -82.180016123383538, 30.368621437516644 ], [ -82.183795112052621, 30.373708374048885 ], [ -82.184631105900422, 30.37716133856803 ], [ -82.186392103834606, 30.377351328566039 ], [ -82.188812102601531, 30.376592324238146 ], [ -82.189734618773826, 30.377080424511082 ], [ -82.189751203802771, 30.448058189879657 ] ] ] } },
{ "type": "Feature", "properties": { "hex_id": 2, "area_km2": 133.09068274789652 }, "geometry": { "type": "Polygon", "coordinates": [ [ [ -84.722996351436208, 30.783690751042759 ], [ -84.53998019463431, 30.697000553151046 ], [ -84.539975316952308, 30.696801329739621 ], [ -84.550801242517153, 30.697302631399541 ], [ -84.60624738530413, 30.699870231464331 ], [ -84.60638438536715, 30.699863231571189 ], [ -84.625206746642704, 30.700905035342529 ], [ -84.625218380993758, 30.700905679295136 ], [ -84.644813398718981, 30.701990248730819 ], [ -84.664745161346843, 30.702897500379247 ], [ -84.665849382877724, 30.702947762198534 ], [ -84.725152876753668, 30.705647130131396 ], [ -84.801133817729266, 30.709105507333149 ], [ -84.836322275388795, 30.710707133140012 ], [ -84.860397407484442, 30.711414295530378 ], [ -84.722996351436208, 30.783690751042759 ] ] ] } },
{ "type": "Feature", "properties": { "hex_id": 3, "area_km2": 217.45467877537746 }, "geometry": { "type": "Polygon", "coordinates": [ [ [ -84.53998019463431, 30.697000553151046 ], [ -84.361357738899272, 30.790320211581328 ], [ -84.178620295092159, 30.703104194939538 ], [ -84.17815446226065, 30.680648783434844 ], [ -84.249898697451414, 30.684142621446529 ], [ -84.254116496871831, 30.684292295099393 ], [ -84.281208652221778, 30.685253695145441 ], [ -84.282558262133648, 30.685319065104672 ], [ -84.282559865943313, 30.685319142787073 ], [ -84.374903517400611, 30.689791909879844 ], [ -84.380704237654683, 30.689966753707299 ], [ -84.380736421615779, 30.689967723787927 ], [ -84.452315275729759, 30.692125232393192 ], [ -84.474407377950996, 30.692791124899692 ], [ -84.525887735130951, 30.695958142697013 ], [ -84.535040357257913, 30.696521194956148 ], [ -84.539368359037752, 30.696773197158031 ], [ -84.539975316952308, 30.696801329739621 ], [ -84.53998019463431, 30.697000553151046 ] ] ] } },
{ "type": "Feature", "properties": { "hex_id": 4, "area_km2": 304.40236450480188 }, "geometry": { "type": "Polygon", "coordinates": [ [ [ -84.178620295092159, 30.703104194939538 ], [ -83.999608443845574, 30.795942227547851 ], [ -83.817158760358467, 30.708204789759762 ], [ -83.816377853762731, 30.662292391785574 ], [ -83.820884779720643, 30.662611020810282 ], [ -83.855214803063973, 30.664410874751418 ], [ -83.879892329667499, 30.665812226317449 ], [ -83.880218819800248, 30.665830766551533 ], [ -83.880315819906926, 30.665805765990378 ], [ -84.007389893742243, 30.672095200044588 ], [ -84.007452893689347, 30.672098556927601 ], [ -84.019092197995292, 30.672718744505598 ], [ -84.019139119084812, 30.672721244644535 ], [ -84.039705866720738, 30.673817121428474 ], [ -84.041808865048054, 30.673876116270211 ], [ -84.046603860962875, 30.674198104733616 ], [ -84.057226852234194, 30.674703078973277 ], [ -84.072742044892863, 30.675352595106073 ], [ -84.072769132740319, 30.675353729091039 ], [ -84.083755502868172, 30.675813654127438 ], [ -84.107697811445718, 30.676815956877032 ], [ -84.124893796989767, 30.678043916305931 ], [ -84.155208452562988, 30.67952289882119 ], [ -84.17815446226065, 30.680648783434844 ], [ -84.178620295092159, 30.703104194939538 ] ] ] } },
{ "type": "Feature", "properties": { "hex_id": 5, "area_km2": 394.76260423100712 }, "geometry": { "type": "Polygon", "coordinates": [ [ [ -83.817158760358467, 30.708204789759762 ], [ -83.637765333716771, 30.800557021243289 ], [ -83.455612853530056, 30.712298165227445 ], [ -83.4546902747324, 30.642780604098142 ], [ -83.499873831183152, 30.645670227431101 ], [ -83.536870524312434, 30.647518236852296 ], [ -83.611665220349352, 30.651254273108027 ], [ -83.611718221707051, 30.651257239583153 ], [ -83.642224608646984, 30.652964675059561 ], [ -83.674056446067908, 30.654746294083559 ], [ -83.676771456043952, 30.654904294918754 ], [ -83.743727707209814, 30.658395693171816 ], [ -83.808754572606901, 30.661786242763814 ], [ -83.810534772887522, 30.661879062880622 ], [ -83.816377853762731, 30.662292391785574 ], [ -83.817158760358467, 30.708204789759762 ] ] ] } },
{ "type": "Feature", "properties": { "hex_id": 6, "area_km2": 486.68585087339176 }, "geometry": { "type": "Polygon", "coordinates": [ [ [ -83.455612853530056, 30.712298165227445 ], [ -83.275848238018085, 30.804156865914404 ], [ -83.094003272078169, 30.715380955116416 ], [ -83.093106506000026, 30.621386058737912 ], [ -83.118565035839012, 30.622844068068314 ], [ -83.121407315118972, 30.623007255765053 ], [ -83.131367926805723, 30.623579138274852 ], [ -83.13661202456322, 30.623985372536097 ], [ -83.156167892638734, 30.625500269660119 ], [ -83.163306883787513, 30.625891308419629 ], [ -83.172351864972015, 30.626338637694765 ], [ -83.172413329533768, 30.626341677491482 ], [ -83.174408870388504, 30.62644036913931 ], [ -83.187388853948349, 30.627219440194338 ], [ -83.256216242608645, 30.631276282248933 ], [ -83.30924685497429, 30.634402197633214 ], [ -83.309247434986318, 30.634402231822435 ], [ -83.309452788012081, 30.634414336489371 ], [ -83.311644788307362, 30.634574357100433 ], [ -83.311872310886997, 30.634588066065231 ], [ -83.340849500926566, 30.636334037222511 ], [ -83.341008794450516, 30.636343635196109 ], [ -83.357700842248164, 30.637357065986151 ], [ -83.379457802584128, 30.638678007330402 ], [ -83.390059804812353, 30.639331111589218 ], [ -83.429474814575883, 30.641517503311331 ], [ -83.429581814762386, 30.641494504148699 ], [ -83.44001881766772, 30.642021608864248 ], [ -83.448892820484062, 30.642408697771714 ], [ -83.448941811939562, 30.642411832010797 ], [ -83.4546902747324, 30.642780604098142 ], [ -83.455612853530056, 30.712298165227445 ] ] ] } },
{ "type": "Feature", "properties": { "hex_id": 7, "area_km2": 578.59482744934303 }, "geometry": { "type": "Polygon", "coordinates": [ [ [ -83.094003272078169, 30.715380955116416 ], [ -82.913876262908957, 30.806747069759084 ], [ -82.732347388803504, 30.717460690649617 ], [ -82.731665630147191, 30.600260881546056 ], [ -82.877257146523746, 30.609019722355907 ], [ -82.878777146136073, 30.609077719475792 ], [ -82.939916122414886, 30.612587523609836 ], [ -83.023527468566769, 30.617387558810421 ], [ -83.055711363219075, 30.619235369567171 ], [ -83.055948723914156, 30.619248997439435 ], [ -83.093106506000026, 30.621386058737912 ], [ -83.094003272078169, 30.715380955116416 ] ] ] } },
{ "type": "Feature", "properties": { "hex_id": 8, "area_km2": 666.37251555352395 }, "geometry": { "type": "Polygon", "coordinates": [ [ [ -82.732347388803504, 30.717460690649617 ], [ -82.551866404864327, 30.808329268135168 ], [ -82.370662627871127, 30.718532877053228 ], [ -82.370369430608037, 30.57871732228536 ], [ -82.374841916672565, 30.578999367556335 ], [ -82.418913320162773, 30.581740545480514 ], [ -82.459541989971655, 30.584267586568782 ], [ -82.459789800344225, 30.584282439491275 ], [ -82.524897040370163, 30.588184716691401 ], [ -82.536231048265833, 30.588880730588922 ], [ -82.545053054477719, 30.5893567413444 ], [ -82.553157059855494, 30.589929751010516 ], [ -82.565474068313975, 30.590617765709286 ], [ -82.56923507058579, 30.590960770007069 ], [ -82.584000007360999, 30.591791571193475 ], [ -82.689269146976585, 30.597714902630571 ], [ -82.689537094366671, 30.597729608901876 ], [ -82.698616152542996, 30.598227912242137 ], [ -82.698900152641329, 30.598266912472099 ], [ -82.731665630147191, 30.600260881546056 ], [ -82.732347388803504, 30.717460690649617 ] ] ] } },
{ "type": "Feature", "properties": { "hex_id": 9, "area_km2": 881.6620302145393 }, "geometry": { "type": "Polygon", "coordinates": [ [ [ -82.370662627871127, 30.718532877053228 ], [ -82.189837134619168, 30.808899822026362 ], [ -82.041002629443312, 30.734622424828142 ], [ -82.044790578247358, 30.728477261848731 ], [ -82.044454575722739, 30.726148262870172 ], [ -82.040037589091867, 30.724581276142857 ], [ -82.039152589965241, 30.723174278971033 ], [ -82.037561588175663, 30.718636284494348 ], [ -82.038534580234753, 30.715914281831175 ], [ -82.036802581584467, 30.71302928782054 ], [ -82.036631919853193, 30.710118178851641 ], [ -82.036424572214159, 30.706581290194162 ], [ -82.043012535842763, 30.698253268438947 ], [ -82.041418533710726, 30.693588274428055 ], [ -82.043539512231305, 30.684730267061656 ], [ -82.050430475988236, 30.676262240004029 ], [ -82.048471470844859, 30.668943247316989 ], [ -82.046992470818367, 30.665922253304693 ], [ -82.047177465423786, 30.6629002524184 ], [ -82.048841456604464, 30.660674245206771 ], [ -82.049505446425528, 30.655544241929842 ], [ -82.046112451049993, 30.65176325675375 ], [ -82.042269459272561, 30.649448274046364 ], [ -82.039593457504012, 30.643305286820066 ], [ -82.039090455468695, 30.641128289422788 ], [ -82.039939446356797, 30.63714028588306 ], [ -82.037607447001164, 30.633267297576236 ], [ -82.033925451877323, 30.629599316217782 ], [ -82.028497454689145, 30.621825345489782 ], [ -82.026539445697708, 30.61329935862501 ], [ -82.027336432106907, 30.60672235682884 ], [ -82.026939432239146, 30.606149359171827 ], [ -82.020443221244051, 30.603865945326124 ], [ -82.016501455051227, 30.602480417454323 ], [ -82.015706455868809, 30.601700422254432 ], [ -82.012107451459443, 30.593769447234266 ], [ -82.009190362054383, 30.581605897347544 ], [ -82.009230077451122, 30.556988872459812 ], [ -82.013214369248018, 30.550087469194537 ], [ -82.017583616983657, 30.534031552388541 ], [ -82.189751203802771, 30.448058189879657 ], [ -82.207520831123318, 30.456940528017267 ], [ -82.207705936500659, 30.460498422787683 ], [ -82.204611927495748, 30.468863362755233 ], [ -82.200935924802351, 30.474433334633382 ], [ -82.201413905692704, 30.48515922893074 ], [ -82.206442884031716, 30.491872127997595 ], [ -82.212849858574543, 30.498746013620824 ], [ -82.218511846269934, 30.50418197340327 ], [ -82.225023833831941, 30.507824938181091 ], [ -82.226930830687053, 30.510275933101727 ], [ -82.230374825849808, 30.517333934196749 ], [ -82.230335608825769, 30.517473641133414 ], [ -82.230333744998831, 30.51748028084036 ], [ -82.229396829374352, 30.520817954100373 ], [ -82.23074982856528, 30.526752966628699 ], [ -82.236120817762043, 30.53114994602754 ], [ -82.240400809904898, 30.537764942494757 ], [ -82.238909815903483, 30.545420982368327 ], [ -82.234435827966507, 30.54899802550365 ], [ -82.234424830670932, 30.556588054435945 ], [ -82.232620835657016, 30.557953071080046 ], [ -82.228262848357318, 30.562575115751624 ], [ -82.22282386339873, 30.56559016053999 ], [ -82.217312877248688, 30.565185193283014 ], [ -82.21438288556223, 30.566953217470065 ], [ -82.21481622972756, 30.568511924082049 ], [ -82.214836885188845, 30.568586220235947 ], [ -82.249838795904026, 30.570858014831195 ], [ -82.258097803881142, 30.571554038588619 ], [ -82.287340833440723, 30.573453124050186 ], [ -82.370369430608037, 30.57871732228536 ], [ -82.370662627871127, 30.718532877053228 ] ] ] } },
{ "type": "Feature", "properties": { "hex_id": 10, "area_km2": 14.729261720054673 }, "geometry": { "type": "MultiPolygon", "coordinates": [ [ [ [ -81.702442401366525, 30.745446250705285 ], [ -81.702466543459309, 30.745436913034297 ], [ -81.709112548337316, 30.747972902424294 ], [ -81.711384300244305, 30.747270762373656 ], [ -81.719925537340174, 30.74463088562862 ], [ -81.724455540915841, 30.746542878602028 ], [ -81.729299543781124, 30.748251871218152 ], [ -81.732839547509229, 30.750482865511138 ], [ -81.732953549235887, 30.752012863874345 ], [ -81.731351551992319, 30.754003864448595 ], [ -81.732338553188427, 30.755292861693881 ], [ -81.741994554508594, 30.759067842968495 ], [ -81.742742555955161, 30.760584840287009 ], [ -81.742139557664217, 30.76194983988028 ], [ -81.740385560075737, 30.763595841026149 ], [ -81.740667752678789, 30.764681432251507 ], [ -81.702442401366525, 30.745446250705285 ] ] ], [ [ [ -81.74408113547149, 30.766398145105857 ], [ -81.750036560690077, 30.767107822116071 ], [ -81.754877565592352, 30.768697810636947 ], [ -81.758207362831314, 30.770870833501732 ], [ -81.758527570240943, 30.771079800587785 ], [ -81.760454805451559, 30.774630949860658 ], [ -81.74408113547149, 30.766398145105857 ] ] ], [ [ [ -81.827806826599172, 30.808459609070756 ], [ -81.763043128391502, 30.775932060308936 ], [ -81.769635581753917, 30.777112770504718 ], [ -81.771300582042883, 30.776320767954097 ], [ -81.770354579392645, 30.773478773374745 ], [ -81.772466579009148, 30.771236771736145 ], [ -81.773481576649814, 30.766992774890753 ], [ -81.771567573987141, 30.765154780994781 ], [ -81.771947573277998, 30.763807781879191 ], [ -81.78214857939588, 30.761337764815519 ], [ -81.783521581072804, 30.762461760622781 ], [ -81.782583582378066, 30.766069757726541 ], [ -81.786695587099302, 30.769798744407847 ], [ -81.783674586828042, 30.772875746501413 ], [ -81.788187798294757, 30.77925917588972 ], [ -81.791815753034925, 30.7843905098925 ], [ -81.792581597138948, 30.785473710320044 ], [ -81.794415598423043, 30.787000704138599 ], [ -81.796606598763589, 30.785616701317739 ], [ -81.796748597963955, 30.783051704712019 ], [ -81.798451598450526, 30.782247702201023 ], [ -81.802396601402222, 30.787193686299474 ], [ -81.807447603718515, 30.790115670682098 ], [ -81.819211607462123, 30.789907644825785 ], [ -81.823700609198895, 30.78682764003133 ], [ -81.828489610536892, 30.789352625140644 ], [ -81.839241615030758, 30.786596606301945 ], [ -81.840728039826061, 30.787332472846963 ], [ -81.841772615496197, 30.787849598428817 ], [ -81.839689613586984, 30.791193596905572 ], [ -81.840620637172918, 30.791861637266791 ], [ -81.841183613634882, 30.792265591587711 ], [ -81.845636615586741, 30.79071758450041 ], [ -81.85350661578326, 30.794624559296203 ], [ -81.855922120533805, 30.794541284961049 ], [ -81.827806826599172, 30.808459609070756 ] ] ], [ [ [ -82.009190362054383, 30.581605897347544 ], [ -82.008089431502256, 30.577014482391426 ], [ -82.005475413153292, 30.56349150881795 ], [ -82.009230077451122, 30.556988872459812 ], [ -82.009190362054383, 30.581605897347544 ] ] ] ] } },
{ "type": "Feature", "properties": { "hex_id": 11, "area_km2": 89.775454563291646 }, "geometry": { "type": "Polygon", "coordinates": [ [ [ -81.465793244949353, 30.8070081276895 ], [ -81.45148592056789, 30.799773230078564 ], [ -81.455285672510641, 30.790927243189117 ], [ -81.460059631486757, 30.769909246499779 ], [ -81.46106359823581, 30.753681250116113 ], [ -81.45946855707696, 30.741976267461446 ], [ -81.449705462907644, 30.719682317264521 ], [ -81.444122421248039, 30.709711340642237 ], [ -81.448716421154174, 30.709350337729298 ], [ -81.459976428849018, 30.71043132685001 ], [ -81.464463432693321, 30.711042322181299 ], [ -81.465384251264453, 30.711299021994261 ], [ -81.4725954445491, 30.713309311553108 ], [ -81.475752451549084, 30.714751306382343 ], [ -81.483784492620515, 30.72388828304792 ], [ -81.487330503221941, 30.726078276235764 ], [ -81.489535504160898, 30.726097274510177 ], [ -81.507214494270272, 30.722933259648084 ], [ -81.516114490926157, 30.722233245181553 ], [ -81.521415491940957, 30.722533235317396 ], [ -81.526243495221749, 30.723389225407725 ], [ -81.531154498310869, 30.724216215469234 ], [ -81.533364495018617, 30.723430212835645 ], [ -81.534246485080558, 30.720967215130841 ], [ -81.534515472893517, 30.717933219381123 ], [ -81.533961460000711, 30.714724225396115 ], [ -81.533811449256177, 30.712052229850805 ], [ -81.53514643988197, 30.7096992310315 ], [ -81.538389435923264, 30.708653226553057 ], [ -81.541593441714866, 30.710059218417037 ], [ -81.54467745725016, 30.713966206899286 ], [ -81.546094469278017, 30.717027199828003 ], [ -81.548960380348475, 30.718155671715024 ], [ -81.549299474192637, 30.718289192217025 ], [ -81.552564469073587, 30.716971188192009 ], [ -81.556147456727331, 30.71374718613373 ], [ -81.560707449042752, 30.711686180502547 ], [ -81.563459455709562, 30.713420173119459 ], [ -81.563794472019438, 30.717746166838818 ], [ -81.56666306021792, 30.718510536759087 ], [ -81.568410476586465, 30.718976156947239 ], [ -81.571417486383069, 30.721633148246333 ], [ -81.572438022309953, 30.721943743607753 ], [ -81.573717488877108, 30.722333143314732 ], [ -81.576154261328639, 30.722593351162018 ], [ -81.586818493316301, 30.723732118628057 ], [ -81.589290489997708, 30.722836115271942 ], [ -81.593839474465653, 30.71847811185167 ], [ -81.597104477378679, 30.719323105113592 ], [ -81.596090495886713, 30.724612101458945 ], [ -81.596450505068347, 30.727247098112862 ], [ -81.600875512277852, 30.729441088305755 ], [ -81.604291510196703, 30.728936082968733 ], [ -81.606016500745085, 30.726216082603976 ], [ -81.60582547846893, 30.71968708914731 ], [ -81.607618467157607, 30.716370089047047 ], [ -81.610654466653699, 30.716214083675077 ], [ -81.613042480872551, 30.720448075566164 ], [ -81.615064488291495, 30.722688070008719 ], [ -81.621137487517302, 30.722537059429488 ], [ -81.623540494397488, 30.724677053477681 ], [ -81.621125508189337, 30.728829054283054 ], [ -81.620926168027282, 30.730657287203126 ], [ -81.465793244949353, 30.8070081276895 ] ] ] } },
{ "type": "Feature", "properties": { "hex_id": 12, "area_km2": 649.63909174460662 }, "geometry": { "type": "Polygon", "coordinates": [ [ [ -84.911480524519476, 31.050306363902703 ], [ -84.727787968845433, 30.963924047357452 ], [ -84.722996351436208, 30.783690751042759 ], [ -84.860397407484442, 30.711414295530378 ], [ -84.863458699861184, 30.711503893400266 ], [ -84.864691224532407, 30.711540081903088 ], [ -84.869750189403845, 30.721895026465113 ], [ -84.875419164902183, 30.727488991240872 ], [ -84.883819136361041, 30.732588953227996 ], [ -84.885219127484021, 30.734988939738049 ], [ -84.887520105273722, 30.741788904363606 ], [ -84.896120068056078, 30.750588850617035 ], [ -84.897620066546409, 30.751388847545041 ], [ -84.900220062462026, 30.751888842586268 ], [ -84.903120056780622, 30.751788837328199 ], [ -84.906320048533999, 30.750588831982341 ], [ -84.911120040466471, 30.751188822960781 ], [ -84.913520037974763, 30.75228881811179 ], [ -84.914320038935969, 30.753588816101157 ], [ -84.915020052160358, 30.76118881161241 ], [ -84.917236572194668, 30.763274099596902 ], [ -84.920121052532267, 30.765987800232029 ], [ -84.91802106805018, 30.772087801499211 ], [ -84.917421076421974, 30.77588780099256 ], [ -84.91802107974685, 30.778087798957809 ], [ -84.926721090870103, 30.790187777785267 ], [ -84.92832109459404, 30.793087773592397 ], [ -84.928784234862462, 30.79586658235803 ], [ -84.929021102364828, 30.797287770500819 ], [ -84.927921115229537, 30.80278777017946 ], [ -84.928321119489254, 30.80508776845468 ], [ -84.93092112760614, 30.810486761323901 ], [ -84.936822138030138, 30.818486746930727 ], [ -84.93742214262123, 30.820886744779209 ], [ -84.935743172698608, 30.83395874225927 ], [ -84.932322184545185, 30.838086746861244 ], [ -84.926954191381895, 30.839189756405382 ], [ -84.925663199596627, 30.842682757323399 ], [ -84.927822208645154, 30.847886751063779 ], [ -84.933222212375043, 30.851485739416123 ], [ -84.936622226352114, 30.858985729813348 ], [ -84.935323232092458, 30.861284731257665 ], [ -84.932522237726658, 30.863185735695243 ], [ -84.933122243158138, 30.86588573340731 ], [ -84.939322252344212, 30.871485719337649 ], [ -84.939222259892716, 30.874885718053562 ], [ -84.934322276902904, 30.881885724260528 ], [ -84.93489828240736, 30.884525722036596 ], [ -84.937982408332289, 30.886343637561801 ], [ -84.939370286948929, 30.88716171245883 ], [ -84.942523289122008, 30.888485705931924 ], [ -84.949623308195186, 30.897384688631288 ], [ -84.952323319438293, 30.902284681372251 ], [ -84.956123331955652, 30.907584671839068 ], [ -84.966724356539373, 30.917284647413542 ], [ -84.969424368938746, 30.921984640182668 ], [ -84.971024385288331, 30.928184634365536 ], [ -84.975224393189151, 30.930784625193549 ], [ -84.980625399827233, 30.93268461403613 ], [ -84.983125406326437, 30.934783608316671 ], [ -84.983625412531097, 30.936983606366283 ], [ -84.983025427660692, 30.942583604978388 ], [ -84.982225439062702, 30.946883604564164 ], [ -84.979625458881799, 30.954683606023643 ], [ -84.979625470483214, 30.958983604084569 ], [ -84.98012547701174, 30.961283602087121 ], [ -84.98252549031568, 30.965583595533136 ], [ -84.984825497168458, 30.96748359025025 ], [ -84.988025503117626, 30.968783583504514 ], [ -84.997626517197389, 30.971183563931643 ], [ -84.999826519766827, 30.971483559558713 ], [ -84.999926518960436, 30.971183559504208 ], [ -85.004024531817834, 30.973465561004566 ], [ -85.00510353714094, 30.974701561225025 ], [ -85.005929545393698, 30.977037560863415 ], [ -85.005929886081148, 30.977350583164096 ], [ -85.005929911403882, 30.977373849573112 ], [ -85.005932553676999, 30.979801559771964 ], [ -85.002538569420636, 30.986896554203877 ], [ -85.001817600789579, 30.997886548778755 ], [ -85.001898612249164, 31.000678549815671 ], [ -85.002497613286124, 31.000679550387819 ], [ -85.001983348517328, 31.002659548052925 ], [ -84.911480524519476, 31.050306363902703 ] ] ] } },
{ "type": "Feature", "properties": { "hex_id": 13, "area_km2": 1039.2304845413266 }, "geometry": { "type": "Polygon", "coordinates": [ [ [ -84.361357738899272, 30.790320211581328 ], [ -84.53998019463431, 30.697000553151046 ], [ -84.722996351436208, 30.783690751042759 ], [ -84.727787968845433, 30.963924047357452 ], [ -84.548887483493189, 31.057516119632322 ], [ -84.36547298571071, 30.970600948219914 ], [ -84.361357738899272, 30.790320211581328 ] ] ] } },
{ "type": "Feature", "properties": { "hex_id": 14, "area_km2": 1039.2304845413262 }, "geometry": { "type": "Polygon", "coordinates": [ [ [ -83.999608443845574, 30.795942227547851 ], [ -84.178620295092159, 30.703104194939538 ], [ -84.361357738899272, 30.790320211581328 ], [ -84.36547298571071, 30.970600948219914 ], [ -84.186173537043686, 31.06370762160488 ], [ -84.003046215492091, 30.976262827875647 ], [ -83.999608443845574, 30.795942227547851 ] ] ] } },
{ "type": "Feature", "properties": { "hex_id": 15, "area_km2": 1039.2304845413264 }, "geometry": { "type": "Polygon", "coordinates": [ [ [ -83.637765333716771, 30.800557021243289 ], [ -83.817158760358467, 30.708204789759762 ], [ -83.999608443845574, 30.795942227547851 ], [ -84.003046215492091, 30.976262827875647 ], [ -83.823355444979256, 31.068881061669323 ], [ -83.64052413922353, 30.980911062017224 ], [ -83.637765333716771, 30.800557021243289 ] ] ] } },
{ "type": "Feature", "properties": { "hex_id": 16, "area_km2": 1039.2304845413266 }, "geometry": { "type": "Polygon", "coordinates": [ [ [ -83.275848238018085, 30.804156865914404 ], [ -83.455612853530056, 30.712298165227445 ], [ -83.637765333716771, 30.800557021243289 ], [ -83.64052413922353, 30.980911062017224 ], [ -83.46045328606688, 31.073033942543699 ], [ -83.277929108228491, 30.98453699337465 ], [ -83.275848238018085, 30.804156865914404 ] ] ] } },
{ "type": "Feature", "properties": { "hex_id": 17, "area_km2": 1039.2304845413266 }, "geometry": { "type": "Polygon", "coordinates": [ [ [ -82.913876262908957, 30.806747069759084 ], [ -83.094003272078169, 30.715380955116416 ], [ -83.275848238018085, 30.804156865914404 ], [ -83.277929108228491, 30.98453699337465 ], [ -83.09748676485512, 31.076161227069967 ], [ -82.91527855681997, 30.987145577957449 ], [ -82.913876262908957, 30.806747069759084 ] ] ] } },
{ "type": "Feature", "properties": { "hex_id": 18, "area_km2": 1039.2304845413262 }, "geometry": { "type": "Polygon", "coordinates": [ [ [ -82.551866404864327, 30.808329268135168 ], [ -82.732347388803504, 30.717460690649617 ], [ -82.913876262908957, 30.806747069759084 ], [ -82.91527855681997, 30.987145577957449 ], [ -82.734472575126773, 31.078270529360527 ], [ -82.55258938383588, 30.988738712842846 ], [ -82.551866404864327, 30.808329268135168 ] ] ] } },
{ "type": "Feature", "properties": { "hex_id": 19, "area_km2": 1039.2304845413257 }, "geometry": { "type": "Polygon", "coordinates": [ [ [ -82.189837134619168, 30.808899822026362 ], [ -82.370662627871127, 30.718532877053228 ], [ -82.551866404864327, 30.808329268135168 ], [ -82.55258938383588, 30.988738712842846 ], [ -82.371429199428647, 31.079357525542942 ], [ -82.189880735164792, 30.989312959240358 ], [ -82.189837134619168, 30.808899822026362 ] ] ] } },
{ "type": "Feature", "properties": { "hex_id": 20, "area_km2": 946.75416447751411 }, "geometry": { "type": "Polygon", "coordinates": [ [ [ -82.189837134619168, 30.808899822026362 ], [ -82.189880735164792, 30.989312959240358 ], [ -82.008375040035602, 31.079422389236928 ], [ -81.827170807203885, 30.988869320790485 ], [ -81.827806826599172, 30.808459609070756 ], [ -81.855922120533805, 30.794541284961049 ], [ -81.863737618558901, 30.794271536819419 ], [ -81.868261620845018, 30.792846529549035 ], [ -81.870405619779888, 30.794815520575046 ], [ -81.870351617532265, 30.79747951508859 ], [ -81.876188616539253, 30.799801496692684 ], [ -81.881490617292584, 30.799913484176709 ], [ -81.884817605415918, 30.811525450516918 ], [ -81.889097603007016, 30.813556435543937 ], [ -81.891493599122015, 30.816748422376659 ], [ -81.891019592494331, 30.822466410444981 ], [ -81.892904588476995, 30.825509398675877 ], [ -81.894849588424051, 30.825163394530605 ], [ -81.901441580497263, 30.829918366435397 ], [ -81.904821581713165, 30.828272361674887 ], [ -81.907268584885884, 30.825551362017979 ], [ -81.906716588091626, 30.823386368688531 ], [ -81.90408959274923, 30.8204063825014 ], [ -81.90453159636516, 30.817739387830912 ], [ -81.91091459798804, 30.816121376028217 ], [ -81.918726595034173, 30.817489353331172 ], [ -81.927048593918798, 30.817565332552938 ], [ -81.932806588023169, 30.820406310734594 ], [ -81.936208578012511, 30.825413288728651 ], [ -81.936974571947658, 30.828507278413991 ], [ -81.93878657078892, 30.828832272869708 ], [ -81.94369357505208, 30.825977268127165 ], [ -81.949499569622461, 30.827863248015095 ], [ -81.955703579109496, 30.822747246788921 ], [ -81.96286196660769, 30.818698399164397 ], [ -81.96392658828141, 30.818096239767687 ], [ -81.962737598745051, 30.813632255817691 ], [ -81.962439610737619, 30.80843727177934 ], [ -81.964499613103555, 30.807448269771335 ], [ -81.961721627803115, 30.800989295290758 ], [ -81.962896639873193, 30.795843307671699 ], [ -81.966619645299048, 30.793911304927327 ], [ -81.969953657891054, 30.789072311906388 ], [ -81.97082567091303, 30.78385232567414 ], [ -81.973440684476387, 30.778824335239719 ], [ -81.977720692192563, 30.776632332871333 ], [ -81.978796320919912, 30.776913076236173 ], [ -81.978868016994838, 30.776931789196066 ], [ -81.98342169130099, 30.778120316221308 ], [ -81.992097682183342, 30.782992282248724 ], [ -81.994970674735072, 30.786069266111465 ], [ -82.004752646956661, 30.791385229112546 ], [ -82.008051635227659, 30.792049221060449 ], [ -82.012503629191912, 30.789329221391164 ], [ -82.015866613077733, 30.79158720839731 ], [ -82.016198791599805, 30.791173972149469 ], [ -82.018751613609368, 30.787998213819915 ], [ -82.021970603171425, 30.78822920714526 ], [ -82.023757605025892, 30.78525921237474 ], [ -82.02326761290999, 30.782689220733875 ], [ -82.017958649626237, 30.774939254156173 ], [ -82.018447653607979, 30.772755259620681 ], [ -82.015158666675688, 30.771967268956594 ], [ -82.011373704630472, 30.762596305904864 ], [ -82.013921700124669, 30.760898305257236 ], [ -82.018862693577731, 30.756570306662276 ], [ -82.018837698726685, 30.754591312581834 ], [ -82.02372968340822, 30.75350330391462 ], [ -82.027139676507915, 30.751124302348074 ], [ -82.031882660261317, 30.75047229242746 ], [ -82.034798640325619, 30.754445274471006 ], [ -82.036771633093679, 30.754430269746546 ], [ -82.038663633456068, 30.75108327400012 ], [ -82.039632628464744, 30.747723274714463 ], [ -82.039419611991136, 30.737190276502112 ], [ -82.041002629443312, 30.734622424828142 ], [ -82.189837134619168, 30.808899822026362 ] ] ] } },
{ "type": "Feature", "properties": { "hex_id": 21, "area_km2": 1024.0273104077485 }, "geometry": { "type": "Polygon", "coordinates": [ [ [ -81.827806826599172, 30.808459609070756 ], [ -81.827170807203885, 30.988869320790485 ], [ -81.645330103879218, 31.078466877619999 ], [ -81.475333270717115, 30.99288524829889 ], [ -81.490585103127827, 30.98494921160469 ], [ -81.49365008980422, 30.977525214284139 ], [ -81.490181977446525, 30.97341329473123 ], [ -81.486965067878828, 30.969599210426974 ], [ -81.475788051685015, 30.965973203851298 ], [ -81.472320057255587, 30.969896200955731 ], [ -81.466813055137379, 30.970907197177958 ], [ -81.464605554220412, 30.970017899052007 ], [ -81.465793244949353, 30.8070081276895 ], [ -81.620926168027282, 30.730657287203126 ], [ -81.620821517385693, 30.73161705250595 ], [ -81.624364532335562, 30.736337042784513 ], [ -81.624918998571601, 30.736204753060381 ], [ -81.628329528648052, 30.735391036976033 ], [ -81.629140507063866, 30.728722040656663 ], [ -81.630690504895114, 30.728092038470631 ], [ -81.632841506824391, 30.728759034297283 ], [ -81.635045520912371, 30.733273027354233 ], [ -81.638056520795487, 30.73336502225651 ], [ -81.641913506443245, 30.728919018674173 ], [ -81.646135501935802, 30.727588012266924 ], [ -81.649022501403905, 30.727496007352901 ], [ -81.653131507986515, 30.72979599901678 ], [ -81.654088517793923, 30.733089995606814 ], [ -81.651502541116599, 30.740673995667585 ], [ -81.652326548281593, 30.74309799299435 ], [ -81.654335860129024, 30.744217760314967 ], [ -81.654338352592632, 30.744219149337493 ], [ -81.654630551636899, 30.744381988645561 ], [ -81.659884543912142, 30.742176981439414 ], [ -81.662687545848883, 30.74303697656217 ], [ -81.663542553535137, 30.745724973966137 ], [ -81.659772565429748, 30.749437978043144 ], [ -81.660833571426707, 30.753189974022476 ], [ -81.663343572443594, 30.754398969334062 ], [ -81.669842566669161, 30.751665961190891 ], [ -81.678433563416505, 30.75106694842944 ], [ -81.683094556489905, 30.7484889425284 ], [ -81.68235554835411, 30.745481944571143 ], [ -81.679304547009977, 30.744741949597756 ], [ -81.672466559121006, 30.74843195894756 ], [ -81.669073550071417, 30.744982965609207 ], [ -81.668836542997582, 30.74251096700835 ], [ -81.670122536176336, 30.740231965880177 ], [ -81.672822531948626, 30.738931962020473 ], [ -81.680089538056109, 30.741596949366251 ], [ -81.68842453602754, 30.74147893604713 ], [ -81.691045540342515, 30.743276931440278 ], [ -81.692411551744556, 30.747633928337272 ], [ -81.694776553211128, 30.748410924520176 ], [ -81.702442401366525, 30.745446250705285 ], [ -81.740667752678789, 30.764681432251507 ], [ -81.74075156152611, 30.765003839056202 ], [ -81.744036561946032, 30.766392832441664 ], [ -81.74408113547149, 30.766398145105857 ], [ -81.760454805451559, 30.774630949860658 ], [ -81.760465574697847, 30.774650792609158 ], [ -81.761718576334957, 30.77569478881334 ], [ -81.763043128391502, 30.775932060308936 ], [ -81.827806826599172, 30.808459609070756 ] ] ] } },
{ "type": "Feature", "properties": { "hex_id": 22, "area_km2": 83.215856679397973 }, "geometry": { "type": "Polygon", "coordinates": [ [ [ -81.465793244949367, 30.8070081276895 ], [ -81.464605554220412, 30.970017899052007 ], [ -81.453567033873995, 30.965570190198083 ], [ -81.448048029532131, 30.965508186811476 ], [ -81.447387010872262, 30.956729189451025 ], [ -81.436546124709395, 30.956667187066802 ], [ -81.426927995210832, 30.956612178013675 ], [ -81.420107025659135, 30.974073165123755 ], [ -81.415824028685833, 30.9771891605481 ], [ -81.408483024053339, 30.977715155166088 ], [ -81.403407980108256, 30.957911164007456 ], [ -81.404077871141709, 30.903735197981824 ], [ -81.412471840471738, 30.885748210095503 ], [ -81.428575750185686, 30.836333234949706 ], [ -81.430833740971892, 30.831153236843377 ], [ -81.440128726540152, 30.821366238553825 ], [ -81.446925707958428, 30.810387240416688 ], [ -81.45148592056789, 30.799773230078564 ], [ -81.465793244949367, 30.8070081276895 ] ] ] } },
{ "type": "Feature", "properties": { "hex_id": 23, "area_km2": 397.53728220619536 }, "geometry": { "type": "Polygon", "coordinates": [ [ [ -84.916680706891086, 31.230504968896799 ], [ -84.911480524519476, 31.050306363902703 ], [ -85.001983348517328, 31.002659548052925 ], [ -85.001364643853663, 31.005041561427273 ], [ -84.999624671319822, 31.009076572100259 ], [ -84.999426706642296, 31.0138405857038 ], [ -85.000058716064515, 31.014980587931159 ], [ -85.004547753532393, 31.019177603285016 ], [ -85.005049794963881, 31.024698618879739 ], [ -85.009407856390993, 31.032375643121114 ], [ -85.008550931837206, 31.042821670969765 ], [ -85.008814952157792, 31.045570678623907 ], [ -85.010578607271896, 31.051029271388533 ], [ -85.011391012152387, 31.053543701778906 ], [ -85.012641026416389, 31.055399707481747 ], [ -85.018147057355108, 31.059250720717596 ], [ -85.02857216923762, 31.074580765640984 ], [ -85.028472370682337, 31.075523925798866 ], [ -85.02833218487298, 31.076848771392921 ], [ -85.026067235442937, 31.084177789535122 ], [ -85.029735318300538, 31.096160821547947 ], [ -85.032831347890721, 31.100567833533972 ], [ -85.035614398837964, 31.10818985338139 ], [ -85.037078408764884, 31.109748857534264 ], [ -85.040512419504907, 31.111580862600722 ], [ -85.047060915825497, 31.116549308873694 ], [ -85.050177462524857, 31.118913881626959 ], [ -85.052866464552338, 31.119486883215878 ], [ -85.054676471920587, 31.120815886522497 ], [ -85.055900777878364, 31.123382595016587 ], [ -85.055930517681517, 31.123444943327605 ], [ -85.061071551850873, 31.134222918289062 ], [ -85.062429583669413, 31.139515930566517 ], [ -85.064027600536804, 31.142492937347061 ], [ -85.070180631563616, 31.148677950815379 ], [ -85.075729043887463, 31.155775447070884 ], [ -85.076627672999891, 31.156924968253566 ], [ -85.077800677112336, 31.15788697014947 ], [ -85.082617131233022, 31.159337490128046 ], [ -85.083581679239472, 31.159627972733468 ], [ -85.092105670871092, 31.160290972256504 ], [ -85.100206687833605, 31.165487981087345 ], [ -85.100446694263397, 31.166724983557597 ], [ -85.098425758557227, 31.177768006888787 ], [ -85.09850677160199, 31.180151011774672 ], [ -85.10205179015631, 31.1847320197868 ], [ -85.104423790569129, 31.18564802067554 ], [ -85.106502784688786, 31.185303019128526 ], [ -85.107515788872973, 31.186449021001486 ], [ -85.107744432181164, 31.189852843225246 ], [ -85.108132836762238, 31.195635039037203 ], [ -85.10696287713175, 31.202691053717277 ], [ -85.105630890418453, 31.20459305825554 ], [ -85.099769932368531, 31.209749072071375 ], [ -85.098703943429868, 31.211284075862846 ], [ -85.098706988912213, 31.219509092811574 ], [ -85.096763028171068, 31.225649106838151 ], [ -85.098844060490549, 31.2325221195258 ], [ -85.10076506755837, 31.23481112275449 ], [ -85.102472079220206, 31.237858127628709 ], [ -85.10426009564614, 31.241867134303209 ], [ -85.106182123206978, 31.248075145168293 ], [ -85.109149150597602, 31.25460713040783 ], [ -85.111711162994482, 31.258020115701605 ], [ -85.112352170383616, 31.259578109434617 ], [ -85.113261196219284, 31.264341091283903 ], [ -85.111983220945419, 31.267985080005662 ], [ -85.111905247573645, 31.272475064178927 ], [ -85.112546257435127, 31.274376056410414 ], [ -85.114548264834568, 31.276300046244351 ], [ -85.114601270929271, 31.2773310424169 ], [ -85.112762290537162, 31.280035035839795 ], [ -85.110309304863932, 31.281731034209667 ], [ -85.099815524788369, 31.284009295044111 ], [ -85.09910733725421, 31.284163046719307 ], [ -85.093160374683379, 31.2896860412854 ], [ -85.08977440531217, 31.2950240326673 ], [ -85.087695450718044, 31.304051011529236 ], [ -85.087651472798456, 31.308674998480441 ], [ -85.087497900436503, 31.310258058802802 ], [ -84.916680706891086, 31.230504968896799 ] ] ] } },
{ "type": "Feature", "properties": { "hex_id": 24, "area_km2": 1039.2304845413262 }, "geometry": { "type": "Polygon", "coordinates": [ [ [ -84.548887483493189, 31.057516119632322 ], [ -84.727787968845433, 30.963924047357452 ], [ -84.911480524519476, 31.050306363902703 ], [ -84.916680706891086, 31.230504968896799 ], [ -84.737502161114705, 31.324373457293746 ], [ -84.553401690500039, 31.23776545572775 ], [ -84.548887483493189, 31.057516119632322 ] ] ] } },
{ "type": "Feature", "properties": { "hex_id": 25, "area_km2": 1039.2304845413262 }, "geometry": { "type": "Polygon", "coordinates": [ [ [ -84.186173537043686, 31.06370762160488 ], [ -84.36547298571071, 30.970600948219914 ], [ -84.548887483493189, 31.057516119632322 ], [ -84.553401690500039, 31.23776545572775 ], [ -84.373815361492561, 31.331145671266686 ], [ -84.190001461544583, 31.244001122423402 ], [ -84.186173537043686, 31.06370762160488 ] ] ] } },
{ "type": "Feature", "properties": { "hex_id": 26, "area_km2": 1039.2304845413262 }, "geometry": { "type": "Polygon", "coordinates": [ [ [ -83.823355444979256, 31.068881061669323 ], [ -84.003046215492091, 30.976262827875647 ], [ -84.186173537043686, 31.06370762160488 ], [ -84.190001461544583, 31.244001122423402 ], [ -84.010015294973485, 31.336888156631371 ], [ -83.826496318592675, 31.249210661844991 ], [ -83.823355444979256, 31.068881061669323 ] ] ] } },
{ "type": "Feature", "properties": { "hex_id": 27, "area_km2": 1039.2304845413266 }, "geometry": { "type": "Polygon", "coordinates": [ [ [ -83.46045328606688, 31.073033942543699 ], [ -83.64052413922353, 30.980911062017224 ], [ -83.823355444979256, 31.068881061669323 ], [ -83.826496318592675, 31.249210661844991 ], [ -83.646119882740223, 31.341600196916417 ], [ -83.462908198277148, 31.253392294379609 ], [ -83.46045328606688, 31.073033942543699 ] ] ] } },
{ "type": "Feature", "properties": { "hex_id": 28, "area_km2": 1039.2304845413266 }, "geometry": { "type": "Polygon", "coordinates": [ [ [ -83.09748676485512, 31.076161227069967 ], [ -83.277929108228491, 30.98453699337465 ], [ -83.46045328606688, 31.073033942543699 ], [ -83.462908198277148, 31.253392294379609 ], [ -83.282149912168137, 31.345279230448025 ], [ -83.099252724079918, 31.256543808839567 ], [ -83.09748676485512, 31.076161227069967 ] ] ] } },
{ "type": "Feature", "properties": { "hex_id": 29, "area_km2": 1039.2304845413262 }, "geometry": { "type": "Polygon", "coordinates": [ [ [ -82.734472575126773, 31.078270529360527 ], [ -82.91527855681997, 30.987145577957449 ], [ -83.09748676485512, 31.076161227069967 ], [ -83.099252724079918, 31.256543808839567 ], [ -82.918121868586113, 31.34792847028082 ], [ -82.735549579058471, 31.258668656493612 ], [ -82.734472575126773, 31.078270529360527 ] ] ] } },
{ "type": "Feature", "properties": { "hex_id": 30, "area_km2": 1039.2304845413257 }, "geometry": { "type": "Polygon", "coordinates": [ [ [ -82.371429199428647, 31.079357525542942 ], [ -82.55258938383588, 30.988738712842846 ], [ -82.734472575126773, 31.078270529360527 ], [ -82.735549579058471, 31.258668656493612 ], [ -82.554054927337674, 31.349543068960635 ], [ -82.37181739230607, 31.259762424669159 ], [ -82.371429199428647, 31.079357525542942 ] ] ] } },
{ "type": "Feature", "properties": { "hex_id": 31, "area_km2": 1039.2304845413257 }, "geometry": { "type": "Polygon", "coordinates": [ [ [ -82.008375040035602, 31.079422389236928 ], [ -82.189880735164792, 30.989312959240358 ], [ -82.371429199428647, 31.079357525542942 ], [ -82.37181739230607, 31.259762424669159 ], [ -82.189968161853713, 31.350124623473814 ], [ -82.008074159756205, 31.259827533929133 ], [ -82.008375040035602, 31.079422389236928 ] ] ] } },
{ "type": "Feature", "properties": { "hex_id": 32, "area_km2": 1039.2304845413257 }, "geometry": { "type": "Polygon", "coordinates": [ [ [ -81.645330103879218, 31.078466877619999 ], [ -81.827170807203885, 30.988869320790485 ], [ -82.008375040035602, 31.079422389236928 ], [ -82.008074159756205, 31.259827533929133 ], [ -81.825880893157006, 31.349674579173421 ], [ -81.644340933611232, 31.258864954820595 ], [ -81.645330103879218, 31.078466877619999 ] ] ] } },
{ "type": "Feature", "properties": { "hex_id": 33, "area_km2": 856.53297200642044 }, "geometry": { "type": "Polygon", "coordinates": [ [ [ -81.645330103879218, 31.078466877619999 ], [ -81.644340933611232, 31.258864954820595 ], [ -81.461811436886492, 31.348191329403466 ], [ -81.280633317048014, 31.256872041558566 ], [ -81.280715961509102, 31.248023805464491 ], [ -81.282840912683454, 31.244326526952815 ], [ -81.289134916860519, 31.225483576627628 ], [ -81.290466918831669, 31.217687594879447 ], [ -81.295695919600149, 31.215044608712539 ], [ -81.303063919175031, 31.216874616840883 ], [ -81.306344289751138, 31.214900116369002 ], [ -81.315897922008944, 31.209149652725149 ], [ -81.331109927534158, 31.196951700165435 ], [ -81.354878944125829, 31.16720079120223 ], [ -81.360789951052823, 31.155899820116122 ], [ -81.364584395561749, 31.149885863448809 ], [ -81.365810956447746, 31.147941841360932 ], [ -81.367044942792816, 31.14701020217003 ], [ -81.371722753736634, 31.143478532600714 ], [ -81.375887963406186, 31.140333868456718 ], [ -81.37803045424657, 31.139266785397563 ], [ -81.387741970446484, 31.134429894412079 ], [ -81.397089962408415, 31.134179248804902 ], [ -81.39900352685018, 31.134127940829739 ], [ -81.399297965424395, 31.134120046114013 ], [ -81.399675974369472, 31.134109910644671 ], [ -81.403111509011126, 31.129398717219104 ], [ -81.404006537792583, 31.128171352594762 ], [ -81.409521986764716, 31.120607945658293 ], [ -81.403730993701927, 31.107111960670206 ], [ -81.401208006506337, 31.08613999250721 ], [ -81.401266015355844, 31.072778014812606 ], [ -81.415122055516363, 31.026715104364378 ], [ -81.420473066594752, 31.016700125321307 ], [ -81.424731072002402, 31.013675133909548 ], [ -81.432474078351092, 31.012988141816273 ], [ -81.434709078745371, 31.014638141236379 ], [ -81.434922076428549, 31.017801136541777 ], [ -81.440118438820605, 31.017081182048152 ], [ -81.443148869554577, 31.016661316743299 ], [ -81.451443090521437, 31.015512154778794 ], [ -81.457794099802882, 31.010256168115756 ], [ -81.459239104886365, 31.005689176028412 ], [ -81.460965109442284, 30.999139185985985 ], [ -81.469297109594862, 30.996025193544501 ], [ -81.475333270717115, 30.99288524829889 ], [ -81.645330103879218, 31.078466877619999 ] ] ] } },
{ "type": "Feature", "properties": { "hex_id": 34, "area_km2": 979.45490313503399 }, "geometry": { "type": "Polygon", "coordinates": [ [ [ -84.927220537187623, 31.590883881385682 ], [ -84.742425128472647, 31.504589632766784 ], [ -84.737502161114705, 31.324373457293746 ], [ -84.916680706891086, 31.230504968896799 ], [ -85.087497900436503, 31.310258058802802 ], [ -85.087404485032337, 31.311220991893915 ], [ -85.084469509115948, 31.316191986023821 ], [ -85.083776518471154, 31.318207982459608 ], [ -85.084152564991982, 31.328310953661962 ], [ -85.088983595857528, 31.33428992115881 ], [ -85.08941160459527, 31.336030914689932 ], [ -85.087810612668761, 31.337978914554128 ], [ -85.08706362310329, 31.340314910516501 ], [ -85.085946486008467, 31.34951414627405 ], [ -85.085864668208274, 31.350187887141793 ], [ -85.085918682143799, 31.353143878674839 ], [ -85.087413690573428, 31.354425869236078 ], [ -85.0909906963617, 31.354425855225848 ], [ -85.091791701521501, 31.355204849778406 ], [ -85.092619714221655, 31.357471839739343 ], [ -85.092487740980744, 31.362878824124351 ], [ -85.092167748774145, 31.364573820411209 ], [ -85.087145195624572, 31.374030457643425 ], [ -85.08691078466083, 31.374471814599946 ], [ -85.082431818834351, 31.384537807633386 ], [ -85.080403854369678, 31.393929792601767 ], [ -85.078641858868451, 31.396357795250058 ], [ -85.077626866108048, 31.398877794024038 ], [ -85.077387882252097, 31.402841785170647 ], [ -85.079978925910765, 31.410469751375832 ], [ -85.079818930789557, 31.411729748964163 ], [ -85.079039807160953, 31.412804851722303 ], [ -85.076746935760269, 31.415968755386665 ], [ -85.075827955028174, 31.421503746778637 ], [ -85.075523967290735, 31.424758740445576 ], [ -85.073978969771048, 31.427176743730776 ], [ -85.072689967832119, 31.42827574885176 ], [ -85.06908394711327, 31.427616772225349 ], [ -85.066970940264397, 31.42859178280159 ], [ -85.06587594223349, 31.430583785038973 ], [ -85.065554974148355, 31.439540767265303 ], [ -85.065955989313778, 31.442976757091287 ], [ -85.066704009953256, 31.447283742602998 ], [ -85.069269049353238, 31.453469711342578 ], [ -85.071622123990792, 31.468381659870772 ], [ -85.065688142209211, 31.484119667994918 ], [ -85.062106128918543, 31.488014687315129 ], [ -85.058924131555187, 31.495986696081616 ], [ -85.052952091481387, 31.50651572809026 ], [ -85.048446049704125, 31.513681753797272 ], [ -85.047926758349831, 31.514261438812582 ], [ -85.045643024636718, 31.516810770944026 ], [ -85.045496606143644, 31.517127041452934 ], [ -85.044987018380397, 31.518227773853862 ], [ -85.044557013263798, 31.520905773064147 ], [ -85.047650037104049, 31.523748745424861 ], [ -85.048264040811404, 31.526009737562372 ], [ -85.047543962366007, 31.527804198439011 ], [ -84.927220537187623, 31.590883881385682 ] ] ] } },
{ "type": "Feature", "properties": { "hex_id": 35, "area_km2": 1039.2304845413264 }, "geometry": { "type": "Polygon", "coordinates": [ [ [ -84.373815361492561, 31.331145671266686 ], [ -84.553401690500039, 31.23776545572775 ], [ -84.737502161114705, 31.324373457293746 ], [ -84.742425128472647, 31.504589632766784 ], [ -84.562552730671484, 31.598247639686676 ], [ -84.378043081294848, 31.511409739430096 ], [ -84.373815361492561, 31.331145671266686 ] ] ] } },
{ "type": "Feature", "properties": { "hex_id": 36, "area_km2": 1039.2304845413262 }, "geometry": { "type": "Polygon", "coordinates": [ [ [ -84.010015294973485, 31.336888156631371 ], [ -84.190001461544583, 31.244001122423402 ], [ -84.373815361492561, 31.331145671266686 ], [ -84.378043081294848, 31.511409739430096 ], [ -84.197761400050155, 31.604571691618844 ], [ -84.013547264465828, 31.51719283674398 ], [ -84.010015294973485, 31.336888156631371 ] ] ] } },
{ "type": "Feature", "properties": { "hex_id": 37, "area_km2": 1039.2304845413262 }, "geometry": { "type": "Polygon", "coordinates": [ [ [ -83.646119882740223, 31.341600196916417 ], [ -83.826496318592675, 31.249210661844991 ], [ -84.010015294973485, 31.336888156631371 ], [ -84.013547264465828, 31.51719283674398 ], [ -83.832865379477596, 31.609853578519949 ], [ -83.648955988148089, 31.521936360338863 ], [ -83.646119882740223, 31.341600196916417 ] ] ] } },
{ "type": "Feature", "properties": { "hex_id": 38, "area_km2": 1039.2304845413264 }, "geometry": { "type": "Polygon", "coordinates": [ [ [ -83.282149912168137, 31.345279230448025 ], [ -83.462908198277148, 31.253392294379609 ], [ -83.646119882740223, 31.341600196916417 ], [ -83.648955988148089, 31.521936360338863 ], [ -83.467882920637706, 31.61409347924981 ], [ -83.28428875178156, 31.525642454741217 ], [ -83.282149912168137, 31.345279230448025 ] ] ] } },
{ "type": "Feature", "properties": { "hex_id": 39, "area_km2": 1039.2304845413264 }, "geometry": { "type": "Polygon", "coordinates": [ [ [ -82.918121868586113, 31.34792847028082 ], [ -83.099252724079918, 31.256543808839567 ], [ -83.282149912168137, 31.345279230448025 ], [ -83.28428875178156, 31.525642454741217 ], [ -83.102833113140704, 31.617292723952275 ], [ -82.919563342121151, 31.528311694372519 ], [ -82.918121868586113, 31.34792847028082 ] ] ] } },
{ "type": "Feature", "properties": { "hex_id": 40, "area_km2": 1039.2304845413262 }, "geometry": { "type": "Polygon", "coordinates": [ [ [ -82.554054927337674, 31.349543068960635 ], [ -82.735549579058471, 31.258668656493612 ], [ -82.918121868586113, 31.34792847028082 ], [ -82.919563342121151, 31.528311694372519 ], [ -82.7377341411066, 31.619448137569961 ], [ -82.554798157199414, 31.529936995785913 ], [ -82.554054927337674, 31.349543068960635 ] ] ] } },
{ "type": "Feature", "properties": { "hex_id": 41, "area_km2": 1039.2304845413257 }, "geometry": { "type": "Polygon", "coordinates": [ [ [ -82.189968161853713, 31.350124623473814 ], [ -82.37181739230607, 31.259762424669159 ], [ -82.554054927337674, 31.349543068960635 ], [ -82.554798157199414, 31.529936995785913 ], [ -82.372605817277474, 31.620556516728143 ], [ -82.190012820880028, 31.530523167739375 ], [ -82.189968161853713, 31.350124623473814 ] ] ] } },
{ "type": "Feature", "properties": { "hex_id": 42, "area_km2": 1039.2304845413257 }, "geometry": { "type": "Polygon", "coordinates": [ [ [ -81.825880893157006, 31.349674579173421 ], [ -82.008074159756205, 31.259827533929133 ], [ -82.189968161853713, 31.350124623473814 ], [ -82.190012820880028, 31.530523167739375 ], [ -82.007465727783654, 31.620624071309003 ], [ -81.825227462239269, 31.530070003301812 ], [ -81.825880893157006, 31.349674579173421 ] ] ] } },
{ "type": "Feature", "properties": { "hex_id": 43, "area_km2": 1039.2304845413266 }, "geometry": { "type": "Polygon", "coordinates": [ [ [ -81.461811436886492, 31.348191329403466 ], [ -81.644340933611232, 31.258864954820595 ], [ -81.825880893157006, 31.349674579173421 ], [ -81.825227462239269, 31.530070003301812 ], [ -81.642336246477356, 31.619646938352361 ], [ -81.460459849322916, 31.528575715725093 ], [ -81.461811436886492, 31.348191329403466 ] ] ] } },
{ "type": "Feature", "properties": { "hex_id": 44, "area_km2": 630.13647159589163 }, "geometry": { "type": "MultiPolygon", "coordinates": [ [ [ [ -81.168167716269508, 31.562644911284817 ], [ -81.171862834115956, 31.558958094777431 ], [ -81.178755864368398, 31.558148113176756 ], [ -81.182558848632524, 31.56179411835371 ], [ -81.187797374936466, 31.572551848544496 ], [ -81.168167716269508, 31.562644911284817 ] ] ], [ [ [ -81.280633317048014, 31.256872041558566 ], [ -81.461811436886492, 31.348191329403466 ], [ -81.460459849322916, 31.528575715725093 ], [ -81.277231727807447, 31.61762461552529 ], [ -81.197645445789746, 31.577520185767259 ], [ -81.20319985599653, 31.569709161632037 ], [ -81.216062991476278, 31.558411207002944 ], [ -81.240697127219462, 31.552309275379248 ], [ -81.254216136052577, 31.555936308763911 ], [ -81.259204188366652, 31.550329328764835 ], [ -81.276537224862366, 31.548459381965671 ], [ -81.289700317419019, 31.537241417720566 ], [ -81.298257348534051, 31.533501437890951 ], [ -81.297761966470446, 31.531571300871793 ], [ -81.295185425195754, 31.521532424110912 ], [ -81.276317393961619, 31.525272383978084 ], [ -81.271052348579474, 31.531070370568745 ], [ -81.263435345304231, 31.530928352212474 ], [ -81.258807357605363, 31.529056342335458 ], [ -81.263878463002087, 31.515841361234575 ], [ -81.277657508754402, 31.509510388080312 ], [ -81.282309543714803, 31.50439939559207 ], [ -81.278731580386378, 31.497534391408106 ], [ -81.267726587893478, 31.497000376305909 ], [ -81.262894592470914, 31.495779370113517 ], [ -81.251442546993431, 31.505696346934876 ], [ -81.243748414712272, 31.518892316684312 ], [ -81.236679303747195, 31.529188289160327 ], [ -81.228545292308482, 31.526979271763174 ], [ -81.217946251228284, 31.527280245796835 ], [ -81.21351722805457, 31.528148234117403 ], [ -81.204188130305511, 31.536070202489714 ], [ -81.198249101279956, 31.537029186832669 ], [ -81.186566121789582, 31.529181167584809 ], [ -81.180760154028405, 31.522447161696828 ], [ -81.178723180148253, 31.518198162002289 ], [ -81.179340197538139, 31.516288165811034 ], [ -81.189641336978298, 31.503584205450835 ], [ -81.204881464761584, 31.473120264016099 ], [ -81.246909683443278, 31.422780377873412 ], [ -81.258614713656243, 31.404421404685738 ], [ -81.26180172645519, 31.39356441439654 ], [ -81.268611737617633, 31.383005429678683 ], [ -81.278106741045804, 31.377723446871748 ], [ -81.282694974593994, 31.375131254762398 ], [ -81.294268747546923, 31.368592476517701 ], [ -81.290466758573061, 31.361489474012142 ], [ -81.285950776042213, 31.349716472545204 ], [ -81.282921808299079, 31.3264874787899 ], [ -81.287613828699364, 31.310533494123433 ], [ -81.283520378234485, 31.293393093637974 ], [ -81.282860856630492, 31.290631495780545 ], [ -81.279532882600336, 31.271740499128466 ], [ -81.271231891627124, 31.265890487717147 ], [ -81.270295083138834, 31.261904281795324 ], [ -81.280633317048014, 31.256872041558566 ] ] ], [ [ [ -81.273707830365808, 31.311731470662728 ], [ -81.270662832692182, 31.310517466210865 ], [ -81.271880840907613, 31.304101471179884 ], [ -81.276548837792348, 31.305662478178391 ], [ -81.279389836923229, 31.305835482794862 ], [ -81.279389834133966, 31.307916481812754 ], [ -81.277157830243567, 31.311211476583459 ], [ -81.273707830365808, 31.311731470662728 ] ] ] ] } },
{ "type": "Feature", "properties": { "hex_id": 45, "area_km2": 464.41292517560629 }, "geometry": { "type": "Polygon", "coordinates": [ [ [ -85.118060296564408, 31.857038197058696 ], [ -84.93256155209707, 31.771064336724603 ], [ -84.927220537187623, 31.590883881385682 ], [ -85.047543962366007, 31.527804198439011 ], [ -85.047197030445005, 31.528668741657146 ], [ -85.042983992039524, 31.535197762624751 ], [ -85.041813980992401, 31.537751767013614 ], [ -85.041305974994827, 31.540984765450432 ], [ -85.041881977587309, 31.544681755467021 ], [ -85.04254798228888, 31.54595074880503 ], [ -85.04569900634597, 31.548704722741739 ], [ -85.050839043994401, 31.55554867797105 ], [ -85.051874050960151, 31.557868667913024 ], [ -85.052932056420659, 31.562887654285287 ], [ -85.057961091943028, 31.570837612054063 ], [ -85.057720088583906, 31.573059610935719 ], [ -85.055285066489489, 31.577089621149987 ], [ -85.055418066545556, 31.578693618328142 ], [ -85.058441087545745, 31.583687593976233 ], [ -85.05833982462741, 31.586640657094797 ], [ -85.058110078712673, 31.593340584577916 ], [ -85.056406060343093, 31.60096058505005 ], [ -85.056067202623893, 31.604289872130369 ], [ -85.056066352088592, 31.604298228665119 ], [ -85.055977054284341, 31.605175582230093 ], [ -85.057315063868771, 31.60671057310778 ], [ -85.05969708230306, 31.607259559614512 ], [ -85.060553088426587, 31.608221553928228 ], [ -85.06041908538657, 31.611268551234762 ], [ -85.058331066853484, 31.614543558427364 ], [ -85.057528059053453, 31.616880559813364 ], [ -85.057506967107543, 31.617560559734464 ], [ -85.057474057518277, 31.618621558009693 ], [ -85.058170061944836, 31.620224552574857 ], [ -85.059535071668918, 31.621714543971947 ], [ -85.065237114512414, 31.624348512740767 ], [ -85.067629132575902, 31.625264500045514 ], [ -85.073830177951905, 31.629564466165171 ], [ -85.080030220886329, 31.636864431809808 ], [ -85.082830241790177, 31.637964418252299 ], [ -85.084504253972327, 31.639023410021121 ], [ -85.085174257860217, 31.640746406123082 ], [ -85.085366258257579, 31.642183404564854 ], [ -85.085174255322272, 31.644098404499886 ], [ -85.083054943981892, 31.648667358984316 ], [ -85.082268228198757, 31.650363413908106 ], [ -85.080302212759037, 31.65076942207812 ], [ -85.078514198326957, 31.651682429116544 ], [ -85.078633198058668, 31.653306427551932 ], [ -85.079926206547029, 31.655284420889288 ], [ -85.083162230564923, 31.656400406845179 ], [ -85.085461247736802, 31.657025397060327 ], [ -85.087830265269588, 31.657863386974043 ], [ -85.092430298892566, 31.659963367539305 ], [ -85.109431414055607, 31.677462301364901 ], [ -85.112631431592504, 31.685162291590217 ], [ -85.113931439913799, 31.686862287617785 ], [ -85.122331499259431, 31.69126226159219 ], [ -85.125531519901728, 31.694962253293934 ], [ -85.126137581792477, 31.701489091995786 ], [ -85.126831516566384, 31.708962257411091 ], [ -85.126531507044447, 31.716761262749003 ], [ -85.125731499156075, 31.71886126598022 ], [ -85.122231469656555, 31.722761276632031 ], [ -85.119131439342496, 31.730961287320657 ], [ -85.118931436338286, 31.732661288413301 ], [ -85.1239314593263, 31.747561285182893 ], [ -85.126631473700073, 31.75246029043857 ], [ -85.129232484578736, 31.758660308080806 ], [ -85.126955600354748, 31.762327586098074 ], [ -85.125631452005138, 31.764460334173055 ], [ -85.125231446094958, 31.767060343876974 ], [ -85.126331451531598, 31.768860348567742 ], [ -85.130732477468214, 31.772260354297281 ], [ -85.140432532690767, 31.779660368052685 ], [ -85.140952495170751, 31.780457642648436 ], [ -85.141932539212775, 31.781960374670948 ], [ -85.141808098132998, 31.782126295448695 ], [ -85.137132498152226, 31.788360404253009 ], [ -85.132932465377436, 31.792360423664579 ], [ -85.132232457130797, 31.795159434521985 ], [ -85.132832455974651, 31.798859447202254 ], [ -85.132848845706789, 31.800367485487165 ], [ -85.13293244418854, 31.808059480270725 ], [ -85.131532428996465, 31.813059499479483 ], [ -85.131332421858559, 31.817559515773294 ], [ -85.131763405234452, 31.818442324539102 ], [ -85.133648429151265, 31.82230353111937 ], [ -85.1343164298885, 31.824605538987289 ], [ -85.132621417062126, 31.826830548156007 ], [ -85.13308441724935, 31.82866355446787 ], [ -85.135932431019597, 31.83045955923852 ], [ -85.139232444338319, 31.834158570921112 ], [ -85.141832451159402, 31.839258588517946 ], [ -85.141332445674536, 31.841058595457934 ], [ -85.138332424723075, 31.844158608225719 ], [ -85.137732419016913, 31.845858614714651 ], [ -85.137779063916483, 31.846698471638533 ], [ -85.118060296564408, 31.857038197058696 ] ] ] } },
{ "type": "Feature", "properties": { "hex_id": 46, "area_km2": 1039.2304845413262 }, "geometry": { "type": "Polygon", "coordinates": [ [ [ -84.562552730671484, 31.598247639686676 ], [ -84.742425128472647, 31.504589632766784 ], [ -84.927220537187623, 31.590883881385682 ], [ -84.93256155209707, 31.771064336724603 ], [ -84.752404086609729, 31.865004823305529 ], [ -84.567190189072036, 31.778480239625797 ], [ -84.562552730671484, 31.598247639686676 ] ] ] } },
{ "type": "Feature", "properties": { "hex_id": 47, "area_km2": 1039.2304845413262 }, "geometry": { "type": "Polygon", "coordinates": [ [ [ -84.197761400050155, 31.604571691618844 ], [ -84.378043081294848, 31.511409739430096 ], [ -84.562552730671484, 31.598247639686676 ], [ -84.567190189072036, 31.778480239625797 ], [ -84.386613910101985, 31.871921262006872 ], [ -84.201694333605815, 31.784848892069437 ], [ -84.197761400050155, 31.604571691618844 ] ] ] } },
{ "type": "Feature", "properties": { "hex_id": 48, "area_km2": 1039.2304845413262 }, "geometry": { "type": "Polygon", "coordinates": [ [ [ -83.832865379477596, 31.609853578519949 ], [ -84.013547264465828, 31.51719283674398 ], [ -84.197761400050155, 31.604571691618844 ], [ -84.201694333605815, 31.784848892069437 ], [ -84.020707806291085, 31.87778724888501 ], [ -83.836093370144766, 31.790168306490461 ], [ -83.832865379477596, 31.609853578519949 ] ] ] } },
{ "type": "Feature", "properties": { "hex_id": 49, "area_km2": 1039.2304845413264 }, "geometry": { "type": "Polygon", "coordinates": [ [ [ -83.467882920637706, 31.61409347924981 ], [ -83.648955988148089, 31.521936360338863 ], [ -83.832865379477596, 31.609853578519949 ], [ -83.836093370144766, 31.790168306490461 ], [ -83.65470578446191, 31.882597609041767 ], [ -83.470403942540869, 31.794438205175634 ], [ -83.467882920637706, 31.61409347924981 ] ] ] } },
{ "type": "Feature", "properties": { "hex_id": 50, "area_km2": 1039.2304845413264 }, "geometry": { "type": "Polygon", "coordinates": [ [ [ -83.102833113140704, 31.617292723952275 ], [ -83.28428875178156, 31.525642454741217 ], [ -83.467882920637706, 31.61409347924981 ], [ -83.470403942540869, 31.794438205175634 ], [ -83.288624172963011, 31.88635603710399 ], [ -83.104647338085528, 31.79765959782457 ], [ -83.102833113140704, 31.617292723952275 ] ] ] } },
{ "type": "Feature", "properties": { "hex_id": 51, "area_km2": 1039.2304845413262 }, "geometry": { "type": "Polygon", "coordinates": [ [ [ -82.7377341411066, 31.619448137569961 ], [ -82.919563342121151, 31.528311694372519 ], [ -83.102833113140704, 31.617292723952275 ], [ -83.104647338085528, 31.79765959782457 ], [ -82.922484856006506, 31.889061911889204 ], [ -82.7388410189685, 31.799830065499314 ], [ -82.7377341411066, 31.619448137569961 ] ] ] } },
{ "type": "Feature", "properties": { "hex_id": 52, "area_km2": 1039.2304845413257 }, "geometry": { "type": "Polygon", "coordinates": [ [ [ -82.372605817277474, 31.620556516728143 ], [ -82.554798157199414, 31.529936995785913 ], [ -82.7377341411066, 31.619448137569961 ], [ -82.7388410189685, 31.799830065499314 ], [ -82.556305453072653, 31.89071032734584 ], [ -82.373005864806998, 31.800946125888277 ], [ -82.372605817277474, 31.620556516728143 ] ] ] } },
{ "type": "Feature", "properties": { "hex_id": 53, "area_km2": 1039.2304845413257 }, "geometry": { "type": "Polygon", "coordinates": [ [ [ -82.007465727783654, 31.620624071309003 ], [ -82.190012820880028, 31.530523167739375 ], [ -82.372605817277474, 31.620556516728143 ], [ -82.373005864806998, 31.800946125888277 ], [ -82.190105005222691, 31.891305036393945 ], [ -82.007158614135321, 31.801014881576531 ], [ -82.007465727783654, 31.620624071309003 ] ] ] } },
{ "type": "Feature", "properties": { "hex_id": 54, "area_km2": 1039.2304845413257 }, "geometry": { "type": "Polygon", "coordinates": [ [ [ -81.642336246477356, 31.619646938352361 ], [ -81.825227462239269, 31.530070003301812 ], [ -82.007465727783654, 31.620624071309003 ], [ -82.007158614135321, 31.801014881576531 ], [ -81.823904273364107, 31.890845467367271 ], [ -81.641320544951682, 31.800030465259489 ], [ -81.642336246477356, 31.619646938352361 ] ] ] } },
{ "type": "Feature", "properties": { "hex_id": 55, "area_km2": 1039.2304845413266 }, "geometry": { "type": "Polygon", "coordinates": [ [ [ -81.277231727807447, 31.61762461552529 ], [ -81.460459849322916, 31.528575715725093 ], [ -81.642336246477356, 31.619646938352361 ], [ -81.641320544951682, 31.800030465259489 ], [ -81.457720013153363, 31.889330108473555 ], [ -81.275507526928237, 31.797993215851076 ], [ -81.277231727807447, 31.61762461552529 ] ] ] } },
{ "type": "Feature", "properties": { "hex_id": 56, "area_km2": 445.33217216170812 }, "geometry": { "type": "Polygon", "coordinates": [ [ [ -81.277231727807447, 31.61762461552529 ], [ -81.275507526928237, 31.797993215851076 ], [ -81.091571754357346, 31.88675855909694 ], [ -81.063744305961961, 31.872729791800815 ], [ -81.06118959854156, 31.865331083026657 ], [ -81.058591407085018, 31.857806790675859 ], [ -81.05906545685113, 31.850101770893538 ], [ -81.062785510586707, 31.844735765236589 ], [ -81.076173633719307, 31.836127775067425 ], [ -81.075807670776015, 31.829026755917521 ], [ -81.067277643918416, 31.826121726804846 ], [ -81.062111648188747, 31.821066700134825 ], [ -81.052308613488577, 31.819044669264859 ], [ -81.050941585739366, 31.822378674965815 ], [ -81.047935554876688, 31.824876674236982 ], [ -81.039803527116987, 31.82299564812752 ], [ -81.036953536721597, 31.819553630878172 ], [ -81.034719547760929, 31.816418615974211 ], [ -81.035908595090604, 31.810359601529715 ], [ -81.046366703780777, 31.800865602725906 ], [ -81.070371970757449, 31.771369591489428 ], [ -81.079166044769423, 31.762679595660021 ], [ -81.09509115681098, 31.749139615053689 ], [ -81.111966286298426, 31.737213685622169 ], [ -81.13063044241764, 31.722687763958675 ], [ -81.138444475533191, 31.720929790345238 ], [ -81.154682805893231, 31.726198412213247 ], [ -81.160666475312112, 31.728139849202361 ], [ -81.174036513645689, 31.727482891321802 ], [ -81.19278051420163, 31.733240942408482 ], [ -81.198390770531191, 31.726065984568258 ], [ -81.203568651717561, 31.719443991668278 ], [ -81.195285675641145, 31.713835972875088 ], [ -81.186299750657668, 31.70150496032722 ], [ -81.161080763120779, 31.691396897624564 ], [ -81.154620726516569, 31.693869875232206 ], [ -81.15188468401854, 31.698406861131957 ], [ -81.14936567042858, 31.699299852418854 ], [ -81.139390639318052, 31.699912821730507 ], [ -81.131133649109685, 31.695769802727753 ], [ -81.13560475509307, 31.683486832860691 ], [ -81.136404823630642, 31.674827847035303 ], [ -81.134546916693537, 31.661987859235488 ], [ -81.133971075921806, 31.640952886472913 ], [ -81.128842133124422, 31.631434885353077 ], [ -81.133490209112111, 31.623343909339482 ], [ -81.149967491203768, 31.59347199392127 ], [ -81.160361704818854, 31.570432050983204 ], [ -81.168167716269508, 31.562644911284817 ], [ -81.187797374936466, 31.572551848544496 ], [ -81.18789977971332, 31.572762118800455 ], [ -81.187241719486067, 31.580052108390674 ], [ -81.188828701241206, 31.580123304629605 ], [ -81.192224470742872, 31.580275647919294 ], [ -81.195578744316961, 31.580426129594525 ], [ -81.197645445789746, 31.577520185767259 ], [ -81.277231727807447, 31.61762461552529 ] ] ] } },
{ "type": "Feature", "properties": { "hex_id": 57, "area_km2": 6.6200090232793203 }, "geometry": { "type": "Polygon", "coordinates": [ [ [ -85.118060296564408, 31.857038197058696 ], [ -85.137779063916483, 31.846698471638533 ], [ -85.138032412799461, 31.85125963445811 ], [ -85.140232418438103, 31.855258648603531 ], [ -85.140732417730021, 31.857458656648721 ], [ -85.140132412697398, 31.858758661600724 ], [ -85.137432396112985, 31.860658669124525 ], [ -85.135832385432295, 31.862458675973294 ], [ -85.133732364434579, 31.870058703783723 ], [ -85.128832332395859, 31.876357726367271 ], [ -85.128481129386429, 31.877411330086513 ], [ -85.128432328969424, 31.877557730602486 ], [ -85.128432326321374, 31.879657738042567 ], [ -85.129332326987253, 31.882457748075897 ], [ -85.129787082777057, 31.883307944850838 ], [ -85.131632332018484, 31.886757763791813 ], [ -85.133732337809278, 31.889557774309345 ], [ -85.134317405914402, 31.89141049652233 ], [ -85.134332337906187, 31.891457781332289 ], [ -85.134132336047728, 31.892157783817719 ], [ -85.132932329466982, 31.893057786749413 ], [ -85.121132276687121, 31.893257784206956 ], [ -85.119210108468124, 31.893070272310755 ], [ -85.118060296564408, 31.857038197058696 ] ] ] } },
{ "type": "Feature", "properties": { "hex_id": 58, "area_km2": 962.01942881969387 }, "geometry": { "type": "Polygon", "coordinates": [ [ [ -84.943388174301617, 32.131408553062599 ], [ -84.757461162675199, 32.045203739947013 ], [ -84.752404086609729, 31.865004823305529 ], [ -84.93256155209707, 31.771064336724603 ], [ -85.118060296564408, 31.857038197058696 ], [ -85.119210108468124, 31.893070272310755 ], [ -85.117032258856639, 31.892857781719492 ], [ -85.114032244994448, 31.893357782577464 ], [ -85.112031234781298, 31.894757786660751 ], [ -85.110631226681662, 31.896857793162447 ], [ -85.111559226666373, 31.90125180799825 ], [ -85.109776216432692, 31.904140816789159 ], [ -85.109831213162863, 31.908057829673123 ], [ -85.112732223514172, 31.909856837054225 ], [ -85.113132223244605, 31.911856843916159 ], [ -85.109131204706188, 31.914356849954387 ], [ -85.102431175433225, 31.91735685566767 ], [ -85.101331170116197, 31.918656859107298 ], [ -85.100231161965155, 31.924056875418771 ], [ -85.099531158445799, 31.925256878691531 ], [ -85.098231152815401, 31.926256880872547 ], [ -85.091831127096881, 31.928856884037266 ], [ -85.086431103783283, 31.935956900851753 ], [ -85.084731097090298, 31.937356903474196 ], [ -85.078931075524949, 31.940156906284667 ], [ -85.078931075154401, 31.941456909992084 ], [ -85.082431086023036, 31.945355924625019 ], [ -85.086831095617782, 31.957755965772638 ], [ -85.086731094685589, 31.959155969799991 ], [ -85.085731090864243, 31.960755973318349 ], [ -85.083231082437479, 31.962455975221449 ], [ -85.073931053423323, 31.964155968394941 ], [ -85.070231041959914, 31.965655967805212 ], [ -85.067830034590088, 31.967355969299238 ], [ -85.06593002880166, 31.971155976955774 ], [ -85.065930028764328, 31.972455980427249 ], [ -85.066830031257169, 31.974755987841945 ], [ -85.069931039686637, 31.978356002042045 ], [ -85.070931042038751, 31.981656012549202 ], [ -85.068331034612285, 31.986755022408726 ], [ -85.068099215461658, 31.991855035815362 ], [ -85.068031033367376, 31.993355039752192 ], [ -85.064545016493824, 32.002487057035999 ], [ -85.063442008489119, 32.004138058726241 ], [ -85.055075968022322, 32.010712058178498 ], [ -85.053815956248627, 32.013500061980729 ], [ -85.054768945804327, 32.017405072223703 ], [ -85.053669932966741, 32.020660077307546 ], [ -85.050140923998953, 32.021090071766167 ], [ -85.049310917142037, 32.022692073708257 ], [ -85.050601916047427, 32.023904078711759 ], [ -85.052814915746424, 32.025468086195509 ], [ -85.054444522098194, 32.02665011613098 ], [ -85.055217915203059, 32.027211094445022 ], [ -85.056253913744698, 32.028334098822249 ], [ -85.056464902926464, 32.031817106830708 ], [ -85.0554748931539, 32.034219110223432 ], [ -85.054627883484002, 32.036692114025172 ], [ -85.054839877088838, 32.038812119049616 ], [ -85.055333872380572, 32.040578123840106 ], [ -85.058030867382726, 32.043754135923457 ], [ -85.058830859498499, 32.046654143814884 ], [ -85.056630831037594, 32.054153155994825 ], [ -85.0564308180642, 32.058053164133703 ], [ -85.056830813287121, 32.059753168635602 ], [ -85.056029801197923, 32.063053174275474 ], [ -85.054179782106857, 32.067983181369563 ], [ -85.054084774801012, 32.070208186028687 ], [ -85.055491769300318, 32.072655194180093 ], [ -85.05553537458853, 32.07289652245322 ], [ -84.943388174301617, 32.131408553062599 ] ] ] } },
{ "type": "Feature", "properties": { "hex_id": 59, "area_km2": 1039.2304845413264 }, "geometry": { "type": "Polygon", "coordinates": [ [ [ -84.386613910101985, 31.871921262006872 ], [ -84.567190189072036, 31.778480239625797 ], [ -84.752404086609729, 31.865004823305529 ], [ -84.757461162675199, 32.045203739947013 ], [ -84.576590803009466, 32.138928163142424 ], [ -84.390957302851049, 32.052168477539915 ], [ -84.386613910101985, 31.871921262006872 ] ] ] } },
{ "type": "Feature", "properties": { "hex_id": 60, "area_km2": 1039.2304845413262 }, "geometry": { "type": "Polygon", "coordinates": [ [ [ -84.020707806291085, 31.87778724888501 ], [ -84.201694333605815, 31.784848892069437 ], [ -84.386613910101985, 31.871921262006872 ], [ -84.390957302851049, 32.052168477539915 ], [ -84.209666820694821, 32.145386149294048 ], [ -84.024336475345834, 32.058075876425121 ], [ -84.020707806291085, 31.87778724888501 ] ] ] } },
{ "type": "Feature", "properties": { "hex_id": 61, "area_km2": 1039.2304845413262 }, "geometry": { "type": "Polygon", "coordinates": [ [ [ -83.65470578446191, 31.882597609041767 ], [ -83.836093370144766, 31.790168306490461 ], [ -84.020707806291085, 31.87778724888501 ], [ -84.024336475345834, 32.058075876425121 ], [ -83.842635230654565, 32.150780813688677 ], [ -83.657619038304546, 32.062919921379638 ], [ -83.65470578446191, 31.882597609041767 ] ] ] } },
{ "type": "Feature", "properties": { "hex_id": 62, "area_km2": 1039.2304845413264 }, "geometry": { "type": "Polygon", "coordinates": [ [ [ -83.288624172963011, 31.88635603710399 ], [ -83.470403942540869, 31.794438205175634 ], [ -83.65470578446191, 31.882597609041767 ], [ -83.657619038304546, 32.062919921379638 ], [ -83.475514800452459, 32.15511073246256 ], [ -83.290821659775119, 32.066704185609872 ], [ -83.288624172963011, 31.88635603710399 ] ] ] } },
{ "type": "Feature", "properties": { "hex_id": 63, "area_km2": 1039.2304845413264 }, "geometry": { "type": "Polygon", "coordinates": [ [ [ -82.922484856006506, 31.889061911889204 ], [ -83.104647338085528, 31.79765959782457 ], [ -83.288624172963011, 31.88635603710399 ], [ -83.290821659775119, 32.066704185609872 ], [ -83.108325082248825, 32.158375877506508 ], [ -82.923965350924831, 32.069427588139824 ], [ -82.922484856006506, 31.889061911889204 ] ] ] } },
{ "type": "Feature", "properties": { "hex_id": 64, "area_km2": 1039.2304845413262 }, "geometry": { "type": "Polygon", "coordinates": [ [ [ -82.556305453072653, 31.89071032734584 ], [ -82.7388410189685, 31.799830065499314 ], [ -82.922484856006506, 31.889061911889204 ], [ -82.923965350924831, 32.069427588139824 ], [ -82.741085594303286, 32.160576046678557 ], [ -82.55706907921207, 32.071089074121431 ], [ -82.556305453072653, 31.89071032734584 ] ] ] } },
{ "type": "Feature", "properties": { "hex_id": 65, "area_km2": 1039.2304845413257 }, "geometry": { "type": "Polygon", "coordinates": [ [ [ -82.190105005222691, 31.891305036393945 ], [ -82.373005864806998, 31.800946125888277 ], [ -82.556305453072653, 31.89071032734584 ], [ -82.55706907921207, 32.071089074121431 ], [ -82.373815634335301, 32.161710436566828 ], [ -82.190151989176428, 32.071688321612761 ], [ -82.190105005222691, 31.891305036393945 ] ] ] } },
{ "type": "Feature", "properties": { "hex_id": 66, "area_km2": 1039.2304845413257 }, "geometry": { "type": "Polygon", "coordinates": [ [ [ -81.823904273364107, 31.890845467367271 ], [ -82.007158614135321, 31.801014881576531 ], [ -82.190105005222691, 31.891305036393945 ], [ -82.190151989176428, 32.071688321612761 ], [ -82.006534367932602, 32.161778829715601 ], [ -81.823232963139674, 32.071225056466055 ], [ -81.823904273364107, 31.890845467367271 ] ] ] } },
{ "type": "Feature", "properties": { "hex_id": 67, "area_km2": 1039.2304845413266 }, "geometry": { "type": "Polygon", "coordinates": [ [ [ -81.457720013153363, 31.889330108473555 ], [ -81.641320544951682, 31.800030465259489 ], [ -81.823904273364107, 31.890845467367271 ], [ -81.823232963139674, 32.071225056466055 ], [ -81.639260389070529, 32.160780246932852 ], [ -81.456331417921803, 32.069698116569278 ], [ -81.457720013153363, 31.889330108473555 ] ] ] } },
{ "type": "Feature", "properties": { "hex_id": 68, "area_km2": 1039.2304845413275 }, "geometry": { "type": "Polygon", "coordinates": [ [ [ -81.091571754357346, 31.88675855909694 ], [ -81.275507526928237, 31.797993215851076 ], [ -81.457720013153363, 31.889330108473555 ], [ -81.456331417921803, 32.069698116569278 ], [ -81.272015840953799, 32.158714291172011 ], [ -81.089467301447272, 32.067109756131927 ], [ -81.091571754357346, 31.88675855909694 ] ] ] } },
{ "type": "Feature", "properties": { "hex_id": 69, "area_km2": 385.75947441492661 }, "geometry": { "type": "Polygon", "coordinates": [ [ [ -81.091571754357346, 31.88675855909694 ], [ -81.089467301447272, 32.067109756131927 ], [ -81.048337774521855, 32.086855727363336 ], [ -81.04353870787061, 32.086100339477483 ], [ -81.039843692102096, 32.084484052535764 ], [ -81.038120623008055, 32.083730341454206 ], [ -81.026257587838501, 32.088125367984638 ], [ -81.021618604372861, 32.091679384153856 ], [ -81.02002703030783, 32.094327839149706 ], [ -81.017350682459281, 32.098781410736848 ], [ -81.011010682160588, 32.102046431427766 ], [ -81.004300631096939, 32.102363444537417 ], [ -80.999551561707904, 32.100430444802477 ], [ -80.992133453214677, 32.094911408798282 ], [ -80.986840266463574, 32.084112362107625 ], [ -80.983504186860316, 32.079545340434734 ], [ -80.980536154489641, 32.077832328718586 ], [ -80.971910090282705, 32.074629300690709 ], [ -80.959564044524129, 32.072850269696474 ], [ -80.953874995547167, 32.070138250466783 ], [ -80.925079740617235, 32.041935334433369 ], [ -80.921021712548196, 32.039986321124182 ], [ -80.907651695463443, 32.038147302298611 ], [ -80.90667164418511, 32.034789284804553 ], [ -80.890737600093004, 32.030725255645798 ], [ -80.886592548893347, 32.026936235724492 ], [ -80.879268866406392, 32.019930488727816 ], [ -80.876944920648086, 32.017707429679987 ], [ -80.875948416047862, 32.016754185103721 ], [ -80.866203469497947, 32.01937319337992 ], [ -80.859105540600495, 32.023689208870458 ], [ -80.855050570709864, 32.025459214383929 ], [ -80.85286381113842, 32.02857572807433 ], [ -80.8527196191434, 32.028781226776765 ], [ -80.843450562677177, 32.023643202003136 ], [ -80.841062476269585, 32.012335472812531 ], [ -80.840911407851834, 32.011620154718848 ], [ -80.840372295914932, 32.003040121715209 ], [ -80.841848333095768, 32.002654521457117 ], [ -80.841907287252667, 32.002639120260326 ], [ -80.842777394230666, 32.000200130076124 ], [ -80.844498427940522, 31.995376169779114 ], [ -80.846876670056417, 31.988710107978548 ], [ -80.847292313605365, 31.987545085582397 ], [ -80.848107657178019, 31.987304312835832 ], [ -80.852256144263663, 31.986079255471431 ], [ -80.852914864399139, 31.985884733962671 ], [ -80.8584233100284, 31.984258077782126 ], [ -80.859412371618589, 31.973816056094041 ], [ -80.8628083926003, 31.969342046040573 ], [ -80.881890438627153, 31.956679013041693 ], [ -80.897681463024739, 31.949060989593089 ], [ -80.921345498587101, 31.938728953621766 ], [ -80.928000490680205, 31.938527949873151 ], [ -80.929095443391873, 31.944959966219205 ], [ -80.930273357907112, 31.956700996627738 ], [ -80.932516316769167, 31.961922009707976 ], [ -80.9359079549901, 31.962524343183951 ], [ -80.942736285693968, 31.963737011619092 ], [ -80.947980891960185, 31.961829877038319 ], [ -80.949391291859385, 31.961317002985933 ], [ -80.948485323692537, 31.957225991889924 ], [ -80.972386407348296, 31.941265936440658 ], [ -80.979044135523864, 31.940638842586626 ], [ -80.98433039906584, 31.940140927449107 ], [ -80.983617467098853, 31.931669901856726 ], [ -80.981271841933292, 31.92927590631701 ], [ -80.975708540301781, 31.923597881937635 ], [ -80.96848860865866, 31.915817863438331 ], [ -80.954463653971075, 31.911763861343214 ], [ -80.941353658316956, 31.912979873835351 ], [ -80.930139704851854, 31.908065868644126 ], [ -80.947288776020656, 31.896205823274709 ], [ -80.971428898460658, 31.87793674922154 ], [ -80.992685050852103, 31.857636664959788 ], [ -81.000312058515931, 31.856739654530866 ], [ -81.006669908506055, 31.861557121086854 ], [ -81.014473062775195, 31.867469719887225 ], [ -81.028400148097163, 31.868135752475332 ], [ -81.03140313381877, 31.872925773117181 ], [ -81.041543179466856, 31.876193804273395 ], [ -81.056272900130551, 31.876751160825375 ], [ -81.065250334801505, 31.877090857077526 ], [ -81.063744305961961, 31.872729791800815 ], [ -81.091571754357346, 31.88675855909694 ] ] ] } },
{ "type": "Feature", "properties": { "hex_id": 70, "area_km2": 99.178883460440588 }, "geometry": { "type": "MultiPolygon", "coordinates": [ [ [ [ -84.948874209735052, 32.311571688575064 ], [ -84.948653582928557, 32.304357650338446 ], [ -84.95572150291656, 32.306944502813181 ], [ -84.989514215603535, 32.319314486155655 ], [ -85.001874217264344, 32.322013496237425 ], [ -85.00710321763377, 32.328360514111743 ], [ -85.008096219600375, 32.336675522729898 ], [ -85.007335839885826, 32.338519044991877 ], [ -84.948874209735052, 32.311571688575064 ] ] ], [ [ [ -84.943388174301617, 32.131408553062599 ], [ -85.05553537458853, 32.07289652245322 ], [ -85.05581376409009, 32.074437198718236 ], [ -85.053232740070769, 32.080602206946601 ], [ -85.051161730635783, 32.082525206914184 ], [ -85.04707771844916, 32.084345202522037 ], [ -85.045511708107725, 32.086865204744193 ], [ -85.047063699285033, 32.090431215614629 ], [ -85.049550687421856, 32.095360231409813 ], [ -85.053777654087028, 32.107682267030292 ], [ -85.055045636525549, 32.113669282780307 ], [ -85.059180604476282, 32.125151316830141 ], [ -85.061540592458144, 32.129671331923014 ], [ -85.062060583816333, 32.132484339264479 ], [ -85.06114457761818, 32.134063340726676 ], [ -85.058749568616449, 32.136016339731782 ], [ -85.047865537816179, 32.1420313286512 ], [ -85.045593530069524, 32.143756327293936 ], [ -85.033989480203715, 32.156346327950033 ], [ -85.030336460831506, 32.16172533093367 ], [ -85.026583444704542, 32.166102331464444 ], [ -85.01464840437724, 32.176880325998944 ], [ -85.013065396941187, 32.179110326847763 ], [ -85.011267391815991, 32.180491325435185 ], [ -85.008531386033582, 32.181901321850837 ], [ -84.995929369681718, 32.184850307931882 ], [ -84.973728339056834, 32.19155032183032 ], [ -84.966828329595685, 32.193950326282305 ], [ -84.964628325689091, 32.195150328414115 ], [ -84.961728316396901, 32.198648334484524 ], [ -84.962228313525884, 32.20004933692487 ], [ -84.963228309077692, 32.202248340784941 ], [ -84.966928305677982, 32.204449344843944 ], [ -84.96942830670551, 32.204449344996057 ], [ -84.972328310017488, 32.203548343545023 ], [ -84.974628310748912, 32.203649343854387 ], [ -84.977128306730975, 32.205749347856951 ], [ -84.9802293030437, 32.207749351798661 ], [ -84.980229297397415, 32.210049356081811 ], [ -84.978729290802818, 32.21254836055828 ], [ -84.972128275379887, 32.218249370067802 ], [ -84.967428271766238, 32.219349371271392 ], [ -84.961428273329631, 32.218049368025497 ], [ -84.958223786546043, 32.217923701178009 ], [ -84.956328272557656, 32.217849366885495 ], [ -84.949451269561891, 32.21850936689988 ], [ -84.946028461740909, 32.21832010983519 ], [ -84.943388174301617, 32.131408553062599 ] ] ] ] } },
{ "type": "Feature", "properties": { "hex_id": 71, "area_km2": 1011.0905860483053 }, "geometry": { "type": "Polygon", "coordinates": [ [ [ -84.948874209735052, 32.311571688575064 ], [ -84.767711165169203, 32.405583894934878 ], [ -84.581354320796379, 32.319143404449143 ], [ -84.576590803009466, 32.138928163142424 ], [ -84.757461162675199, 32.045203739947013 ], [ -84.943388174301617, 32.131408553062599 ], [ -84.946028461740909, 32.21832010983519 ], [ -84.939328268316785, 32.217949364395558 ], [ -84.930127264148311, 32.219049364614555 ], [ -84.928227262298108, 32.219849365497815 ], [ -84.92542725873227, 32.221549367528368 ], [ -84.924855668508371, 32.222281002217422 ], [ -84.922927252766428, 32.224749371734525 ], [ -84.923527244239253, 32.229749379161234 ], [ -84.923031400309654, 32.230851251749883 ], [ -84.922627240739686, 32.231749381854108 ], [ -84.920627236913106, 32.23394938451441 ], [ -84.916327232543253, 32.236549387020204 ], [ -84.912727221785076, 32.243348395395053 ], [ -84.913927218796985, 32.245148398305645 ], [ -84.917227217106856, 32.245948400590265 ], [ -84.920327219917056, 32.244048398957261 ], [ -84.923027218790608, 32.24454740060569 ], [ -84.924127216769463, 32.24564740259644 ], [ -84.924427209536759, 32.249795408787996 ], [ -84.923015209406969, 32.250820409213169 ], [ -84.917327212001723, 32.249047405016697 ], [ -84.910098214299992, 32.248331401316413 ], [ -84.907227213660619, 32.249048401214374 ], [ -84.904087212680864, 32.250836401985133 ], [ -84.902510212414086, 32.255231405039993 ], [ -84.901454212297267, 32.257422406466112 ], [ -84.898139212607035, 32.258606406208401 ], [ -84.892296213475177, 32.25827040373224 ], [ -84.889174213739579, 32.259230403370232 ], [ -84.889146868902429, 32.259718827592266 ], [ -84.889080213447428, 32.260909404753356 ], [ -84.89184121267003, 32.263396407878467 ], [ -84.893959212027909, 32.265844410721073 ], [ -84.904023210030886, 32.273747420998497 ], [ -84.911127209243105, 32.276947426203748 ], [ -84.922872208273958, 32.285331437233971 ], [ -84.933800208220802, 32.298258451451893 ], [ -84.938680208478161, 32.300706455060578 ], [ -84.948653582928557, 32.304357650338446 ], [ -84.948874209735052, 32.311571688575064 ] ] ] } },
{ "type": "Feature", "properties": { "hex_id": 72, "area_km2": 1039.2304845413262 }, "geometry": { "type": "Polygon", "coordinates": [ [ [ -84.209666820694821, 32.145386149294048 ], [ -84.390957302851049, 32.052168477539915 ], [ -84.576590803009466, 32.138928163142424 ], [ -84.581354320796379, 32.319143404449143 ], [ -84.399760789210674, 32.412645592556622 ], [ -84.213706443449581, 32.325646034477423 ], [ -84.209666820694821, 32.145386149294048 ] ] ] } },
{ "type": "Feature", "properties": { "hex_id": 73, "area_km2": 1039.2304845413262 }, "geometry": { "type": "Polygon", "coordinates": [ [ [ -83.842635230654565, 32.150780813688677 ], [ -84.024336475345834, 32.058075876425121 ], [ -84.209666820694821, 32.145386149294048 ], [ -84.213706443449581, 32.325646034477423 ], [ -84.031691383683651, 32.418633655389939 ], [ -83.845949715821931, 32.331078025945416 ], [ -83.842635230654565, 32.150780813688677 ] ] ] } },
{ "type": "Feature", "properties": { "hex_id": 74, "area_km2": 1039.2304845413264 }, "geometry": { "type": "Polygon", "coordinates": [ [ [ -83.475514800452459, 32.15511073246256 ], [ -83.657619038304546, 32.062919921379638 ], [ -83.842635230654565, 32.150780813688677 ], [ -83.845949715821931, 32.331078025945416 ], [ -83.663522906315848, 32.423547059321891 ], [ -83.478104405652559, 32.335438485002882 ], [ -83.475514800452459, 32.15511073246256 ] ] ] } },
{ "type": "Feature", "properties": { "hex_id": 75, "area_km2": 1039.2304845413264 }, "geometry": { "type": "Polygon", "coordinates": [ [ [ -83.108325082248825, 32.158375877506508 ], [ -83.290821659775119, 32.066704185609872 ], [ -83.475514800452459, 32.15511073246256 ], [ -83.478104405652559, 32.335438485002882 ], [ -83.295274283365174, 32.427384431234273 ], [ -83.110188279676962, 32.338726470280541 ], [ -83.108325082248825, 32.158375877506508 ] ] ] } },
{ "type": "Feature", "properties": { "hex_id": 76, "area_km2": 1039.2304845413262 }, "geometry": { "type": "Polygon", "coordinates": [ [ [ -82.741085594303286, 32.160576046678557 ], [ -82.923965350924831, 32.069427588139824 ], [ -83.108325082248825, 32.158375877506508 ], [ -83.110188279676962, 32.338726470280541 ], [ -82.926965391570391, 32.430146001398157 ], [ -82.742222335167924, 32.340942018995051 ], [ -82.741085594303286, 32.160576046678557 ] ] ] } },
{ "type": "Feature", "properties": { "hex_id": 77, "area_km2": 1039.2304845413257 }, "geometry": { "type": "Polygon", "coordinates": [ [ [ -82.373815634335301, 32.161710436566828 ], [ -82.55706907921207, 32.071089074121431 ], [ -82.741085594303286, 32.160576046678557 ], [ -82.742222335167924, 32.340942018995051 ], [ -82.558615956084523, 32.431830841355215 ], [ -82.374225740787807, 32.342084388964814 ], [ -82.373815634335301, 32.161710436566828 ] ] ] } },
{ "type": "Feature", "properties": { "hex_id": 78, "area_km2": 1039.2304845413257 }, "geometry": { "type": "Polygon", "coordinates": [ [ [ -82.006534367932602, 32.161778829715601 ], [ -82.190151989176428, 32.071688321612761 ], [ -82.373815634335301, 32.161710436566828 ], [ -82.374225740787807, 32.342084388964814 ], [ -82.190245561202047, 32.432438708215315 ], [ -82.006217859061806, 32.342153463516176 ], [ -82.006534367932602, 32.161778829715601 ] ] ] } },
{ "type": "Feature", "properties": { "hex_id": 79, "area_km2": 1039.2304845413257 }, "geometry": { "type": "Polygon", "coordinates": [ [ [ -81.639260389070529, 32.160780246932852 ], [ -81.823232963139674, 32.071225056466055 ], [ -82.006534367932602, 32.161778829715601 ], [ -82.006217859061806, 32.342153463516176 ], [ -81.821873108771584, 32.431970242708061 ], [ -81.638217349821289, 32.341148820531849 ], [ -81.639260389070529, 32.160780246932852 ] ] ] } },
{ "type": "Feature", "properties": { "hex_id": 80, "area_km2": 1039.2304845413266 }, "geometry": { "type": "Polygon", "coordinates": [ [ [ -81.272015840953799, 32.158714291172011 ], [ -81.456331417921803, 32.069698116569278 ], [ -81.639260389070529, 32.160780246932852 ], [ -81.638217349821289, 32.341148820531849 ], [ -81.45351955329204, 32.430423302433567 ], [ -81.270247162593449, 32.339069014450793 ], [ -81.272015840953799, 32.158714291172011 ] ] ] } },
{ "type": "Feature", "properties": { "hex_id": 81, "area_km2": 370.85693470367795 }, "geometry": { "type": "Polygon", "coordinates": [ [ [ -81.089467301447272, 32.067109756131927 ], [ -81.272015840953799, 32.158714291172011 ], [ -81.270247162593449, 32.339069014450793 ], [ -81.17977657549109, 32.382506630810106 ], [ -81.181494583824687, 32.379881061226243 ], [ -81.181844547443859, 32.379346238167223 ], [ -81.180983087518953, 32.37898329778001 ], [ -81.178858519423429, 32.378088199396892 ], [ -81.175757485489584, 32.375810142401335 ], [ -81.173789457631315, 32.373096084338457 ], [ -81.169216410528449, 32.370134011114921 ], [ -81.16790539223318, 32.368301973605647 ], [ -81.168995383868335, 32.365116923090802 ], [ -81.173932409825397, 32.3635439151901 ], [ -81.173852267687693, 32.362929264108374 ], [ -81.173823404808061, 32.362707899906432 ], [ -81.16712335072512, 32.361038845411109 ], [ -81.167123339188308, 32.358715805495748 ], [ -81.163862307047324, 32.356647759128279 ], [ -81.160997284229225, 32.355902737209114 ], [ -81.160497269971842, 32.353641698043738 ], [ -81.1616072617105, 32.350417647600679 ], [ -81.16009524469699, 32.34894961908325 ], [ -81.155370218877195, 32.350030624034815 ], [ -81.154839213150012, 32.349554614912236 ], [ -81.155052189145295, 32.344162528543244 ], [ -81.156737193412724, 32.342774509711219 ], [ -81.159831214207827, 32.342972519503576 ], [ -81.160621213357473, 32.341746500813947 ], [ -81.159831199718752, 32.339961469690977 ], [ -81.157356184164854, 32.339997465675992 ], [ -81.154838175464093, 32.341548485965617 ], [ -81.152193158067647, 32.341440478964429 ], [ -81.151834163111118, 32.343020503281593 ], [ -81.148672153336278, 32.345319532338479 ], [ -81.14598113455979, 32.345015521410104 ], [ -81.14523113343391, 32.345841532291054 ], [ -81.147247153989667, 32.347490562540678 ], [ -81.147317166423008, 32.350124603403671 ], [ -81.143842732118472, 32.351506888775738 ], [ -81.143793149545658, 32.351526614934272 ], [ -81.141511129156825, 32.350321590377227 ], [ -81.139352092004074, 32.345077507060147 ], [ -81.135296056818206, 32.342986467602564 ], [ -81.13401204098497, 32.341206439454936 ], [ -81.129434013207316, 32.34154943520231 ], [ -81.128614995816392, 32.338620393123072 ], [ -81.128954988938418, 32.336449363674646 ], [ -81.131381001742881, 32.335872359332662 ], [ -81.133915006704513, 32.333311326586262 ], [ -81.135750005055755, 32.330278285154336 ], [ -81.137925011389044, 32.328659263677771 ], [ -81.13629298560808, 32.324996209217502 ], [ -81.133750967245874, 32.324288197729999 ], [ -81.131756964003003, 32.326366226025222 ], [ -81.130646953238838, 32.325405211843467 ], [ -81.131650934423064, 32.319502129353232 ], [ -81.129750900057829, 32.313966052237426 ], [ -81.130846893876893, 32.310979009951147 ], [ -81.133050898161059, 32.309007980470277 ], [ -81.131521882142394, 32.30727395739099 ], [ -81.127778860697433, 32.307212960316001 ], [ -81.12497685275298, 32.309155989356213 ], [ -81.122931833578534, 32.307291966266014 ], [ -81.122331822545831, 32.30539194168032 ], [ -81.122654800668286, 32.299505863106184 ], [ -81.123915795047409, 32.296407819480287 ], [ -81.123360781661063, 32.293840786305083 ], [ -81.120017748185958, 32.289936742639064 ], [ -81.119925023090133, 32.287657252275352 ], [ -81.119868270565718, 32.286262086924722 ], [ -81.119865732558708, 32.286199694289913 ], [ -81.122237737054675, 32.284238661543597 ], [ -81.125718752670466, 32.283652643073623 ], [ -81.126963755153653, 32.282694626155489 ], [ -81.127159748282637, 32.28078259938011 ], [ -81.125916733629879, 32.278752575966656 ], [ -81.123274713072789, 32.276971561469637 ], [ -81.12342370604469, 32.275047535233888 ], [ -81.125246715058097, 32.275031528035854 ], [ -81.127952734454055, 32.276462537343932 ], [ -81.129998741903407, 32.275792520429491 ], [ -81.132124739640162, 32.272743469388963 ], [ -81.132529731047214, 32.270242432365336 ], [ -81.133488733811021, 32.269792421882975 ], [ -81.135575755475983, 32.272468451510342 ], [ -81.14192378350694, 32.271738414832399 ], [ -81.141745775864862, 32.270210392709295 ], [ -81.139573763262831, 32.269752395184824 ], [ -81.137637748353796, 32.268489385060221 ], [ -81.136928734630672, 32.266111353616026 ], [ -81.138388733427504, 32.264230319297603 ], [ -81.140204739171395, 32.263574300896714 ], [ -81.145334765343492, 32.263989282429087 ], [ -81.146600765791163, 32.262762257477341 ], [ -81.146637758064998, 32.261019230475924 ], [ -81.14473073902586, 32.258769205879098 ], [ -81.145060735952612, 32.257746188544736 ], [ -81.147516741649852, 32.256508156269554 ], [ -81.148332738933277, 32.255094129850889 ], [ -81.145728710928282, 32.251519089653513 ], [ -81.147105704623925, 32.249560058420585 ], [ -81.152892708317594, 32.247803025434678 ], [ -81.155593698145012, 32.246018011307214 ], [ -81.156585676276194, 32.243906007843229 ], [ -81.155881636227704, 32.240965015246772 ], [ -81.152377560931455, 32.236296040203364 ], [ -81.151432131432642, 32.235729911372623 ], [ -81.145769478532685, 32.232339080712094 ], [ -81.145479909106172, 32.231922150349156 ], [ -81.143632428510173, 32.229262094871437 ], [ -81.144686999773171, 32.226335320821534 ], [ -81.144811392499605, 32.225990091084675 ], [ -81.148058380885232, 32.223778075720787 ], [ -81.152151383543881, 32.222318055596318 ], [ -81.150834362470633, 32.221192063586464 ], [ -81.14313732918805, 32.221727103233491 ], [ -81.138433272591229, 32.219252129312508 ], [ -81.136715224610342, 32.216263139858803 ], [ -81.136725190828372, 32.213665141288423 ], [ -81.13408214758374, 32.211456155564782 ], [ -81.128281078371714, 32.208630185065815 ], [ -81.12314795209204, 32.201325211264511 ], [ -81.122058867654545, 32.195497217193903 ], [ -81.119799849672972, 32.195152227321039 ], [ -81.115887844010388, 32.196438244800554 ], [ -81.114013819449866, 32.195444253149205 ], [ -81.114114799252704, 32.193918252582428 ], [ -81.116227799287827, 32.192995243218832 ], [ -81.121581820556571, 32.192199219779411 ], [ -81.12155179636774, 32.190411220154964 ], [ -81.118231759913982, 32.189197234563466 ], [ -81.117931705347914, 32.185297235980272 ], [ -81.119831661849332, 32.181198228399673 ], [ -81.120449626585028, 32.178289226195531 ], [ -81.116378571877391, 32.176165242368803 ], [ -81.113927575709425, 32.177600252087899 ], [ -81.111930568416994, 32.177998260048739 ], [ -81.110231541094279, 32.176796266569994 ], [ -81.111129490689919, 32.172699262376376 ], [ -81.113837488631006, 32.17125525191387 ], [ -81.1177455128677, 32.171155237153187 ], [ -81.1190075685046, 32.174665232164593 ], [ -81.121186585987886, 32.174919223688669 ], [ -81.128131553642405, 32.1690981986144 ], [ -81.129743522429038, 32.165929193797965 ], [ -81.129701310215808, 32.165879936751303 ], [ -81.129531064551159, 32.165681278638012 ], [ -81.12843149337435, 32.164398199064792 ], [ -81.123131437622831, 32.162898218322077 ], [ -81.122031415431877, 32.161799222380409 ], [ -81.122134355789896, 32.15730022270867 ], [ -81.121113311093879, 32.154500226506578 ], [ -81.117966259709462, 32.152328236964458 ], [ -81.114295229556973, 32.152015248827105 ], [ -81.112233198381318, 32.150800255327141 ], [ -81.112231177880105, 32.149302255139645 ], [ -81.116233177862071, 32.147197242497072 ], [ -81.118331155133248, 32.144399236137268 ], [ -81.119131129925051, 32.14210023388366 ], [ -81.119940026656124, 32.133994232235487 ], [ -81.118325808925889, 32.131743699994878 ], [ -81.1161249256958, 32.128675242492569 ], [ -81.115238875721431, 32.125500244624419 ], [ -81.11722181394056, 32.119801239797575 ], [ -81.117230784217142, 32.117601239806064 ], [ -81.115363729903947, 32.114701243883609 ], [ -81.111130658802708, 32.112001252606767 ], [ -81.108936635755938, 32.111622257099327 ], [ -81.106699590901741, 32.109694261188132 ], [ -81.10332158326348, 32.111133268565254 ], [ -81.094972524888817, 32.111817286202054 ], [ -81.091241481267716, 32.110884293286517 ], [ -81.089480400333684, 32.106223293273978 ], [ -81.087058967083948, 32.10404405233816 ], [ -81.086970347133942, 32.103964296175164 ], [ -81.088266300155112, 32.09992729048453 ], [ -81.074302144787538, 32.097381311717911 ], [ -81.059546886998262, 32.088619322031192 ], [ -81.048337774521855, 32.086855727363336 ], [ -81.089467301447272, 32.067109756131927 ] ] ] } },
{ "type": "Feature", "properties": { "hex_id": 82, "area_km2": 718.97142136602145 }, "geometry": { "type": "Polygon", "coordinates": [ [ [ -84.95999497878563, 32.671879633806356 ], [ -84.772905258812429, 32.585765135980616 ], [ -84.767711165169203, 32.405583894934878 ], [ -84.948874209735052, 32.311571688575064 ], [ -85.007335839885826, 32.338519044991877 ], [ -85.004582223170871, 32.345194520192223 ], [ -85.002713376545572, 32.346649581017807 ], [ -84.986778225052319, 32.359056515265365 ], [ -84.983466225012236, 32.363184517456666 ], [ -84.983242225387926, 32.365120518861168 ], [ -84.985171226484852, 32.367060520861841 ], [ -84.986298227500313, 32.369664523137629 ], [ -84.98409022763758, 32.373520525454218 ], [ -84.980282226437453, 32.374384525086342 ], [ -84.977274225217784, 32.373840523863969 ], [ -84.974330224281459, 32.374576523636208 ], [ -84.971962223973577, 32.377696525397795 ], [ -84.973818225096906, 32.379871527557135 ], [ -84.979354227447615, 32.380703529648024 ], [ -84.986282230101736, 32.380334531188097 ], [ -84.988554231950317, 32.384079534604517 ], [ -84.986970132177149, 32.387513393243793 ], [ -84.985978232248726, 32.389663538153314 ], [ -84.983386231605735, 32.391759539082265 ], [ -84.978362229107304, 32.390495536851333 ], [ -84.976394228349434, 32.391023536755959 ], [ -84.971773226233012, 32.390597535259715 ], [ -84.968730225039351, 32.391455535150385 ], [ -84.968762225313583, 32.393007536355192 ], [ -84.97388222803724, 32.395215539333122 ], [ -84.979898231858641, 32.400095544544378 ], [ -84.981098233042275, 32.40283154691641 ], [ -84.980304947912231, 32.407310021558345 ], [ -84.979431234237154, 32.412242553676911 ], [ -84.971830230899755, 32.416242554976293 ], [ -84.96343022717258, 32.422542557936225 ], [ -84.963311617340153, 32.423046650104226 ], [ -84.96322222717869, 32.423426558575841 ], [ -84.963030227182927, 32.424242559166565 ], [ -84.96703123130662, 32.435341568632019 ], [ -84.97183123571476, 32.44284157541157 ], [ -84.983831244389776, 32.445641579992362 ], [ -84.993531252400516, 32.450741585772185 ], [ -84.995195958106279, 32.45305367655024 ], [ -84.995244516661231, 32.453121118972909 ], [ -84.995331254375927, 32.453241587994491 ], [ -84.998031258818131, 32.461741594846565 ], [ -84.998035836222712, 32.461926954624843 ], [ -84.998112945513796, 32.46504945790673 ], [ -84.998231261371302, 32.469840600908597 ], [ -84.996693635760209, 32.47260832806149 ], [ -84.995231260542255, 32.475240604400092 ], [ -84.995151811770256, 32.477385737494771 ], [ -84.99483126326146, 32.486040612397666 ], [ -84.995716800528754, 32.48897532000332 ], [ -84.996732266719746, 32.492340617406597 ], [ -84.99833226867112, 32.494140619000262 ], [ -84.997691187849242, 32.499246021027957 ], [ -84.997505270393802, 32.500726623190594 ], [ -84.99983227621766, 32.504339623335277 ], [ -85.000284387067182, 32.50710546195004 ], [ -85.000789149663802, 32.510193406009634 ], [ -85.001224648958953, 32.512857623665219 ], [ -85.001532285536271, 32.514739626210996 ], [ -85.002885854223791, 32.51695838126615 ], [ -85.007100289835591, 32.523866637674622 ], [ -85.008396289716714, 32.524874640362881 ], [ -85.013788286154096, 32.526106651827796 ], [ -85.015704947981007, 32.530109864813809 ], [ -85.016191289407118, 32.531125656024187 ], [ -85.016273723761032, 32.531199431460763 ], [ -85.020237289799368, 32.534746663738197 ], [ -85.022045294058557, 32.54004266619927 ], [ -85.022504050032794, 32.542889111543033 ], [ -85.022509296838791, 32.542921666424441 ], [ -85.032071291666568, 32.545427684834067 ], [ -85.034841296906066, 32.551994688014759 ], [ -85.035013870809252, 32.552104865005909 ], [ -85.040555296565898, 32.555642697595239 ], [ -85.044364298208166, 32.559582703125145 ], [ -85.056926302763316, 32.571240720272371 ], [ -85.059672307559481, 32.576740722012381 ], [ -85.067535305493223, 32.579544733783386 ], [ -85.076399318909026, 32.594663738106298 ], [ -85.080288328101517, 32.603575737585864 ], [ -85.080618185109472, 32.608094009852095 ], [ -85.080698776619641, 32.609197943887729 ], [ -84.95999497878563, 32.671879633806356 ] ] ] } },
{ "type": "Feature", "properties": { "hex_id": 83, "area_km2": 1039.2304845413264 }, "geometry": { "type": "Polygon", "coordinates": [ [ [ -84.399760789210674, 32.412645592556622 ], [ -84.581354320796379, 32.319143404449143 ], [ -84.767711165169203, 32.405583894934878 ], [ -84.772905258812429, 32.585765135980616 ], [ -84.591009794490901, 32.679556504861345 ], [ -84.404221763508431, 32.592875604108222 ], [ -84.399760789210674, 32.412645592556622 ] ] ] } },
{ "type": "Feature", "properties": { "hex_id": 84, "area_km2": 1039.2304845413262 }, "geometry": { "type": "Polygon", "coordinates": [ [ [ -84.031691383683651, 32.418633655389939 ], [ -84.213706443449581, 32.325646034477423 ], [ -84.399760789210674, 32.412645592556622 ], [ -84.404221763508431, 32.592875604108222 ], [ -84.221894491403361, 32.686149270160122 ], [ -84.035418284817013, 32.598905050473427 ], [ -84.031691383683651, 32.418633655389939 ] ] ] } },
{ "type": "Feature", "properties": { "hex_id": 85, "area_km2": 1039.2304845413262 }, "geometry": { "type": "Polygon", "coordinates": [ [ [ -83.663522906315848, 32.423547059321891 ], [ -83.845949715821931, 32.331078025945416 ], [ -84.031691383683651, 32.418633655389939 ], [ -84.035418284817013, 32.598905050473427 ], [ -83.852668820541325, 32.69165686660002 ], [ -83.666514778981536, 32.603852579258039 ], [ -83.663522906315848, 32.423547059321891 ] ] ] } },
{ "type": "Feature", "properties": { "hex_id": 86, "area_km2": 1039.2304845413264 }, "geometry": { "type": "Polygon", "coordinates": [ [ [ -83.295274283365174, 32.427384431234273 ], [ -83.478104405652559, 32.335438485002882 ], [ -83.663522906315848, 32.423547059321891 ], [ -83.666514778981536, 32.603852579258039 ], [ -83.483352382438355, 32.696077875529149 ], [ -83.297530576533703, 32.607716551126927 ], [ -83.295274283365174, 32.427384431234273 ] ] ] } },
{ "type": "Feature", "properties": { "hex_id": 87, "area_km2": 1039.2304845413264 }, "geometry": { "type": "Polygon", "coordinates": [ [ [ -82.926965391570391, 32.430146001398157 ], [ -83.110188279676962, 32.338726470280541 ], [ -83.295274283365174, 32.427384431234273 ], [ -83.297530576533703, 32.607716551126927 ], [ -83.113964911131276, 32.699411746286543 ], [ -82.928485590917248, 32.610497291551596 ], [ -82.926965391570391, 32.430146001398157 ] ] ] } },
{ "type": "Feature", "properties": { "hex_id": 88, "area_km2": 1039.2304845413262 }, "geometry": { "type": "Polygon", "coordinates": [ [ [ -82.558615956084523, 32.431830841355215 ], [ -82.742222335167924, 32.340942018995051 ], [ -82.926965391570391, 32.430146001398157 ], [ -82.928485590917248, 32.610497291551596 ], [ -82.744526406441324, 32.701658178810142 ], [ -82.559399746622219, 32.61219383343888 ], [ -82.558615956084523, 32.431830841355215 ] ] ] } },
{ "type": "Feature", "properties": { "hex_id": 89, "area_km2": 1039.2304845413257 }, "geometry": { "type": "Polygon", "coordinates": [ [ [ -82.190245561202047, 32.432438708215315 ], [ -82.374225740787807, 32.342084388964814 ], [ -82.558615956084523, 32.431830841355215 ], [ -82.559399746622219, 32.61219383343888 ], [ -82.375056851322142, 32.702816454939637 ], [ -82.190292884452148, 32.612805869264207 ], [ -82.190245561202047, 32.432438708215315 ] ] ] } },
{ "type": "Feature", "properties": { "hex_id": 90, "area_km2": 1039.2304845413257 }, "geometry": { "type": "Polygon", "coordinates": [ [ [ -81.821873108771584, 32.431970242708061 ], [ -82.006217859061806, 32.342153463516176 ], [ -82.190245561202047, 32.432438708215315 ], [ -82.190292884452148, 32.612805869264207 ], [ -82.005576223913678, 32.702886316307996 ], [ -81.821184256887705, 32.612334173194718 ], [ -81.821873108771584, 32.431970242708061 ] ] ] } },
{ "type": "Feature", "properties": { "hex_id": 91, "area_km2": 1039.2304845413266 }, "geometry": { "type": "Polygon", "coordinates": [ [ [ -81.45351955329204, 32.430423302433567 ], [ -81.638217349821289, 32.341148820531849 ], [ -81.821873108771584, 32.431970242708061 ], [ -81.821184256887705, 32.612334173194718 ], [ -81.636103818404948, 32.701868906184615 ], [ -81.452094777964732, 32.610777317810225 ], [ -81.45351955329204, 32.430423302433567 ] ] ] } },
{ "type": "Feature", "properties": { "hex_id": 92, "area_km2": 492.49279930133667 }, "geometry": { "type": "MultiPolygon", "coordinates": [ [ [ [ -81.407063905419534, 32.632428225846702 ], [ -81.408197810309929, 32.631307934193877 ], [ -81.409300748160874, 32.631353383064166 ], [ -81.407063905419534, 32.632428225846702 ] ] ], [ [ [ -81.270247162593449, 32.339069014450793 ], [ -81.45351955329204, 32.430423302433567 ], [ -81.452094777964732, 32.610777317810225 ], [ -81.417076490045872, 32.627616484584735 ], [ -81.413087775788824, 32.624803972164031 ], [ -81.412515764781119, 32.621567987331062 ], [ -81.412966759416136, 32.620401993570233 ], [ -81.411364849716733, 32.617948629129991 ], [ -81.411222753109755, 32.617731004648931 ], [ -81.408441757114161, 32.617188004140687 ], [ -81.407517756874228, 32.616584006069438 ], [ -81.40646474602319, 32.613043022393022 ], [ -81.400427741938429, 32.608264039578899 ], [ -81.393865735533083, 32.602341062460034 ], [ -81.38933872157898, 32.595437092935711 ], [ -81.389261962555409, 32.595383852436399 ], [ -81.38099972148872, 32.589653114663825 ], [ -81.378173725540336, 32.588819116375518 ], [ -81.375694733861778, 32.589475110701038 ], [ -81.373962746016716, 32.591809096953 ], [ -81.37157075252523, 32.592019093610467 ], [ -81.369757754282801, 32.591232096030879 ], [ -81.368880751470883, 32.589752102979439 ], [ -81.370284737802791, 32.586701120252556 ], [ -81.369819733420215, 32.585049128493068 ], [ -81.368386734233084, 32.584222131569327 ], [ -81.364501743330848, 32.584035129146926 ], [ -81.363593738227621, 32.581792140218134 ], [ -81.367110718775109, 32.57861015998251 ], [ -81.366950713903051, 32.577020168218702 ], [ -81.365203716919012, 32.576573169144879 ], [ -81.362937725162183, 32.577306163412388 ], [ -81.360168746831832, 32.581779137347205 ], [ -81.357749754040498, 32.582120133450907 ], [ -81.354118756139016, 32.579911142178901 ], [ -81.353698750829977, 32.577912152558852 ], [ -81.357803731518004, 32.57519117047709 ], [ -81.358321725131589, 32.573632179208253 ], [ -81.354797726121276, 32.571073190131884 ], [ -81.350761733881058, 32.570169191888752 ], [ -81.336242754316075, 32.564240213439639 ], [ -81.333190760340926, 32.563500215343062 ], [ -81.328605765665742, 32.561093225485777 ], [ -81.321807779759837, 32.559541229505001 ], [ -81.305236830597835, 32.56151620685786 ], [ -81.300593846789667, 32.562844195930062 ], [ -81.297955854427116, 32.563027193001012 ], [ -81.295588857681267, 32.561818198378077 ], [ -81.295481850803185, 32.559075214309381 ], [ -81.297958835429043, 32.555829234862657 ], [ -81.29786683110396, 32.554092244905476 ], [ -81.296691832559844, 32.553394248223327 ], [ -81.294829838274268, 32.553582245949748 ], [ -81.291762851375566, 32.55532923376267 ], [ -81.291160857917234, 32.557221222267636 ], [ -81.293113865910996, 32.562394193276759 ], [ -81.291289871756078, 32.562740189963328 ], [ -81.289573873859283, 32.561741194628304 ], [ -81.28846786851571, 32.558457213203319 ], [ -81.288344862385188, 32.555913228110704 ], [ -81.28996284833552, 32.552181251106639 ], [ -81.288879848795489, 32.551164256421522 ], [ -81.286468856400987, 32.551476253099239 ], [ -81.28472186501628, 32.552944243330622 ], [ -81.284243874077006, 32.556028224757554 ], [ -81.283271878660884, 32.556783219644096 ], [ -81.281324883271722, 32.556465220253692 ], [ -81.281298480634149, 32.55644150102448 ], [ -81.279238884464419, 32.554591230064112 ], [ -81.278760880291614, 32.552341243187854 ], [ -81.281034867310822, 32.549679260445309 ], [ -81.280731863138129, 32.547639272407494 ], [ -81.279060864686286, 32.546319279305223 ], [ -81.275739872650462, 32.54566328132784 ], [ -81.274955872882984, 32.544822285926784 ], [ -81.274802864465215, 32.541144307910827 ], [ -81.276242853986332, 32.538559324160673 ], [ -81.279224336251275, 32.537727267860831 ], [ -81.280051840123818, 32.537496332447688 ], [ -81.279905838335537, 32.536593337755747 ], [ -81.274174848597823, 32.533775351831139 ], [ -81.272428845839912, 32.530423371180262 ], [ -81.268382358682928, 32.528456423022682 ], [ -81.266030858024678, 32.527313387195925 ], [ -81.262612063521644, 32.525137799017308 ], [ -81.258682870021175, 32.522637412750441 ], [ -81.252882878622714, 32.518331437108131 ], [ -81.249559882534442, 32.517858432236928 ], [ -81.246861858690878, 32.518559386400469 ], [ -81.244799843771261, 32.520537342702305 ], [ -81.243119827341246, 32.520233318779262 ], [ -81.241912808966205, 32.517176318545751 ], [ -81.240197790902045, 32.516366296906803 ], [ -81.237371766053428, 32.517132248784776 ], [ -81.235457751445125, 32.518547211058809 ], [ -81.233420730856025, 32.517964183076771 ], [ -81.232148707370143, 32.51333818991916 ], [ -81.232954710952257, 32.511692211870937 ], [ -81.236707746011291, 32.511403271986289 ], [ -81.238411759380782, 32.510193305647348 ], [ -81.238684754387279, 32.50698532880665 ], [ -81.237658740068028, 32.505119323642269 ], [ -81.234254701420795, 32.502748283719654 ], [ -81.233585678538006, 32.498489254154578 ], [ -81.22499555427396, 32.49188697189895 ], [ -81.216815421351484, 32.482804652155032 ], [ -81.21191435286633, 32.478994501258036 ], [ -81.200029180049441, 32.467985113412098 ], [ -81.194829116827194, 32.465085988540778 ], [ -81.191537085714771, 32.464815941098905 ], [ -81.188649062419557, 32.465310913563641 ], [ -81.18695203773801, 32.463565858747209 ], [ -81.188602039852242, 32.461225835078537 ], [ -81.193727077000048, 32.459676868852597 ], [ -81.194558073829327, 32.457773841842922 ], [ -81.191615033610958, 32.455187755995155 ], [ -81.192243030616012, 32.453638733479046 ], [ -81.194298047967436, 32.453521755486634 ], [ -81.19636307502482, 32.455128811611239 ], [ -81.197968082104225, 32.453877805919511 ], [ -81.197485051296781, 32.44913970617894 ], [ -81.198783059047926, 32.448519708639907 ], [ -81.203286123639089, 32.452992850894837 ], [ -81.204496132988922, 32.452778860754293 ], [ -81.206666124763345, 32.448092789488193 ], [ -81.205561106007323, 32.44649974422196 ], [ -81.201055065645377, 32.446222688182843 ], [ -81.199435040240402, 32.444192629452459 ], [ -81.199644027322009, 32.441591579644587 ], [ -81.208443075340867, 32.437001578894325 ], [ -81.205047980325176, 32.425478307406877 ], [ -81.205506973283519, 32.423611273339745 ], [ -81.194930820027906, 32.411487938279684 ], [ -81.189909756428463, 32.407064812632647 ], [ -81.185357683562117, 32.400061645872725 ], [ -81.178712599443941, 32.393643481714221 ], [ -81.177315568968169, 32.389781402733753 ], [ -81.178493550024925, 32.384467313463787 ], [ -81.17977657549109, 32.382506630810106 ], [ -81.270247162593449, 32.339069014450793 ] ] ] ] } },
{ "type": "Feature", "properties": { "hex_id": 93, "area_km2": 482.36057584000793 }, "geometry": { "type": "Polygon", "coordinates": [ [ [ -85.153461554880238, 32.937806125772781 ], [ -84.965630189735762, 32.852024409504686 ], [ -84.95999497878563, 32.671879633806356 ], [ -85.080698776619641, 32.609197943887729 ], [ -85.080768336461702, 32.610150733386781 ], [ -85.082240343669383, 32.616262730856548 ], [ -85.083616344923499, 32.617798731577466 ], [ -85.085360344920844, 32.618534733392117 ], [ -85.08729434642737, 32.620468734480703 ], [ -85.088319349303006, 32.623030733783345 ], [ -85.089254502618331, 32.625028556260617 ], [ -85.089441351923497, 32.625427733303418 ], [ -85.0885343556984, 32.627872730127194 ], [ -85.084928406019344, 32.630331587266198 ], [ -85.084724361165158, 32.630470723195032 ], [ -85.082365366832207, 32.633832717652709 ], [ -85.083635369028926, 32.635971717570229 ], [ -85.086175366948794, 32.63536072114745 ], [ -85.091336362572505, 32.634034728568444 ], [ -85.096597360785168, 32.634665734502974 ], [ -85.100388362284278, 32.637116736916923 ], [ -85.102989366474731, 32.64103173638744 ], [ -85.105337370698535, 32.644833735503589 ], [ -85.100337380381561, 32.650133724946336 ], [ -85.096336385872902, 32.652833718181761 ], [ -85.089736392526234, 32.655633708789615 ], [ -85.088483395914224, 32.657756705747367 ], [ -85.093536410132344, 32.669732700697622 ], [ -85.104037420088787, 32.679632701082667 ], [ -85.112637422636084, 32.683432704468835 ], [ -85.114737425127899, 32.68563270389059 ], [ -85.115345494778595, 32.687324451867049 ], [ -85.117037433679329, 32.692031698947694 ], [ -85.119279450422326, 32.703964687755331 ], [ -85.119279455887934, 32.707713683718836 ], [ -85.119000459365225, 32.710055681034142 ], [ -85.122738466860426, 32.715725676946796 ], [ -85.121505537173263, 32.720401097268642 ], [ -85.120838477794678, 32.722930668074738 ], [ -85.118838480918114, 32.724830665087076 ], [ -85.117338483786412, 32.726630662491409 ], [ -85.115038487336804, 32.728829659184662 ], [ -85.11316749334577, 32.732811654311583 ], [ -85.113329497541855, 32.735749651360806 ], [ -85.114795500741195, 32.738102649452671 ], [ -85.118550504228978, 32.740815647843803 ], [ -85.124092504899011, 32.741692648646776 ], [ -85.127604506528726, 32.743045648197572 ], [ -85.132196508102481, 32.744409647968581 ], [ -85.134795143348953, 32.746793896525809 ], [ -85.136584513791504, 32.748435644315968 ], [ -85.1395765168526, 32.75430664138846 ], [ -85.142567517994905, 32.760680639644448 ], [ -85.140573518857508, 32.76403463774421 ], [ -85.137382520150837, 32.769066634749763 ], [ -85.134390520671644, 32.770575633198277 ], [ -85.130884520695346, 32.769560632547247 ], [ -85.122189522054825, 32.773351628122633 ], [ -85.123601522443835, 32.775709627497484 ], [ -85.12621952299132, 32.779187626797025 ], [ -85.129934522856018, 32.779647627857088 ], [ -85.134673523458801, 32.783903627683081 ], [ -85.139285523401213, 32.784919628907893 ], [ -85.140192040103699, 32.788323513657453 ], [ -85.140558524348819, 32.789699627446836 ], [ -85.141903524728477, 32.791819627108893 ], [ -85.145771524362928, 32.791113628853154 ], [ -85.150584193598704, 32.793455711806352 ], [ -85.151913524682044, 32.794102630091118 ], [ -85.152900870808679, 32.795081188088062 ], [ -85.162137526427031, 32.804235630717251 ], [ -85.163846449671752, 32.806407865461019 ], [ -85.167939527843174, 32.811610630870391 ], [ -85.167915018044738, 32.811689902512711 ], [ -85.167251310375477, 32.813836521424186 ], [ -85.166078529299895, 32.817629628131705 ], [ -85.164671108353659, 32.820231288949593 ], [ -85.164104530208931, 32.821278626031422 ], [ -85.168016531879815, 32.829201625438394 ], [ -85.165473890605512, 32.833423995856357 ], [ -85.164651533265044, 32.834789621944729 ], [ -85.160580534167721, 32.838247618659715 ], [ -85.157432534522869, 32.839437616568816 ], [ -85.154584534682741, 32.839803614908142 ], [ -85.153905534970093, 32.841016614109144 ], [ -85.15349753537123, 32.842779613255686 ], [ -85.15346274480234, 32.843444785971769 ], [ -85.153388535835163, 32.844863612448044 ], [ -85.154255536392967, 32.847474612 ], [ -85.15588453689935, 32.849916612062344 ], [ -85.157136838207549, 32.851507544000292 ], [ -85.159841537944828, 32.854943612628283 ], [ -85.161089538169719, 32.856043612995826 ], [ -85.16231053824589, 32.85647761357577 ], [ -85.164318538142695, 32.856181614863161 ], [ -85.166761537768338, 32.85473861676514 ], [ -85.168064537312659, 32.852861618114048 ], [ -85.170099537187639, 32.852495619408899 ], [ -85.177127537374574, 32.853893623095644 ], [ -85.178364490064354, 32.854657133393026 ], [ -85.178381265439583, 32.854667488010435 ], [ -85.178471250741481, 32.854723031529154 ], [ -85.17935353765607, 32.855267624022197 ], [ -85.184400539008323, 32.861315625444163 ], [ -85.184888539488739, 32.863353625221357 ], [ -85.184888963335439, 32.863444731246368 ], [ -85.184914540826114, 32.868942623811222 ], [ -85.184651745626056, 32.86947324856142 ], [ -85.184131541212182, 32.870523622906887 ], [ -85.184740541206722, 32.870525623295975 ], [ -85.185048119544291, 32.872001628453859 ], [ -85.185324284294325, 32.87332688626929 ], [ -85.185737686763417, 32.87531071966221 ], [ -85.187059197725787, 32.88165237888105 ], [ -85.1887415458052, 32.889725621197911 ], [ -85.189078125672168, 32.891410306532585 ], [ -85.190784394523604, 32.899950704803437 ], [ -85.191264508997747, 32.902353824818533 ], [ -85.194124901677029, 32.916679341021499 ], [ -85.153461554880238, 32.937806125772781 ] ] ] } },
{ "type": "Feature", "properties": { "hex_id": 94, "area_km2": 1039.2304845413262 }, "geometry": { "type": "Polygon", "coordinates": [ [ [ -84.591009794490901, 32.679556504861345 ], [ -84.772905258812429, 32.585765135980616 ], [ -84.95999497878563, 32.671879633806356 ], [ -84.965630189735762, 32.852024409504686 ], [ -84.783433602370735, 32.946109605332666 ], [ -84.595902408909296, 32.859754214502424 ], [ -84.591009794490901, 32.679556504861345 ] ] ] } },
{ "type": "Feature", "properties": { "hex_id": 95, "area_km2": 1039.2304845413262 }, "geometry": { "type": "Polygon", "coordinates": [ [ [ -84.221894491403361, 32.686149270160122 ], [ -84.404221763508431, 32.592875604108222 ], [ -84.591009794490901, 32.679556504861345 ], [ -84.595902408909296, 32.859754214502424 ], [ -84.413263735997248, 32.953318285898042 ], [ -84.226043603724278, 32.866392409693191 ], [ -84.221894491403361, 32.686149270160122 ] ] ] } },
{ "type": "Feature", "properties": { "hex_id": 96, "area_km2": 1039.2304845413262 }, "geometry": { "type": "Polygon", "coordinates": [ [ [ -83.852668820541325, 32.69165686660002 ], [ -84.035418284817013, 32.598905050473427 ], [ -84.221894491403361, 32.686149270160122 ], [ -84.226043603724278, 32.866392409693191 ], [ -84.042972318065523, 32.959431337324368 ], [ -83.856073407026472, 32.871938013687362 ], [ -83.852668820541325, 32.69165686660002 ] ] ] } },
{ "type": "Feature", "properties": { "hex_id": 97, "area_km2": 1039.2304845413264 }, "geometry": { "type": "Polygon", "coordinates": [ [ [ -83.483352382438355, 32.696077875529149 ], [ -83.666514778981536, 32.603852579258039 ], [ -83.852668820541325, 32.69165686660002 ], [ -83.856073407026472, 32.871938013687362 ], [ -83.67257886115739, 32.964447207173173 ], [ -83.486011645067023, 32.876389547774032 ], [ -83.483352382438355, 32.696077875529149 ] ] ] } },
{ "type": "Feature", "properties": { "hex_id": 98, "area_km2": 1039.2304845413264 }, "geometry": { "type": "Polygon", "coordinates": [ [ [ -83.113964911131276, 32.699411746286543 ], [ -83.297530576533703, 32.607716551126927 ], [ -83.483352382438355, 32.696077875529149 ], [ -83.486011645067023, 32.876389547774032 ], [ -83.302103963680864, 32.968364729796086 ], [ -83.115878627637628, 32.879746404194115 ], [ -83.113964911131276, 32.699411746286543 ] ] ] } },
{ "type": "Feature", "properties": { "hex_id": 99, "area_km2": 1039.2304845413262 }, "geometry": { "type": "Polygon", "coordinates": [ [ [ -82.744526406441324, 32.701658178810142 ], [ -82.928485590917248, 32.610497291551596 ], [ -83.113964911131276, 32.699411746286543 ], [ -83.115878627637628, 32.879746404194115 ], [ -82.931566948319443, 32.971183999941168 ], [ -82.745693933846695, 32.88200834323677 ], [ -82.744526406441324, 32.701658178810142 ] ] ] } },
{ "type": "Feature", "properties": { "hex_id": 100, "area_km2": 1039.2304845413257 }, "geometry": { "type": "Polygon", "coordinates": [ [ [ -82.375056851322142, 32.702816454939637 ], [ -82.559399746622219, 32.61219383343888 ], [ -82.744526406441324, 32.701658178810142 ], [ -82.745693933846695, 32.88200834323677 ], [ -82.560988426169203, 32.972904021490301 ], [ -82.375477996270121, 32.883174562831897 ], [ -82.375056851322142, 32.702816454939637 ] ] ] } },
{ "type": "Feature", "properties": { "hex_id": 101, "area_km2": 1039.2304845413257 }, "geometry": { "type": "Polygon", "coordinates": [ [ [ -82.005576223913678, 32.702886316307996 ], [ -82.190292884452148, 32.612805869264207 ], [ -82.375056851322142, 32.702816454939637 ], [ -82.375477996270121, 32.883174562831897 ], [ -82.190388660009035, 32.973524179992616 ], [ -82.005250695423967, 32.88324439775797 ], [ -82.005576223913678, 32.702886316307996 ] ] ] } },
{ "type": "Feature", "properties": { "hex_id": 102, "area_km2": 1039.2304845413257 }, "geometry": { "type": "Polygon", "coordinates": [ [ [ -81.636103818404948, 32.701868906184615 ], [ -81.821184256887705, 32.612334173194718 ], [ -82.005576223913678, 32.702886316307996 ], [ -82.005250695423967, 32.88324439775797 ], [ -81.81978770982515, 32.973044938812436 ], [ -81.635032400207706, 32.882219675620107 ], [ -81.636103818404948, 32.701868906184615 ] ] ] } },
{ "type": "Feature", "properties": { "hex_id": 103, "area_km2": 570.31825932326069 }, "geometry": { "type": "Polygon", "coordinates": [ [ [ -81.452094777964732, 32.610777317810225 ], [ -81.636103818404948, 32.701868906184615 ], [ -81.635032400207706, 32.882219675620107 ], [ -81.501514048471066, 32.946390523816703 ], [ -81.499447517962722, 32.944987323297184 ], [ -81.499567516019766, 32.943721332048966 ], [ -81.502717507972676, 32.938687366782005 ], [ -81.502428502045746, 32.935352387619439 ], [ -81.499830497017513, 32.932613403543776 ], [ -81.495093484885118, 32.931595380063023 ], [ -81.492068472110859, 32.927823385337298 ], [ -81.489605465640693, 32.927038375125655 ], [ -81.483199444358874, 32.921801370244339 ], [ -81.484440442368836, 32.91882439752856 ], [ -81.487259446399364, 32.917850420887298 ], [ -81.48705044120932, 32.914771439861013 ], [ -81.481299430011347, 32.914584407030773 ], [ -81.480009425927037, 32.913443407068193 ], [ -81.48144542198466, 32.908894445995358 ], [ -81.479185413283773, 32.905637454876739 ], [ -81.479375408907131, 32.902332478248233 ], [ -81.480866408363156, 32.900217500855106 ], [ -81.480813405951608, 32.898613511321649 ], [ -81.475536394782949, 32.896723494882103 ], [ -81.472143385568828, 32.893813496254189 ], [ -81.470650384827749, 32.895042479583914 ], [ -81.471617392770156, 32.900004450556523 ], [ -81.468979389758985, 32.901082428280894 ], [ -81.465925383224828, 32.89988841953982 ], [ -81.46407037773848, 32.897813423878809 ], [ -81.464656376546841, 32.895998439968857 ], [ -81.468278377677024, 32.892275485934718 ], [ -81.465934370719012, 32.889451493133713 ], [ -81.467105371894917, 32.888998502583682 ], [ -81.471704380514055, 32.89043851720205 ], [ -81.477101384450151, 32.887468566398212 ], [ -81.47944637872618, 32.881081621904571 ], [ -81.47591936931191, 32.877640627157305 ], [ -81.470377360478139, 32.876266608506498 ], [ -81.468043358052597, 32.876674593849351 ], [ -81.467139361702024, 32.880601561705625 ], [ -81.465052359279525, 32.880895548870967 ], [ -81.461879351264329, 32.87754955637903 ], [ -81.460557346925796, 32.875160566780323 ], [ -81.457214341353662, 32.873795559847622 ], [ -81.453391336796699, 32.873879540114729 ], [ -81.452724109840375, 32.871664817989398 ], [ -81.451368327920449, 32.867164579521592 ], [ -81.453362326837237, 32.863846613516557 ], [ -81.453018322335907, 32.859635642775167 ], [ -81.456918318770462, 32.852603712012645 ], [ -81.457062316565938, 32.85038872871565 ], [ -81.455560311349771, 32.846507750256109 ], [ -81.460212315857589, 32.847401764235322 ], [ -81.460723314734679, 32.846037776257788 ], [ -81.454030307882988, 32.844199760432588 ], [ -81.451743306783953, 32.844764746363268 ], [ -81.45120030939924, 32.847923720692776 ], [ -81.444867307033064, 32.850966669835564 ], [ -81.442672304511106, 32.850106666503514 ], [ -81.442280302969294, 32.848586676276092 ], [ -81.44288330121708, 32.845846699682312 ], [ -81.439951294836391, 32.84036172874216 ], [ -81.437507293094072, 32.840162719897165 ], [ -81.434808293628024, 32.843537682296386 ], [ -81.426476286245673, 32.840772668276749 ], [ -81.42161528047275, 32.835177692623773 ], [ -81.420621278164802, 32.831222720438618 ], [ -81.421829277866891, 32.829264741065472 ], [ -81.423675278259694, 32.828306756104318 ], [ -81.428102280474803, 32.8286837707128 ], [ -81.429944281057757, 32.828245781488754 ], [ -81.429526280220088, 32.827145788484728 ], [ -81.426685278221996, 32.825728788514212 ], [ -81.422489275166058, 32.822891794864795 ], [ -81.421953274311647, 32.821465804266317 ], [ -81.42241027389089, 32.820244815815713 ], [ -81.423042273851536, 32.819746822203101 ], [ -81.426938275031773, 32.819704837260232 ], [ -81.427954275161611, 32.819379843668045 ], [ -81.428236274794443, 32.818583851018467 ], [ -81.427095273522625, 32.816869860318036 ], [ -81.424355272460474, 32.816178855659125 ], [ -81.42058627261035, 32.818650821767051 ], [ -81.418585272040488, 32.818678814026953 ], [ -81.41798527167424, 32.81819581570057 ], [ -81.418498270792725, 32.815663838176853 ], [ -81.419753270270135, 32.813730858441893 ], [ -81.423773269518279, 32.810513898821277 ], [ -81.425982270157292, 32.811075902241491 ], [ -81.42632726959782, 32.809927912594446 ], [ -81.42224326582398, 32.803126952702733 ], [ -81.422740265297421, 32.801989963515886 ], [ -81.424875265266749, 32.801881971589303 ], [ -81.426896265481346, 32.802238975580977 ], [ -81.428293264702091, 32.800831991419024 ], [ -81.426348263668814, 32.798879000408128 ], [ -81.425235261283859, 32.79419003407935 ], [ -81.422981261459938, 32.793998028401688 ], [ -81.419880262207244, 32.794857011539484 ], [ -81.419701261532836, 32.793227024152138 ], [ -81.425000259328641, 32.79033406406446 ], [ -81.427426257765575, 32.788320087564642 ], [ -81.427585256963752, 32.786944098940864 ], [ -81.425133257161079, 32.786185097539416 ], [ -81.422364257655886, 32.785747092691935 ], [ -81.422241256863543, 32.783986106468916 ], [ -81.423930255748957, 32.782727121553762 ], [ -81.42629125497939, 32.782661129025932 ], [ -81.429978255367161, 32.785235119641861 ], [ -81.431236254351916, 32.784141131981727 ], [ -81.430870374267812, 32.783391668349502 ], [ -81.430079253263841, 32.78177114716005 ], [ -81.426856253055107, 32.779456156101574 ], [ -81.42333225388478, 32.778512153552079 ], [ -81.416169257086779, 32.779792122696136 ], [ -81.414723257406251, 32.779204123360408 ], [ -81.414457257148271, 32.778149131259902 ], [ -81.416324255452508, 32.775515158073937 ], [ -81.417354254166071, 32.77333617868323 ], [ -81.41860225333663, 32.772734186976834 ], [ -81.422586251556311, 32.772998195682618 ], [ -81.429855247594304, 32.772129222307768 ], [ -81.432083245506163, 32.770549240672715 ], [ -81.431941244546479, 32.768911253094082 ], [ -81.429114245492798, 32.767905253582946 ], [ -81.422020249673764, 32.768367231368579 ], [ -81.417097251517646, 32.766088237052152 ], [ -81.417357250300341, 32.763334260148255 ], [ -81.418902248410546, 32.761132281874218 ], [ -81.41776724881602, 32.760222286490603 ], [ -81.416628249717235, 32.760537281147371 ], [ -81.414014252817807, 32.764522242010422 ], [ -81.411822253756384, 32.763122248038215 ], [ -81.414039249792438, 32.755423316858632 ], [ -81.412263250936178, 32.754691318773581 ], [ -81.409564253385227, 32.756031301391722 ], [ -81.408001254598105, 32.756154296707187 ], [ -81.408365253976811, 32.75468630981355 ], [ -81.411569251022144, 32.753117330195501 ], [ -81.413715249198546, 32.752833337411282 ], [ -81.416734246915269, 32.753276340642344 ], [ -81.418486245066092, 32.75218935345714 ], [ -81.419838242237205, 32.749797375190248 ], [ -81.418604236377391, 32.747991381233902 ], [ -81.410663248330181, 32.749316357353337 ], [ -81.405867251844327, 32.749144347664227 ], [ -81.405017249401013, 32.748284350062342 ], [ -81.404933239398886, 32.74555936339474 ], [ -81.405093552603503, 32.744967749360711 ], [ -81.405750227488866, 32.742544380100931 ], [ -81.407603217530621, 32.740334394987926 ], [ -81.40986021231538, 32.739517403806644 ], [ -81.412671207971286, 32.739083411890455 ], [ -81.413873200728574, 32.737477422285089 ], [ -81.411596189324015, 32.733852435283431 ], [ -81.412518183027558, 32.732432444153112 ], [ -81.414673179466305, 32.732080450317142 ], [ -81.417036180853884, 32.733085450297381 ], [ -81.41854317739481, 32.73258645583477 ], [ -81.418279171294529, 32.730922463365943 ], [ -81.417061167810203, 32.72967546693242 ], [ -81.416753164654054, 32.728762470746162 ], [ -81.417816155178841, 32.726582483496294 ], [ -81.417770149461489, 32.725074490728637 ], [ -81.415592146001629, 32.723531493885815 ], [ -81.410075150555571, 32.723096485037388 ], [ -81.409989146031592, 32.721863490932378 ], [ -81.410917142511536, 32.721207495990747 ], [ -81.418770135997121, 32.721851508362576 ], [ -81.420339131132138, 32.721051515336029 ], [ -81.42045312636472, 32.7198475213834 ], [ -81.415761116709817, 32.715882531500164 ], [ -81.415121109069901, 32.713669541061094 ], [ -81.416672101893923, 32.712283550772575 ], [ -81.420040098281888, 32.712423556500205 ], [ -81.421195095143048, 32.711978560847434 ], [ -81.422153085310654, 32.709742573449951 ], [ -81.425928081715568, 32.710037579138714 ], [ -81.4264590770605, 32.709017585022778 ], [ -81.424100074380149, 32.707560587601726 ], [ -81.424563065105119, 32.705329599180622 ], [ -81.42750604917137, 32.702242619368626 ], [ -81.426736044815925, 32.700867624546554 ], [ -81.422625050323717, 32.700861617132553 ], [ -81.42059704909569, 32.699834618426401 ], [ -81.418882037527965, 32.696212632897179 ], [ -81.416651037940071, 32.695506632376713 ], [ -81.413578042109037, 32.695472627111094 ], [ -81.412404031014958, 32.692095641584849 ], [ -81.410546035241182, 32.692512636301601 ], [ -81.41087605110252, 32.696860615517025 ], [ -81.409619053539942, 32.697046612365888 ], [ -81.407493038931207, 32.692332631867274 ], [ -81.40583303437019, 32.690461638242063 ], [ -81.406635012415535, 32.684863667317927 ], [ -81.404322011829748, 32.683762668892712 ], [ -81.401792006177203, 32.681175677554997 ], [ -81.401511504542157, 32.679820684064651 ], [ -81.40102999388273, 32.677494694668475 ], [ -81.403914964067269, 32.670642733395098 ], [ -81.403913950185796, 32.666877752099055 ], [ -81.397544945364444, 32.662591763811221 ], [ -81.397514936798203, 32.660213775702296 ], [ -81.400342925555108, 32.658488788522618 ], [ -81.403254924007811, 32.659464787953887 ], [ -81.404505933541657, 32.662640774040469 ], [ -81.406485560559432, 32.662525198956367 ], [ -81.406646929386369, 32.66251577788065 ], [ -81.4073009247046, 32.661560783582999 ], [ -81.407193921017793, 32.660519788567576 ], [ -81.405273909557167, 32.65651780555033 ], [ -81.398314921213327, 32.656307796471559 ], [ -81.393818919143868, 32.653491804151386 ], [ -81.39303391359509, 32.651543812875161 ], [ -81.394589903648537, 32.649570825028114 ], [ -81.400027879682071, 32.645764851670648 ], [ -81.405109858700214, 32.642690873875594 ], [ -81.409858847050032, 32.642016883581135 ], [ -81.411816843801859, 32.642156885518027 ], [ -81.412553839993549, 32.641523889607576 ], [ -81.41182783333818, 32.63938389913433 ], [ -81.403634843977045, 32.637925895575663 ], [ -81.402735842460785, 32.637031898850509 ], [ -81.404213832939575, 32.635243909651017 ], [ -81.407063905419534, 32.632428225846702 ], [ -81.409300748160874, 32.631353383064166 ], [ -81.410260806432106, 32.631392936363547 ], [ -81.411523809564557, 32.632907930513859 ], [ -81.41341182262299, 32.637368911081488 ], [ -81.414761820231035, 32.637440912488763 ], [ -81.417014810849224, 32.636147921713757 ], [ -81.418431802506277, 32.63470493054767 ], [ -81.418116778809164, 32.628349960995664 ], [ -81.417076490045872, 32.627616484584735 ], [ -81.452094777964732, 32.610777317810225 ] ] ] } },
{ "type": "Feature", "properties": { "hex_id": 104, "area_km2": 131.16924506169494 }, "geometry": { "type": "Polygon", "coordinates": [ [ [ -85.159548541151821, 33.117912451850202 ], [ -85.153461554880238, 32.937806125772781 ], [ -85.194124901677029, 32.916679341021499 ], [ -85.202551725153484, 32.958849799540836 ], [ -85.204117140111777, 32.966685181017901 ], [ -85.210892177071869, 33.000596310747852 ], [ -85.221868700712278, 33.055536625606216 ], [ -85.223261716385736, 33.06257862619406 ], [ -85.223517617675355, 33.063855648576229 ], [ -85.227800642521842, 33.085229198810502 ], [ -85.228432535905867, 33.088382532434402 ], [ -85.232378815373494, 33.108075628047558 ], [ -85.236509514971019, 33.129560176482002 ], [ -85.241408032853073, 33.155058340170356 ], [ -85.159548541151821, 33.117912451850202 ] ] ] } },
{ "type": "Feature", "properties": { "hex_id": 105, "area_km2": 1039.2304845413262 }, "geometry": { "type": "Polygon", "coordinates": [ [ [ -84.783433602370749, 32.946109605332666 ], [ -84.965630189735762, 32.852024409504686 ], [ -85.153461554880238, 32.937806125772781 ], [ -85.159548541151821, 33.117912451850202 ], [ -84.977052835613847, 33.212295947062778 ], [ -84.788768678191957, 33.126272841276439 ], [ -84.783433602370749, 32.946109605332666 ] ] ] } },
{ "type": "Feature", "properties": { "hex_id": 106, "area_km2": 1039.2304845413264 }, "geometry": { "type": "Polygon", "coordinates": [ [ [ -84.413263735997248, 32.953318285898042 ], [ -84.595902408909296, 32.859754214502424 ], [ -84.783433602370749, 32.946109605332666 ], [ -84.788768678191957, 33.126272841276439 ], [ -84.605819697678825, 33.220132040271864 ], [ -84.417845626786075, 33.133531035387314 ], [ -84.413263735997248, 32.953318285898042 ] ] ] } },
{ "type": "Feature", "properties": { "hex_id": 107, "area_km2": 1039.2304845413262 }, "geometry": { "type": "Polygon", "coordinates": [ [ [ -84.042972318065523, 32.959431337324368 ], [ -84.226043603724278, 32.866392409693191 ], [ -84.413263735997248, 32.953318285898042 ], [ -84.417845626786075, 33.133531035387314 ], [ -84.234453387041768, 33.226861719180405 ], [ -84.046800004119362, 33.139686003496827 ], [ -84.042972318065523, 32.959431337324368 ] ] ] } },
{ "type": "Feature", "properties": { "hex_id": 108, "area_km2": 1039.2304845413262 }, "geometry": { "type": "Polygon", "coordinates": [ [ [ -83.67257886115739, 32.964447207173173 ], [ -83.856073407026472, 32.871938013687362 ], [ -84.042972318065523, 32.959431337324368 ], [ -84.046800004119362, 33.139686003496827 ], [ -83.862974276200106, 33.232483587803777 ], [ -83.675651811570631, 33.14473625951031 ], [ -83.67257886115739, 32.964447207173173 ] ] ] } },
{ "type": "Feature", "properties": { "hex_id": 109, "area_km2": 1039.2304845413264 }, "geometry": { "type": "Polygon", "coordinates": [ [ [ -83.302103963680864, 32.968364729796086 ], [ -83.486011645067023, 32.876389547774032 ], [ -83.67257886115739, 32.964447207173173 ], [ -83.675651811570631, 33.14473625951031 ], [ -83.491402115806693, 33.236996558649388 ], [ -83.3044213865834, 33.148680771271536 ], [ -83.302103963680864, 32.968364729796086 ] ] ] } },
{ "type": "Feature", "properties": { "hex_id": 110, "area_km2": 1039.2304845413264 }, "geometry": { "type": "Polygon", "coordinates": [ [ [ -82.931566948319457, 32.971183999941168 ], [ -83.115878627637628, 32.879746404194115 ], [ -83.302103963680864, 32.968364729796086 ], [ -83.3044213865834, 33.148680771271536 ], [ -83.119757583105013, 33.240399744798992 ], [ -82.933128335735233, 33.151519409790801 ], [ -82.931566948319457, 32.971183999941168 ] ] ] } },
{ "type": "Feature", "properties": { "hex_id": 111, "area_km2": 1039.2304845413262 }, "geometry": { "type": "Polygon", "coordinates": [ [ [ -82.560988426169203, 32.972904021490301 ], [ -82.745693933846695, 32.88200834323677 ], [ -82.931566948319457, 32.971183999941168 ], [ -82.933128335735233, 33.151519409790801 ], [ -82.748060437812796, 33.242692861902285 ], [ -82.561793448247442, 33.153251194314876 ], [ -82.560988426169203, 32.972904021490301 ] ] ] } },
{ "type": "Feature", "properties": { "hex_id": 112, "area_km2": 1039.2304845413257 }, "geometry": { "type": "Polygon", "coordinates": [ [ [ -82.190388660009035, 32.973524179992616 ], [ -82.375477996270121, 32.883174562831897 ], [ -82.560988426169203, 32.972904021490301 ], [ -82.561793448247442, 33.153251194314876 ], [ -82.376331557850278, 33.243875146161542 ], [ -82.190437190165454, 33.153875825141803 ], [ -82.190388660009035, 32.973524179992616 ] ] ] } },
{ "type": "Feature", "properties": { "hex_id": 113, "area_km2": 1039.2304845413257 }, "geometry": { "type": "Polygon", "coordinates": [ [ [ -81.81978770982515, 32.973044938812436 ], [ -82.005250695423967, 32.88324439775797 ], [ -82.190388660009035, 32.973524179992616 ], [ -82.190437190165454, 33.153875825141803 ], [ -82.004591311232602, 33.243946374755303 ], [ -81.819079679646791, 33.153393127956669 ], [ -81.81978770982515, 32.973044938812436 ] ] ] } },
{ "type": "Feature", "properties": { "hex_id": 114, "area_km2": 594.62267140941185 }, "geometry": { "type": "MultiPolygon", "coordinates": [ [ [ [ -81.765023271043333, 33.179425224041438 ], [ -81.766136643431409, 33.177847940983547 ], [ -81.767580697330871, 33.17819451976699 ], [ -81.765023271043333, 33.179425224041438 ] ] ], [ [ [ -81.635032400207706, 32.882219675620107 ], [ -81.81978770982515, 32.973044938812436 ], [ -81.819079679646791, 33.153393127956669 ], [ -81.770066597620826, 33.176998151759165 ], [ -81.766736641913539, 33.171447944880143 ], [ -81.768136639183368, 33.168247945402115 ], [ -81.767636639983152, 33.167247946729304 ], [ -81.76443664557425, 33.165547952070874 ], [ -81.763136647603773, 33.159447958443778 ], [ -81.754136664388668, 33.150548979035278 ], [ -81.750036672415618, 33.147348988404147 ], [ -81.746336661979186, 33.146048974212604 ], [ -81.744536657388736, 33.142148970909318 ], [ -81.736636636480185, 33.137648944109024 ], [ -81.729535618717179, 33.133748921314144 ], [ -81.724335607090609, 33.12944990781633 ], [ -81.721735602060207, 33.126449902907304 ], [ -81.721110028125977, 33.126142602299133 ], [ -81.716035589491099, 33.123649886648643 ], [ -81.711135578837585, 33.121649872518205 ], [ -81.704635567475421, 33.116448859872342 ], [ -81.696935549252899, 33.116549832728566 ], [ -81.677034510470719, 33.110648779554936 ], [ -81.671834503020861, 33.107749770578359 ], [ -81.658434481428159, 33.10315074157743 ], [ -81.646434472585284, 33.094550734098803 ], [ -81.642334467346501, 33.093150727108679 ], [ -81.637233457899498, 33.092950712990707 ], [ -81.63223344607141, 33.093950694538151 ], [ -81.614995408510666, 33.095549637014564 ], [ -81.614058675084067, 33.095186957241602 ], [ -81.611658405204707, 33.094257632784512 ], [ -81.609966405118783, 33.093008633366175 ], [ -81.608287412277505, 33.089020646401075 ], [ -81.609534420142566, 33.086875659483198 ], [ -81.612944433662008, 33.083979681574377 ], [ -81.612904441057736, 33.081022694417811 ], [ -81.610697440036532, 33.079944693429155 ], [ -81.60683742882452, 33.08171567541865 ], [ -81.603588415506493, 33.084576653676251 ], [ -81.602535407588334, 33.086805640493289 ], [ -81.601321404717837, 33.087047636015612 ], [ -81.596502416110582, 33.079891656957102 ], [ -81.596836420431046, 33.078557664196502 ], [ -81.598992429243495, 33.076680678570469 ], [ -81.603299440590419, 33.075088696716925 ], [ -81.603244442312956, 33.074417699681291 ], [ -81.600949443044271, 33.07281370156111 ], [ -81.596026435671789, 33.072691690282831 ], [ -81.593587441038025, 33.06949469995056 ], [ -81.592646438422733, 33.069908695738732 ], [ -81.592518429112985, 33.073060680036399 ], [ -81.590857427454281, 33.072734677629938 ], [ -81.587411430391356, 33.069941683335799 ], [ -81.584362425893829, 33.069900676414534 ], [ -81.582976427859478, 33.068573679974548 ], [ -81.583805433833831, 33.067019689815716 ], [ -81.583104439117875, 33.064958698781616 ], [ -81.578751429031655, 33.066193682683789 ], [ -81.577188427578719, 33.065937680523113 ], [ -81.577161432622106, 33.064333688913692 ], [ -81.580995443124166, 33.062695705818527 ], [ -81.58025344500669, 33.061760709071464 ], [ -81.574912437577964, 33.06179769747154 ], [ -81.574506442650645, 33.060047705940185 ], [ -81.578333451273593, 33.058934719779344 ], [ -81.577045454921986, 33.057248726007955 ], [ -81.572830444995816, 33.058634710030276 ], [ -81.571310448772891, 33.056871716448597 ], [ -81.573244457630608, 33.054901730913784 ], [ -81.571906458953634, 33.053985733231301 ], [ -81.569891454781938, 33.054499726517903 ], [ -81.566312453954126, 33.053428725454921 ], [ -81.563017441791459, 33.0558087057262 ], [ -81.564567436178649, 33.05803769636379 ], [ -81.566950434057389, 33.059595692626452 ], [ -81.566991431417179, 33.060399688272376 ], [ -81.565688427478648, 33.061047681935555 ], [ -81.563993425878692, 33.060842679494051 ], [ -81.559400440389069, 33.054902703713083 ], [ -81.558939446748866, 33.052919714154065 ], [ -81.559174451070291, 33.051763721211913 ], [ -81.560345458464141, 33.050034733253547 ], [ -81.565044465061661, 33.04969274382038 ], [ -81.566109469325411, 33.048790750774806 ], [ -81.561949474751543, 33.04584275988276 ], [ -81.553147474762426, 33.043194760108484 ], [ -81.551787472652336, 33.043388756688337 ], [ -81.546523446921412, 33.048836714999737 ], [ -81.543759444833427, 33.048557711688844 ], [ -81.542136449228522, 33.046917718826052 ], [ -81.541734778516499, 33.045684540539739 ], [ -81.540082471156921, 33.040611754238995 ], [ -81.538790475391806, 33.039183761046708 ], [ -81.535499474952701, 33.03848776025665 ], [ -81.530721460904203, 33.040862737564971 ], [ -81.529143459547896, 33.040810735352238 ], [ -81.528439462612468, 33.039880740242886 ], [ -81.528787475110576, 33.036870760276727 ], [ -81.528452479762024, 33.035644767713563 ], [ -81.522654494708988, 33.030787791275529 ], [ -81.519633499019463, 33.029179797925757 ], [ -81.513232496756459, 33.028544793801927 ], [ -81.511246498536039, 33.027784796452686 ], [ -81.510587506688623, 33.025803809320024 ], [ -81.51169151313205, 33.024504819648982 ], [ -81.514025518390255, 33.023661828234609 ], [ -81.517595519436469, 33.023989830259616 ], [ -81.519076523806703, 33.023194837367384 ], [ -81.518386530146515, 33.021584847392212 ], [ -81.516074531868682, 33.020831849877737 ], [ -81.513716531495504, 33.020572849017071 ], [ -81.511335526123233, 33.021463840219617 ], [ -81.510283526461123, 33.021231840636204 ], [ -81.508221541561213, 33.017508864311338 ], [ -81.508920550073825, 33.015663877886546 ], [ -81.511570566211347, 33.012281903841995 ], [ -81.510691574382278, 33.010313916669361 ], [ -81.508219572353823, 33.010525913074261 ], [ -81.507406567517947, 33.011536905293852 ], [ -81.505681546952189, 33.015972872507447 ], [ -81.504054544815403, 33.0162518689094 ], [ -81.502031548858398, 33.015111875016601 ], [ -81.499769560074327, 33.012252891852853 ], [ -81.49663855924851, 33.010222882822745 ], [ -81.492254549091115, 33.009340855899325 ], [ -81.491420552044985, 33.008076858342555 ], [ -81.491900559788206, 33.006692871598318 ], [ -81.496126579017556, 33.005480912485204 ], [ -81.49875458950082, 33.00506393566193 ], [ -81.50023160099289, 33.003453956990434 ], [ -81.500631607940107, 33.001953968022526 ], [ -81.499831613116996, 33.00065397562723 ], [ -81.495708601476821, 32.999463951367026 ], [ -81.492738591034737, 32.999106930381174 ], [ -81.491198583851215, 32.997822926634441 ], [ -81.491214335187465, 32.997678316631742 ], [ -81.491458580823092, 32.995435944106411 ], [ -81.492253580246228, 32.993508962699451 ], [ -81.495035586184343, 32.991721995553291 ], [ -81.496139588322663, 32.990912009170451 ], [ -81.49642158699821, 32.989614019578987 ], [ -81.495997583413512, 32.988294024753763 ], [ -81.494330574785906, 32.986259025138786 ], [ -81.494346572865268, 32.985083032791067 ], [ -81.495505573804621, 32.983533051387461 ], [ -81.494737563830824, 32.978996074659584 ], [ -81.497838562677941, 32.973010135402362 ], [ -81.499472552879396, 32.964779198998052 ], [ -81.499831552158454, 32.963815207585718 ], [ -81.501370551110924, 32.962913214852577 ], [ -81.50502755250406, 32.963560211911563 ], [ -81.507569556346468, 32.965590200067659 ], [ -81.50784856227709, 32.968853179883375 ], [ -81.508840563303963, 32.969367177038208 ], [ -81.510803561954432, 32.968524182945309 ], [ -81.511348558704924, 32.966720194290652 ], [ -81.510047548116191, 32.960969229491553 ], [ -81.510010541474031, 32.957325252058382 ], [ -81.508610532760187, 32.952550281341672 ], [ -81.504017524730784, 32.948090308201976 ], [ -81.501514048471066, 32.946390523816703 ], [ -81.635032400207706, 32.882219675620107 ] ] ] ] } },
{ "type": "Feature", "properties": { "hex_id": 115, "area_km2": 847.69051378445351 }, "geometry": { "type": "Polygon", "coordinates": [ [ [ -85.171885776913385, 33.47810643997758 ], [ -84.982840380105742, 33.392422571374858 ], [ -84.977052835613847, 33.212295947062778 ], [ -85.159548541151821, 33.117912451850202 ], [ -85.241408032853073, 33.155058340170356 ], [ -85.252144814460948, 33.210882348845502 ], [ -85.252154728018098, 33.210933911139172 ], [ -85.262663752096174, 33.26559349378509 ], [ -85.281405761567868, 33.363075139485694 ], [ -85.291607108367401, 33.416143707702602 ], [ -85.171885776913385, 33.47810643997758 ] ] ] } },
{ "type": "Feature", "properties": { "hex_id": 116, "area_km2": 1039.2304845413262 }, "geometry": { "type": "Polygon", "coordinates": [ [ [ -84.605819697678825, 33.220132040271864 ], [ -84.788768678191957, 33.126272841276439 ], [ -84.977052835613847, 33.212295947062778 ], [ -84.982840380105742, 33.392422571374858 ], [ -84.799582056866001, 33.486581399246226 ], [ -84.610844895373859, 33.400312101340859 ], [ -84.605819697678825, 33.220132040271864 ] ] ] } },
{ "type": "Feature", "properties": { "hex_id": 117, "area_km2": 1039.2304845413262 }, "geometry": { "type": "Polygon", "coordinates": [ [ [ -84.234453387041768, 33.226861719180405 ], [ -84.417845626786075, 33.133531035387314 ], [ -84.605819697678825, 33.220132040271864 ], [ -84.610844895373859, 33.400312101340859 ], [ -84.427132711455272, 33.493939014604557 ], [ -84.238714895273233, 33.407087742682947 ], [ -84.234453387041768, 33.226861719180405 ] ] ] } },
{ "type": "Feature", "properties": { "hex_id": 118, "area_km2": 1039.2304845413262 }, "geometry": { "type": "Polygon", "coordinates": [ [ [ -83.862974276200106, 33.232483587803777 ], [ -84.046800004119362, 33.139686003496827 ], [ -84.234453387041768, 33.226861719180405 ], [ -84.238714895273233, 33.407087742682947 ], [ -84.054558849953892, 33.500178474562681 ], [ -83.86647128381513, 33.412748158247659 ], [ -83.862974276200106, 33.232483587803777 ] ] ] } },
{ "type": "Feature", "properties": { "hex_id": 119, "area_km2": 1039.2304845413264 }, "geometry": { "type": "Polygon", "coordinates": [ [ [ -83.491402115806693, 33.236996558649388 ], [ -83.675651811570631, 33.14473625951031 ], [ -83.862974276200106, 33.232483587803777 ], [ -83.86647128381513, 33.412748158247659 ], [ -83.681880538419037, 33.505298129556124 ], [ -83.494133666208626, 33.417292001208949 ], [ -83.491402115806693, 33.236996558649388 ] ] ] } },
{ "type": "Feature", "properties": { "hex_id": 120, "area_km2": 1039.2304845413264 }, "geometry": { "type": "Polygon", "coordinates": [ [ [ -83.119757583105013, 33.240399744798992 ], [ -83.3044213865834, 33.148680771271536 ], [ -83.491402115806693, 33.236996558649388 ], [ -83.494133666208626, 33.417292001208949 ], [ -83.309118560217215, 33.509296741322757 ], [ -83.12172308319704, 33.420718439415737 ], [ -83.119757583105013, 33.240399744798992 ] ] ] } },
{ "type": "Feature", "properties": { "hex_id": 121, "area_km2": 1039.2304845413262 }, "geometry": { "type": "Polygon", "coordinates": [ [ [ -82.748060437812796, 33.242692861902285 ], [ -82.933128335735233, 33.151519409790801 ], [ -83.119757583105013, 33.240399744798992 ], [ -83.12172308319704, 33.420718439415737 ], [ -82.936293051506027, 33.512174412527401 ], [ -82.749259470268228, 33.423027332191985 ], [ -82.748060437812796, 33.242692861902285 ] ] ] } },
{ "type": "Feature", "properties": { "hex_id": 122, "area_km2": 1039.2304845413257 }, "geometry": { "type": "Polygon", "coordinates": [ [ [ -82.376331557850278, 33.243875146161542 ], [ -82.561793448247442, 33.153251194314876 ], [ -82.748060437812796, 33.242692861902285 ], [ -82.749259470268228, 33.423027332191985 ], [ -82.56342510200065, 33.513929982568193 ], [ -82.376764007676059, 33.424217556248159 ], [ -82.376331557850278, 33.243875146161542 ] ] ] } },
{ "type": "Feature", "properties": { "hex_id": 123, "area_km2": 1039.2304845413257 }, "geometry": { "type": "Polygon", "coordinates": [ [ [ -82.004591311232602, 33.243946374755303 ], [ -82.190437190165454, 33.153875825141803 ], [ -82.376331557850278, 33.243875146161542 ], [ -82.376764007676059, 33.424217556248159 ], [ -82.190535276563168, 33.51456295503224 ], [ -82.004256817049438, 33.424289218010358 ], [ -82.004591311232602, 33.243946374755303 ] ] ] } },
{ "type": "Feature", "properties": { "hex_id": 124, "area_km2": 330.42451126061815 }, "geometry": { "type": "Polygon", "coordinates": [ [ [ -81.819079679646791, 33.153393127956669 ], [ -82.004591311232602, 33.243946374755303 ], [ -82.004256817049438, 33.424289218010358 ], [ -81.925894949926601, 33.462048263552127 ], [ -81.924809274325966, 33.459870766686656 ], [ -81.919437372887273, 33.449096571570678 ], [ -81.914813387446927, 33.443496575135377 ], [ -81.913533391739691, 33.441272577274752 ], [ -81.913308247934239, 33.439641663638646 ], [ -81.91312739417576, 33.438331581607983 ], [ -81.914208512304668, 33.435491310955591 ], [ -81.914283392817524, 33.435294587846407 ], [ -81.916973387618171, 33.432590595182141 ], [ -81.920717379392912, 33.430984601825109 ], [ -81.928327361641664, 33.429908611734284 ], [ -81.930799356223005, 33.429032615735274 ], [ -81.932309354119241, 33.426585621066188 ], [ -81.931743356756684, 33.424504623630611 ], [ -81.924894375948, 33.41930562458618 ], [ -81.921069385892167, 33.417417623696934 ], [ -81.910766410896713, 33.41503361728617 ], [ -81.909630414628126, 33.41260162018191 ], [ -81.91049741371431, 33.410310624800573 ], [ -81.912368410536146, 33.40808863023306 ], [ -81.917751398877357, 33.407198636758949 ], [ -81.921277390202405, 33.408595637868622 ], [ -81.923860383330634, 33.410458637403082 ], [ -81.924767380160091, 33.412416635216914 ], [ -81.929455372266503, 33.407754646929028 ], [ -81.931391368405258, 33.406954649976541 ], [ -81.934767360934416, 33.406794653391437 ], [ -81.940783346114785, 33.408740656190119 ], [ -81.94315034056973, 33.409032658017338 ], [ -81.944894337396278, 33.407960661224045 ], [ -81.945630337269009, 33.405833664976761 ], [ -81.944477341381798, 33.40367266702026 ], [ -81.938109358004795, 33.399928666705655 ], [ -81.935086366360395, 33.39724166802084 ], [ -81.930862386052965, 33.380074690479979 ], [ -81.926251194614991, 33.375530851962054 ], [ -81.924838401775716, 33.374138695054071 ], [ -81.925738401696066, 33.371138700391505 ], [ -81.930635393792826, 33.368163708487486 ], [ -81.934638385437324, 33.368938710156769 ], [ -81.939638373159525, 33.372538708417778 ], [ -81.943738365120936, 33.372338711717425 ], [ -81.946338361168443, 33.370638716058536 ], [ -81.94673836277471, 33.36733872106737 ], [ -81.944738369040223, 33.364039724419179 ], [ -81.935314391937595, 33.356787728848673 ], [ -81.934813394821433, 33.35375873307666 ], [ -81.938166913634674, 33.349741855303222 ], [ -81.93983838955279, 33.347739745057673 ], [ -81.939738391628353, 33.344939749121146 ], [ -81.937238396974138, 33.343639749632409 ], [ -81.932738405076307, 33.343539747259257 ], [ -81.926818414632024, 33.345282741240716 ], [ -81.923461420885118, 33.344896739930263 ], [ -81.919279430805986, 33.340336744824548 ], [ -81.914938436764501, 33.343740736958118 ], [ -81.913026438660978, 33.346884730752699 ], [ -81.910175443763322, 33.347009728891649 ], [ -81.908931446353535, 33.346266729399588 ], [ -81.908438448336923, 33.343840733141626 ], [ -81.91013844599162, 33.342340736571636 ], [ -81.914244438942148, 33.341837739660505 ], [ -81.915513437223765, 33.340776742074695 ], [ -81.916338436851149, 33.338640745967339 ], [ -81.91893043425172, 33.334958753223326 ], [ -81.918899916728435, 33.334455209638655 ], [ -81.918838435208272, 33.333440755601309 ], [ -81.912738447391561, 33.329840758433939 ], [ -81.908138456362806, 33.327140760719558 ], [ -81.909138456153443, 33.323940766479254 ], [ -81.912938450967232, 33.321740771754605 ], [ -81.913738450495416, 33.32004077486593 ], [ -81.912138453511176, 33.319140775668274 ], [ -81.909093458030227, 33.319981773014433 ], [ -81.906131462106131, 33.32161876903303 ], [ -81.906038460341335, 33.326040761590448 ], [ -81.90413346298098, 33.327284758625865 ], [ -81.902614464301152, 33.330256752886271 ], [ -81.903638460663544, 33.334840745638871 ], [ -81.901955463145924, 33.335874743027134 ], [ -81.900636465762162, 33.335028743792151 ], [ -81.899569468457855, 33.332815747039042 ], [ -81.896938473789362, 33.330540749666142 ], [ -81.896938474855659, 33.327640754679003 ], [ -81.899272471810718, 33.325415759579649 ], [ -81.898589473894702, 33.322903763588364 ], [ -81.895538479340814, 33.321640764449533 ], [ -81.891024486413158, 33.32248976101441 ], [ -81.889162489891589, 33.321090762689188 ], [ -81.890038489152246, 33.318941766865841 ], [ -81.89273848555176, 33.316741771839283 ], [ -81.892538486340584, 33.315341774216215 ], [ -81.890538489666241, 33.314841774316719 ], [ -81.885238497297578, 33.317441767581222 ], [ -81.882537501718218, 33.317041767215805 ], [ -81.881537504082701, 33.31404177227666 ], [ -81.884638500543602, 33.309241782117361 ], [ -81.881938505683451, 33.30544178806911 ], [ -81.88123850747904, 33.302541793122224 ], [ -81.879438510209539, 33.302341792922284 ], [ -81.875837514471371, 33.307441782332589 ], [ -81.869248523460413, 33.313766768082502 ], [ -81.866537527723338, 33.313741767094562 ], [ -81.866306500573813, 33.313467422312094 ], [ -81.864937530496803, 33.311841770132098 ], [ -81.864037532419715, 33.307841777501373 ], [ -81.864637532108802, 33.303341786358708 ], [ -81.863930533335761, 33.302034788650474 ], [ -81.862061536062171, 33.302480787203663 ], [ -81.860537538073771, 33.304941781933771 ], [ -81.857601542317383, 33.307112776702951 ], [ -81.85606554445738, 33.309850770774069 ], [ -81.853653548152437, 33.310324768966915 ], [ -81.851734551185487, 33.308743771434393 ], [ -81.84763755749313, 33.307141773234818 ], [ -81.846037559931858, 33.30434177838093 ], [ -81.849637554647799, 33.299542789208388 ], [ -81.848737556025412, 33.296742794589818 ], [ -81.850337553717608, 33.296442795640239 ], [ -81.852537550398651, 33.299342790468089 ], [ -81.860037539416112, 33.299142793075205 ], [ -81.862037536739962, 33.296942797926931 ], [ -81.861637537681588, 33.293742804022642 ], [ -81.863337535820179, 33.289242813152626 ], [ -81.860737539807346, 33.285842819155882 ], [ -81.851584552437117, 33.283542821791002 ], [ -81.848237556960953, 33.283842820512255 ], [ -81.84619255973162, 33.284323819119933 ], [ -81.844537561966064, 33.282942821600301 ], [ -81.844137562451479, 33.278842829905471 ], [ -81.839146568792231, 33.27389783930294 ], [ -81.836337572435511, 33.274443837758696 ], [ -81.833502576231666, 33.276070833912783 ], [ -81.832521577456134, 33.275554834850624 ], [ -81.832666577146838, 33.274288837548688 ], [ -81.835537573239804, 33.27144384393084 ], [ -81.835237573240335, 33.266543854173626 ], [ -81.836037572041121, 33.263543860533233 ], [ -81.835337572795297, 33.262343862993589 ], [ -81.83335357517106, 33.262284862971313 ], [ -81.830541578777783, 33.264379858309596 ], [ -81.828888580748725, 33.264077858812335 ], [ -81.828337581285425, 33.263043860978165 ], [ -81.828837580559266, 33.262043863153821 ], [ -81.831078577741181, 33.260801865952487 ], [ -81.834409573578355, 33.258376871268318 ], [ -81.836437571275809, 33.259443869138963 ], [ -81.837437570244205, 33.261843864191434 ], [ -81.838455569080679, 33.262850862170176 ], [ -81.840800566273558, 33.263275861473154 ], [ -81.842670564046287, 33.264520859065037 ], [ -81.84386356262759, 33.266619854873127 ], [ -81.846911558875632, 33.266597855221249 ], [ -81.848137557398786, 33.264543859494196 ], [ -81.846337559604009, 33.258443871730897 ], [ -81.844737561470382, 33.257443873691258 ], [ -81.841537565191402, 33.257243873960611 ], [ -81.839837567120526, 33.256143876164565 ], [ -81.840037566825274, 33.254643879276138 ], [ -81.845137560975189, 33.252543883699786 ], [ -81.849827555667503, 33.252919883015238 ], [ -81.852566552638407, 33.251408886076725 ], [ -81.852938551319866, 33.248742888120134 ], [ -81.8517238128629, 33.247698211966117 ], [ -81.848638553406772, 33.24504488618426 ], [ -81.846537553441024, 33.241744884649172 ], [ -81.837937561349051, 33.238344884443102 ], [ -81.831737565926559, 33.233544884179842 ], [ -81.831566667396643, 33.233329012230158 ], [ -81.827937567906076, 33.228744884047416 ], [ -81.819637577490823, 33.226644886548122 ], [ -81.811737586521616, 33.223845889442941 ], [ -81.809237589110666, 33.222145890549129 ], [ -81.808137589466298, 33.219445891226599 ], [ -81.80793758739506, 33.213744891774233 ], [ -81.806491588778016, 33.21212489274486 ], [ -81.803937592101533, 33.211345894341385 ], [ -81.798237600312916, 33.21164589765889 ], [ -81.790237610820341, 33.208445903499616 ], [ -81.784536619000178, 33.208145907272169 ], [ -81.778936627414751, 33.209845909981283 ], [ -81.777536629672383, 33.211345910024995 ], [ -81.777636630195587, 33.215345907784453 ], [ -81.781036626339059, 33.219845903755079 ], [ -81.780136627800616, 33.221145903513239 ], [ -81.777736631143028, 33.221844904197411 ], [ -81.774036635998925, 33.221145906218219 ], [ -81.767936643774419, 33.216345912256102 ], [ -81.767236644445546, 33.212745915156574 ], [ -81.765303646957634, 33.209500918647812 ], [ -81.763536649190783, 33.20364692420825 ], [ -81.761636651941942, 33.201746927065017 ], [ -81.75823665702913, 33.200246930851542 ], [ -81.757084980917853, 33.198120759066477 ], [ -81.756936658997247, 33.197846933917766 ], [ -81.759536654951049, 33.194745934387356 ], [ -81.760636653077867, 33.189246937888498 ], [ -81.762836649507761, 33.188246936607108 ], [ -81.765936644489472, 33.187846933955079 ], [ -81.767736641309824, 33.184646934467487 ], [ -81.766936642412716, 33.18204793711557 ], [ -81.764936645572121, 33.179547941055404 ], [ -81.765023271043333, 33.179425224041438 ], [ -81.767580697330871, 33.17819451976699 ], [ -81.768636639254012, 33.178447937801188 ], [ -81.771736634387381, 33.181546932421398 ], [ -81.772436633148331, 33.180947932059468 ], [ -81.770066597620826, 33.176998151759165 ], [ -81.819079679646791, 33.153393127956669 ] ] ] } },
{ "type": "Feature", "properties": { "hex_id": 125, "area_km2": 380.13708683012806 }, "geometry": { "type": "Polygon", "coordinates": [ [ [ -85.178136834087994, 33.658194043306224 ], [ -85.171885776913385, 33.47810643997758 ], [ -85.291607108367401, 33.416143707702602 ], [ -85.293903348598221, 33.428077966202544 ], [ -85.296310976089472, 33.44060058233152 ], [ -85.297528600897067, 33.446933723799042 ], [ -85.30338984870474, 33.477419386689505 ], [ -85.304440231802801, 33.482882662747279 ], [ -85.314000202486554, 33.529805686029832 ], [ -85.314092201826639, 33.530216686296541 ], [ -85.314844681391023, 33.534949945104977 ], [ -85.314995192028903, 33.535896689564005 ], [ -85.31534127860364, 33.537644814837606 ], [ -85.315341404364474, 33.537645450070897 ], [ -85.323793411360668, 33.580337589168593 ], [ -85.338201569191327, 33.653115104342163 ], [ -85.342722648127321, 33.675951703778836 ], [ -85.354946941505219, 33.737699754021136 ], [ -85.178136834087994, 33.658194043306224 ] ] ] } },
{ "type": "Feature", "properties": { "hex_id": 126, "area_km2": 1039.2304845413262 }, "geometry": { "type": "Polygon", "coordinates": [ [ [ -84.799582056866001, 33.486581399246226 ], [ -84.982840380105742, 33.392422571374858 ], [ -85.171885776913385, 33.47810643997758 ], [ -85.178136834087994, 33.658194043306224 ], [ -84.994570579264348, 33.752657369411651 ], [ -84.805060989802428, 33.666726699073614 ], [ -84.799582056866001, 33.486581399246226 ] ] ] } },
{ "type": "Feature", "properties": { "hex_id": 127, "area_km2": 1039.2304845413264 }, "geometry": { "type": "Polygon", "coordinates": [ [ [ -84.427132711455272, 33.493939014604557 ], [ -84.610844895373859, 33.400312101340859 ], [ -84.799582056866001, 33.486581399246226 ], [ -84.805060989802428, 33.666726699073614 ], [ -84.621029461367954, 33.760654629622273 ], [ -84.431837769365075, 33.674134537627189 ], [ -84.427132711455272, 33.493939014604557 ] ] ] } },
{ "type": "Feature", "properties": { "hex_id": 128, "area_km2": 1039.2304845413262 }, "geometry": { "type": "Polygon", "coordinates": [ [ [ -84.054558849953892, 33.500178474562681 ], [ -84.238714895273233, 33.407087742682947 ], [ -84.427132711455272, 33.493939014604557 ], [ -84.431837769365075, 33.674134537627189 ], [ -84.247352034063638, 33.7675235155561 ], [ -84.058490346291876, 33.680416387796605 ], [ -84.054558849953892, 33.500178474562681 ] ] ] } },
{ "type": "Feature", "properties": { "hex_id": 129, "area_km2": 1039.2304845413262 }, "geometry": { "type": "Polygon", "coordinates": [ [ [ -83.681880538419037, 33.505298129556124 ], [ -83.86647128381513, 33.412748158247659 ], [ -84.054558849953892, 33.500178474562681 ], [ -84.058490346291876, 33.680416387796605 ], [ -83.873559337295873, 33.77326044447733 ], [ -83.685036680264233, 33.685570670455107 ], [ -83.681880538419037, 33.505298129556124 ] ] ] } },
{ "type": "Feature", "properties": { "hex_id": 130, "area_km2": 1039.2304845413264 }, "geometry": { "type": "Polygon", "coordinates": [ [ [ -83.309118560217215, 33.509296741322757 ], [ -83.494133666208626, 33.417292001208949 ], [ -83.681880538419037, 33.505298129556124 ], [ -83.685036680264233, 33.685570670455107 ], [ -83.499670045591841, 33.777866338595437 ], [ -83.311498672542115, 33.689596660702186 ], [ -83.309118560217215, 33.509296741322757 ] ] ] } },
{ "type": "Feature", "properties": { "hex_id": 131, "area_km2": 1039.2304845413264 }, "geometry": { "type": "Polygon", "coordinates": [ [ [ -82.936293051506027, 33.512174412527401 ], [ -83.12172308319704, 33.420718439415737 ], [ -83.309118560217215, 33.509296741322757 ], [ -83.311498672542115, 33.689596660702186 ], [ -83.125706991181261, 33.781339792536244 ], [ -82.937896729323555, 33.692493918923432 ], [ -82.936293051506027, 33.512174412527401 ] ] ] } },
{ "type": "Feature", "properties": { "hex_id": 132, "area_km2": 1039.2304845413262 }, "geometry": { "type": "Polygon", "coordinates": [ [ [ -82.56342510200065, 33.513929982568193 ], [ -82.749259470268228, 33.423027332191985 ], [ -82.936293051506027, 33.512174412527401 ], [ -82.937896729323555, 33.692493918923432 ], [ -82.751689902613393, 33.783680009840289 ], [ -82.564251926180603, 33.694261287656218 ], [ -82.56342510200065, 33.513929982568193 ] ] ] } },
{ "type": "Feature", "properties": { "hex_id": 133, "area_km2": 1023.1346772463952 }, "geometry": { "type": "Polygon", "coordinates": [ [ [ -82.190535276563168, 33.51456295503224 ], [ -82.376764007676059, 33.424217556248159 ], [ -82.56342510200065, 33.513929982568193 ], [ -82.564251926180603, 33.694261287656218 ], [ -82.377640474564856, 33.78488602798658 ], [ -82.236280685645056, 33.716924827329514 ], [ -82.235753882474597, 33.71438770330959 ], [ -82.237192888679189, 33.707877728001272 ], [ -82.235400891871123, 33.704377743135801 ], [ -82.234576895747651, 33.700213760177917 ], [ -82.225684903634559, 33.691431800995872 ], [ -82.224977529530307, 33.69091547538271 ], [ -82.218649908234568, 33.686296825941973 ], [ -82.217124910044333, 33.684341834620774 ], [ -82.213165916739129, 33.677208865118104 ], [ -82.210826923015986, 33.670601892400597 ], [ -82.209803924267007, 33.669273898228901 ], [ -82.199847931314139, 33.66175593369622 ], [ -82.199837380700728, 33.661318383865208 ], [ -82.199747935335736, 33.657608949815021 ], [ -82.201186945738698, 33.646895990448421 ], [ -82.196583961581879, 33.630580056211095 ], [ -82.190565585134877, 33.625032484623567 ], [ -82.190535276563168, 33.51456295503224 ] ] ] } },
{ "type": "Feature", "properties": { "hex_id": 134, "area_km2": 246.10557454931862 }, "geometry": { "type": "Polygon", "coordinates": [ [ [ -82.004256817049438, 33.424289218010358 ], [ -82.190535276563168, 33.51456295503224 ], [ -82.190565585134877, 33.625032484623567 ], [ -82.18914196835, 33.623720086707792 ], [ -82.179854976140632, 33.615943121442022 ], [ -82.176172978358395, 33.613773131634971 ], [ -82.164178537094728, 33.611040262331983 ], [ -82.158331982813536, 33.609708156144642 ], [ -82.156288983949466, 33.608628161249221 ], [ -82.153357986353413, 33.606317171423918 ], [ -82.151060991833404, 33.600954192737561 ], [ -82.148816994802544, 33.598090204582576 ], [ -82.145051780275324, 33.595674243355226 ], [ -82.14287299888214, 33.594276221697214 ], [ -82.134935535090904, 33.591098363661636 ], [ -82.133524003062661, 33.590533240012 ], [ -82.129081003867697, 33.589923244321739 ], [ -82.125865003156704, 33.590739242774781 ], [ -82.123222008574956, 33.592738243977109 ], [ -82.120385999084007, 33.594883229998615 ], [ -82.115809997471544, 33.59659522584672 ], [ -82.115321042796637, 33.596594009966907 ], [ -82.109376997713539, 33.596579228955157 ], [ -82.106240998811856, 33.595635233897127 ], [ -82.098817008850318, 33.586356271209006 ], [ -82.09635301137169, 33.584068280643734 ], [ -82.094129012876252, 33.582740286459611 ], [ -82.093073279977602, 33.582401944710504 ], [ -82.087489015445456, 33.580612297098313 ], [ -82.076069606851476, 33.578148055237541 ], [ -82.073105019472962, 33.577508314526391 ], [ -82.069040021972413, 33.575380323888112 ], [ -82.057728031922608, 33.566772359271503 ], [ -82.054944033604627, 33.56538036533717 ], [ -82.048960034528008, 33.564868369559235 ], [ -82.048357938344708, 33.564629734843216 ], [ -82.046336035828546, 33.563828374280703 ], [ -82.037376046502573, 33.554660409994007 ], [ -82.03649596567864, 33.552707200610705 ], [ -82.034896052761013, 33.549156430192618 ], [ -82.033024055893705, 33.546452440328878 ], [ -82.028239057947616, 33.544932447350057 ], [ -82.023439063003337, 33.540732463651345 ], [ -82.023439066124709, 33.53793347337232 ], [ -82.019839069667, 33.535033484649418 ], [ -82.012474659826438, 33.532105477281775 ], [ -82.011539074090166, 33.531733498800492 ], [ -82.010039075686734, 33.530433503767021 ], [ -82.0076390839113, 33.523333528950289 ], [ -82.007139084523232, 33.522833530822538 ], [ -82.004339085808894, 33.521933534769552 ], [ -82.003735303560873, 33.521571266566248 ], [ -82.001339088138153, 33.520133541846533 ], [ -81.995266575682734, 33.509991140190117 ], [ -81.991939129321565, 33.50443358393602 ], [ -81.990383138229262, 33.500757594123527 ], [ -81.990610225365273, 33.49809302756902 ], [ -81.990939143550563, 33.494233604256792 ], [ -81.989339152489762, 33.490034606849385 ], [ -81.985939165688379, 33.486534606143664 ], [ -81.981727515496218, 33.484548343401954 ], [ -81.980638183051596, 33.484034601699335 ], [ -81.973642107667899, 33.482655081706199 ], [ -81.973538204214861, 33.482634593521688 ], [ -81.967038224091297, 33.480634587079507 ], [ -81.955410780851977, 33.475611619693794 ], [ -81.955404716607447, 33.475608999986392 ], [ -81.946438287700943, 33.471735571358622 ], [ -81.941738301615075, 33.470035567597201 ], [ -81.934137323206144, 33.468335560136758 ], [ -81.929437337335855, 33.465835557823439 ], [ -81.926337347287969, 33.4629355583169 ], [ -81.925950440469464, 33.4621595555761 ], [ -81.925894949926601, 33.462048263552127 ], [ -82.004256817049438, 33.424289218010358 ] ] ] } },
{ "type": "Feature", "properties": { "hex_id": 135, "area_km2": 9.0239816079277073 }, "geometry": { "type": "Polygon", "coordinates": [ [ [ -85.374678780422542, 33.923578968716321 ], [ -85.370856738548753, 33.821452753247634 ], [ -85.376403071751668, 33.850654996477012 ], [ -85.377426322530695, 33.85604627279006 ], [ -85.380885251166504, 33.873507249859514 ], [ -85.386473610969404, 33.90171780028907 ], [ -85.388717223252982, 33.913043765770837 ], [ -85.391495277150014, 33.927067647355081 ], [ -85.392370478495792, 33.931487837919079 ], [ -85.374678780422542, 33.923578968716321 ] ] ] } },
{ "type": "Feature", "properties": { "hex_id": 136, "area_km2": 1034.0947098385025 }, "geometry": { "type": "Polygon", "coordinates": [ [ [ -85.374678780422542, 33.923578968716321 ], [ -85.190806688145173, 34.018350559681195 ], [ -85.000514625849604, 33.932765496917106 ], [ -84.994570579264348, 33.752657369411651 ], [ -85.178136834087994, 33.658194043306224 ], [ -85.354946941505219, 33.737699754021136 ], [ -85.355252962211765, 33.739244141456517 ], [ -85.356978925804796, 33.747962243170406 ], [ -85.357402716693571, 33.7501028756651 ], [ -85.360491653538986, 33.767956936730577 ], [ -85.361844631655515, 33.773949958556138 ], [ -85.370856738548753, 33.821452753247634 ], [ -85.374678780422542, 33.923578968716321 ] ] ] } },
{ "type": "Feature", "properties": { "hex_id": 137, "area_km2": 1039.2304845413262 }, "geometry": { "type": "Polygon", "coordinates": [ [ [ -84.621029461367954, 33.760654629622273 ], [ -84.805060989802413, 33.666726699073614 ], [ -84.994570579264348, 33.752657369411651 ], [ -85.000514625849604, 33.932765496917106 ], [ -84.816166168182079, 34.02699913417932 ], [ -84.626190718101824, 33.940817096971458 ], [ -84.621029461367954, 33.760654629622273 ] ] ] } },
{ "type": "Feature", "properties": { "hex_id": 138, "area_km2": 1039.2304845413262 }, "geometry": { "type": "Polygon", "coordinates": [ [ [ -84.247352034063638, 33.7675235155561 ], [ -84.431837769365075, 33.674134537627189 ], [ -84.621029461367954, 33.760654629622273 ], [ -84.626190718101824, 33.940817096971458 ], [ -84.44137625342762, 34.034507890660805 ], [ -84.251728975823241, 33.947732154279493 ], [ -84.247352034063638, 33.7675235155561 ] ] ] } },
{ "type": "Feature", "properties": { "hex_id": 139, "area_km2": 1039.2304845413262 }, "geometry": { "type": "Polygon", "coordinates": [ [ [ -83.873559337295873, 33.77326044447733 ], [ -84.058490346291876, 33.680416387796605 ], [ -84.247352034063638, 33.7675235155561 ], [ -84.251728975823241, 33.947732154279493 ], [ -84.066458782581449, 34.040875147161927 ], [ -83.877150679505704, 33.95350837819138 ], [ -83.873559337295873, 33.77326044447733 ] ] ] } },
{ "type": "Feature", "properties": { "hex_id": 140, "area_km2": 1039.2304845413264 }, "geometry": { "type": "Polygon", "coordinates": [ [ [ -83.499670045591841, 33.777866338595437 ], [ -83.685036680264233, 33.685570670455107 ], [ -83.873559337295873, 33.77326044447733 ], [ -83.877150679505704, 33.95350837819138 ], [ -83.691433734544859, 34.046099484324664 ], [ -83.502475686524406, 33.958145440687254 ], [ -83.499670045591841, 33.777866338595437 ] ] ] } },
{ "type": "Feature", "properties": { "hex_id": 141, "area_km2": 1039.2304845413264 }, "geometry": { "type": "Polygon", "coordinates": [ [ [ -83.125706991181261, 33.781339792536244 ], [ -83.311498672542115, 33.689596660702186 ], [ -83.499670045591841, 33.777866338595437 ], [ -83.502475686524406, 33.958145440687254 ], [ -83.316322912614808, 34.050180267770841 ], [ -83.127725622082664, 33.961642346297523 ], [ -83.125706991181261, 33.781339792536244 ] ] ] } },
{ "type": "Feature", "properties": { "hex_id": 142, "area_km2": 1039.2304845413262 }, "geometry": { "type": "Polygon", "coordinates": [ [ [ -82.751689902613393, 33.783680009840289 ], [ -82.937896729323555, 33.692493918923432 ], [ -83.125706991181261, 33.781339792536244 ], [ -83.127725622082664, 33.961642346297523 ], [ -82.94114688764337, 34.053116655696876 ], [ -82.75292099166019, 33.963998170488829 ], [ -82.751689902613393, 33.783680009840289 ] ] ] } },
{ "type": "Feature", "properties": { "hex_id": 143, "area_km2": 809.03421317968412 }, "geometry": { "type": "Polygon", "coordinates": [ [ [ -82.377640474564856, 33.78488602798658 ], [ -82.564251926180603, 33.694261287656218 ], [ -82.751689902613393, 33.783680009840289 ], [ -82.75292099166019, 33.963998170488829 ], [ -82.604647708333303, 34.03612254360656 ], [ -82.600184447177767, 34.032982700071592 ], [ -82.596008460857973, 34.030927702917786 ], [ -82.594192466421404, 34.028863707541412 ], [ -82.593789467009231, 34.026733713301432 ], [ -82.595534458089219, 34.020476731773705 ], [ -82.595497456269143, 34.015862744635264 ], [ -82.594501013144694, 34.013922450679843 ], [ -82.592674464812916, 34.010365759142935 ], [ -82.58855247771146, 33.999765788584597 ], [ -82.586234489872766, 33.99714879367945 ], [ -82.583394503169899, 33.995283797167289 ], [ -82.576248533743495, 33.993006800982926 ], [ -82.575249539205828, 33.991430804089347 ], [ -82.57588253816462, 33.989950807194219 ], [ -82.579613526322674, 33.987257813157427 ], [ -82.580571524784787, 33.985137817615779 ], [ -82.580459528300096, 33.982130823761345 ], [ -82.578851537972255, 33.978628830735246 ], [ -82.576669548909521, 33.97589783605531 ], [ -82.574159560570891, 33.97354784055053 ], [ -82.569077582796041, 33.969884847401012 ], [ -82.566201597829476, 33.96476885749064 ], [ -82.565700604893507, 33.958679869867915 ], [ -82.564582611312744, 33.955807875589144 ], [ -82.564531349364927, 33.955738681365574 ], [ -82.556835646627306, 33.945350895905207 ], [ -82.554497655735943, 33.943816898717913 ], [ -82.543128696089127, 33.940946903018187 ], [ -82.539770707037675, 33.941548901334635 ], [ -82.534111725035402, 33.943648896294171 ], [ -82.52674174999504, 33.943762895062619 ], [ -82.524515757715093, 33.943357895582537 ], [ -82.512950798685026, 33.936966906956918 ], [ -82.507640817506029, 33.931453917380971 ], [ -82.503584831650315, 33.926045927750586 ], [ -82.496109844364099, 33.913456935995896 ], [ -82.492929844523999, 33.909751930061297 ], [ -82.480111844257635, 33.90189489265331 ], [ -82.469913844474888, 33.892835870467707 ], [ -82.459391844335514, 33.88638384236009 ], [ -82.459206569612746, 33.886179114806694 ], [ -82.455105844591287, 33.88164783628276 ], [ -82.448109844504131, 33.877540818200039 ], [ -82.440503844124677, 33.875120793937093 ], [ -82.438644844123843, 33.873916789604358 ], [ -82.433503844363386, 33.869004781890446 ], [ -82.429164844427916, 33.865841773141398 ], [ -82.424888844285661, 33.864130761021919 ], [ -82.420618843945348, 33.863747745485838 ], [ -82.408353842402036, 33.866317690794283 ], [ -82.405585842188302, 33.866021680837754 ], [ -82.402197842085158, 33.864653671521069 ], [ -82.395735842364303, 33.859085662513237 ], [ -82.390597191793674, 33.857185294935931 ], [ -82.390527842192839, 33.857159648178047 ], [ -82.384973842125277, 33.854425635100093 ], [ -82.379771842194486, 33.851093625411032 ], [ -82.37779832266844, 33.849158064045596 ], [ -82.377640474564856, 33.78488602798658 ] ] ] } },
{ "type": "Feature", "properties": { "hex_id": 144, "area_km2": 69.117594316178895 }, "geometry": { "type": "Polygon", "coordinates": [ [ [ -82.377640474564856, 33.78488602798658 ], [ -82.37779832266844, 33.849158064045596 ], [ -82.373301842654598, 33.844747620535252 ], [ -82.368780842658452, 33.842307611324657 ], [ -82.358196401386039, 33.838596562967751 ], [ -82.356328048025034, 33.837941493060782 ], [ -82.351185842161343, 33.836138566380747 ], [ -82.346199842126993, 33.833826555834854 ], [ -82.337829842566308, 33.827153547974532 ], [ -82.324480842703665, 33.820030525106816 ], [ -82.321887843067984, 33.816774527408903 ], [ -82.316462920141561, 33.812696293585482 ], [ -82.314350843470422, 33.811108521352232 ], [ -82.312436844028497, 33.807152528944933 ], [ -82.303454844027996, 33.803260512598165 ], [ -82.300213844257343, 33.800624511380242 ], [ -82.299280844494277, 33.798936514486471 ], [ -82.298864845519788, 33.793163534432445 ], [ -82.299601846798268, 33.786480561511596 ], [ -82.299009847122392, 33.784472567015953 ], [ -82.297479847285899, 33.78297156765985 ], [ -82.294984847307958, 33.781865563790319 ], [ -82.292468847026072, 33.782403553736984 ], [ -82.288652846892049, 33.781632544445664 ], [ -82.284087847094753, 33.778778540771022 ], [ -82.278207126256618, 33.772582949788188 ], [ -82.277681847907687, 33.772029546604507 ], [ -82.270445848185147, 33.767910540279978 ], [ -82.26771984804715, 33.76764853292547 ], [ -82.265019848227141, 33.765739532213217 ], [ -82.264044848717006, 33.762840540783202 ], [ -82.260041848911584, 33.760428538323843 ], [ -82.255595848721043, 33.759873527166832 ], [ -82.247472849467329, 33.752588542275106 ], [ -82.245408856457061, 33.742923582724138 ], [ -82.243244858898279, 33.740113595622866 ], [ -82.24126652280286, 33.735702670287672 ], [ -82.239098867223731, 33.730869635548977 ], [ -82.239497868699488, 33.729327641347709 ], [ -82.238758872513571, 33.725203658251516 ], [ -82.237311875523204, 33.721890672467545 ], [ -82.236280685645056, 33.716924827329514 ], [ -82.377640474564856, 33.78488602798658 ] ] ] } },
{ "type": "Feature", "properties": { "hex_id": 145, "area_km2": 670.7756661334779 }, "geometry": { "type": "Polygon", "coordinates": [ [ [ -85.3883105043776, 34.283651583952107 ], [ -85.197226427529031, 34.198419227207808 ], [ -85.190806688145173, 34.018350559681195 ], [ -85.374678780422542, 33.923578968716321 ], [ -85.392370478495792, 33.931487837919079 ], [ -85.398836874754494, 33.964128758517127 ], [ -85.39938327204446, 33.966904494571075 ], [ -85.405917716274644, 34.000099936638634 ], [ -85.40674771275323, 34.002313934076831 ], [ -85.420231659040866, 34.072277744619804 ], [ -85.4218524282565, 34.08082157146486 ], [ -85.427888271978702, 34.112639284227285 ], [ -85.42822163791557, 34.114396608679399 ], [ -85.429469635477176, 34.125095568672549 ], [ -85.444707856097125, 34.199891698487697 ], [ -85.444714633630937, 34.199924965669759 ], [ -85.454790866965567, 34.249384548199004 ], [ -85.3883105043776, 34.283651583952107 ] ] ] } },
{ "type": "Feature", "properties": { "hex_id": 146, "area_km2": 1039.2304845413262 }, "geometry": { "type": "Polygon", "coordinates": [ [ [ -84.816166168182079, 34.02699913417932 ], [ -85.000514625849604, 33.932765496917106 ], [ -85.190806688145173, 34.018350559681195 ], [ -85.197226427529031, 34.198419227207808 ], [ -85.012561779369534, 34.292963162551217 ], [ -84.821793120226303, 34.207126346034578 ], [ -84.816166168182079, 34.02699913417932 ] ] ] } },
{ "type": "Feature", "properties": { "hex_id": 147, "area_km2": 1039.2304845413264 }, "geometry": { "type": "Polygon", "coordinates": [ [ [ -84.44137625342762, 34.034507890660805 ], [ -84.626190718101824, 33.940817096971458 ], [ -84.816166168182079, 34.02699913417932 ], [ -84.821793120226303, 34.207126346034578 ], [ -84.636651162898474, 34.301124030882335 ], [ -84.446209277529263, 34.214685663532457 ], [ -84.44137625342762, 34.034507890660805 ] ] ] } },
{ "type": "Feature", "properties": { "hex_id": 148, "area_km2": 1039.2304845413262 }, "geometry": { "type": "Polygon", "coordinates": [ [ [ -84.066458782581449, 34.040875147161927 ], [ -84.251728975823241, 33.947732154279493 ], [ -84.44137625342762, 34.034507890660805 ], [ -84.446209277529263, 34.214685663532457 ], [ -84.260600160926003, 34.308132439683142 ], [ -84.070496362787992, 34.221095838489767 ], [ -84.066458782581449, 34.040875147161927 ] ] ] } },
{ "type": "Feature", "properties": { "hex_id": 149, "area_km2": 1039.2304845413262 }, "geometry": { "type": "Polygon", "coordinates": [ [ [ -83.691433734544859, 34.046099484324664 ], [ -83.877150679505704, 33.95350837819138 ], [ -84.066458782581449, 34.040875147161927 ], [ -84.070496362787992, 34.221095838489767 ], [ -83.884429917162194, 34.313987125875592 ], [ -83.694675219670316, 34.226355617329155 ], [ -83.691433734544859, 34.046099484324664 ] ] ] } },
{ "type": "Feature", "properties": { "hex_id": 150, "area_km2": 1039.2304845413264 }, "geometry": { "type": "Polygon", "coordinates": [ [ [ -83.316322912614808, 34.050180267770841 ], [ -83.502475686524406, 33.958145440687254 ], [ -83.691433734544859, 34.046099484324664 ], [ -83.694675219670316, 34.226355617329155 ], [ -83.508161727853292, 34.31868721205408 ], [ -83.318767406611272, 34.230463900819096 ], [ -83.316322912614808, 34.050180267770841 ] ] ] } },
{ "type": "Feature", "properties": { "hex_id": 151, "area_km2": 1039.2304845413264 }, "geometry": { "type": "Polygon", "coordinates": [ [ [ -82.94114688764337, 34.053116655696876 ], [ -83.127725622082664, 33.961642346297523 ], [ -83.316322912614808, 34.050180267770841 ], [ -83.318767406611272, 34.230463900819096 ], [ -83.131817275164579, 34.322231196956857 ], [ -82.942794066868942, 34.233420017027015 ], [ -82.94114688764337, 34.053116655696876 ] ] ] } },
{ "type": "Feature", "properties": { "hex_id": 152, "area_km2": 706.16813383040324 }, "geometry": { "type": "Polygon", "coordinates": [ [ [ -82.75292099166019, 33.963998170488829 ], [ -82.94114688764337, 34.053116655696876 ], [ -82.942794066868942, 34.233420017027015 ], [ -82.786439919509917, 34.309553378585171 ], [ -82.781768465591966, 34.302410726649761 ], [ -82.78181247030254, 34.297914731129993 ], [ -82.773772214122204, 34.288713373423526 ], [ -82.771688493654381, 34.286328740878517 ], [ -82.766075504298513, 34.282063744402848 ], [ -82.762329508517098, 34.281949743933289 ], [ -82.761108511488231, 34.280396745412105 ], [ -82.75391452455554, 34.275449749787292 ], [ -82.750641532669619, 34.271127754185628 ], [ -82.74665653807098, 34.266404745029291 ], [ -82.74853554065372, 34.264097755658938 ], [ -82.747712544204731, 34.260698755842199 ], [ -82.745825546618192, 34.258353750174763 ], [ -82.745628435635751, 34.255076151562029 ], [ -82.745627963789133, 34.255068305607615 ], [ -82.745567551201759, 34.254063753682416 ], [ -82.743004554060221, 34.25137874522386 ], [ -82.743088549911917, 34.247979747534586 ], [ -82.744720545141917, 34.246308755078587 ], [ -82.744430533020946, 34.242001754725997 ], [ -82.743492527229662, 34.239892751170601 ], [ -82.742081497059942, 34.228959747920605 ], [ -82.744354487735947, 34.225922757846156 ], [ -82.744003483604118, 34.224404756767143 ], [ -82.74050547293443, 34.220009744005388 ], [ -82.74035646920747, 34.21862974381191 ], [ -82.742380454633661, 34.213763752917977 ], [ -82.742018951431334, 34.211746425231951 ], [ -82.741653443804651, 34.209706751202411 ], [ -82.732544409797953, 34.194516723433658 ], [ -82.731698400662765, 34.190732722126526 ], [ -82.732193375580337, 34.181344727807897 ], [ -82.731773367396826, 34.178037727869658 ], [ -82.730415361933112, 34.175324724762085 ], [ -82.725409353990642, 34.169771711996063 ], [ -82.723312347080025, 34.165892707833038 ], [ -82.721133061909995, 34.160177741757643 ], [ -82.717459318391292, 34.150543700778506 ], [ -82.715333316283093, 34.148200696669306 ], [ -82.704140318980507, 34.141004673199518 ], [ -82.699758323111226, 34.139315663657925 ], [ -82.695530329611842, 34.138812653500757 ], [ -82.692152335987728, 34.138983644798003 ], [ -82.690386337788411, 34.13829064113898 ], [ -82.686290337912638, 34.134451635537147 ], [ -82.678730348323455, 34.13239061984212 ], [ -82.675220350500894, 34.12977661507702 ], [ -82.668277347986688, 34.119781613974894 ], [ -82.666879341180433, 34.113588620546629 ], [ -82.661851343504665, 34.107751619661038 ], [ -82.660322345744518, 34.106894618060956 ], [ -82.658849344899423, 34.103959620136948 ], [ -82.656033349510992, 34.10252861723518 ], [ -82.65423335118254, 34.100631617196548 ], [ -82.648831362224954, 34.099126609966923 ], [ -82.641641371456728, 34.092087610814886 ], [ -82.640259368618914, 34.086538619639519 ], [ -82.643179354290751, 34.080948635343844 ], [ -82.644236058566776, 34.079962343236723 ], [ -82.645220346413666, 34.079043642119764 ], [ -82.645544072797762, 34.076841402081577 ], [ -82.645661341510319, 34.076043648543347 ], [ -82.643759342341468, 34.072303653132316 ], [ -82.640518346522796, 34.067880657596191 ], [ -82.635437358420432, 34.065087656897518 ], [ -82.633995362575405, 34.064961655372208 ], [ -82.630972372128312, 34.06552565039194 ], [ -82.626963382091148, 34.063454650029207 ], [ -82.624641386201688, 34.06025865451609 ], [ -82.621406394183595, 34.058015656018803 ], [ -82.620384393957963, 34.053914664553382 ], [ -82.619155395739767, 34.051313669457798 ], [ -82.612932412424428, 34.046782674483424 ], [ -82.610611416453438, 34.04145568580828 ], [ -82.607414425085992, 34.038068691896228 ], [ -82.604647708333303, 34.03612254360656 ], [ -82.75292099166019, 33.963998170488829 ] ] ] } },
{ "type": "Feature", "properties": { "hex_id": 153, "area_km2": 203.6965658350187 }, "geometry": { "type": "Polygon", "coordinates": [ [ [ -85.39521763588067, 34.463678115759308 ], [ -85.3883105043776, 34.283651583952107 ], [ -85.454790866965567, 34.249384548199004 ], [ -85.455056623505229, 34.250688063326535 ], [ -85.455370621334723, 34.252853059663373 ], [ -85.458070608203613, 34.265735038434009 ], [ -85.458692604590638, 34.269436032170596 ], [ -85.462081307162208, 34.286384498106642 ], [ -85.46767594826305, 34.314365871533219 ], [ -85.470433881999895, 34.32815956234235 ], [ -85.470449551292845, 34.328237931650968 ], [ -85.474016446308482, 34.344548454002876 ], [ -85.484587854608947, 34.392888847000521 ], [ -85.502315464192648, 34.473952658298685 ], [ -85.502453464091047, 34.474525656953823 ], [ -85.50494416806437, 34.485733807951561 ], [ -85.508383462789865, 34.501210601564267 ], [ -85.511426793944295, 34.515136600199654 ], [ -85.39521763588067, 34.463678115759308 ] ] ] } },
{ "type": "Feature", "properties": { "hex_id": 154, "area_km2": 1039.2304845413266 }, "geometry": { "type": "Polygon", "coordinates": [ [ [ -85.012561779369534, 34.292963162551217 ], [ -85.197226427529031, 34.198419227207808 ], [ -85.3883105043776, 34.283651583952107 ], [ -85.39521763588067, 34.463678115759308 ], [ -85.210238201290963, 34.558537239535191 ], [ -85.01866597465046, 34.473052631975946 ], [ -85.012561779369534, 34.292963162551217 ] ] ] } },
{ "type": "Feature", "properties": { "hex_id": 155, "area_km2": 1039.2304845413262 }, "geometry": { "type": "Polygon", "coordinates": [ [ [ -84.636651162898474, 34.301124030882335 ], [ -84.821793120226303, 34.207126346034578 ], [ -85.012561779369534, 34.292963162551217 ], [ -85.01866597465046, 34.473052631975946 ], [ -84.833197493632852, 34.567362107216304 ], [ -84.641951211751376, 34.481268349588149 ], [ -84.636651162898474, 34.301124030882335 ] ] ] } },
{ "type": "Feature", "properties": { "hex_id": 156, "area_km2": 1039.2304845413262 }, "geometry": { "type": "Polygon", "coordinates": [ [ [ -84.260600160926003, 34.308132439683142 ], [ -84.446209277529263, 34.214685663532457 ], [ -84.636651162898474, 34.301124030882335 ], [ -84.641951211751376, 34.481268349588149 ], [ -84.456004309762207, 34.575023131598826 ], [ -84.265095272601258, 34.488323787749422 ], [ -84.260600160926003, 34.308132439683142 ] ] ] } },
{ "type": "Feature", "properties": { "hex_id": 157, "area_km2": 1039.2304845413262 }, "geometry": { "type": "Polygon", "coordinates": [ [ [ -83.884429917162194, 34.313987125875592 ], [ -84.070496362787992, 34.221095838489767 ], [ -84.260600160926003, 34.308132439683142 ], [ -84.265095272601258, 34.488323787749422 ], [ -84.078679623006082, 34.581520328585427 ], [ -83.888118176752926, 34.494218050968307 ], [ -83.884429917162194, 34.313987125875592 ] ] ] } },
{ "type": "Feature", "properties": { "hex_id": 158, "area_km2": 1039.2304845413264 }, "geometry": { "type": "Polygon", "coordinates": [ [ [ -83.508161727853292, 34.31868721205408 ], [ -83.694675219670316, 34.226355617329155 ], [ -83.884429917162194, 34.313987125875592 ], [ -83.888118176752926, 34.494218050968307 ], [ -83.701244068261204, 34.586850875927304 ], [ -83.511042772939433, 34.498949425494814 ], [ -83.508161727853292, 34.31868721205408 ] ] ] } },
{ "type": "Feature", "properties": { "hex_id": 159, "area_km2": 1039.2304845413264 }, "geometry": { "type": "Polygon", "coordinates": [ [ [ -83.131817275164579, 34.322231196956857 ], [ -83.318767406611272, 34.230463900819096 ], [ -83.508161727853292, 34.31868721205408 ], [ -83.511042772939433, 34.498949425494814 ], [ -83.323720888687248, 34.591015057718543 ], [ -83.133890375476412, 34.502517626903114 ], [ -83.131817275164579, 34.322231196956857 ] ] ] } },
{ "type": "Feature", "properties": { "hex_id": 160, "area_km2": 667.81970460002003 }, "geometry": { "type": "Polygon", "coordinates": [ [ [ -82.942794066868942, 34.233420017027015 ], [ -83.131817275164579, 34.322231196956857 ], [ -83.133890375476412, 34.502517626903114 ], [ -83.08159927889929, 34.528047551078046 ], [ -83.077933940573899, 34.52476281011478 ], [ -83.077781942058309, 34.524060808993056 ], [ -83.081778943584993, 34.521733808233705 ], [ -83.086860948304107, 34.517795805234179 ], [ -83.087158433337805, 34.516109771473673 ], [ -83.087188952123014, 34.515936802435938 ], [ -83.079841959503511, 34.514451796186378 ], [ -83.07947251083948, 34.514097103165135 ], [ -83.078414962986429, 34.513081793441103 ], [ -83.077369970980058, 34.509221787364687 ], [ -83.074004979380675, 34.505463780714052 ], [ -83.0694509867253, 34.5021287746886 ], [ -83.06579598947404, 34.501038772197148 ], [ -83.057842987488698, 34.503708772800934 ], [ -83.054462989625989, 34.502887770797038 ], [ -83.053100992089668, 34.501321768758629 ], [ -83.053475996914528, 34.49725876774756 ], [ -83.052859999263646, 34.495323767745674 ], [ -83.051425386650564, 34.49391651617433 ], [ -83.051025001707842, 34.493523767404966 ], [ -83.048767002089832, 34.493596766788706 ], [ -83.045244005578439, 34.491180766060651 ], [ -83.043580008314549, 34.489083765811593 ], [ -83.033360017208196, 34.483087763706045 ], [ -83.029315016818998, 34.484144762537674 ], [ -83.028576711353196, 34.483810200240406 ], [ -83.015260026808903, 34.477775759606978 ], [ -82.99919503668913, 34.472444755656952 ], [ -82.998700404068785, 34.472449093036346 ], [ -82.995090041348703, 34.472480751911817 ], [ -82.995279037602046, 34.47564575160996 ], [ -82.992671036773331, 34.479069748652833 ], [ -82.992217021983876, 34.479205548793644 ], [ -82.979746047297525, 34.482935735722698 ], [ -82.977402051302661, 34.481751733751082 ], [ -82.97491705682225, 34.479347731949439 ], [ -82.966448063209512, 34.482348723211089 ], [ -82.964241063284234, 34.484568720508946 ], [ -82.963242064661429, 34.484360719608453 ], [ -82.958548075367261, 34.47955171652994 ], [ -82.955706079347877, 34.478898714060954 ], [ -82.948228086167461, 34.480489706523095 ], [ -82.947806084906958, 34.482071705591189 ], [ -82.94398708549798, 34.485512700753048 ], [ -82.937155092389958, 34.486379693846665 ], [ -82.930823100467819, 34.485646688025803 ], [ -82.9261561102131, 34.48164868522236 ], [ -82.920736115677897, 34.482336679781426 ], [ -82.917736117118181, 34.484165676096048 ], [ -82.907496457050414, 34.485808061732158 ], [ -82.901551132867837, 34.486761659249645 ], [ -82.892593149222492, 34.481187653680436 ], [ -82.887398155433218, 34.480956648901241 ], [ -82.880793172853217, 34.471883648129356 ], [ -82.880953562778444, 34.470870377635627 ], [ -82.881174175028633, 34.469476649922555 ], [ -82.873869188814311, 34.464464646511061 ], [ -82.87184619467449, 34.461186646823407 ], [ -82.865345203038061, 34.460316641767882 ], [ -82.8588372159698, 34.45521763966692 ], [ -82.86012421707116, 34.452837642380558 ], [ -82.856827230985758, 34.44341964620115 ], [ -82.855547035303815, 34.44174224283023 ], [ -82.855483234412674, 34.441658646368609 ], [ -82.854011249927197, 34.428815654307108 ], [ -82.849626258276857, 34.42567565334847 ], [ -82.848566918289663, 34.423222416588331 ], [ -82.846906268133736, 34.419376656014066 ], [ -82.848028267995019, 34.418326657569551 ], [ -82.847446275410121, 34.412046661776891 ], [ -82.846574245909963, 34.410144799785762 ], [ -82.841526643747457, 34.399136178587113 ], [ -82.841450296227961, 34.398969667662762 ], [ -82.841997302563598, 34.392500672893327 ], [ -82.841357305826762, 34.3901326743091 ], [ -82.836673318590826, 34.383139677001651 ], [ -82.835975321769155, 34.380906678353902 ], [ -82.835206332490188, 34.371715685127981 ], [ -82.834882904562065, 34.367336405751608 ], [ -82.83480633874666, 34.366299689172031 ], [ -82.83331734292895, 34.363949690298234 ], [ -82.826728353950372, 34.360522689921432 ], [ -82.824905356102917, 34.360410689159984 ], [ -82.81564137337638, 34.353905690422359 ], [ -82.813770375430494, 34.353932689571714 ], [ -82.812850378699153, 34.351828690998268 ], [ -82.798750404940776, 34.341901694084122 ], [ -82.794701410841412, 34.340577693734993 ], [ -82.793539414556662, 34.338292695448168 ], [ -82.791235424801073, 34.331045701506419 ], [ -82.792064428434799, 34.326756705888016 ], [ -82.791276924945819, 34.324828416876052 ], [ -82.790167435459935, 34.322111709717404 ], [ -82.787239450710118, 34.310775719817592 ], [ -82.786439919509917, 34.309553378585171 ], [ -82.942794066868942, 34.233420017027015 ] ] ] } },
{ "type": "Feature", "properties": { "hex_id": 161, "area_km2": 926.47269737293288 }, "geometry": { "type": "Polygon", "coordinates": [ [ [ -85.40921792517473, 34.82371251754887 ], [ -85.216831546045242, 34.738586818390374 ], [ -85.210238201290963, 34.558537239535191 ], [ -85.39521763588067, 34.463678115759308 ], [ -85.511426793944295, 34.515136600199654 ], [ -85.512107488627109, 34.518250619187917 ], [ -85.513708498026105, 34.524168625192715 ], [ -85.513929499533816, 34.525190626307356 ], [ -85.514697496755076, 34.529442430080039 ], [ -85.517073523723838, 34.542596646450477 ], [ -85.527260587836821, 34.588681702767225 ], [ -85.534089007464246, 34.623856678183117 ], [ -85.534326633587668, 34.625080752800621 ], [ -85.541263672045773, 34.656699799471255 ], [ -85.541266672124621, 34.656781799598171 ], [ -85.542500692740745, 34.662446668269766 ], [ -85.552088954928792, 34.706462355243936 ], [ -85.552453729501934, 34.708136882733498 ], [ -85.552481729684544, 34.708319883042194 ], [ -85.553724096891173, 34.714126756223756 ], [ -85.558066810253806, 34.734424772993208 ], [ -85.560546593550853, 34.746016079917382 ], [ -85.40921792517473, 34.82371251754887 ] ] ] } },
{ "type": "Feature", "properties": { "hex_id": 162, "area_km2": 1039.2304845413262 }, "geometry": { "type": "Polygon", "coordinates": [ [ [ -84.833197493632852, 34.567362107216304 ], [ -85.01866597465046, 34.473052631975946 ], [ -85.210238201290963, 34.558537239535191 ], [ -85.216831546045242, 34.738586818390374 ], [ -85.031038513601459, 34.833213117326231 ], [ -84.838975441814583, 34.747470671693598 ], [ -84.833197493632852, 34.567362107216304 ] ] ] } },
{ "type": "Feature", "properties": { "hex_id": 163, "area_km2": 1039.2304845413264 }, "geometry": { "type": "Polygon", "coordinates": [ [ [ -84.456004309762207, 34.575023131598826 ], [ -84.641951211751376, 34.481268349588149 ], [ -84.833197493632852, 34.567362107216304 ], [ -84.838975441814583, 34.747470671693598 ], [ -84.652692671721809, 34.841538872791944 ], [ -84.460966758351901, 34.755182730740579 ], [ -84.456004309762207, 34.575023131598826 ] ] ] } },
{ "type": "Feature", "properties": { "hex_id": 164, "area_km2": 1039.2304845413262 }, "geometry": { "type": "Polygon", "coordinates": [ [ [ -84.078679623006082, 34.581520328585427 ], [ -84.265095272601258, 34.488323787749422 ], [ -84.456004309762207, 34.575023131598826 ], [ -84.460966758351901, 34.755182730740579 ], [ -84.274204366074557, 34.848690124100138 ], [ -84.082825777971252, 34.761724056724489 ], [ -84.078679623006082, 34.581520328585427 ] ] ] } },
{ "type": "Feature", "properties": { "hex_id": 165, "area_km2": 1039.2304845413262 }, "geometry": { "type": "Polygon", "coordinates": [ [ [ -83.701244068261204, 34.586850875927304 ], [ -83.888118176752926, 34.494218050968307 ], [ -84.078679623006082, 34.581520328585427 ], [ -84.082825777971252, 34.761724056724489 ], [ -83.895593136987443, 34.854662943443614 ], [ -83.704571530713039, 34.767090348521073 ], [ -83.701244068261204, 34.586850875927304 ] ] ] } },
{ "type": "Feature", "properties": { "hex_id": 166, "area_km2": 1024.4065314923639 }, "geometry": { "type": "Polygon", "coordinates": [ [ [ -83.323720888687248, 34.591015057718543 ], [ -83.511042772939433, 34.498949425494814 ], [ -83.701244068261204, 34.586850875927304 ], [ -83.704571530713039, 34.767090348521073 ], [ -83.516879293533805, 34.859458174595183 ], [ -83.326229932461899, 34.771282847172891 ], [ -83.326020148587304, 34.756290524357269 ], [ -83.327191194762392, 34.754595751337249 ], [ -83.326306175431554, 34.750837762297159 ], [ -83.332417080076453, 34.748987747398189 ], [ -83.332715107767044, 34.746097735856104 ], [ -83.338689058988805, 34.742067708223061 ], [ -83.338962096948791, 34.738434694123839 ], [ -83.345440996116295, 34.738451680896233 ], [ -83.349071962016566, 34.736631666813643 ], [ -83.35042298983123, 34.732687649727396 ], [ -83.351038452064884, 34.731809738970107 ], [ -83.353412997834454, 34.728422628328808 ], [ -83.352795144072914, 34.717443589850312 ], [ -83.352320169807115, 34.716170212786139 ], [ -83.351003229027228, 34.712639575792387 ], [ -83.34978529971454, 34.708272562150192 ], [ -83.347999046018117, 34.705965552964479 ], [ -83.34664639173306, 34.704218552989843 ], [ -83.347897390638295, 34.702928546046408 ], [ -83.351849353160418, 34.701696534579924 ], [ -83.353907356936745, 34.699217522011416 ], [ -83.352940396645593, 34.697054515878214 ], [ -83.343144560914823, 34.693945521305999 ], [ -83.340131628336209, 34.691481517277204 ], [ -83.338628676780559, 34.688947510360329 ], [ -83.338231702160201, 34.687185504447271 ], [ -83.342614697598933, 34.682989481715857 ], [ -83.341370731930411, 34.68135647767371 ], [ -83.338897777028293, 34.680037476722632 ], [ -83.330281865552209, 34.681340495380248 ], [ -83.325333944796384, 34.679515496314451 ], [ -83.324946934738435, 34.679318250407668 ], [ -83.323720888687248, 34.591015057718543 ] ] ] } },
{ "type": "Feature", "properties": { "hex_id": 167, "area_km2": 161.35539309412033 }, "geometry": { "type": "MultiPolygon", "coordinates": [ [ [ [ -83.326229932461899, 34.771282847172891 ], [ -83.320574654276484, 34.774049237459131 ], [ -83.318974466884427, 34.771307731353588 ], [ -83.322980361860516, 34.766092733696844 ], [ -83.319318407273698, 34.764868745242367 ], [ -83.323210310344095, 34.760577746097852 ], [ -83.318936357946939, 34.758329761075693 ], [ -83.319737334128163, 34.757006762294495 ], [ -83.325894232108809, 34.756472749722285 ], [ -83.326020148587304, 34.756290524357269 ], [ -83.326229932461899, 34.771282847172891 ] ] ], [ [ [ -83.133890375476412, 34.502517626903114 ], [ -83.323720888687248, 34.591015057718543 ], [ -83.324946934738435, 34.679318250407668 ], [ -83.321461011812403, 34.677541494839723 ], [ -83.318522075245539, 34.674771488697971 ], [ -83.316861144937022, 34.669870472166913 ], [ -83.314392182308822, 34.668942472263957 ], [ -83.308915231039805, 34.67027148576868 ], [ -83.304639286377267, 34.669559489402808 ], [ -83.30147534997559, 34.666580482204587 ], [ -83.301212383861028, 34.663258469235792 ], [ -83.293181550726146, 34.654294444344387 ], [ -83.284680672985544, 34.650194439133642 ], [ -83.282080703382604, 34.649694440576077 ], [ -83.279427744732999, 34.647869436513915 ], [ -83.279405998071169, 34.647809936107322 ], [ -83.278518773525278, 34.645382427285263 ], [ -83.270880876864751, 34.641594421224113 ], [ -83.262280968416931, 34.640294426687156 ], [ -83.254480063323683, 34.637094422620912 ], [ -83.251780109250191, 34.633794411452399 ], [ -83.247680151385083, 34.630894394919011 ], [ -83.246480179879555, 34.626895374421359 ], [ -83.240668213499234, 34.624505349873623 ], [ -83.243480242269428, 34.618195329497972 ], [ -83.238296304909838, 34.615782284349947 ], [ -83.238208273188704, 34.615741306909335 ], [ -83.231338320293418, 34.611185272574744 ], [ -83.22724333266089, 34.61113426336491 ], [ -83.227048386014701, 34.611055365917565 ], [ -83.223334352926997, 34.609552248503299 ], [ -83.21640236529889, 34.611009239056401 ], [ -83.208830389185493, 34.610703221293839 ], [ -83.199078431174613, 34.607996190339421 ], [ -83.19697844695375, 34.605996178823105 ], [ -83.197378459500868, 34.603196169826916 ], [ -83.195178464592033, 34.60339616598872 ], [ -83.188766412272699, 34.60575434811151 ], [ -83.186477473820929, 34.606596158670989 ], [ -83.180777485964455, 34.607496149494388 ], [ -83.169677518122057, 34.607396125492038 ], [ -83.164277545754203, 34.604396105147266 ], [ -83.15995356148764, 34.603462093469624 ], [ -83.159076568896495, 34.602196088048181 ], [ -83.160688575339748, 34.599472083498135 ], [ -83.164276559996765, 34.600896094849496 ], [ -83.170077549828875, 34.599596102617987 ], [ -83.170277579654083, 34.592396081090548 ], [ -83.168277590462253, 34.59099607312772 ], [ -83.158876619028717, 34.589596051751947 ], [ -83.154576634787745, 34.588196040019341 ], [ -83.154544639680495, 34.586938036472915 ], [ -83.157776644352978, 34.583797033337525 ], [ -83.159176652207648, 34.580997027763111 ], [ -83.158676661171754, 34.578997021235267 ], [ -83.153676673098389, 34.578697012197466 ], [ -83.143175714477209, 34.573396981352538 ], [ -83.139875739862205, 34.567996962647861 ], [ -83.140070588709975, 34.566285447985841 ], [ -83.140514758206777, 34.562383949371316 ], [ -83.138022863437428, 34.561376222137845 ], [ -83.133375780229187, 34.559496932750832 ], [ -83.129675779356845, 34.561696933078061 ], [ -83.127175782736927, 34.561996930410999 ], [ -83.122900795867892, 34.560126920485835 ], [ -83.122051803665883, 34.558025914723061 ], [ -83.124255809393389, 34.554994910724872 ], [ -83.121893821131636, 34.552335901954578 ], [ -83.117211827569264, 34.552536896853312 ], [ -83.110247853055611, 34.547053877600788 ], [ -83.110506858042243, 34.545106873966517 ], [ -83.108617870150425, 34.5415428649194 ], [ -83.104968876224703, 34.540939860136419 ], [ -83.103450884033791, 34.538620854261389 ], [ -83.103256330610222, 34.536656099942959 ], [ -83.102851900183296, 34.532571842329396 ], [ -83.096857908781189, 34.531521835436159 ], [ -83.092858248048927, 34.53284449847812 ], [ -83.092563909751206, 34.532941834327062 ], [ -83.084854921802787, 34.530964824710217 ], [ -83.08159927889929, 34.528047551078046 ], [ -83.133890375476412, 34.502517626903114 ] ] ] ] } },
{ "type": "Feature", "properties": { "hex_id": 168, "area_km2": 356.0249042185381 }, "geometry": { "type": "Polygon", "coordinates": [ [ [ -85.40921792517473, 34.82371251754887 ], [ -85.560546593550853, 34.746016079917382 ], [ -85.561415771792667, 34.750077957210763 ], [ -85.574353340312015, 34.815745725157988 ], [ -85.575927030686572, 34.823733370625746 ], [ -85.583145042740085, 34.860370128500456 ], [ -85.584726540398719, 34.868765731554731 ], [ -85.595163202263251, 34.92417021013231 ], [ -85.595191202664196, 34.924330210322957 ], [ -85.596523300734063, 34.931967966550104 ], [ -85.596855754253667, 34.933874131663586 ], [ -85.598781254345823, 34.944914234250014 ], [ -85.599385271007748, 34.951765242541988 ], [ -85.605165354238991, 34.98467727775455 ], [ -85.552592871173118, 34.984029548526202 ], [ -85.518551468473788, 34.983610134683431 ], [ -85.514201527709929, 34.983556540360048 ], [ -85.474105523152943, 34.983062542224609 ], [ -85.466713197567074, 34.982971467208927 ], [ -85.458017178230108, 34.982973078207401 ], [ -85.432297892521063, 34.98297784288701 ], [ -85.431695156442146, 34.982977954548112 ], [ -85.415491465511863, 34.982981293221897 ], [ -85.40921792517473, 34.82371251754887 ] ] ] } },
{ "type": "Feature", "properties": { "hex_id": 169, "area_km2": 776.15158851664376 }, "geometry": { "type": "Polygon", "coordinates": [ [ [ -85.031038513601459, 34.833213117326231 ], [ -85.216831546045242, 34.738586818390374 ], [ -85.40921792517473, 34.82371251754887 ], [ -85.415491465511863, 34.982981293221897 ], [ -85.410454453277794, 34.982981889540589 ], [ -85.409182127500202, 34.982982125248121 ], [ -85.409162288040278, 34.982982128923474 ], [ -85.407620986825492, 34.982982414460615 ], [ -85.394921819841343, 34.982984767073418 ], [ -85.384967092389232, 34.982986611259243 ], [ -85.379513054145903, 34.983087161130086 ], [ -85.365239167797114, 34.983350312518802 ], [ -85.364757782321462, 34.983359187276115 ], [ -85.363919066289753, 34.983374649731239 ], [ -85.345365742354915, 34.983708004531962 ], [ -85.34439213461701, 34.983725497725359 ], [ -85.342473913095134, 34.98375996316733 ], [ -85.333266124599319, 34.983925403151872 ], [ -85.32742900137805, 34.984030281074944 ], [ -85.3274249857364, 34.984030353225542 ], [ -85.322818268006003, 34.984113123971497 ], [ -85.30825699740609, 34.984374752217803 ], [ -85.305461987719809, 34.984474579261381 ], [ -85.305456994083272, 34.984474757615025 ], [ -85.301487988990502, 34.984474764671475 ], [ -85.301001146104639, 34.984487027215593 ], [ -85.294645870394746, 34.984647103200651 ], [ -85.294499980505464, 34.984650777859351 ], [ -85.286906579086789, 34.98479599143996 ], [ -85.285778806634738, 34.984817558572111 ], [ -85.281147975098946, 34.984906117005586 ], [ -85.28020081979011, 34.984924230079905 ], [ -85.277555959672767, 34.984974809482445 ], [ -85.275855957493675, 34.984974812514089 ], [ -85.27302019700744, 34.985001072268886 ], [ -85.265054943930082, 34.985074832241914 ], [ -85.254954931270362, 34.985174850741558 ], [ -85.254814084093596, 34.985177029049844 ], [ -85.242287605492095, 34.985370733038415 ], [ -85.242182599227945, 34.985372356665287 ], [ -85.235554870301868, 34.985474835869816 ], [ -85.230410270019831, 34.985474826906874 ], [ -85.23035385032756, 34.985474826808584 ], [ -85.227924840999037, 34.985474822576755 ], [ -85.221853817683481, 34.985474811999786 ], [ -85.220553812953554, 34.985574810189867 ], [ -85.217853802842797, 34.985674805935822 ], [ -85.216553797848192, 34.98567480366853 ], [ -85.216539799320785, 34.985674949799972 ], [ -85.201361297403523, 34.98583339907897 ], [ -85.195694916659875, 34.985892550751053 ], [ -85.192313596233816, 34.985927848545018 ], [ -85.185904680849532, 34.985994751566686 ], [ -85.180552660459412, 34.986074742550493 ], [ -85.180482668653653, 34.986075160197203 ], [ -85.175249066187689, 34.986106389522483 ], [ -85.154374299017149, 34.986230950900513 ], [ -85.1438850535217, 34.986293541035216 ], [ -85.140601145986011, 34.986313136361531 ], [ -85.138823754830355, 34.98632374218942 ], [ -85.126873848227788, 34.986395048179475 ], [ -85.126696571763532, 34.986396106001294 ], [ -85.096091582048587, 34.986578728199632 ], [ -85.096087657868537, 34.986578751615532 ], [ -85.083607606037958, 34.986653220961834 ], [ -85.064836442606691, 34.986765229780431 ], [ -85.046504283993215, 34.986874618989106 ], [ -85.04518214098151, 34.986882508302877 ], [ -85.045051140446347, 34.986858508003039 ], [ -85.036388173995391, 34.986965203895195 ], [ -85.031038513601459, 34.833213117326231 ] ] ] } },
{ "type": "Feature", "properties": { "hex_id": 170, "area_km2": 751.44281348168408 }, "geometry": { "type": "Polygon", "coordinates": [ [ [ -84.652692671721809, 34.841538872791944 ], [ -84.838975441814583, 34.747470671693598 ], [ -85.031038513601459, 34.833213117326231 ], [ -85.036388173995391, 34.986965203895195 ], [ -84.980432865704472, 34.987639471487398 ], [ -84.979858936594582, 34.987646408141309 ], [ -84.976972306612836, 34.987668200227795 ], [ -84.955621899551375, 34.987829381246513 ], [ -84.944418882386373, 34.987863368689695 ], [ -84.943896864390439, 34.987868676072218 ], [ -84.939304874643568, 34.987915363057837 ], [ -84.930859043250095, 34.98790181713396 ], [ -84.930779033010964, 34.987901688808812 ], [ -84.930698861049194, 34.987901560224252 ], [ -84.891524732411938, 34.987838730428948 ], [ -84.886525856668868, 34.987830712933651 ], [ -84.861312754242562, 34.98779027465055 ], [ -84.858188842926666, 34.987747438639971 ], [ -84.858030748994295, 34.987745270808468 ], [ -84.83179770984313, 34.988003241987791 ], [ -84.824008696365695, 34.98770623226266 ], [ -84.82047669199271, 34.98791222892531 ], [ -84.817277686229943, 34.98775222480613 ], [ -84.810740675406393, 34.987614216981861 ], [ -84.810475610767838, 34.98760639062872 ], [ -84.809182672748577, 34.987568215074006 ], [ -84.808125671241839, 34.987591213953451 ], [ -84.776096579783925, 34.987797214445209 ], [ -84.775851079860914, 34.987798793419472 ], [ -84.738483871500961, 34.988039128424198 ], [ -84.731020564418316, 34.988087130909044 ], [ -84.727432560112405, 34.988019127051665 ], [ -84.682278584956904, 34.988000579653544 ], [ -84.657115569197231, 34.987993583127817 ], [ -84.652692671721809, 34.841538872791944 ] ] ] } },
{ "type": "Feature", "properties": { "hex_id": 171, "area_km2": 722.87436249893733 }, "geometry": { "type": "Polygon", "coordinates": [ [ [ -84.274204366074557, 34.848690124100138 ], [ -84.460966758351901, 34.755182730740579 ], [ -84.652692671721809, 34.841538872791944 ], [ -84.657115569197231, 34.987993583127817 ], [ -84.624931449592324, 34.987977023775528 ], [ -84.621481447437048, 34.988328022081618 ], [ -84.568238735726354, 34.988175773767892 ], [ -84.509884325922656, 34.988008908241085 ], [ -84.509050325077581, 34.988031907551672 ], [ -84.455372780130332, 34.988030571507629 ], [ -84.394901227362453, 34.988029095761313 ], [ -84.393933226562879, 34.988067097762553 ], [ -84.387914896937332, 34.988095503031658 ], [ -84.382887779270163, 34.988119229981166 ], [ -84.371888763063296, 34.988171143035437 ], [ -84.355707210262722, 34.988247516542891 ], [ -84.340487106869048, 34.988319352174628 ], [ -84.321867165871083, 34.988407234262603 ], [ -84.277775032956541, 34.988203031209878 ], [ -84.274204366074557, 34.848690124100138 ] ] ] } },
{ "type": "Feature", "properties": { "hex_id": 172, "area_km2": 695.41879003370229 }, "geometry": { "type": "Polygon", "coordinates": [ [ [ -83.895593136987443, 34.854662943443614 ], [ -84.082825777971252, 34.761724056724489 ], [ -84.274204366074557, 34.848690124100138 ], [ -84.277775032956541, 34.988203031209878 ], [ -84.261403707136992, 34.988123129594186 ], [ -84.215968001913339, 34.987909459071339 ], [ -84.181193201930341, 34.987745877929406 ], [ -84.129553263513003, 34.987502963057999 ], [ -84.12945033928932, 34.987502773606757 ], [ -84.096732925515141, 34.987442551112068 ], [ -84.091153268550315, 34.987432280716156 ], [ -84.073636225529128, 34.987400037346234 ], [ -84.029952393056632, 34.987319629169285 ], [ -84.021355404021207, 34.987428600505574 ], [ -84.005257773332175, 34.987438998259066 ], [ -83.963268569188756, 34.987466100386072 ], [ -83.936644521367427, 34.987483283220705 ], [ -83.936425780443273, 34.987482876178724 ], [ -83.922420006176338, 34.987456813672623 ], [ -83.898380407254166, 34.987412672394136 ], [ -83.895593136987443, 34.854662943443614 ] ] ] } },
{ "type": "Feature", "properties": { "hex_id": 173, "area_km2": 678.7049477742429 }, "geometry": { "type": "Polygon", "coordinates": [ [ [ -83.516879293533805, 34.859458174595183 ], [ -83.704571530713039, 34.767090348521073 ], [ -83.895593136987443, 34.854662943443614 ], [ -83.898380407254166, 34.987412672394136 ], [ -83.892399176993237, 34.987400949741215 ], [ -83.892040147754628, 34.987400281645797 ], [ -83.858317725280884, 34.987337529695793 ], [ -83.831095670363609, 34.987286873912659 ], [ -83.80013836287857, 34.987440007872387 ], [ -83.790892218048512, 34.987485744991616 ], [ -83.790861924326762, 34.987485894842941 ], [ -83.749891786576725, 34.987688558623589 ], [ -83.718537548701676, 34.987423305703601 ], [ -83.619983669681218, 34.986589553115458 ], [ -83.619986421145626, 34.986665179886529 ], [ -83.620183734444851, 34.992088536317716 ], [ -83.557575968789337, 34.992443108995232 ], [ -83.549379701305639, 34.992489527694033 ], [ -83.519070552708996, 34.992946371079029 ], [ -83.516879293533805, 34.859458174595183 ] ] ] } },
{ "type": "Feature", "properties": { "hex_id": 174, "area_km2": 600.08069866185986 }, "geometry": { "type": "Polygon", "coordinates": [ [ [ -83.326229932461899, 34.771282847172891 ], [ -83.516879293533805, 34.859458174595183 ], [ -83.519070552708996, 34.992946371079029 ], [ -83.482951431561546, 34.993480888181907 ], [ -83.482950725366294, 34.993480898720598 ], [ -83.382317214744049, 34.99498311795319 ], [ -83.381832144199578, 34.994990360041413 ], [ -83.38179105821547, 34.994990973453902 ], [ -83.381401210781618, 34.99499679386409 ], [ -83.367756080803986, 34.995200515276181 ], [ -83.355561664049844, 34.995382577647455 ], [ -83.355000843690249, 34.995390950684467 ], [ -83.353887444029411, 34.995407573720058 ], [ -83.351318008385661, 34.995445935347099 ], [ -83.337110003256825, 34.995658060653938 ], [ -83.322909768009225, 34.995870070042798 ], [ -83.322767359182293, 34.995872196205823 ], [ -83.296857509138306, 34.996573545622525 ], [ -83.288920452659639, 34.996788392581415 ], [ -83.190409682372319, 34.999454611418464 ], [ -83.1738559477769, 34.999837707577335 ], [ -83.13971567854604, 35.000631541396167 ], [ -83.138833271662804, 34.925981991218492 ], [ -83.140620656133066, 34.924913550184776 ], [ -83.143260642830455, 34.924754553994319 ], [ -83.15623460042535, 34.930982576014415 ], [ -83.159186579135294, 34.928831579241809 ], [ -83.157704568673296, 34.923507574946029 ], [ -83.158018555927868, 34.920115574036465 ], [ -83.156446553537535, 34.917056570237065 ], [ -83.157207542786168, 34.914932570575644 ], [ -83.160682526312144, 34.915134576421238 ], [ -83.165557516737238, 34.919424585675401 ], [ -83.169086497252763, 34.918775591118802 ], [ -83.17185046612731, 34.913647594693913 ], [ -83.175086437774112, 34.91007459977336 ], [ -83.180785407767758, 34.909605609733077 ], [ -83.180870390165083, 34.904706609879348 ], [ -83.189277321251851, 34.897253626489046 ], [ -83.191649307850057, 34.896883631247519 ], [ -83.194373303701028, 34.899565636005136 ], [ -83.197570270876895, 34.895014643542879 ], [ -83.197286263706943, 34.89265264365973 ], [ -83.196774259330198, 34.890731643149088 ], [ -83.198600248661037, 34.890383647079631 ], [ -83.199357252781539, 34.892569647949585 ], [ -83.203068238498119, 34.893853655086083 ], [ -83.204787218183668, 34.890753659906544 ], [ -83.201018215607036, 34.884787654159652 ], [ -83.206252169349682, 34.879675667974638 ], [ -83.209975151211879, 34.880041676308657 ], [ -83.211989149437741, 34.882364679619847 ], [ -83.214721140793145, 34.88384068485437 ], [ -83.212745166280413, 34.887857678198124 ], [ -83.214484159610933, 34.888468681560376 ], [ -83.217505133310794, 34.885672689826862 ], [ -83.217421121150636, 34.882379691786099 ], [ -83.218292113988113, 34.881696694193231 ], [ -83.219886103403311, 34.881109698192894 ], [ -83.2193970969616, 34.878767698692123 ], [ -83.219939091592778, 34.87811170039803 ], [ -83.228102435919695, 34.879583240837519 ], [ -83.228743051553792, 34.879698719446907 ], [ -83.232016027458954, 34.877942728538102 ], [ -83.235793007409598, 34.877893737349879 ], [ -83.239927989616646, 34.878874745916335 ], [ -83.243124966828603, 34.877390754926523 ], [ -83.24046196204317, 34.872721753675982 ], [ -83.234701984711251, 34.870741741673022 ], [ -83.237875960357641, 34.868875751339154 ], [ -83.238607942718915, 34.865450756677291 ], [ -83.243249920165866, 34.866031767836034 ], [ -83.246717905530048, 34.867000775482616 ], [ -83.248052882488096, 34.863115783488688 ], [ -83.246341879096889, 34.860023782671703 ], [ -83.248281862172945, 34.858454789676145 ], [ -83.246359864761928, 34.856531786791841 ], [ -83.246931855419092, 34.85500579013258 ], [ -83.253317810622292, 34.855921784900708 ], [ -83.252574799626586, 34.851678793083565 ], [ -83.253760772195747, 34.848055793371174 ], [ -83.24859080976772, 34.846071805434605 ], [ -83.2501617942319, 34.844595810733864 ], [ -83.254151443256191, 34.844275293309074 ], [ -83.255688735320007, 34.844151791501623 ], [ -83.260552690194842, 34.845222772603414 ], [ -83.260888701106111, 34.848218767209239 ], [ -83.266304650781976, 34.849042746271003 ], [ -83.268765602301258, 34.844537744116082 ], [ -83.272424510416812, 34.834716746450951 ], [ -83.267338553764532, 34.832370767429367 ], [ -83.26780351602315, 34.826134775220119 ], [ -83.269636480188865, 34.823358773413446 ], [ -83.268316483791182, 34.821123781094862 ], [ -83.271795425947701, 34.818041774685909 ], [ -83.276688360743989, 34.816892761006628 ], [ -83.282270314091861, 34.820242737577701 ], [ -83.284810301664507, 34.823041724481584 ], [ -83.288648267591469, 34.824671709014446 ], [ -83.291075229658233, 34.823191703799715 ], [ -83.289953211394732, 34.818457716170329 ], [ -83.294714135673146, 34.815729706217887 ], [ -83.294645121792598, 34.813600710506257 ], [ -83.296049101182476, 34.813112707079767 ], [ -83.300009068027947, 34.815245690529586 ], [ -83.298986097004303, 34.8175496891809 ], [ -83.300566086132221, 34.818659681944773 ], [ -83.303129056184332, 34.818743673597709 ], [ -83.306660984208534, 34.81484867048929 ], [ -83.304242984878385, 34.811022685938568 ], [ -83.299795033109476, 34.810060701523909 ], [ -83.299759017782222, 34.80787970597499 ], [ -83.301179971509001, 34.804006709468574 ], [ -83.303220931873184, 34.802206707092132 ], [ -83.313779776372044, 34.799909681124568 ], [ -83.313832750692796, 34.796831687757944 ], [ -83.320515629476191, 34.793043677405151 ], [ -83.320332611791144, 34.790678683366977 ], [ -83.323863554999974, 34.789710675893829 ], [ -83.32389042383447, 34.789499397938897 ], [ -83.324147531524076, 34.787477680388761 ], [ -83.321210499907494, 34.779039707916418 ], [ -83.322659466713262, 34.777620707490421 ], [ -83.320574654276484, 34.774049237459131 ], [ -83.326229932461899, 34.771282847172891 ] ] ] } },
{ "type": "Feature", "properties": { "hex_id": 175, "area_km2": 17.373744800371622 }, "geometry": { "type": "Polygon", "coordinates": [ [ [ -83.13971567854604, 35.000631541396167 ], [ -83.113150002802129, 35.001242598919205 ], [ -83.109557018062205, 35.00119559840288 ], [ -83.108613024403709, 35.000657598779163 ], [ -83.102867043667175, 34.997255594769932 ], [ -83.102524039597981, 34.995302591975715 ], [ -83.103592030924744, 34.993837590202418 ], [ -83.098831045884509, 34.991953586231645 ], [ -83.098381045483322, 34.991121584878258 ], [ -83.098968040121761, 34.990099583564501 ], [ -83.101341029524576, 34.989942584105854 ], [ -83.102859019531778, 34.98870658288002 ], [ -83.10167701861036, 34.986578579466105 ], [ -83.103378009899643, 34.986091579447688 ], [ -83.10712398552856, 34.983225577153469 ], [ -83.105765986503926, 34.981501574241825 ], [ -83.108428969662796, 34.979677573151648 ], [ -83.110024965450108, 34.980633575169186 ], [ -83.111274961064979, 34.981001576239002 ], [ -83.112096952824032, 34.979399574672811 ], [ -83.110854949315552, 34.976313570184395 ], [ -83.111795942906681, 34.975532569756787 ], [ -83.115630926821851, 34.975809572308947 ], [ -83.116622920991304, 34.975313572312764 ], [ -83.115401921446662, 34.973635569639576 ], [ -83.120386883810653, 34.968404567066166 ], [ -83.122109863901443, 34.964327564015804 ], [ -83.121619861434183, 34.962764561981999 ], [ -83.115928879915401, 34.960306554532352 ], [ -83.115920876519667, 34.959139553174289 ], [ -83.120108857550747, 34.959167556863136 ], [ -83.120027852885642, 34.957476554958191 ], [ -83.114692863103727, 34.952654544450802 ], [ -83.114020861098695, 34.950910541707742 ], [ -83.114921855516045, 34.950426542057905 ], [ -83.118049848533005, 34.952955548108378 ], [ -83.120345838646514, 34.953184550614189 ], [ -83.124527825008087, 34.955042556577602 ], [ -83.126586815012487, 34.954859558349469 ], [ -83.127034809667876, 34.953776557735466 ], [ -83.124854812602109, 34.951429553278835 ], [ -83.127555794203786, 34.949480554156743 ], [ -83.123876800909969, 34.946045546819342 ], [ -83.121573801115289, 34.942522540545838 ], [ -83.116927823543108, 34.942732535351041 ], [ -83.111724828000689, 34.935861520815337 ], [ -83.112800819565834, 34.934721520818229 ], [ -83.118064798133219, 34.935949529081903 ], [ -83.119086785045766, 34.933176527342603 ], [ -83.120818776386884, 34.933046529517682 ], [ -83.126616764515148, 34.938261542322728 ], [ -83.127589760605446, 34.938489543751253 ], [ -83.131644733401657, 34.935881546496496 ], [ -83.131789731031404, 34.935335546205437 ], [ -83.129884730947978, 34.932349541018809 ], [ -83.130553723394385, 34.93093054064952 ], [ -83.138833271662804, 34.925981991218492 ], [ -83.13971567854604, 35.000631541396167 ] ] ] } }
]
}
