{
"type": "FeatureCollection",
"name": "ia_hexgrid_40km",
"crs": { "type": "name", "properties": { "name": "urn:ogc:def:crs:OGC:1.3:CRS84" } },
"features": [
{ "type": "Feature", "properties": { "hex_id": 0, "area_km2": 232.57543523432415 }, "geometry": { "type": "Polygon", "coordinates": [ [ [ -91.422379860953697, 40.55492625737056 ], [ -91.406835617979141, 40.547684982446377 ], [ -91.406850225534654, 40.547554370663399 ], [ -91.406201266852761, 40.542695354074482 ], [ -91.40412430023602, 40.53912434554006 ], [ -91.400724325862555, 40.536786344481584 ], [ -91.394474355893948, 40.53454034991563 ], [ -91.388066379715283, 40.533066358344321 ], [ -91.384530403262275, 40.530945357462713 ], [ -91.381856429734242, 40.528244352047714 ], [ -91.377623255008288, 40.523046252636341 ], [ -91.369058576322999, 40.512529310393113 ], [ -91.368516355584433, 40.511588313026543 ], [ -91.367875594379981, 40.510476303538354 ], [ -91.36690717463982, 40.507718674975138 ], [ -91.364210681848746, 40.500040263513917 ], [ -91.363682689568208, 40.494208260225754 ], [ -91.36374303529449, 40.493121259385624 ], [ -91.363909693866546, 40.490119257071619 ], [ -91.364914699055063, 40.484165251495334 ], [ -91.367548103357692, 40.476224196555968 ], [ -91.36807370478499, 40.474639240602386 ], [ -91.371951545900572, 40.467612138876795 ], [ -91.373689374889224, 40.464462989510963 ], [ -91.373954044764474, 40.463983376746711 ], [ -91.378143708491351, 40.456391216234223 ], [ -91.379906710188351, 40.452107211725398 ], [ -91.381467714097738, 40.446037206655618 ], [ -91.38176871733242, 40.442552204492429 ], [ -91.381270498602944, 40.438115279312541 ], [ -91.380964726426924, 40.435392201616096 ], [ -91.379540525377777, 40.431528931029561 ], [ -91.37773049633067, 40.426619067777921 ], [ -91.3776247420994, 40.426332200098535 ], [ -91.373720758315585, 40.417888198902787 ], [ -91.372449767703486, 40.411472196164567 ], [ -91.372492424752636, 40.407258212348637 ], [ -91.37252137354848, 40.404398432722672 ], [ -91.372553778885973, 40.40119718986643 ], [ -91.372920780517845, 40.399105188333721 ], [ -91.37574578317853, 40.39187618210866 ], [ -91.376707312800534, 40.391082451188105 ], [ -91.37675695313429, 40.391041473701137 ], [ -91.378421780529123, 40.389667179110496 ], [ -91.38195777601949, 40.387629175770641 ], [ -91.388359766690186, 40.384926170511413 ], [ -91.390095071380316, 40.384564077555993 ], [ -91.392227819737855, 40.384119053039335 ], [ -91.396995752030776, 40.383124164620249 ], [ -91.413010722151327, 40.382274155034104 ], [ -91.415694717856894, 40.381378153291287 ], [ -91.419421713637391, 40.378261150608253 ], [ -91.422323705522402, 40.380936149444381 ], [ -91.425661697663628, 40.382488147744702 ], [ -91.435197460930624, 40.384791761417624 ], [ -91.436237221196322, 40.385042942749045 ], [ -91.436946784941739, 40.385214356457631 ], [ -91.441242664482061, 40.386252138633047 ], [ -91.445167660252167, 40.382458136428781 ], [ -91.445370662494767, 40.379385136484458 ], [ -91.451626653234555, 40.376016133412293 ], [ -91.46389462970167, 40.375656127095709 ], [ -91.465890623696865, 40.378362125404742 ], [ -91.463007624753033, 40.384038125740666 ], [ -91.463385622954348, 40.385391125218447 ], [ -91.465115619759331, 40.385254124201396 ], [ -91.471966608491385, 40.382881120761141 ], [ -91.48025059341451, 40.38178011633579 ], [ -91.482321589234772, 40.382054115040155 ], [ -91.484506583707045, 40.383897113022385 ], [ -91.490976564613021, 40.393481104678017 ], [ -91.490815563696458, 40.395222103971193 ], [ -91.488596564470853, 40.400006103368391 ], [ -91.487954563919956, 40.402462102755159 ], [ -91.48782856315745, 40.403863102232201 ], [ -91.488480561634447, 40.404314101525507 ], [ -91.489815559172342, 40.404314100486495 ], [ -91.492688200200078, 40.402900289159966 ], [ -91.493643553413762, 40.402430098438913 ], [ -91.498092545522212, 40.401923095323582 ], [ -91.505271520765007, 40.403509086596856 ], [ -91.506744514567416, 40.404332084255806 ], [ -91.507426511141119, 40.405521082607557 ], [ -91.509062504012007, 40.406772079674823 ], [ -91.513992483879846, 40.408534072003746 ], [ -91.518391466898606, 40.408679066147663 ], [ -91.522332451078569, 40.409645060097397 ], [ -91.52461144151529, 40.410762055992102 ], [ -91.526424432616665, 40.413401050895537 ], [ -91.527056427773431, 40.416686046665575 ], [ -91.526554427377022, 40.419869044168635 ], [ -91.52138744257671, 40.42648504580886 ], [ -91.519011448358157, 40.431295045402315 ], [ -91.519133446793873, 40.432819043848681 ], [ -91.51993444306386, 40.433670041704659 ], [ -91.524999423463129, 40.433480033089488 ], [ -91.529131406778831, 40.434269025088348 ], [ -91.532806390572958, 40.436781015848972 ], [ -91.533622386235166, 40.438317012644156 ], [ -91.533547384666392, 40.440801009965497 ], [ -91.531911389634189, 40.442727010882614 ], [ -91.526107409523433, 40.446631017958524 ], [ -91.524052416285912, 40.448434020244406 ], [ -91.523270418184126, 40.450058020252001 ], [ -91.523127938146558, 40.451628157022718 ], [ -91.523071417378986, 40.452251018566983 ], [ -91.52386341129602, 40.456328012999151 ], [ -91.525089405347259, 40.457842008893394 ], [ -91.526154400564067, 40.458622005812607 ], [ -91.528599390610651, 40.458999000111874 ], [ -91.534344149828499, 40.458676281438571 ], [ -91.54378433116743, 40.458145968178449 ], [ -91.552690295441693, 40.458765948017181 ], [ -91.560570032861193, 40.460333686781368 ], [ -91.563843249478467, 40.460984920107698 ], [ -91.567742232944283, 40.462286909240461 ], [ -91.574745202307227, 40.465660887367861 ], [ -91.575959394465997, 40.466819230315849 ], [ -91.580354175403357, 40.471011864110039 ], [ -91.581527169117038, 40.472872857657293 ], [ -91.582436163904603, 40.47469985184285 ], [ -91.583314156558686, 40.479114840884073 ], [ -91.58655431431086, 40.486482246826398 ], [ -91.422379860953697, 40.55492625737056 ] ] ] } },
{ "type": "Feature", "properties": { "hex_id": 1, "area_km2": 582.46187894522427 }, "geometry": { "type": "Polygon", "coordinates": [ [ [ -95.72383417736998, 40.82219099676157 ], [ -95.515844127292738, 40.736117940356429 ], [ -95.511023061886775, 40.581946086353419 ], [ -95.525392019009175, 40.582086359455303 ], [ -95.526682026479477, 40.582132368221416 ], [ -95.533182065312445, 40.582245414270488 ], [ -95.545306081394912, 40.582457058388542 ], [ -95.554959195837711, 40.582625569182184 ], [ -95.574046310785505, 40.582959705776247 ], [ -95.610881567722132, 40.583489271766645 ], [ -95.611069535950733, 40.583491974117884 ], [ -95.638068076259884, 40.584140565325193 ], [ -95.641840722825506, 40.584231196517678 ], [ -95.652199177209667, 40.584264437220192 ], [ -95.687443006158546, 40.58437753641725 ], [ -95.687501006516698, 40.584378536845591 ], [ -95.746444373268815, 40.584932976698703 ], [ -95.765646382230855, 40.585206003597797 ], [ -95.758896385393356, 40.58897099717683 ], [ -95.75314938791108, 40.592837990415617 ], [ -95.750054388080159, 40.597049983114694 ], [ -95.748859378517835, 40.599962968598454 ], [ -95.748627374672395, 40.603352960674968 ], [ -95.749686379917662, 40.606839963907504 ], [ -95.751272379571759, 40.609054963180206 ], [ -95.752918953528052, 40.610197890635199 ], [ -95.758046369836464, 40.613756956542211 ], [ -95.764413361094512, 40.617087952334948 ], [ -95.766824357413483, 40.618777950112303 ], [ -95.76892735343317, 40.621261946606076 ], [ -95.770084349907833, 40.624422941866108 ], [ -95.770317785262947, 40.631484676522696 ], [ -95.770443341578002, 40.635282924824033 ], [ -95.771326337545887, 40.639390918615121 ], [ -95.772833333478729, 40.642493914217319 ], [ -95.774177690002006, 40.644446948764603 ], [ -95.776252325632029, 40.647460907619084 ], [ -95.781910314128481, 40.653269900730592 ], [ -95.786569305024528, 40.657250896501267 ], [ -95.789486299513612, 40.659385894475967 ], [ -95.795490289168569, 40.662381892532913 ], [ -95.804308275357897, 40.664883892676997 ], [ -95.814151261724959, 40.66556789596779 ], [ -95.822914248409589, 40.667237897551317 ], [ -95.83073150896854, 40.670579477824859 ], [ -95.830826799574126, 40.670620210921072 ], [ -95.832178231723759, 40.671197896581255 ], [ -95.835589350115185, 40.673219398311467 ], [ -95.837740013652066, 40.674493927590746 ], [ -95.842802210001068, 40.677493893762211 ], [ -95.844828204388904, 40.679864891878033 ], [ -95.844947458453532, 40.680135412704189 ], [ -95.845103704010256, 40.680489846554394 ], [ -95.846035199447257, 40.682602889176643 ], [ -95.847932182879617, 40.694194876258599 ], [ -95.849226820185365, 40.696890623816238 ], [ -95.849829175278543, 40.698144872645344 ], [ -95.852616166015551, 40.702259869454728 ], [ -95.853082202156102, 40.702659064060313 ], [ -95.85937914826988, 40.708052866969375 ], [ -95.86316836911962, 40.70956303046912 ], [ -95.870482124889563, 40.712477869254961 ], [ -95.87528111497241, 40.714117870681683 ], [ -95.877016111947711, 40.7142848716665 ], [ -95.88317909737556, 40.71757687241665 ], [ -95.885350088838862, 40.721090870335658 ], [ -95.888908067434315, 40.731852862089191 ], [ -95.888698061401016, 40.736289857494199 ], [ -95.886691056600839, 40.742098850068793 ], [ -95.883823549409669, 40.74749132468493 ], [ -95.72383417736998, 40.82219099676157 ] ] ] } },
{ "type": "Feature", "properties": { "hex_id": 2, "area_km2": 788.90513554317772 }, "geometry": { "type": "Polygon", "coordinates": [ [ [ -95.515844127292738, 40.736117940356429 ], [ -95.313484298254849, 40.829633119218208 ], [ -95.106023124329752, 40.742796961394987 ], [ -95.101895761922179, 40.577141923055557 ], [ -95.107210318167944, 40.577113031426592 ], [ -95.110300331650592, 40.577157019024803 ], [ -95.110660333121928, 40.577203016934796 ], [ -95.112219339925176, 40.577225010672791 ], [ -95.120826377333842, 40.577409975016685 ], [ -95.145108762795928, 40.577732246550724 ], [ -95.15449652438312, 40.577856839080511 ], [ -95.164005563571862, 40.578012978654023 ], [ -95.164055566071255, 40.578013799700798 ], [ -95.202262201424745, 40.578524407697664 ], [ -95.211405772980768, 40.578646605608078 ], [ -95.211587773772791, 40.578650604825256 ], [ -95.211657961556995, 40.578652164244716 ], [ -95.212712778667949, 40.578675599979505 ], [ -95.213324781339011, 40.57868559741538 ], [ -95.217452799350511, 40.578755580054008 ], [ -95.218780805146295, 40.578777574474003 ], [ -95.221522817112287, 40.578823562932591 ], [ -95.224733315240812, 40.578852934950042 ], [ -95.230861347943204, 40.578908998714041 ], [ -95.259008423230654, 40.579166535177521 ], [ -95.335586606707636, 40.579867354895342 ], [ -95.35780077835723, 40.580096330874944 ], [ -95.373891900964139, 40.580497309033632 ], [ -95.373921921325675, 40.580497679976439 ], [ -95.415405219322878, 40.581010263577724 ], [ -95.431074343394855, 40.581163121389174 ], [ -95.45506352303822, 40.581397144455003 ], [ -95.46931863195023, 40.581536208271764 ], [ -95.488143857476572, 40.581720837705269 ], [ -95.499155300097996, 40.581828833099131 ], [ -95.511023061886775, 40.581946086353419 ], [ -95.515844127292738, 40.736117940356429 ] ] ] } },
{ "type": "Feature", "properties": { "hex_id": 3, "area_km2": 830.79394778430901 }, "geometry": { "type": "Polygon", "coordinates": [ [ [ -95.106023124329752, 40.742796961394987 ], [ -94.90305095350088, 40.835567935815391 ], [ -94.696133016992604, 40.747970044057034 ], [ -94.692863802749272, 40.571918855155666 ], [ -94.697806913134983, 40.571982075454564 ], [ -94.714924472181266, 40.57220135013084 ], [ -94.716664485832965, 40.572201353956245 ], [ -94.745517649795971, 40.572592009027112 ], [ -94.773987483492988, 40.572977145021206 ], [ -94.799886182380405, 40.573363235526806 ], [ -94.801474169664061, 40.573386908765173 ], [ -94.811187058936696, 40.573531705534371 ], [ -94.819976958755305, 40.573713601275763 ], [ -94.823756917487486, 40.573941555961838 ], [ -94.89677106051127, 40.574736382541097 ], [ -94.896799067755012, 40.574736687424874 ], [ -94.901449013840946, 40.574875631387251 ], [ -94.914893856318287, 40.575066470513597 ], [ -94.953268401697912, 40.575639183770058 ], [ -94.955131382254251, 40.575666987402968 ], [ -94.966488247690492, 40.57583685064715 ], [ -94.991657949272664, 40.575689552442185 ], [ -95.021818799085835, 40.576153139277537 ], [ -95.021833329657241, 40.576153362650963 ], [ -95.030672759532479, 40.576289248096337 ], [ -95.040225470433597, 40.576436098440794 ], [ -95.068918150353923, 40.576877179811667 ], [ -95.079739197622843, 40.577004137091492 ], [ -95.097604275793074, 40.577165067036518 ], [ -95.101895761922179, 40.577141923055557 ], [ -95.106023124329752, 40.742796961394987 ] ] ] } },
{ "type": "Feature", "properties": { "hex_id": 4, "area_km2": 861.36134361520828 }, "geometry": { "type": "Polygon", "coordinates": [ [ [ -94.696133016992604, 40.747970044057034 ], [ -94.492546130329131, 40.839987375282611 ], [ -94.286176407834375, 40.751625039945303 ], [ -94.283982709333515, 40.571628448041537 ], [ -94.284170881935111, 40.571543819805235 ], [ -94.287347894985032, 40.571520956869364 ], [ -94.2948108926293, 40.571340953943135 ], [ -94.310721883254374, 40.571523947998941 ], [ -94.32476287655571, 40.571476942633993 ], [ -94.336553870653134, 40.571474938152491 ], [ -94.336703870736002, 40.571451938075896 ], [ -94.346194874039981, 40.571412829774793 ], [ -94.358304860461871, 40.571362929773535 ], [ -94.358388822645907, 40.571362551183462 ], [ -94.389409729932524, 40.571222676174891 ], [ -94.429722826107863, 40.57104090206186 ], [ -94.443198954335145, 40.570999176418326 ], [ -94.460085811041267, 40.570946890248138 ], [ -94.460659271986003, 40.570940536326653 ], [ -94.470645806137924, 40.570829885967044 ], [ -94.47121080586885, 40.570824885739874 ], [ -94.489277797041822, 40.570706878537955 ], [ -94.533876052660347, 40.570738949289023 ], [ -94.537056077176928, 40.570762956357733 ], [ -94.537846083271347, 40.570762958102343 ], [ -94.53831608689714, 40.570762959140261 ], [ -94.5418261139788, 40.570808966977467 ], [ -94.542152116495075, 40.570808967697289 ], [ -94.547403098992717, 40.570824879910617 ], [ -94.585764457444142, 40.570941127476125 ], [ -94.593999517445496, 40.570966082415126 ], [ -94.632030813370264, 40.571186166623178 ], [ -94.670128490701117, 40.571639028947331 ], [ -94.682600213215181, 40.571787278693087 ], [ -94.688353992123382, 40.571860984203738 ], [ -94.692863802749272, 40.571918855155666 ], [ -94.696133016992604, 40.747970044057034 ] ] ] } },
{ "type": "Feature", "properties": { "hex_id": 5, "area_km2": 863.70629190369687 }, "geometry": { "type": "Polygon", "coordinates": [ [ [ -94.283982709333515, 40.571628448041537 ], [ -94.286176407834375, 40.751625039945303 ], [ -94.08200029746763, 40.84289078077984 ], [ -93.876189153326052, 40.753769288247341 ], [ -93.875154771679377, 40.576321149016664 ], [ -93.889048119914534, 40.57613471582696 ], [ -93.89832558696996, 40.576011122720047 ], [ -93.899315585187566, 40.575942120318246 ], [ -93.900854081381112, 40.575875053944607 ], [ -93.900875582106551, 40.575874116681589 ], [ -93.913959553802499, 40.575672087531565 ], [ -93.935685506856345, 40.575330039252222 ], [ -93.936315505737653, 40.575284037742783 ], [ -93.937095503049207, 40.575421036476229 ], [ -93.937447148159265, 40.575389548386688 ], [ -93.938625500502454, 40.575284032734004 ], [ -93.939855498333358, 40.57519202978493 ], [ -93.963861446881921, 40.574753976547598 ], [ -93.976764418447829, 40.574634948344475 ], [ -93.987429818620768, 40.574436356151452 ], [ -94.003322192167474, 40.574140444787012 ], [ -94.015490341096481, 40.57391390112528 ], [ -94.0341323078014, 40.573584906048126 ], [ -94.072138139864109, 40.573019227430635 ], [ -94.080221224924784, 40.572898918880753 ], [ -94.080461224468181, 40.572898918954827 ], [ -94.089192208545583, 40.572805921504866 ], [ -94.091083204274511, 40.572896922229475 ], [ -94.118540885638666, 40.572704426239852 ], [ -94.130128215471615, 40.5726231916397 ], [ -94.232237988730503, 40.571907337466683 ], [ -94.234026806611283, 40.571894796731819 ], [ -94.243147825059381, 40.571830852680158 ], [ -94.283792605531843, 40.571546535952535 ], [ -94.283982709333515, 40.571628448041537 ] ] ] } },
{ "type": "Feature", "properties": { "hex_id": 6, "area_km2": 849.35793088088747 }, "geometry": { "type": "Polygon", "coordinates": [ [ [ -93.876189153326052, 40.753769288247341 ], [ -93.671427273806046, 40.844280652782714 ], [ -93.466182949972634, 40.754400627733602 ], [ -93.466275692109519, 40.580107916848846 ], [ -93.466885515647263, 40.580072629426731 ], [ -93.489049388166734, 40.580231031545964 ], [ -93.513633461849992, 40.580406704270153 ], [ -93.520547450999032, 40.58045610429749 ], [ -93.523153421518202, 40.580474723799512 ], [ -93.524122573430333, 40.58048164833184 ], [ -93.527059331095273, 40.580443703396817 ], [ -93.527605578736171, 40.580436645500058 ], [ -93.52817558010544, 40.580367644925317 ], [ -93.532731559836932, 40.580378970660668 ], [ -93.548282608206534, 40.580417629111267 ], [ -93.553984617197244, 40.580303624348147 ], [ -93.556897621864266, 40.580235621884448 ], [ -93.558936625116729, 40.5801896201598 ], [ -93.560796626841991, 40.580304618949711 ], [ -93.565238634403812, 40.580143615041095 ], [ -93.565808635745938, 40.580075614423635 ], [ -93.566187635952005, 40.580117614223347 ], [ -93.597350684819332, 40.579496587603536 ], [ -93.623158561670579, 40.578994956784086 ], [ -93.63309485963795, 40.578801823646742 ], [ -93.656209776171281, 40.578352535713343 ], [ -93.659270780625818, 40.578330533102275 ], [ -93.661911784159003, 40.578354531018896 ], [ -93.668843794695306, 40.57824152483952 ], [ -93.669116861000077, 40.578237753152798 ], [ -93.671248273586542, 40.5782083133398 ], [ -93.677097807080983, 40.578127517535272 ], [ -93.690331827396562, 40.577875505452091 ], [ -93.699860910868324, 40.577806054586901 ], [ -93.722441873938024, 40.577641477557762 ], [ -93.728353882838562, 40.577547472137141 ], [ -93.737257895317683, 40.577542464650911 ], [ -93.73800789888702, 40.577539191267178 ], [ -93.74275790316446, 40.577518459915062 ], [ -93.747846170380143, 40.577656161204246 ], [ -93.750221911448662, 40.577720454449583 ], [ -93.770229866761184, 40.577615409918792 ], [ -93.774343128469582, 40.577584769790548 ], [ -93.786866990633825, 40.577491478215585 ], [ -93.801373133367562, 40.577383420459107 ], [ -93.815483766358597, 40.577278308932847 ], [ -93.818723760284669, 40.577086300950228 ], [ -93.825278240116702, 40.576999207805649 ], [ -93.840928711893454, 40.57679125104027 ], [ -93.853654684270211, 40.576606222443559 ], [ -93.875154771679377, 40.576321149016664 ], [ -93.876189153326052, 40.753769288247341 ] ] ] } },
{ "type": "Feature", "properties": { "hex_id": 7, "area_km2": 837.37509312328064 }, "geometry": { "type": "Polygon", "coordinates": [ [ [ -93.466182949972634, 40.754400627733602 ], [ -93.260844895791024, 40.844155094859495 ], [ -93.056178890533744, 40.75351878550466 ], [ -93.057339581021139, 40.585073402287065 ], [ -93.066598507388619, 40.58485111857113 ], [ -93.085515300169504, 40.584403005055449 ], [ -93.089782304144606, 40.584262097821636 ], [ -93.097294303580142, 40.584014032630733 ], [ -93.098505303932299, 40.58397303546267 ], [ -93.135800313876985, 40.582854122246943 ], [ -93.204095933946689, 40.581728696178523 ], [ -93.212393779300626, 40.581591958027353 ], [ -93.26061034483125, 40.580797396633081 ], [ -93.288916264801657, 40.580734850051726 ], [ -93.317603391100832, 40.580671461118058 ], [ -93.327758796404851, 40.580614196389654 ], [ -93.345440414315959, 40.580514492524884 ], [ -93.374384446867239, 40.580334836400269 ], [ -93.441645283555914, 40.579917347034836 ], [ -93.441765496311689, 40.579916600871663 ], [ -93.465295513645842, 40.580164627740523 ], [ -93.466275692109519, 40.580107916848846 ], [ -93.466182949972634, 40.754400627733602 ] ] ] } },
{ "type": "Feature", "properties": { "hex_id": 8, "area_km2": 805.4808071730323 }, "geometry": { "type": "Polygon", "coordinates": [ [ [ -93.056178890533744, 40.75351878550466 ], [ -92.850272981382247, 40.842515038420025 ], [ -92.646194569608383, 40.751124863557621 ], [ -92.648321042594148, 40.590630365390446 ], [ -92.686689971117573, 40.589807723139948 ], [ -92.689850980520561, 40.589882734905473 ], [ -92.714594828874226, 40.589563006729747 ], [ -92.742229140061369, 40.589205929532369 ], [ -92.748275298872258, 40.589086822163246 ], [ -92.752890303709847, 40.588995907123923 ], [ -92.753678857023246, 40.588980372622849 ], [ -92.757404196899898, 40.588906983425147 ], [ -92.82805850908494, 40.588592221522923 ], [ -92.827989509036342, 40.588514221337306 ], [ -92.835071540357916, 40.588483245218562 ], [ -92.857388639183895, 40.588359320508765 ], [ -92.86147808167901, 40.588225266800386 ], [ -92.863031664741882, 40.588174339671731 ], [ -92.867305913561694, 40.588218303636282 ], [ -92.879175735329767, 40.588340393950226 ], [ -92.889793783339513, 40.588038430015246 ], [ -92.903541844738811, 40.587859476549973 ], [ -92.94159301325459, 40.587742605027543 ], [ -92.943468949059465, 40.587706258919361 ], [ -92.956594772413524, 40.587451947148928 ], [ -92.957745086037349, 40.587429659916872 ], [ -92.976036410530469, 40.586996384312506 ], [ -92.982368199529091, 40.586846400131101 ], [ -92.98676271937228, 40.586742304997451 ], [ -93.057339581021139, 40.585073402287065 ], [ -93.056178890533744, 40.75351878550466 ] ] ] } },
{ "type": "Feature", "properties": { "hex_id": 9, "area_km2": 765.92594446637679 }, "geometry": { "type": "Polygon", "coordinates": [ [ [ -92.646194569608383, 40.751124863557621 ], [ -92.439732158210489, 40.839361104799728 ], [ -92.236250551091729, 40.747219422968953 ], [ -92.239148114735798, 40.599483429623824 ], [ -92.246034720757862, 40.599365903924706 ], [ -92.293589279195317, 40.598554908816347 ], [ -92.298750077305485, 40.598466896497577 ], [ -92.331201131371543, 40.5978029196474 ], [ -92.331441131782981, 40.597711919698085 ], [ -92.350772163913092, 40.597271933360979 ], [ -92.350802876257603, 40.597271120831785 ], [ -92.37968721185554, 40.596506953544697 ], [ -92.409042802598947, 40.596022961133372 ], [ -92.427768761184041, 40.595714221882091 ], [ -92.453741334136609, 40.5952860059529 ], [ -92.461605347147923, 40.595353011834831 ], [ -92.473039215470592, 40.595117317274919 ], [ -92.481688380160534, 40.594939025805552 ], [ -92.482390381300405, 40.594892026233829 ], [ -92.484584384933527, 40.594922027894278 ], [ -92.522240454914112, 40.593830886614526 ], [ -92.523733393738254, 40.593787628300575 ], [ -92.559334034043047, 40.592756090262952 ], [ -92.580274649031693, 40.592149330658827 ], [ -92.618368696703271, 40.591291332433542 ], [ -92.637894822742012, 40.590851542642078 ], [ -92.639219826754939, 40.590823547532572 ], [ -92.648321042594148, 40.590630365390446 ], [ -92.646194569608383, 40.751124863557621 ] ] ] } },
{ "type": "Feature", "properties": { "hex_id": 10, "area_km2": 715.28461487377331 }, "geometry": { "type": "Polygon", "coordinates": [ [ [ -92.236250551091729, 40.747219422968953 ], [ -92.029241511836901, 40.834693191063465 ], [ -91.826367345328308, 40.741802146800559 ], [ -91.829793918276096, 40.609932137186945 ], [ -91.832392087622779, 40.609798361357583 ], [ -91.832478273478671, 40.609793925726045 ], [ -91.833247279450731, 40.609756720033062 ], [ -91.868398087570952, 40.608056070293983 ], [ -91.939288708665259, 40.606147360051324 ], [ -91.943109875253413, 40.605839083556603 ], [ -91.947704664448253, 40.60546839429491 ], [ -91.948653932333684, 40.605453759502787 ], [ -91.970984537752784, 40.605109490294147 ], [ -91.9986793869286, 40.604430604631979 ], [ -92.029645334845924, 40.603710640340182 ], [ -92.0532277307111, 40.603054141196303 ], [ -92.053743265121071, 40.603039789476796 ], [ -92.063927320054859, 40.602756280359294 ], [ -92.067900276892075, 40.602645679075692 ], [ -92.069517274241264, 40.602769680789429 ], [ -92.082335255017099, 40.602173693575146 ], [ -92.083196253605436, 40.602241694490552 ], [ -92.09287123875221, 40.602079704271056 ], [ -92.096383233558683, 40.601827707704111 ], [ -92.179776104847249, 40.60052679151071 ], [ -92.196158079593943, 40.600066807681578 ], [ -92.201665071050328, 40.59997781316963 ], [ -92.217599046246832, 40.599829829142571 ], [ -92.222296025096043, 40.599754954685686 ], [ -92.236480016892898, 40.599528847906846 ], [ -92.239148114735798, 40.599483429623824 ], [ -92.236250551091729, 40.747219422968953 ] ] ] } },
{ "type": "Feature", "properties": { "hex_id": 11, "area_km2": 885.05131253101126 }, "geometry": { "type": "Polygon", "coordinates": [ [ [ -91.826367345328308, 40.741802146800559 ], [ -91.618821050027236, 40.828511804123544 ], [ -91.416563155084702, 40.734875391295233 ], [ -91.422379860953697, 40.55492625737056 ], [ -91.58655431431086, 40.486482246826398 ], [ -91.586883135136304, 40.48722981517939 ], [ -91.590816114813549, 40.492288793944553 ], [ -91.594643096934718, 40.494993777480317 ], [ -91.602249370307234, 40.497793034848755 ], [ -91.608346036535437, 40.500036727050876 ], [ -91.612819999453336, 40.50237371943355 ], [ -91.616946963319023, 40.504790713026843 ], [ -91.619484934331226, 40.507130711043757 ], [ -91.621351903322534, 40.510068712368081 ], [ -91.622360864962616, 40.514358719251668 ], [ -91.622194844157178, 40.517036725833186 ], [ -91.618791783024562, 40.526282756610819 ], [ -91.618026723580385, 40.534026776401163 ], [ -91.618997679311235, 40.539080785144812 ], [ -91.620069661444845, 40.540813786055281 ], [ -91.620410657987222, 40.541088785716823 ], [ -91.621898642920428, 40.542288784243041 ], [ -91.622993008403327, 40.542694179880989 ], [ -91.625159621372219, 40.543496777783119 ], [ -91.638080558313391, 40.545537745975452 ], [ -91.654343471352078, 40.549185708555513 ], [ -91.670991398496128, 40.550933665757547 ], [ -91.681712344639834, 40.553031640538229 ], [ -91.688698287748139, 40.557386631231154 ], [ -91.689524566295177, 40.558369616311239 ], [ -91.690802261968116, 40.559889631276363 ], [ -91.691589242120727, 40.562218634608641 ], [ -91.691555222808816, 40.564863640992741 ], [ -91.685721154626208, 40.576781685539366 ], [ -91.685379140158901, 40.578888691481033 ], [ -91.68635512227344, 40.580871693472481 ], [ -91.688818095514279, 40.583405692658488 ], [ -91.696357036377549, 40.588144683081651 ], [ -91.712022936773849, 40.595042656404736 ], [ -91.716766897110688, 40.598526651753161 ], [ -91.720055865685907, 40.601523649961706 ], [ -91.729112753166547, 40.613636654554256 ], [ -91.785913513875798, 40.611484738768254 ], [ -91.795371465574092, 40.611097776538905 ], [ -91.800130440943889, 40.610949795662798 ], [ -91.81396536915166, 40.610522851335723 ], [ -91.824193429130517, 40.610207326350405 ], [ -91.824823312629533, 40.610187895102975 ], [ -91.829793918276096, 40.609932137186945 ], [ -91.826367345328308, 40.741802146800559 ] ] ] } },
{ "type": "Feature", "properties": { "hex_id": 12, "area_km2": 462.67972993033504 }, "geometry": { "type": "Polygon", "coordinates": [ [ [ -91.422379860953697, 40.55492625737056 ], [ -91.416563155084702, 40.734875391295233 ], [ -91.208490259547617, 40.820819118772953 ], [ -91.095777549553631, 40.76813884768795 ], [ -91.096131936481825, 40.767132856988994 ], [ -91.098103919110471, 40.763231864208407 ], [ -91.102484885908325, 40.75707487758671 ], [ -91.105488461675876, 40.753846834486559 ], [ -91.108198846743903, 40.750933893582904 ], [ -91.110422848809165, 40.745526872532544 ], [ -91.114248040867992, 40.730862835983537 ], [ -91.115733892493495, 40.725166763247614 ], [ -91.115156905613887, 40.721893744040571 ], [ -91.114472132886576, 40.720622617358728 ], [ -91.113883918327531, 40.719530729289581 ], [ -91.11109396511911, 40.708280662759805 ], [ -91.110925981781463, 40.703260634218012 ], [ -91.111938998424094, 40.697016599850166 ], [ -91.112432583771323, 40.696277286996043 ], [ -91.115406004201247, 40.691823573534393 ], [ -91.119631045261031, 40.675890486394088 ], [ -91.120819052705684, 40.672775469544987 ], [ -91.122420055724533, 40.670673458758905 ], [ -91.123927057114059, 40.669150451180066 ], [ -91.138054052374699, 40.660891413799632 ], [ -91.15429204469838, 40.653594382111784 ], [ -91.159139040399467, 40.651177471753002 ], [ -91.185427517791823, 40.638068964057673 ], [ -91.186979055306125, 40.637295304272982 ], [ -91.195512817675976, 40.636365851633521 ], [ -91.197905041927399, 40.636105303105808 ], [ -91.218435991723396, 40.638435329198423 ], [ -91.228187153539395, 40.638419753469442 ], [ -91.247849938006354, 40.638388345698814 ], [ -91.253072927961881, 40.637960331692568 ], [ -91.256109959035086, 40.637203256603279 ], [ -91.25824792159159, 40.636670302548211 ], [ -91.264951921082172, 40.633891258259403 ], [ -91.276173900316635, 40.632238203614463 ], [ -91.297183996603138, 40.628078162587066 ], [ -91.30652285715945, 40.62622905063656 ], [ -91.339717860854932, 40.61348586033467 ], [ -91.341268834405128, 40.612833217890532 ], [ -91.348731865882641, 40.609692809628463 ], [ -91.353987876305027, 40.606550776281104 ], [ -91.354846910884291, 40.60585758831143 ], [ -91.359871897928372, 40.601802734029761 ], [ -91.364669783419217, 40.595391211000788 ], [ -91.369613474869098, 40.588784846160266 ], [ -91.37425101338728, 40.582587602130687 ], [ -91.37975106532592, 40.574447550904942 ], [ -91.382049964625367, 40.572861482004534 ], [ -91.388191194778173, 40.568624492524599 ], [ -91.401481138797337, 40.55945542950883 ], [ -91.405240170469042, 40.554638401298313 ], [ -91.406330696206652, 40.55193139098472 ], [ -91.406372191277839, 40.551828387840068 ], [ -91.406835617979141, 40.547684982446377 ], [ -91.422379860953697, 40.55492625737056 ] ] ] } },
{ "type": "Feature", "properties": { "hex_id": 13, "area_km2": 249.02467375342786 }, "geometry": { "type": "Polygon", "coordinates": [ [ [ -95.730084525850415, 41.00215059456869 ], [ -95.72383417736998, 40.82219099676157 ], [ -95.883823549409669, 40.74749132468493 ], [ -95.88364405393871, 40.747828841742937 ], [ -95.879028055881122, 40.753078833710795 ], [ -95.873336061138573, 40.757613826215831 ], [ -95.869983064911807, 40.759642822252793 ], [ -95.86169607617046, 40.762868813647685 ], [ -95.852777088993292, 40.765628804947546 ], [ -95.846621096502943, 40.768616798455945 ], [ -95.842825100343362, 40.771090794180878 ], [ -95.838880103236846, 40.774542789351941 ], [ -95.836904104420412, 40.776474786861868 ], [ -95.835233104154199, 40.779148784260322 ], [ -95.834157101383269, 40.783013781548377 ], [ -95.834216294044651, 40.783781847612957 ], [ -95.834524094988566, 40.787775779483823 ], [ -95.835816089296074, 40.790627779021236 ], [ -95.843746059868863, 40.803780777967397 ], [ -95.844883384356834, 40.809151237230317 ], [ -95.845343048201144, 40.811321775124732 ], [ -95.84493419431584, 40.814645144745356 ], [ -95.844853044310327, 40.815304772722136 ], [ -95.843922043056864, 40.81768377087905 ], [ -95.838602041834449, 40.82617276316256 ], [ -95.83730403800115, 40.831161759862752 ], [ -95.837187033167481, 40.835344757704362 ], [ -95.841310014144582, 40.845601754922271 ], [ -95.841768694939134, 40.846282431499745 ], [ -95.847084994646181, 40.854171753671345 ], [ -95.848490987166912, 40.858604752075259 ], [ -95.848548440974113, 40.860014710786658 ], [ -95.848590984117308, 40.861058750822323 ], [ -95.847785981545258, 40.864325748671604 ], [ -95.846938981213441, 40.865742747490621 ], [ -95.844073981584955, 40.869245744217125 ], [ -95.842521982815654, 40.870263742920748 ], [ -95.840453775425516, 40.87131532695804 ], [ -95.838735986458914, 40.872188740077952 ], [ -95.824990004558856, 40.874997732050353 ], [ -95.819591009968036, 40.877436728360557 ], [ -95.815934012658886, 40.879843725574737 ], [ -95.812084013118309, 40.884236721905225 ], [ -95.810710012165174, 40.886678720250501 ], [ -95.80947500833139, 40.891225717795685 ], [ -95.809776002555992, 40.895444716157257 ], [ -95.810886997775455, 40.897904715586336 ], [ -95.813458735153731, 40.901690813000364 ], [ -95.814302986318708, 40.902933714827512 ], [ -95.818709974879866, 40.906815714861359 ], [ -95.830699947013471, 40.915001715590755 ], [ -95.833041940844097, 40.917240715354957 ], [ -95.836438930549505, 40.921639714386735 ], [ -95.837774924909425, 40.924709713311266 ], [ -95.83843128941497, 40.927399190374409 ], [ -95.839743912389352, 40.932777709888391 ], [ -95.840275903063116, 40.939939706417015 ], [ -95.839379022948151, 40.944059778548947 ], [ -95.837951893559008, 40.950615700386791 ], [ -95.832989042174191, 40.958705223826165 ], [ -95.829829888823284, 40.963854691941563 ], [ -95.8283298804824, 40.972375687574889 ], [ -95.829074875437769, 40.975685686148893 ], [ -95.83029787057265, 40.978329685113017 ], [ -95.833537860987619, 40.982657683585032 ], [ -95.838908849243921, 40.986481682561084 ], [ -95.840174082785182, 40.987188336384349 ], [ -95.844351838422824, 40.989521681835775 ], [ -95.852547825024544, 40.991735681847047 ], [ -95.860116811036633, 40.995239680938347 ], [ -95.86349280422057, 40.997337680175399 ], [ -95.866809356856947, 41.001060729209463 ], [ -95.866831410221593, 41.001085485655061 ], [ -95.86728678849714, 41.001596679640706 ], [ -95.869198765111932, 41.005948681359534 ], [ -95.869486748180151, 41.009396682576828 ], [ -95.868374733475633, 41.012700683581116 ], [ -95.865878713236896, 41.017400684904509 ], [ -95.859918679279389, 41.025400686963692 ], [ -95.859102649019249, 41.031596689001525 ], [ -95.859654628192345, 41.035692690474391 ], [ -95.860462616759349, 41.03788469132116 ], [ -95.86178260831511, 41.039424692002015 ], [ -95.869807575783298, 41.045196694901499 ], [ -95.879487533456881, 41.053296698778091 ], [ -95.881855514661538, 41.057208700384997 ], [ -95.882415499841642, 41.060408701543132 ], [ -95.88157692828328, 41.064272557778018 ], [ -95.730084525850415, 41.00215059456869 ] ] ] } },
{ "type": "Feature", "properties": { "hex_id": 14, "area_km2": 1039.2304845413241 }, "geometry": { "type": "Polygon", "coordinates": [ [ [ -95.313484298254849, 40.829633119218208 ], [ -95.515844127292738, 40.736117940356429 ], [ -95.72383417736998, 40.82219099676157 ], [ -95.730084525850415, 41.00215059456869 ], [ -95.527194399255478, 41.0960621071209 ], [ -95.31858559537352, 41.009618211189988 ], [ -95.313484298254849, 40.829633119218208 ] ] ] } },
{ "type": "Feature", "properties": { "hex_id": 15, "area_km2": 1039.2304845413241 }, "geometry": { "type": "Polygon", "coordinates": [ [ [ -94.90305095350088, 40.835567935815391 ], [ -95.106023124329752, 40.742796961394987 ], [ -95.313484298254849, 40.829633119218208 ], [ -95.31858559537352, 41.009618211189988 ], [ -95.11506786775432, 41.10278195797175 ], [ -94.906996904876991, 41.015567614366304 ], [ -94.90305095350088, 40.835567935815391 ] ] ] } },
{ "type": "Feature", "properties": { "hex_id": 16, "area_km2": 1039.2304845413241 }, "geometry": { "type": "Polygon", "coordinates": [ [ [ -94.492546130329131, 40.839987375282611 ], [ -94.696133016992604, 40.747970044057034 ], [ -94.90305095350088, 40.835567935815391 ], [ -94.906996904876991, 41.015567614366304 ], [ -94.702864667499867, 41.107979182157742 ], [ -94.495333532441194, 41.019997880804262 ], [ -94.492546130329131, 40.839987375282611 ] ] ] } },
{ "type": "Feature", "properties": { "hex_id": 17, "area_km2": 1039.2304845413241 }, "geometry": { "type": "Polygon", "coordinates": [ [ [ -94.08200029746763, 40.84289078077984 ], [ -94.286176407834375, 40.751625039945303 ], [ -94.492546130329131, 40.839987375282611 ], [ -94.495333532441194, 41.019997880804262 ], [ -94.290600286642018, 41.111655205159273 ], [ -94.083635591880352, 41.022909358775138 ], [ -94.08200029746763, 40.84289078077984 ] ] ] } },
{ "type": "Feature", "properties": { "hex_id": 18, "area_km2": 1039.2304845413241 }, "geometry": { "type": "Polygon", "coordinates": [ [ [ -93.671427273806046, 40.844280652782714 ], [ -93.876189153326052, 40.753769288247341 ], [ -94.08200029746763, 40.84289078077984 ], [ -94.083635591880352, 41.022909358775138 ], [ -93.878306723481074, 41.113810361122162 ], [ -93.671909214712457, 41.024302218538281 ], [ -93.671427273806046, 40.844280652782714 ] ] ] } },
{ "type": "Feature", "properties": { "hex_id": 19, "area_km2": 1039.2304845413241 }, "geometry": { "type": "Polygon", "coordinates": [ [ [ -93.260844895791024, 40.844155094859495 ], [ -93.466182949972634, 40.754400627733602 ], [ -93.671427273806046, 40.844280652782714 ], [ -93.671909214712457, 41.024302218538281 ], [ -93.465992480562704, 41.114444407245962 ], [ -93.260172383116156, 41.024176371148613 ], [ -93.260844895791024, 40.844155094859495 ] ] ] } },
{ "type": "Feature", "properties": { "hex_id": 20, "area_km2": 1039.2304845413241 }, "geometry": { "type": "Polygon", "coordinates": [ [ [ -92.850272981382247, 40.842515038420025 ], [ -93.056178890533744, 40.75351878550466 ], [ -93.260844895791024, 40.844155094859495 ], [ -93.260172383116156, 41.024176371148613 ], [ -93.053679646328519, 41.113557518997396 ], [ -92.848445733917075, 41.022532288428856 ], [ -92.850272981382247, 40.842515038420025 ] ] ] } },
{ "type": "Feature", "properties": { "hex_id": 21, "area_km2": 1039.2304845413241 }, "geometry": { "type": "Polygon", "coordinates": [ [ [ -92.439732158210489, 40.839361104799728 ], [ -92.646194569608383, 40.751124863557621 ], [ -92.850272981382247, 40.842515038420025 ], [ -92.848445733917075, 41.022532288428856 ], [ -92.641386443911827, 41.111151681478503 ], [ -92.436751173682282, 41.019369970464744 ], [ -92.439732158210489, 40.839361104799728 ] ] ] } },
{ "type": "Feature", "properties": { "hex_id": 22, "area_km2": 1039.2304845413241 }, "geometry": { "type": "Polygon", "coordinates": [ [ [ -92.029241511836901, 40.834693191063465 ], [ -92.236250551091729, 40.747219422968953 ], [ -92.439732158210489, 40.839361104799728 ], [ -92.436751173682282, 41.019369970464744 ], [ -92.229134936254042, 41.10722421715176 ], [ -92.025106824285842, 41.014688713831539 ], [ -92.029241511836901, 40.834693191063465 ] ] ] } },
{ "type": "Feature", "properties": { "hex_id": 23, "area_km2": 1039.2304845413241 }, "geometry": { "type": "Polygon", "coordinates": [ [ [ -91.618821050027236, 40.828511804123544 ], [ -91.826367345328308, 40.741802146800559 ], [ -92.029241511836901, 40.834693191063465 ], [ -92.025106824285842, 41.014688713831539 ], [ -91.816943986859528, 41.101776466150355 ], [ -91.613532833848396, 41.008489559500838 ], [ -91.618821050027236, 40.828511804123544 ] ] ] } },
{ "type": "Feature", "properties": { "hex_id": 24, "area_km2": 1039.2304845413241 }, "geometry": { "type": "Polygon", "coordinates": [ [ [ -91.208490259547617, 40.820819118772953 ], [ -91.416563155084702, 40.734875391295233 ], [ -91.618821050027236, 40.828511804123544 ], [ -91.613532833848396, 41.008489559500838 ], [ -91.404834551796995, 41.094809649462817 ], [ -91.202050236044343, 41.000773921545132 ], [ -91.208490259547617, 40.820819118772953 ] ] ] } },
{ "type": "Feature", "properties": { "hex_id": 25, "area_km2": 490.09156454794908 }, "geometry": { "type": "Polygon", "coordinates": [ [ [ -91.208490259547617, 40.820819118772953 ], [ -91.202050236044343, 41.000773921545132 ], [ -90.992825275941854, 41.086323388373557 ], [ -90.946786248084933, 41.06479366445275 ], [ -90.945548646470257, 41.061729191715941 ], [ -90.944576682945183, 41.052254141718286 ], [ -90.943651696128384, 41.048636122249384 ], [ -90.942319735327345, 41.038471068832635 ], [ -90.942252750502377, 41.034701049370028 ], [ -90.943270905197807, 41.02958781564422 ], [ -90.943888829767801, 41.026484561121649 ], [ -90.945323816227926, 41.019277971246098 ], [ -90.945053845469943, 41.011915932957386 ], [ -90.945948868021617, 41.006493905086053 ], [ -90.949633890597582, 40.995246866978512 ], [ -90.955200882257699, 40.986803859904384 ], [ -90.955459964030709, 40.986183858383114 ], [ -90.958141873160585, 40.979765854119634 ], [ -90.958088868401049, 40.97664185107692 ], [ -90.955110857538671, 40.969856842901223 ], [ -90.952714846148922, 40.962085833600987 ], [ -90.951966840769956, 40.958236829131309 ], [ -90.952232834903953, 40.954045824973818 ], [ -90.952324721027281, 40.953848284125385 ], [ -90.95377619616437, 40.950727838577023 ], [ -90.960461806115873, 40.936354814345371 ], [ -90.962915786480167, 40.924955806258566 ], [ -90.965343779172088, 40.921631805916192 ], [ -90.968994771897655, 40.919125807848182 ], [ -90.97918975621171, 40.915520816818123 ], [ -90.985461743394822, 40.912139822009486 ], [ -90.9984997210221, 40.908118835873914 ], [ -91.003535694482451, 40.905144830214454 ], [ -91.009535653415313, 40.900563818453001 ], [ -91.011792335309806, 40.898161502106916 ], [ -91.013239625533089, 40.896620811465354 ], [ -91.013900990807528, 40.895619376037885 ], [ -91.021561554526599, 40.884019797552689 ], [ -91.023148779288874, 40.882721513194113 ], [ -91.02748851380359, 40.879171789891316 ], [ -91.027918757651435, 40.878980491629001 ], [ -91.036788458123382, 40.875036779301567 ], [ -91.039096443326642, 40.873563777020998 ], [ -91.044652404044257, 40.868354772686757 ], [ -91.047343382433553, 40.864652771487265 ], [ -91.050240354418406, 40.858512771658589 ], [ -91.056429301534266, 40.848385772507079 ], [ -91.058748285603698, 40.84630777233609 ], [ -91.067158235107556, 40.841995770665939 ], [ -91.07752016610273, 40.833403773799276 ], [ -91.078331252666985, 40.832837218341616 ], [ -91.090071086676062, 40.824636780110481 ], [ -91.091227327430317, 40.823227986283264 ], [ -91.092992065072451, 40.821077784152898 ], [ -91.093497649111242, 40.819836185919478 ], [ -91.096691568069346, 40.811992655567487 ], [ -91.096845026646761, 40.811615796630072 ], [ -91.097211518517796, 40.808858154770995 ], [ -91.097648010120196, 40.805573805049491 ], [ -91.097030006544884, 40.80246980921406 ], [ -91.094612636273624, 40.797628996887575 ], [ -91.092643226440231, 40.79368523036073 ], [ -91.092255009048827, 40.792907820409972 ], [ -91.091245000731092, 40.786722827817762 ], [ -91.091664976380144, 40.780275005205667 ], [ -91.09170198372918, 40.779706836990755 ], [ -91.093604393910496, 40.774307034656061 ], [ -91.095777549553631, 40.76813884768795 ], [ -91.208490259547617, 40.820819118772953 ] ] ] } },
{ "type": "Feature", "properties": { "hex_id": 26, "area_km2": 936.62947769559071 }, "geometry": { "type": "Polygon", "coordinates": [ [ [ -95.742689351932853, 41.362098425409016 ], [ -95.532915022004545, 41.276047697356752 ], [ -95.527194399255478, 41.0960621071209 ], [ -95.730084525850415, 41.00215059456869 ], [ -95.88157692828328, 41.064272557778018 ], [ -95.881375478031501, 41.065200703065955 ], [ -95.87810345806885, 41.069584704200182 ], [ -95.873441368073955, 41.073106217647151 ], [ -95.870631431497699, 41.075228705300781 ], [ -95.86546340622796, 41.080364706489583 ], [ -95.863839390597931, 41.083504707388592 ], [ -95.862587366232844, 41.08839670893196 ], [ -95.863268340009228, 41.093762710851742 ], [ -95.865450304183028, 41.101263713668686 ], [ -95.865479874579364, 41.102386786614701 ], [ -95.865875906259589, 41.117427922122367 ], [ -95.865888223321974, 41.117895719430386 ], [ -95.868688192733529, 41.124695722066818 ], [ -95.869902389002419, 41.126290851940588 ], [ -95.87502685226606, 41.133023028143811 ], [ -95.878888139828135, 41.138095727749558 ], [ -95.87919039375096, 41.138653012767151 ], [ -95.88208811644833, 41.143995730107996 ], [ -95.883389086588011, 41.150895732605662 ], [ -95.883489068474773, 41.154895733984411 ], [ -95.88347501652386, 41.15492766986835 ], [ -95.881289042275313, 41.159895735465291 ], [ -95.88093560057726, 41.160266705596619 ], [ -95.876289009965404, 41.165143736742237 ], [ -95.871911988632633, 41.168119737308658 ], [ -95.869639981400667, 41.168827737316306 ], [ -95.867343977969298, 41.168731737045675 ], [ -95.86507197867391, 41.167799736490203 ], [ -95.852787970326574, 41.165395734388966 ], [ -95.846187952734837, 41.166695734152569 ], [ -95.841887922276953, 41.171095735227183 ], [ -95.841322843905132, 41.174768612691125 ], [ -95.841287900520953, 41.174995736513132 ], [ -95.841716296750818, 41.175852536853355 ], [ -95.843142142690525, 41.178704254773585 ], [ -95.844087876115083, 41.180595738735704 ], [ -95.850187866097315, 41.18479574080957 ], [ -95.856787867584572, 41.187095742275837 ], [ -95.864788877882958, 41.188295743504128 ], [ -95.873548330205267, 41.187534919650197 ], [ -95.909689985575397, 41.184395746753083 ], [ -95.914589992436802, 41.185095747491502 ], [ -95.918289993470964, 41.186695748412021 ], [ -95.920817801909109, 41.188914033421696 ], [ -95.923189986747431, 41.190995750368344 ], [ -95.923311659451628, 41.191199987670082 ], [ -95.925989974697629, 41.195695752243758 ], [ -95.927484831614734, 41.202169244260801 ], [ -95.927490953374161, 41.202195754594968 ], [ -95.924954632830648, 41.210975192010196 ], [ -95.924890912965438, 41.211195757380224 ], [ -95.924658798609116, 41.211475240110666 ], [ -95.915090841741218, 41.222995760405617 ], [ -95.912590818909749, 41.226995761516669 ], [ -95.910961722658769, 41.231595498614531 ], [ -95.910951623185866, 41.231624014373637 ], [ -95.910890794701899, 41.231795762979807 ], [ -95.910890794326832, 41.23188776301108 ], [ -95.910890785732803, 41.233995763727251 ], [ -95.911390770887223, 41.237995765135089 ], [ -95.913913575775027, 41.243219785321408 ], [ -95.916366213636863, 41.248298508378831 ], [ -95.917086921329698, 41.249790891093348 ], [ -95.921290748930844, 41.258495790377047 ], [ -95.921410298349912, 41.259711214627856 ], [ -95.921411580706121, 41.259724251970908 ], [ -95.921890747824222, 41.264595804957729 ], [ -95.920390741202581, 41.268395813799316 ], [ -95.918790735485416, 41.269695816671906 ], [ -95.913990719401539, 41.271395820040809 ], [ -95.914538093535185, 41.271768183299116 ], [ -95.918225935448703, 41.274276918642542 ], [ -95.923880858361755, 41.278124121201046 ], [ -95.909333525989169, 41.284885106630924 ], [ -95.912490710523059, 41.279495838954603 ], [ -95.9038520995732, 41.274226814615332 ], [ -95.90248968183613, 41.273395823128908 ], [ -95.890963750718868, 41.277982678385627 ], [ -95.882389613456866, 41.281394838675482 ], [ -95.876889593782408, 41.285094846281787 ], [ -95.872888578435791, 41.289494855665353 ], [ -95.872883658473597, 41.28951699541625 ], [ -95.872727565735161, 41.290219410232517 ], [ -95.871488570283987, 41.295794869787798 ], [ -95.873156261630186, 41.301684419165468 ], [ -95.742689351932853, 41.362098425409016 ] ] ] } },
{ "type": "Feature", "properties": { "hex_id": 27, "area_km2": 1039.2304845413241 }, "geometry": { "type": "Polygon", "coordinates": [ [ [ -95.11506786775432, 41.10278195797175 ], [ -95.31858559537352, 41.009618211189988 ], [ -95.527194399255478, 41.0960621071209 ], [ -95.532915022004545, 41.276047697356752 ], [ -95.328861211094463, 41.369608368357923 ], [ -95.119623022193593, 41.282786718550852 ], [ -95.11506786775432, 41.10278195797175 ] ] ] } },
{ "type": "Feature", "properties": { "hex_id": 28, "area_km2": 1039.2304845413241 }, "geometry": { "type": "Polygon", "coordinates": [ [ [ -94.702864667499867, 41.107979182157742 ], [ -94.906996904876991, 41.015567614366304 ], [ -95.11506786775432, 41.10278195797175 ], [ -95.119623022193593, 41.282786718550852 ], [ -94.914946378889397, 41.375592960571502 ], [ -94.706256801472037, 41.287998680707297 ], [ -94.702864667499867, 41.107979182157742 ] ] ] } },
{ "type": "Feature", "properties": { "hex_id": 29, "area_km2": 1039.2304845413241 }, "geometry": { "type": "Polygon", "coordinates": [ [ [ -94.290600286642018, 41.111655205159273 ], [ -94.495333532441194, 41.019997880804262 ], [ -94.702864667499867, 41.107979182157742 ], [ -94.706256801472037, 41.287998680707297 ], [ -94.500963864553015, 41.380049156369516 ], [ -94.292832512823495, 41.291685914645157 ], [ -94.290600286642018, 41.111655205159273 ] ] ] } },
{ "type": "Feature", "properties": { "hex_id": 30, "area_km2": 1039.2304845413241 }, "geometry": { "type": "Polygon", "coordinates": [ [ [ -93.878306723481074, 41.113810361122162 ], [ -94.083635591880352, 41.022909358775138 ], [ -94.290600286642018, 41.111655205159273 ], [ -94.292832512823495, 41.291685914645157 ], [ -94.086936123185836, 41.38297763066565 ], [ -93.879374713415103, 41.29384677656698 ], [ -93.878306723481074, 41.113810361122162 ] ] ] } },
{ "type": "Feature", "properties": { "hex_id": 31, "area_km2": 1039.2304845413241 }, "geometry": { "type": "Polygon", "coordinates": [ [ [ -93.465992480562704, 41.114444407245962 ], [ -93.671909214712457, 41.024302218538281 ], [ -93.878306723481074, 41.113810361122162 ], [ -93.879374713415103, 41.29384677656698 ], [ -93.672881416003861, 41.384376982172427 ], [ -93.46589680313572, 41.294482183047968 ], [ -93.465992480562704, 41.114444407245962 ] ] ] } },
{ "type": "Feature", "properties": { "hex_id": 32, "area_km2": 1039.2304845413241 }, "geometry": { "type": "Polygon", "coordinates": [ [ [ -93.053679646328519, 41.113557518997396 ], [ -93.260172383116156, 41.024176371148613 ], [ -93.465992480562704, 41.114444407245962 ], [ -93.46589680313572, 41.294482183047968 ], [ -93.25881722853336, 41.384249948246577 ], [ -93.052420811266003, 41.293592399174273 ], [ -93.053679646328519, 41.113557518997396 ] ] ] } },
{ "type": "Feature", "properties": { "hex_id": 33, "area_km2": 1039.2304845413241 }, "geometry": { "type": "Polygon", "coordinates": [ [ [ -92.641386443911827, 41.111151681478503 ], [ -92.848445733917075, 41.022532288428856 ], [ -93.053679646328519, 41.113557518997396 ], [ -93.052420811266003, 41.293592399174273 ], [ -92.844762979258078, 41.382596531834949 ], [ -92.63896256744043, 41.291179723906318 ], [ -92.641386443911827, 41.111151681478503 ] ] ] } },
{ "type": "Feature", "properties": { "hex_id": 34, "area_km2": 1039.2304845413241 }, "geometry": { "type": "Polygon", "coordinates": [ [ [ -92.229134936254042, 41.10722421715176 ], [ -92.436751173682282, 41.019369970464744 ], [ -92.641386443911827, 41.111151681478503 ], [ -92.63896256744043, 41.291179723906318 ], [ -92.430739266720849, 41.379415385892528 ], [ -92.225547070071556, 41.287241729864149 ], [ -92.229134936254042, 41.10722421715176 ] ] ] } },
{ "type": "Feature", "properties": { "hex_id": 35, "area_km2": 1039.2304845413241 }, "geometry": { "type": "Polygon", "coordinates": [ [ [ -91.816943986859528, 41.101776466150355 ], [ -92.025106824285842, 41.014688713831539 ], [ -92.229134936254042, 41.10722421715176 ], [ -92.225547070071556, 41.287241729864149 ], [ -92.016767380177157, 41.374709049897135 ], [ -91.812192868148784, 41.281778724140445 ], [ -91.816943986859528, 41.101776466150355 ] ] ] } },
{ "type": "Feature", "properties": { "hex_id": 36, "area_km2": 1039.2304845413241 }, "geometry": { "type": "Polygon", "coordinates": [ [ [ -91.404834551796995, 41.094809649462817 ], [ -91.613532833848396, 41.008489559500838 ], [ -91.816943986859528, 41.101776466150355 ], [ -91.812192868148784, 41.281778724140445 ], [ -91.602867879764986, 41.368475466763392 ], [ -91.39892069709461, 41.274792894457228 ], [ -91.404834551796995, 41.094809649462817 ] ] ] } },
{ "type": "Feature", "properties": { "hex_id": 37, "area_km2": 926.67623266880696 }, "geometry": { "type": "Polygon", "coordinates": [ [ [ -90.992825275941854, 41.086323388373557 ], [ -91.202050236044343, 41.000773921545132 ], [ -91.404834551796995, 41.094809649462817 ], [ -91.39892069709461, 41.274792894457228 ], [ -91.189059735427563, 41.360715792733863 ], [ -91.074435568031788, 41.307554431686142 ], [ -91.074839694344277, 41.305578401659382 ], [ -91.077503709586125, 41.301828410301006 ], [ -91.086878733228076, 41.294371433908111 ], [ -91.092032762289847, 41.286911451207331 ], [ -91.101140843842458, 41.267169490472888 ], [ -91.104460862493568, 41.26210450224545 ], [ -91.110302880760145, 41.256088519395483 ], [ -91.114184902329526, 41.250029533537592 ], [ -91.113917693325561, 41.245744093255098 ], [ -91.113646918267378, 41.2414014620473 ], [ -91.11233192508243, 41.239003440495885 ], [ -91.110400090130838, 41.237305132032368 ], [ -91.109560935081376, 41.23656741679055 ], [ -91.100827964692073, 41.230532356967643 ], [ -91.093016997400156, 41.222635285846422 ], [ -91.08144404141963, 41.214429211548705 ], [ -91.072979078166725, 41.207151150289526 ], [ -91.065898113868897, 41.199517089835375 ], [ -91.060245733857073, 41.192340089914858 ], [ -91.057836778492828, 41.189281365633136 ], [ -91.055068176566891, 41.185765987176168 ], [ -91.041535267259647, 41.16613785113443 ], [ -91.030028309746228, 41.163539835478019 ], [ -91.027213318904742, 41.163372834847031 ], [ -91.014445433189067, 41.165593320223003 ], [ -91.012556356192746, 41.1659218528022 ], [ -91.009627437565442, 41.166075635977883 ], [ -91.007585370520374, 41.166182854908094 ], [ -90.997905399210367, 41.162563829884391 ], [ -90.994959396885946, 41.160623812179381 ], [ -90.992591820891604, 41.158430087601154 ], [ -90.990085895847571, 41.156108191837767 ], [ -90.992825275941854, 41.086323388373557 ] ] ] } },
{ "type": "Feature", "properties": { "hex_id": 38, "area_km2": 21.058119978030295 }, "geometry": { "type": "Polygon", "coordinates": [ [ [ -90.992825275941854, 41.086323388373557 ], [ -90.990085895847571, 41.156108191837767 ], [ -90.989662397938005, 41.155715772557834 ], [ -90.984598653610433, 41.147799352301888 ], [ -90.981310419760575, 41.142658681435648 ], [ -90.97085043728589, 41.130106592011551 ], [ -90.965904464012041, 41.119558525750996 ], [ -90.960905933234997, 41.114666747846137 ], [ -90.957245475722175, 41.111084466150174 ], [ -90.951019299733247, 41.102610243312299 ], [ -90.946626508972685, 41.096631374388203 ], [ -90.946258515780372, 41.094733364010857 ], [ -90.948057820639008, 41.085200361783997 ], [ -90.948206560796081, 41.084412312737086 ], [ -90.949382609339636, 41.072710252883212 ], [ -90.949135617207361, 41.070610241620798 ], [ -90.948989644541356, 41.070248825112806 ], [ -90.946786248084933, 41.06479366445275 ], [ -90.992825275941854, 41.086323388373557 ] ] ] } },
{ "type": "Feature", "properties": { "hex_id": 39, "area_km2": 593.9470795524403 }, "geometry": { "type": "MultiPolygon", "coordinates": [ [ [ [ -95.959992464195452, 41.627732814534198 ], [ -95.749046210276262, 41.542083479555814 ], [ -95.742689351932853, 41.362098425409016 ], [ -95.873156261630186, 41.301684419165468 ], [ -95.874688574078746, 41.307094896223084 ], [ -95.878188582338922, 41.312494909337843 ], [ -95.88308859589992, 41.316694920084679 ], [ -95.88868961281274, 41.31909492691203 ], [ -95.899289646250153, 41.32119493427539 ], [ -95.912749053960425, 41.320266703310217 ], [ -95.913789694077579, 41.32019493533722 ], [ -95.922089720708328, 41.321094939423091 ], [ -95.92568973192337, 41.322194942897987 ], [ -95.926937443018119, 41.322809578809824 ], [ -95.939290773250406, 41.32889496230603 ], [ -95.939370465674187, 41.328949478205516 ], [ -95.943228954539123, 41.331588988734879 ], [ -95.94689079583442, 41.334093976839775 ], [ -95.953090813683232, 41.339893992614677 ], [ -95.956690823147312, 41.345494007302065 ], [ -95.956693856176358, 41.345606231063691 ], [ -95.956699167567834, 41.345802755505247 ], [ -95.95679082188984, 41.349194016386321 ], [ -95.954890814469479, 41.351794022187136 ], [ -95.952190804767, 41.353494025532925 ], [ -95.940989765737569, 41.357494031844269 ], [ -95.935489745983915, 41.360594037611726 ], [ -95.930989729033556, 41.364694046028816 ], [ -95.930944853984485, 41.364804193629602 ], [ -95.92878971909586, 41.370094058241889 ], [ -95.92928971847563, 41.374894069897351 ], [ -95.93518973385234, 41.384393094758948 ], [ -95.936930448697595, 41.390977543697417 ], [ -95.937489737583988, 41.393093116551526 ], [ -95.936889734019189, 41.396385124254117 ], [ -95.93077770859631, 41.406177145376631 ], [ -95.92972070252668, 41.411329157287227 ], [ -95.929888701277235, 41.415153166514337 ], [ -95.931228311436954, 41.419029581848967 ], [ -95.93229670624406, 41.422121184246478 ], [ -95.933168705802714, 41.429428202170762 ], [ -95.932192701254095, 41.431912207693088 ], [ -95.93070469516239, 41.433892211763578 ], [ -95.923904668751533, 41.439740222591539 ], [ -95.92183266041134, 41.442060227139976 ], [ -95.920576654935701, 41.444300231869249 ], [ -95.919864650663797, 41.447920240127338 ], [ -95.920280650314169, 41.451564248986983 ], [ -95.922528656113727, 41.455764260089985 ], [ -95.92571266551613, 41.459380270311904 ], [ -95.932920688731642, 41.46379628456846 ], [ -95.936800701733262, 41.465188289921819 ], [ -95.941968719437099, 41.466260295193749 ], [ -95.946464735315416, 41.466164297301106 ], [ -95.957016773916152, 41.462812294586236 ], [ -95.962328792594562, 41.4628082973056 ], [ -95.965480803387194, 41.463508300650219 ], [ -95.9734488298907, 41.467316314199437 ], [ -95.982961862473118, 41.469776325318136 ], [ -95.991017890678108, 41.470372331065846 ], [ -96.004707913106373, 41.472340335040307 ], [ -96.008832905093129, 41.474037334286024 ], [ -96.011756899206404, 41.476210336197823 ], [ -96.016388889599767, 41.481554344013126 ], [ -96.016611993135456, 41.481912457365823 ], [ -96.019541882940686, 41.486615352909006 ], [ -96.019816882158807, 41.488028356134762 ], [ -96.019223882895716, 41.489294360058118 ], [ -96.015985887604401, 41.492657372533913 ], [ -96.007333900673785, 41.497629395773508 ], [ -95.997902901519552, 41.504787420686455 ], [ -95.996174394722118, 41.50695765166909 ], [ -95.99394288448508, 41.509759429950009 ], [ -95.992832879246421, 41.512000434531124 ], [ -95.992598877152062, 41.514172439450157 ], [ -95.992669875580489, 41.517288446734916 ], [ -95.993890876246255, 41.523410461626703 ], [ -95.999965887438876, 41.539478502014987 ], [ -96.005111879051725, 41.543248504089831 ], [ -96.013875867474368, 41.545313497414817 ], [ -96.019149861287389, 41.54513849013756 ], [ -96.023489856783868, 41.54343648060663 ], [ -96.02665685405475, 41.540364469510898 ], [ -96.026890854080563, 41.539470467178099 ], [ -96.029309854844726, 41.527979438001687 ], [ -96.031704853360182, 41.522179421815906 ], [ -96.034440849801214, 41.521049415789662 ], [ -96.033674852016759, 41.517117407875176 ], [ -96.03439685170278, 41.514444400926145 ], [ -96.034876851737025, 41.511702394130602 ], [ -96.036602849797163, 41.509045385973181 ], [ -96.038100847738122, 41.507988381718761 ], [ -96.040700843891145, 41.50707437641654 ], [ -96.048117832258399, 41.507269367602539 ], [ -96.053689823411219, 41.508857364192835 ], [ -96.057934816722636, 41.511488364737851 ], [ -96.063637808095194, 41.516160367937225 ], [ -96.068632800902961, 41.519111368155137 ], [ -96.069196007719356, 41.519604315394915 ], [ -96.074155793468023, 41.523945371800671 ], [ -96.079921785740083, 41.525900368747898 ], [ -96.082653781987219, 41.525972365421403 ], [ -96.08981377363996, 41.53163736861859 ], [ -96.092007771397562, 41.533908370736889 ], [ -96.096501964571672, 41.545185108643544 ], [ -96.096585769297263, 41.545395389727368 ], [ -96.095850771967505, 41.550878402569232 ], [ -96.094268698913851, 41.556103227082062 ], [ -96.093612776762583, 41.558269421549497 ], [ -96.091819779473497, 41.561084430040225 ], [ -96.088400124981618, 41.564363599951044 ], [ -96.084785788206332, 41.567829454108143 ], [ -96.082680339143835, 41.570835503374781 ], [ -95.959992464195452, 41.627732814534198 ] ] ], [ [ [ -95.923880858361755, 41.278124121201046 ], [ -95.928690761278034, 41.281395846002901 ], [ -95.929587733110722, 41.285082404671911 ], [ -95.929590762384365, 41.285094855001489 ], [ -95.929590758944869, 41.292294872239886 ], [ -95.927490749262731, 41.298394886442424 ], [ -95.922373672887105, 41.300313787132907 ], [ -95.920290724723145, 41.301094891478641 ], [ -95.90588967834455, 41.300894888174732 ], [ -95.90428967386039, 41.299594884812429 ], [ -95.904289674909492, 41.297588164317936 ], [ -95.904289677049462, 41.293494870510187 ], [ -95.908760307387965, 41.28586357694018 ], [ -95.909304381472253, 41.284934851268297 ], [ -95.909333525989169, 41.284885106630924 ], [ -95.923880858361755, 41.278124121201046 ] ] ] ] } },
{ "type": "Feature", "properties": { "hex_id": 40, "area_km2": 1039.2304845413241 }, "geometry": { "type": "Polygon", "coordinates": [ [ [ -95.328861211094463, 41.369608368357923 ], [ -95.532915022004545, 41.276047697356752 ], [ -95.742689351932853, 41.362098425409016 ], [ -95.749046210276262, 41.542083479555814 ], [ -95.54445704198092, 41.63604024690931 ], [ -95.334046835908623, 41.549614616803225 ], [ -95.328861211094463, 41.369608368357923 ] ] ] } },
{ "type": "Feature", "properties": { "hex_id": 41, "area_km2": 1039.2304845413241 }, "geometry": { "type": "Polygon", "coordinates": [ [ [ -94.914946378889397, 41.375592960571502 ], [ -95.119623022193593, 41.282786718550852 ], [ -95.328861211094463, 41.369608368357923 ], [ -95.334046835908623, 41.549614616803225 ], [ -95.128822846534703, 41.64281642991898 ], [ -94.918959776196772, 41.555616163502158 ], [ -94.914946378889397, 41.375592960571502 ] ] ] } },
{ "type": "Feature", "properties": { "hex_id": 42, "area_km2": 1039.2304845413241 }, "geometry": { "type": "Polygon", "coordinates": [ [ [ -94.500963864553015, 41.380049156369516 ], [ -94.706256801472037, 41.287998680707297 ], [ -94.914946378889397, 41.375592960571502 ], [ -94.918959776196772, 41.555616163502158 ], [ -94.7131105594232, 41.648059245431241 ], [ -94.503804342553281, 41.560085935724473 ], [ -94.500963864553015, 41.380049156369516 ] ] ] } },
{ "type": "Feature", "properties": { "hex_id": 43, "area_km2": 1039.2304845413241 }, "geometry": { "type": "Polygon", "coordinates": [ [ [ -94.086936123185836, 41.38297763066565 ], [ -94.292832512823495, 41.291685914645157 ], [ -94.500963864553015, 41.380049156369516 ], [ -94.503804342553281, 41.560085935724473 ], [ -94.297339040512242, 41.651768458711793 ], [ -94.088601726115897, 41.563022840279537 ], [ -94.086936123185836, 41.38297763066565 ] ] ] } },
{ "type": "Feature", "properties": { "hex_id": 44, "area_km2": 1039.2304845413241 }, "geometry": { "type": "Polygon", "coordinates": [ [ [ -93.672881416003861, 41.384376982172427 ], [ -93.879374713415103, 41.29384677656698 ], [ -94.086936123185836, 41.38297763066565 ], [ -94.088601726115897, 41.563022840279537 ], [ -93.881531012081695, 41.653941210363378 ], [ -93.673372226730265, 41.564425724833605 ], [ -93.672881416003861, 41.384376982172427 ] ] ] } },
{ "type": "Feature", "properties": { "hex_id": 45, "area_km2": 1039.2304845413241 }, "geometry": { "type": "Polygon", "coordinates": [ [ [ -93.25881722853336, 41.384249948246577 ], [ -93.46589680313572, 41.294482183047968 ], [ -93.672881416003861, 41.384376982172427 ], [ -93.673372226730265, 41.564425724833605 ], [ -93.465704779062207, 41.654579999195398 ], [ -93.258134366613618, 41.564298772086325 ], [ -93.25881722853336, 41.384249948246577 ] ] ] } },
{ "type": "Feature", "properties": { "hex_id": 46, "area_km2": 1039.2304845413241 }, "geometry": { "type": "Polygon", "coordinates": [ [ [ -92.844762979258078, 41.382596531834949 ], [ -93.052420811266003, 41.293592399174273 ], [ -93.25881722853336, 41.384249948246577 ], [ -93.258134366613618, 41.564298772086325 ], [ -93.049884282420393, 41.653689396997564 ], [ -92.842906450407455, 41.562641036827287 ], [ -92.844762979258078, 41.382596531834949 ] ] ] } },
{ "type": "Feature", "properties": { "hex_id": 47, "area_km2": 1039.2304845413241 }, "geometry": { "type": "Polygon", "coordinates": [ [ [ -92.430739266720849, 41.379415385892528 ], [ -92.63896256744043, 41.291179723906318 ], [ -92.844762979258078, 41.382596531834949 ], [ -92.842906450407455, 41.562641036827287 ], [ -92.634074179201278, 41.651257981581999 ], [ -92.427708125763502, 41.559449359651985 ], [ -92.430739266720849, 41.379415385892528 ] ] ] } },
{ "type": "Feature", "properties": { "hex_id": 48, "area_km2": 1039.2304845413241 }, "geometry": { "type": "Polygon", "coordinates": [ [ [ -92.016767380177157, 41.374709049897135 ], [ -92.225547070071556, 41.287241729864149 ], [ -92.430739266720849, 41.379415385892528 ], [ -92.427708125763502, 41.559449359651985 ], [ -92.218310746340876, 41.647297397348041 ], [ -92.012562619504763, 41.554729992681303 ], [ -92.016767380177157, 41.374709049897135 ] ] ] } },
{ "type": "Feature", "properties": { "hex_id": 49, "area_km2": 1039.2304845413241 }, "geometry": { "type": "Polygon", "coordinates": [ [ [ -91.602867879764986, 41.368475466763392 ], [ -91.812192868148784, 41.281778724140445 ], [ -92.016767380177157, 41.374709049897135 ], [ -92.012562619504763, 41.554729992681303 ], [ -91.802610415394057, 41.641803900613375 ], [ -91.597490150235529, 41.548478612907111 ], [ -91.602867879764986, 41.368475466763392 ] ] ] } },
{ "type": "Feature", "properties": { "hex_id": 50, "area_km2": 1039.2304845413241 }, "geometry": { "type": "Polygon", "coordinates": [ [ [ -91.189059735427563, 41.360715792733863 ], [ -91.39892069709461, 41.274792894457228 ], [ -91.602867879764986, 41.368475466763392 ], [ -91.597490150235529, 41.548478612907111 ], [ -91.386991802110543, 41.634776906932693 ], [ -91.182508900343464, 41.540696202714756 ], [ -91.189059735427563, 41.360715792733863 ] ] ] } },
{ "type": "Feature", "properties": { "hex_id": 51, "area_km2": 679.86813150218632 }, "geometry": { "type": "Polygon", "coordinates": [ [ [ -91.189059735427563, 41.360715792733863 ], [ -91.182508900343464, 41.540696202714756 ], [ -90.971475745340285, 41.626216532642403 ], [ -90.767638991716851, 41.531382578641214 ], [ -90.771105037784736, 41.450730986719371 ], [ -90.771669447812442, 41.450760531760956 ], [ -90.777580459384055, 41.451260547133003 ], [ -90.78160206692273, 41.45201272953495 ], [ -90.786279472988554, 41.452887569372599 ], [ -90.807280513960137, 41.454465623770012 ], [ -90.82473355289639, 41.454466669490174 ], [ -90.837411576313499, 41.455622702062399 ], [ -90.846555598687189, 41.455140726263572 ], [ -90.853601619740857, 41.453908745451322 ], [ -90.857551633672713, 41.452750756520381 ], [ -90.867279675921239, 41.4482147849955 ], [ -90.871308837709023, 41.445909390135057 ], [ -90.879775737517761, 41.44106482289228 ], [ -90.890469219013283, 41.435593323469497 ], [ -90.890784790040939, 41.435431856266852 ], [ -90.891493324232044, 41.435118858016665 ], [ -90.899585801822596, 41.431543968910212 ], [ -90.900468833955983, 41.43115388543935 ], [ -90.919348907984585, 41.425588940812972 ], [ -90.924340934219643, 41.422859956607006 ], [ -90.93001395597679, 41.421403973267886 ], [ -90.949788991722855, 41.424163024632627 ], [ -90.953195995460618, 41.425075033045736 ], [ -90.966660002204023, 41.430051064780557 ], [ -90.975166001454454, 41.433985083828929 ], [ -90.979813010854315, 41.43432109596629 ], [ -90.984896025695889, 41.433869110067015 ], [ -91.005844104762403, 41.426135166380732 ], [ -91.009570154255215, 41.425460304249569 ], [ -91.011978108911919, 41.425024175472736 ], [ -91.021461823170341, 41.424171632412211 ], [ -91.027785111116359, 41.423603197407857 ], [ -91.034750622804495, 41.420930020009564 ], [ -91.037129127118064, 41.420017213550992 ], [ -91.039870134085589, 41.418523218818784 ], [ -91.04398614646324, 41.415897227201597 ], [ -91.045062027117211, 41.414872263095091 ], [ -91.045888155316717, 41.414085231783474 ], [ -91.047817171409861, 41.410900238010932 ], [ -91.049218580986064, 41.404839524266009 ], [ -91.050326227762355, 41.400049253981145 ], [ -91.050696571697671, 41.393265889648454 ], [ -91.051008293560514, 41.387556269498312 ], [ -91.051578305201204, 41.385283272934146 ], [ -91.05269760616676, 41.383939424865389 ], [ -91.063718416148276, 41.370707688083463 ], [ -91.065056379424846, 41.369101310711088 ], [ -91.06651839808255, 41.365246317380475 ], [ -91.07155052461782, 41.339651355420976 ], [ -91.07193911993204, 41.333592665537431 ], [ -91.071954080490542, 41.333359411594088 ], [ -91.07323165649359, 41.313440389670035 ], [ -91.074435568031788, 41.307554431686142 ], [ -91.189059735427563, 41.360715792733863 ] ] ] } },
{ "type": "Feature", "properties": { "hex_id": 52, "area_km2": 268.48625778422303 }, "geometry": { "type": "Polygon", "coordinates": [ [ [ -90.767638991716851, 41.531382578641214 ], [ -90.55608142409136, 41.616123443124586 ], [ -90.423221592449963, 41.553695054353561 ], [ -90.424531926268358, 41.55298760535927 ], [ -90.425163143388389, 41.55264681701334 ], [ -90.42722827100539, 41.551531873558964 ], [ -90.432728262188789, 41.549531883516906 ], [ -90.433897022631413, 41.548424637899672 ], [ -90.438428247742635, 41.544131903215934 ], [ -90.443577580689535, 41.538073869401991 ], [ -90.445228229604027, 41.536131931450996 ], [ -90.461429203294173, 41.523531981943449 ], [ -90.474329194490323, 41.519732005056582 ], [ -90.475292171938278, 41.51963941814823 ], [ -90.489484180684315, 41.518274906349198 ], [ -90.489930188647463, 41.518232024253791 ], [ -90.500630185922901, 41.518032035472537 ], [ -90.50361126428237, 41.518389740104588 ], [ -90.513131189829537, 41.519532052222296 ], [ -90.513186209091245, 41.51954698136656 ], [ -90.532494179238157, 41.524786083507038 ], [ -90.533032197866547, 41.524932071673106 ], [ -90.53723219931436, 41.525570052091133 ], [ -90.540932200596117, 41.526132082509172 ], [ -90.554927495147581, 41.524393219488957 ], [ -90.556232203424202, 41.524231114335649 ], [ -90.56628567755233, 41.518108222368568 ], [ -90.567233202123319, 41.517531149082302 ], [ -90.571133202341827, 41.516331158352841 ], [ -90.580411546720725, 41.515309707114376 ], [ -90.581609237217478, 41.515177853570684 ], [ -90.58161115436701, 41.515177642512015 ], [ -90.582033204253221, 41.515131179110696 ], [ -90.591034204953374, 41.512831198693341 ], [ -90.594523825503387, 41.51133565564092 ], [ -90.595234204783537, 41.511031209115998 ], [ -90.602134203098828, 41.506031229771878 ], [ -90.60423420167281, 41.497031234725213 ], [ -90.605731075304334, 41.494565793874806 ], [ -90.605934204230536, 41.494231228353982 ], [ -90.608603304928565, 41.492282361136645 ], [ -90.618534217346848, 41.485031222025178 ], [ -90.630664109762819, 41.479573174089801 ], [ -90.632535232069372, 41.478731231701481 ], [ -90.640235244204391, 41.473331234225967 ], [ -90.650235264244614, 41.465031237757017 ], [ -90.65583627389509, 41.462131245011165 ], [ -90.666236286202945, 41.460631267400245 ], [ -90.668936288651039, 41.460684215261615 ], [ -90.676436295423812, 41.460831292617684 ], [ -90.681442392905154, 41.459386256665091 ], [ -90.690948318721368, 41.456642323147683 ], [ -90.701156333837318, 41.454742347343689 ], [ -90.723324329662589, 41.45227170449094 ], [ -90.72354236462553, 41.452247404314711 ], [ -90.737534386682711, 41.450126441286585 ], [ -90.750139402847367, 41.449631475420432 ], [ -90.771105037784736, 41.450730986719371 ], [ -90.767638991716851, 41.531382578641214 ] ] ] } },
{ "type": "Feature", "properties": { "hex_id": 53, "area_km2": 297.51378582286168 }, "geometry": { "type": "Polygon", "coordinates": [ [ [ -95.966994524076128, 41.807712220504492 ], [ -95.959992464195452, 41.627732814534198 ], [ -96.082680339143835, 41.570835503374781 ], [ -96.082405791167076, 41.571227464724238 ], [ -96.081177792868914, 41.574272473039024 ], [ -96.081151793443865, 41.577287479674403 ], [ -96.08184279343304, 41.580405485562991 ], [ -96.08197396868519, 41.580649835364397 ], [ -96.083416792710992, 41.583337489836808 ], [ -96.085770791349134, 41.585744491886402 ], [ -96.088682789509605, 41.587518491777168 ], [ -96.101495781189499, 41.591578483027192 ], [ -96.104464779675766, 41.593167482374149 ], [ -96.107536360303627, 41.59547772200807 ], [ -96.109386777864145, 41.596869483553178 ], [ -96.109609149385903, 41.597139870822687 ], [ -96.113832777578935, 41.602275488985335 ], [ -96.114650364079523, 41.603701456354507 ], [ -96.115829778159025, 41.605758493656658 ], [ -96.117557779435955, 41.609997500297744 ], [ -96.118104781049723, 41.613493506992683 ], [ -96.117949783237577, 41.617354515451453 ], [ -96.116232786287327, 41.621572526888428 ], [ -96.11414578841584, 41.623973534985389 ], [ -96.100700798278524, 41.635505579004011 ], [ -96.097727800592367, 41.63963159221111 ], [ -96.095045803755227, 41.647363612852203 ], [ -96.095245834641503, 41.650275166432031 ], [ -96.095414805426969, 41.652734623958899 ], [ -96.097932807178196, 41.658680633140634 ], [ -96.099836807909611, 41.66102863541105 ], [ -96.111482811003484, 41.668546634335307 ], [ -96.114977812483843, 41.671218634850973 ], [ -96.118119814397488, 41.674397636948797 ], [ -96.12098281663836, 41.677859640038427 ], [ -96.121725819573541, 41.682738649309073 ], [ -96.121711775402872, 41.682988509010869 ], [ -96.121400822872587, 41.688520662110726 ], [ -96.120899777624373, 41.689579144398039 ], [ -96.120156824084006, 41.691148669598817 ], [ -96.117750825149443, 41.694219679814616 ], [ -96.111967825249124, 41.697771696251522 ], [ -96.105118823977747, 41.69991571135531 ], [ -96.090578818374581, 41.697423728243905 ], [ -96.082428815963212, 41.698157742323851 ], [ -96.079492353245172, 41.699746179414191 ], [ -96.075954814347853, 41.701659759933669 ], [ -96.073062813665089, 41.705002771737099 ], [ -96.072320813554612, 41.706856776964287 ], [ -96.072493813813693, 41.708792780960252 ], [ -96.073375814388768, 41.710672783732747 ], [ -96.075150815497778, 41.713263786676194 ], [ -96.07968181841737, 41.717960789926977 ], [ -96.087599823543854, 41.722178786758917 ], [ -96.092985514599263, 41.724272778321044 ], [ -96.102609834218541, 41.728014775820789 ], [ -96.105581837586669, 41.731645778953265 ], [ -96.106325839340883, 41.734589784111158 ], [ -96.106424840834322, 41.737888791052093 ], [ -96.104621842169266, 41.744209807537295 ], [ -96.10277184157853, 41.746337815087863 ], [ -96.097510838332653, 41.749074829448659 ], [ -96.09741758432169, 41.749096333773515 ], [ -96.091686834605582, 41.750417841918974 ], [ -96.08467283428169, 41.753312860747947 ], [ -96.079914839010314, 41.757893880262962 ], [ -96.078299844682888, 41.761596892433964 ], [ -96.078323683515876, 41.761960807078545 ], [ -96.078938863750324, 41.771351916735483 ], [ -96.077542874836539, 41.777822935680284 ], [ -96.073196880903424, 41.783007955769435 ], [ -96.066412886146651, 41.788911981298028 ], [ -96.064536892208011, 41.793000994613919 ], [ -96.064878898590123, 41.796229002366907 ], [ -96.067328909049863, 41.800627009984325 ], [ -96.069661916562794, 41.803508013922801 ], [ -96.075547929959072, 41.807810016327153 ], [ -96.081025939299167, 41.810143014329022 ], [ -96.093834955856835, 41.812784002491682 ], [ -96.098269962579735, 41.814204999768144 ], [ -96.103748973195479, 41.817149999601078 ], [ -96.107591983497073, 41.820684003439268 ], [ -96.109346990986523, 41.823734009043278 ], [ -96.110810000902646, 41.828171018793036 ], [ -96.110855505504077, 41.829412245886594 ], [ -96.110907006109258, 41.830817025721068 ], [ -96.109249079214294, 41.836085801924433 ], [ -96.107911021735774, 41.840338055326043 ], [ -96.108029029681433, 41.844396065970663 ], [ -96.110246040363691, 41.848849074784304 ], [ -96.113962052094152, 41.853101081061588 ], [ -96.116202057637537, 41.854868082745696 ], [ -96.123215071501903, 41.858579083223212 ], [ -96.130620082898957, 41.86080807927069 ], [ -96.135253091860321, 41.863127079359487 ], [ -96.13900960690971, 41.86630009102894 ], [ -96.142045109639852, 41.868864085995945 ], [ -96.144483117874671, 41.87185309097984 ], [ -96.146083125600043, 41.874987097497964 ], [ -96.14675713128419, 41.877537103639483 ], [ -96.146963794870004, 41.880071914972362 ], [ -95.966994524076128, 41.807712220504492 ] ] ] } },
{ "type": "Feature", "properties": { "hex_id": 54, "area_km2": 1039.2304845413241 }, "geometry": { "type": "Polygon", "coordinates": [ [ [ -95.54445704198092, 41.63604024690931 ], [ -95.749046210276262, 41.542083479555814 ], [ -95.959992464195452, 41.627732814534198 ], [ -95.966994524076128, 41.807712220504492 ], [ -95.761869180137793, 41.902066877728828 ], [ -95.550277653768603, 41.816043597064443 ], [ -95.54445704198092, 41.63604024690931 ] ] ] } },
{ "type": "Feature", "properties": { "hex_id": 55, "area_km2": 1039.2304845413241 }, "geometry": { "type": "Polygon", "coordinates": [ [ [ -95.128822846534703, 41.64281642991898 ], [ -95.334046835908623, 41.549614616803225 ], [ -95.54445704198092, 41.63604024690931 ], [ -95.550277653768603, 41.816043597064443 ], [ -95.344506711804385, 41.909640922345744 ], [ -95.133461742503854, 41.822838618422139 ], [ -95.128822846534703, 41.64281642991898 ] ] ] } },
{ "type": "Feature", "properties": { "hex_id": 56, "area_km2": 1039.2304845413241 }, "geometry": { "type": "Polygon", "coordinates": [ [ [ -94.7131105594232, 41.648059245431241 ], [ -94.918959776196772, 41.555616163502158 ], [ -95.128822846534703, 41.64281642991898 ], [ -95.133461742503854, 41.822838618422139 ], [ -94.927054470282528, 41.915675855365649 ], [ -94.716566309930727, 41.828096234627452 ], [ -94.7131105594232, 41.648059245431241 ] ] ] } },
{ "type": "Feature", "properties": { "hex_id": 57, "area_km2": 1039.2304845413241 }, "geometry": { "type": "Polygon", "coordinates": [ [ [ -94.297339040512242, 41.651768458711793 ], [ -94.503804342553281, 41.560085935724473 ], [ -94.7131105594232, 41.648059245431241 ], [ -94.716566309930727, 41.828096234627452 ], [ -94.509532468323712, 41.920170807583638 ], [ -94.299611639946789, 41.831815658533841 ], [ -94.297339040512242, 41.651768458711793 ] ] ] } },
{ "type": "Feature", "properties": { "hex_id": 58, "area_km2": 1039.2304845413241 }, "geometry": { "type": "Polygon", "coordinates": [ [ [ -93.881531012081695, 41.653941210363378 ], [ -94.088601726115897, 41.563022840279537 ], [ -94.297339040512242, 41.651768458711793 ], [ -94.299611639946789, 41.831815658533841 ], [ -94.091959815473444, 41.923125570485666 ], [ -93.882616826973603, 41.833995602185119 ], [ -93.881531012081695, 41.653941210363378 ] ] ] } },
{ "type": "Feature", "properties": { "hex_id": 59, "area_km2": 1039.2304845413241 }, "geometry": { "type": "Polygon", "coordinates": [ [ [ -93.465704779062207, 41.654579999195398 ], [ -93.673372226730265, 41.564425724833605 ], [ -93.881531012081695, 41.653941210363378 ], [ -93.882616826973603, 41.833995602185119 ], [ -93.674359652433239, 41.924536699502298 ], [ -93.465607477488845, 41.834636108426409 ], [ -93.465704779062207, 41.654579999195398 ] ] ] } },
{ "type": "Feature", "properties": { "hex_id": 60, "area_km2": 1039.2304845413241 }, "geometry": { "type": "Polygon", "coordinates": [ [ [ -93.049884282420393, 41.653689396997564 ], [ -93.258134366613618, 41.564298772086325 ], [ -93.465704779062207, 41.654579999195398 ], [ -93.465607477488845, 41.834636108426409 ], [ -93.25675699599195, 41.924408999374833 ], [ -93.048603490021335, 41.833743391333002 ], [ -93.049884282420393, 41.653689396997564 ] ] ] } },
{ "type": "Feature", "properties": { "hex_id": 61, "area_km2": 1039.2304845413241 }, "geometry": { "type": "Polygon", "coordinates": [ [ [ -92.634074179201278, 41.651257981581999 ], [ -92.842906450407455, 41.562641036827287 ], [ -93.049884282420393, 41.653689396997564 ], [ -93.048603490021335, 41.833743391333002 ], [ -92.839159985290323, 41.922741943371548 ], [ -92.631608857215681, 41.831304782994607 ], [ -92.634074179201278, 41.651257981581999 ] ] ] } },
{ "type": "Feature", "properties": { "hex_id": 62, "area_km2": 1039.2304845413241 }, "geometry": { "type": "Polygon", "coordinates": [ [ [ -92.218310746340876, 41.647297397348041 ], [ -92.427708125763502, 41.559449359651985 ], [ -92.634074179201278, 41.651257981581999 ], [ -92.631608857215681, 41.831304782994607 ], [ -92.421593716268447, 41.919532938587899 ], [ -92.214662057862171, 41.827332908029739 ], [ -92.218310746340876, 41.647297397348041 ] ] ] } },
{ "type": "Feature", "properties": { "hex_id": 63, "area_km2": 1039.2304845413241 }, "geometry": { "type": "Polygon", "coordinates": [ [ [ -91.802610415394057, 41.641803900613375 ], [ -92.012562619504763, 41.554729992681303 ], [ -92.218310746340876, 41.647297397348041 ], [ -92.214662057862171, 41.827332908029739 ], [ -92.004081811246394, 41.914785843926957 ], [ -91.797777908572215, 41.821823655328927 ], [ -91.802610415394057, 41.641803900613375 ] ] ] } },
{ "type": "Feature", "properties": { "hex_id": 64, "area_km2": 1039.2304845413241 }, "geometry": { "type": "Polygon", "coordinates": [ [ [ -91.386991802110543, 41.634776906932693 ], [ -91.597490150235529, 41.548478612907111 ], [ -91.802610415394057, 41.641803900613375 ], [ -91.797777908572215, 41.821823655328927 ], [ -91.586641293345807, 41.908497272592342 ], [ -91.380976103997483, 41.814775197757569 ], [ -91.386991802110543, 41.634776906932693 ] ] ] } },
{ "type": "Feature", "properties": { "hex_id": 65, "area_km2": 1039.2304845413241 }, "geometry": { "type": "Polygon", "coordinates": [ [ [ -90.971475745340285, 41.626216532642403 ], [ -91.182508900343464, 41.540696202714756 ], [ -91.386991802110543, 41.634776906932693 ], [ -91.380976103997483, 41.814775197757569 ], [ -91.16929612870706, 41.900668292809634 ], [ -90.964279235286781, 41.806190576713782 ], [ -90.971475745340285, 41.626216532642403 ] ] ] } },
{ "type": "Feature", "properties": { "hex_id": 66, "area_km2": 1039.2304845413241 }, "geometry": { "type": "Polygon", "coordinates": [ [ [ -90.55608142409136, 41.616123443124586 ], [ -90.767638991716851, 41.531382578641214 ], [ -90.971475745340285, 41.626216532642403 ], [ -90.964279235286781, 41.806190576713782 ], [ -90.752065914830524, 41.891302820576577 ], [ -90.547704511592357, 41.796068631841564 ], [ -90.55608142409136, 41.616123443124586 ] ] ] } },
{ "type": "Feature", "properties": { "hex_id": 67, "area_km2": 620.64034947116522 }, "geometry": { "type": "Polygon", "coordinates": [ [ [ -90.55608142409136, 41.616123443124586 ], [ -90.547704511592357, 41.796068631841564 ], [ -90.334967926270409, 41.880397492810957 ], [ -90.181494508416804, 41.808138028176394 ], [ -90.18197180143693, 41.807068192659621 ], [ -90.187967780364175, 41.803161200155948 ], [ -90.208465779873762, 41.797612833196872 ], [ -90.20949161325214, 41.797335162216783 ], [ -90.210123034644226, 41.797164250059424 ], [ -90.216887691315776, 41.795333203389141 ], [ -90.222261673141418, 41.793131206760492 ], [ -90.24237885672629, 41.782962735137012 ], [ -90.246655246552692, 41.780801182708743 ], [ -90.248629576582033, 41.779803233971002 ], [ -90.258620527487466, 41.775293248787129 ], [ -90.263284500669869, 41.77211025982254 ], [ -90.278631422085681, 41.767356276078104 ], [ -90.279709592416765, 41.766582682531684 ], [ -90.302780261457556, 41.750029334829136 ], [ -90.310706189896479, 41.742212352054686 ], [ -90.315218135663926, 41.734262369993743 ], [ -90.31635585532176, 41.728883180975004 ], [ -90.317666076972827, 41.722688396356041 ], [ -90.317419060097265, 41.718331406235237 ], [ -90.313318040290355, 41.709492425781342 ], [ -90.312891033747391, 41.707526430153791 ], [ -90.312768012766512, 41.70242444162502 ], [ -90.31319253102015, 41.699651267345608 ], [ -90.313432991943429, 41.698080451525222 ], [ -90.314684973597295, 41.694828459098133 ], [ -90.317312950711496, 41.691668466780968 ], [ -90.319921933148152, 41.689719471766743 ], [ -90.330219873223683, 41.683952487390492 ], [ -90.332478858317174, 41.682144492153959 ], [ -90.333859164559556, 41.680397489780603 ], [ -90.334522841372802, 41.679557498724201 ], [ -90.335858617932757, 41.670449853746504 ], [ -90.336701100368032, 41.66470560816456 ], [ -90.336726777606444, 41.664530534668259 ], [ -90.339773843368945, 41.656565840777986 ], [ -90.340143795572985, 41.655598826697151 ], [ -90.340145542784427, 41.655594259680214 ], [ -90.343449693033961, 41.646957578708246 ], [ -90.343327671361436, 41.640853593201754 ], [ -90.340939936442297, 41.614338367188893 ], [ -90.340675655975161, 41.611403597388701 ], [ -90.339525526148918, 41.598631691494411 ], [ -90.339888520138359, 41.597179695151453 ], [ -90.341069265436857, 41.592456648254768 ], [ -90.341525493290987, 41.590631711699423 ], [ -90.343225480292489, 41.58783171945354 ], [ -90.351892331020082, 41.584431331930318 ], [ -90.356133229169131, 41.5827674409311 ], [ -90.364125419651344, 41.579631753303595 ], [ -90.364667069076461, 41.579537285470948 ], [ -90.370995391333821, 41.578433577373339 ], [ -90.378777317192615, 41.577076349770024 ], [ -90.381326385523067, 41.576631772722152 ], [ -90.397927350705203, 41.572231795817729 ], [ -90.405727331667535, 41.568619730440226 ], [ -90.412827315303574, 41.565331824985535 ], [ -90.412983712135727, 41.565206707597575 ], [ -90.415827306463939, 41.562931833685845 ], [ -90.419883924116021, 41.557417364968074 ], [ -90.42222728120727, 41.554231862188821 ], [ -90.423221592449963, 41.553695054353561 ], [ -90.55608142409136, 41.616123443124586 ] ] ] } },
{ "type": "Feature", "properties": { "hex_id": 68, "area_km2": 57.058484468602899 }, "geometry": { "type": "MultiPolygon", "coordinates": [ [ [ [ -96.186779591561688, 42.072922547011203 ], [ -96.183682904126002, 42.000267959112051 ], [ -96.184644414256738, 42.002632403729351 ], [ -96.188067417270403, 42.006322401895773 ], [ -96.1945564238153, 42.00866139634833 ], [ -96.20608343612669, 42.009266384912259 ], [ -96.207050704671474, 42.008994888705381 ], [ -96.215225446699506, 42.006700374475521 ], [ -96.217637450117024, 42.00386137074927 ], [ -96.221813450433842, 41.997381357088713 ], [ -96.223896448766425, 41.995455349299171 ], [ -96.225463449002874, 41.994733345565152 ], [ -96.229739453032366, 41.994409340208115 ], [ -96.231053589859272, 41.994802334024001 ], [ -96.236487464623039, 41.996427339247674 ], [ -96.240713475340513, 41.999350343620165 ], [ -96.242035477832019, 42.000910344620991 ], [ -96.242380477521792, 42.002898345169697 ], [ -96.241932475623329, 42.006964347464312 ], [ -96.238859470479582, 42.01231435300415 ], [ -96.237359635763781, 42.013178887372753 ], [ -96.227867456750346, 42.018650367018587 ], [ -96.223611451075683, 42.022651373137116 ], [ -96.221730448076158, 42.02620437664298 ], [ -96.221901447273154, 42.029557377978399 ], [ -96.223822448115612, 42.033345377737547 ], [ -96.225656449411076, 42.035216376723014 ], [ -96.232125454687306, 42.039144371945802 ], [ -96.238392460295273, 42.041087366481918 ], [ -96.246832468494631, 42.041615358182014 ], [ -96.254542465846967, 42.039453350075775 ], [ -96.256087464116135, 42.038079348103764 ], [ -96.261132456469042, 42.038973344159189 ], [ -96.262222097615179, 42.039323105288702 ], [ -96.263886452143922, 42.039857342202417 ], [ -96.268637444324497, 42.042313339301536 ], [ -96.271427439259398, 42.044987338224651 ], [ -96.27287743629671, 42.047237338101809 ], [ -96.272901815365501, 42.047280583431515 ], [ -96.275548430603578, 42.051975338203498 ], [ -96.277626719346202, 42.058017959822045 ], [ -96.27844542315475, 42.06039834002604 ], [ -96.279342418052423, 42.070279344296345 ], [ -96.279079417001483, 42.074025346406209 ], [ -96.276758417585995, 42.081415351975245 ], [ -96.274531988314806, 42.085250283453242 ], [ -96.274135419729035, 42.085933356285992 ], [ -96.271777422159417, 42.088696359483734 ], [ -96.271227501574387, 42.089689697570819 ], [ -96.267636425453091, 42.096176366317792 ], [ -96.266594424326883, 42.103261370536302 ], [ -96.266663426162125, 42.103928804966607 ], [ -96.266753379864184, 42.104798976416383 ], [ -96.186779591561688, 42.072922547011203 ] ] ], [ [ [ -96.182676161923737, 41.976612786508142 ], [ -96.184243367386316, 41.976695336682134 ], [ -96.186265371021861, 41.977416336568943 ], [ -96.186964191033127, 41.977948708857333 ], [ -96.190602382382153, 41.980720341374777 ], [ -96.191549386058909, 41.982031344120195 ], [ -96.192141391613958, 41.984460350447236 ], [ -96.18951639856077, 41.989313367076271 ], [ -96.184784405770969, 41.995459389495409 ], [ -96.183801409321148, 41.997759397044703 ], [ -96.18364127051737, 41.999290043331399 ], [ -96.182676161923737, 41.976612786508142 ] ] ] ] } },
{ "type": "Feature", "properties": { "hex_id": 69, "area_km2": 1006.9718486344921 }, "geometry": { "type": "Polygon", "coordinates": [ [ [ -96.186779591561688, 42.072922547011203 ], [ -95.9811191843377, 42.167675861351128 ], [ -95.76833572225982, 42.082061496075745 ], [ -95.761869180137793, 41.902066877728828 ], [ -95.966994524076128, 41.807712220504492 ], [ -96.146963794870004, 41.880071914972362 ], [ -96.147350146215359, 41.88481012291502 ], [ -96.148826154220643, 41.888131130178728 ], [ -96.152179165338552, 41.892084136824259 ], [ -96.158204181387575, 41.897172143316219 ], [ -96.161756194157903, 41.90181915180942 ], [ -96.161988201816968, 41.905552161940264 ], [ -96.160767205547103, 41.908043170401257 ], [ -96.159098207869874, 41.910056178067158 ], [ -96.154301207725567, 41.912420190522262 ], [ -96.142265201402338, 41.915378213374986 ], [ -96.139864451029879, 41.916719221154445 ], [ -96.139653201625734, 41.916837220549738 ], [ -96.136743206500682, 41.92082523497556 ], [ -96.136133211183648, 41.923529243092766 ], [ -96.136613218809927, 41.92716625245189 ], [ -96.143493245991991, 41.937386272351681 ], [ -96.144583255314004, 41.941543282514765 ], [ -96.143603260140097, 41.944511291802726 ], [ -96.142597261837977, 41.945907296790551 ], [ -96.137047390682213, 41.950772316437323 ], [ -96.135393266688098, 41.952222322268234 ], [ -96.133318271376709, 41.955731334169762 ], [ -96.129186285387746, 41.965135364324581 ], [ -96.128900294052144, 41.969726377094922 ], [ -96.129505298503545, 41.971672381719003 ], [ -96.132537307537689, 41.974624386467582 ], [ -96.141228323659206, 41.978062386537445 ], [ -96.156538344316928, 41.980136375939509 ], [ -96.160680348756216, 41.980113371469443 ], [ -96.168071354527214, 41.978995360470059 ], [ -96.174154356836098, 41.976863347970074 ], [ -96.177203359045336, 41.976324343179087 ], [ -96.182676161923737, 41.976612786508142 ], [ -96.18364127051737, 41.999290043331399 ], [ -96.183568413547817, 41.999986403613356 ], [ -96.183682904126002, 42.000267959112051 ], [ -96.186779591561688, 42.072922547011203 ] ] ] } },
{ "type": "Feature", "properties": { "hex_id": 70, "area_km2": 1039.2304845413241 }, "geometry": { "type": "Polygon", "coordinates": [ [ [ -95.344506711804385, 41.909640922345744 ], [ -95.550277653768603, 41.816043597064443 ], [ -95.761869180137793, 41.902066877728828 ], [ -95.76833572225982, 42.082061496075745 ], [ -95.562018632369714, 42.17605513662803 ], [ -95.349780812467088, 42.089657136271327 ], [ -95.344506711804385, 41.909640922345744 ] ] ] } },
{ "type": "Feature", "properties": { "hex_id": 71, "area_km2": 1039.2304845413241 }, "geometry": { "type": "Polygon", "coordinates": [ [ [ -94.927054470282528, 41.915675855365649 ], [ -95.133461742503854, 41.822838618422139 ], [ -95.344506711804385, 41.909640922345744 ], [ -95.349780812467088, 42.089657136271327 ], [ -95.142817039259867, 42.182888801105612 ], [ -94.93113549548967, 42.095709178555865 ], [ -94.927054470282528, 41.915675855365649 ] ] ] } },
{ "type": "Feature", "properties": { "hex_id": 72, "area_km2": 1039.2304845413241 }, "geometry": { "type": "Polygon", "coordinates": [ [ [ -94.509532468323712, 41.920170807583638 ], [ -94.716566309930727, 41.828096234627452 ], [ -94.927054470282528, 41.915675855365649 ], [ -94.93113549548967, 42.095709178555865 ], [ -94.723534955997238, 42.188176469580661 ], [ -94.512420271872486, 42.100217451291627 ], [ -94.509532468323712, 41.920170807583638 ] ] ] } },
{ "type": "Feature", "properties": { "hex_id": 73, "area_km2": 1039.2304845413241 }, "geometry": { "type": "Polygon", "coordinates": [ [ [ -94.091959815473444, 41.923125570485666 ], [ -94.299611639946789, 41.831815658533841 ], [ -94.509532468323712, 41.920170807583638 ], [ -94.512420271872486, 42.100217451291627 ], [ -94.304193774366752, 42.191918135468832 ], [ -94.093654033292808, 42.103180804165092 ], [ -94.091959815473444, 41.923125570485666 ] ] ] } },
{ "type": "Feature", "properties": { "hex_id": 74, "area_km2": 1039.2304845413241 }, "geometry": { "type": "Polygon", "coordinates": [ [ [ -93.674359652433239, 41.924536699502298 ], [ -93.882616826973603, 41.833995602185119 ], [ -94.091959815473444, 41.923125570485666 ], [ -94.093654033292808, 42.103180804165092 ], [ -93.884810060619998, 42.194112669962998 ], [ -93.6748589560314, 42.104597442373255 ], [ -93.674359652433239, 41.924536699502298 ] ] ] } },
{ "type": "Feature", "properties": { "hex_id": 75, "area_km2": 1039.2304845413241 }, "geometry": { "type": "Polygon", "coordinates": [ [ [ -93.25675699599195, 41.924408999374833 ], [ -93.465607477488845, 41.834636108426409 ], [ -93.674359652433239, 41.924536699502298 ], [ -93.6748589560314, 42.104597442373255 ], [ -93.465410831824855, 42.194754444711684 ], [ -93.256059981750695, 42.10446721450375 ], [ -93.25675699599195, 41.924408999374833 ] ] ] } },
{ "type": "Feature", "properties": { "hex_id": 76, "area_km2": 1039.2304845413241 }, "geometry": { "type": "Polygon", "coordinates": [ [ [ -92.839159985290323, 41.922741943371548 ], [ -93.048603490021335, 41.833743391333002 ], [ -93.25675699599195, 41.924408999374833 ], [ -93.256059981750695, 42.10446721450375 ], [ -93.046013349455791, 42.193853277734 ], [ -92.837269809481782, 42.102795261292513 ], [ -92.839159985290323, 41.922741943371548 ] ] ] } },
{ "type": "Feature", "properties": { "hex_id": 77, "area_km2": 1039.2304845413241 }, "geometry": { "type": "Polygon", "coordinates": [ [ [ -92.421593716268447, 41.919532938587899 ], [ -92.631608857215681, 41.831304782994607 ], [ -92.839159985290323, 41.922741943371548 ], [ -92.837269809481782, 42.102795261292513 ], [ -92.626636570184388, 42.191404725805121 ], [ -92.418510600465297, 42.09957820227747 ], [ -92.421593716268447, 41.919532938587899 ] ] ] } },
{ "type": "Feature", "properties": { "hex_id": 78, "area_km2": 1039.2304845413241 }, "geometry": { "type": "Polygon", "coordinates": [ [ [ -92.004081811246394, 41.914785843926957 ], [ -92.214662057862171, 41.827332908029739 ], [ -92.421593716268447, 41.919532938587899 ], [ -92.418510600465297, 42.09957820227747 ], [ -92.207301720933216, 42.187410411917504 ], [ -91.999804660721111, 42.094817370181758 ], [ -92.004081811246394, 41.914785843926957 ] ] ] } },
{ "type": "Feature", "properties": { "hex_id": 79, "area_km2": 1039.2304845413241 }, "geometry": { "type": "Polygon", "coordinates": [ [ [ -91.586641293345807, 41.908497272592342 ], [ -91.797777908572215, 41.821823655328927 ], [ -92.004081811246394, 41.914785843926957 ], [ -91.999804660721111, 42.094817370181758 ], [ -91.788030051545448, 42.181868035376816 ], [ -91.581170546171222, 42.088507574869134 ], [ -91.586641293345807, 41.908497272592342 ] ] ] } },
{ "type": "Feature", "properties": { "hex_id": 80, "area_km2": 1039.2304845413241 }, "geometry": { "type": "Polygon", "coordinates": [ [ [ -91.16929612870706, 41.900668292809634 ], [ -91.380976103997483, 41.814775197757569 ], [ -91.586641293345807, 41.908497272592342 ], [ -91.581170546171222, 42.088507574869134 ], [ -91.368839735945073, 42.17476725123381 ], [ -91.162631450017443, 42.08065230592883 ], [ -91.16929612870706, 41.900668292809634 ] ] ] } },
{ "type": "Feature", "properties": { "hex_id": 81, "area_km2": 1039.2304845413241 }, "geometry": { "type": "Polygon", "coordinates": [ [ [ -90.752065914830524, 41.891302820576577 ], [ -90.964279235286781, 41.806190576713782 ], [ -91.16929612870706, 41.900668292809634 ], [ -91.162631450017443, 42.08065230592883 ], [ -90.949759903341558, 42.166138208269444 ], [ -90.744213042412753, 42.07126593728357 ], [ -90.752065914830524, 41.891302820576577 ] ] ] } },
{ "type": "Feature", "properties": { "hex_id": 82, "area_km2": 1039.2304845413241 }, "geometry": { "type": "Polygon", "coordinates": [ [ [ -90.334967926270409, 41.880397492810957 ], [ -90.547704511592357, 41.796068631841564 ], [ -90.752065914830524, 41.891302820576577 ], [ -90.744213042412753, 42.07126593728357 ], [ -90.530808428203471, 42.155965017123457 ], [ -90.325924366451048, 42.060329585066725 ], [ -90.334967926270409, 41.880397492810957 ] ] ] } },
{ "type": "Feature", "properties": { "hex_id": 83, "area_km2": 391.81659446091277 }, "geometry": { "type": "Polygon", "coordinates": [ [ [ -90.334967926270409, 41.880397492810957 ], [ -90.325924366451048, 42.060329585066725 ], [ -90.167570235905714, 42.122503420593276 ], [ -90.167531951239297, 42.122473087158063 ], [ -90.162893963774323, 42.11671607208509 ], [ -90.161882968163013, 42.113778062384355 ], [ -90.161484204824191, 42.109703463828502 ], [ -90.161157976570863, 42.106370035179268 ], [ -90.16150298350891, 42.098910006128115 ], [ -90.163403992173613, 42.087610959890085 ], [ -90.168025276541428, 42.076569476409318 ], [ -90.168356997464855, 42.075776906480932 ], [ -90.165894478039647, 42.064232034411177 ], [ -90.165554014413559, 42.062635860678469 ], [ -90.165377391552852, 42.054741573845206 ], [ -90.165293026491653, 42.050970816394688 ], [ -90.164484036408794, 42.042102783800289 ], [ -90.163445039380235, 42.040404779102204 ], [ -90.158828047611905, 42.037766777071134 ], [ -90.154220057764704, 42.033070767272044 ], [ -90.151578063284063, 42.030630762668444 ], [ -90.150915065222961, 42.029437759317283 ], [ -90.149732069388705, 42.026561750518056 ], [ -90.149111073844566, 42.02267673691297 ], [ -90.148613100994197, 42.02137052958755 ], [ -90.148095077576244, 42.020011728650019 ], [ -90.14377508741957, 42.014878717066942 ], [ -90.141166095965801, 42.008928699408756 ], [ -90.140130177351097, 42.003609498131574 ], [ -90.140060102502545, 42.003249680081076 ], [ -90.140612100873255, 41.995996678424298 ], [ -90.146032086450575, 41.988136691486908 ], [ -90.146224079023185, 41.981326711089032 ], [ -90.146753185642623, 41.980644711112028 ], [ -90.148598072775158, 41.978266715922452 ], [ -90.15383306149225, 41.974113719153124 ], [ -90.154558766813523, 41.97299349160479 ], [ -90.162140035521489, 41.961290743562628 ], [ -90.164134026599413, 41.956175755759716 ], [ -90.164866374259219, 41.949510781937647 ], [ -90.164938016630913, 41.948858776635561 ], [ -90.163846013575068, 41.944931790239167 ], [ -90.16064701368731, 41.940842807520319 ], [ -90.156901016502943, 41.938178821229911 ], [ -90.154981140897831, 41.935860771909383 ], [ -90.152658017549243, 41.933055842868043 ], [ -90.151599017009104, 41.93099985053135 ], [ -90.151837393090105, 41.92891519208785 ], [ -90.153360996968345, 41.9155908936524 ], [ -90.15350742454379, 41.909668231896788 ], [ -90.153582986567784, 41.90661192000146 ], [ -90.153985033651111, 41.905605922251247 ], [ -90.157017970463599, 41.898016941048063 ], [ -90.165063938025895, 41.883774973748089 ], [ -90.166380890484646, 41.881832889232811 ], [ -90.167861715842051, 41.879649144461766 ], [ -90.168742566559757, 41.878350170773253 ], [ -90.170039918893607, 41.876436990100153 ], [ -90.171504221495852, 41.870905516197681 ], [ -90.172393969711763, 41.867544449087426 ], [ -90.172468913447105, 41.867261345479967 ], [ -90.172763900240582, 41.866147018500882 ], [ -90.172805767221121, 41.86462740450191 ], [ -90.173004888639056, 41.857400045125196 ], [ -90.174886138039383, 41.853929155749285 ], [ -90.175049879262858, 41.853627054558707 ], [ -90.179063692089514, 41.847949553796767 ], [ -90.180352634242695, 41.846126357102662 ], [ -90.181399853020935, 41.84464507585605 ], [ -90.181787288456093, 41.843536231901922 ], [ -90.181899849949048, 41.843214079819965 ], [ -90.183330074091486, 41.837861457166099 ], [ -90.183334612605037, 41.837844471750593 ], [ -90.183763836179892, 41.836238099809044 ], [ -90.183971831394601, 41.833068109545138 ], [ -90.1817188228367, 41.822597144376019 ], [ -90.180641811425772, 41.811977178433281 ], [ -90.180952807135426, 41.809352186359469 ], [ -90.181494508416804, 41.808138028176394 ], [ -90.334967926270409, 41.880397492810957 ] ] ] } },
{ "type": "Feature", "properties": { "hex_id": 84, "area_km2": 937.46138412822609 }, "geometry": { "type": "Polygon", "coordinates": [ [ [ -96.202226234413644, 42.432856081296421 ], [ -95.988242172713939, 42.347656522564954 ], [ -95.9811191843377, 42.167675861351128 ], [ -96.186779591561688, 42.072922547011203 ], [ -96.266753379864184, 42.104798976416383 ], [ -96.267318420610536, 42.11026437339261 ], [ -96.268900416998505, 42.113589373854396 ], [ -96.272299410106726, 42.118395373756357 ], [ -96.275002405162184, 42.120778373002949 ], [ -96.27920339784815, 42.123479371370642 ], [ -96.285670387346485, 42.125618367892024 ], [ -96.298843635019722, 42.127697355940761 ], [ -96.301023363404866, 42.128041358384792 ], [ -96.301356564072037, 42.128163643955034 ], [ -96.305884355411393, 42.129825355968066 ], [ -96.310085348033127, 42.132522354555853 ], [ -96.313819340894256, 42.136337354143883 ], [ -96.316979333384182, 42.143170355912083 ], [ -96.319528328134624, 42.146646356213942 ], [ -96.325872316586143, 42.151486354848856 ], [ -96.329610481455603, 42.153249234002459 ], [ -96.3379802959182, 42.157196350388212 ], [ -96.34239528785686, 42.160490349579149 ], [ -96.343960618691995, 42.162335614632191 ], [ -96.347752277078897, 42.16680535013483 ], [ -96.349688271928329, 42.172042352244986 ], [ -96.350323268683283, 42.177439355289017 ], [ -96.347243269477886, 42.186720363029814 ], [ -96.347715790936235, 42.191328480595232 ], [ -96.348066264840028, 42.194746367620908 ], [ -96.349166262095679, 42.197252368575157 ], [ -96.351515257121449, 42.200484369291928 ], [ -96.35908724235621, 42.207798369764326 ], [ -96.359870239975649, 42.210544371127042 ], [ -96.358141241132799, 42.214087374385741 ], [ -96.356655351612105, 42.215136127588941 ], [ -96.356591243061928, 42.215181375937725 ], [ -96.345055259923782, 42.217489383632866 ], [ -96.339086268908346, 42.218086387208075 ], [ -96.336323272836907, 42.218921389200162 ], [ -96.332044278361209, 42.221584393095355 ], [ -96.326969820098327, 42.226647275915987 ], [ -96.323723287865576, 42.229886402388196 ], [ -96.322827288616523, 42.231460403772736 ], [ -96.322868287666537, 42.233636405028562 ], [ -96.325548263477287, 42.236110204849282 ], [ -96.330004273857668, 42.240223405356403 ], [ -96.328955274811207, 42.241884406869495 ], [ -96.327706273436576, 42.249991412313499 ], [ -96.328905261409389, 42.254733408771742 ], [ -96.331331248107816, 42.259429404517469 ], [ -96.336003231288473, 42.264805398385796 ], [ -96.341450216829813, 42.269114392220509 ], [ -96.356389189624849, 42.276479377355273 ], [ -96.356406257471562, 42.276492482959441 ], [ -96.360800180971353, 42.27986637169132 ], [ -96.365792169364127, 42.285874363176234 ], [ -96.368454160521992, 42.29184735604413 ], [ -96.368495815919204, 42.301103552294798 ], [ -96.368507146676507, 42.303621345645432 ], [ -96.368675255939408, 42.304747327999927 ], [ -96.369212141039938, 42.308343340892556 ], [ -96.369969138054699, 42.310877337997098 ], [ -96.371790134321031, 42.314171333455576 ], [ -96.375307130152009, 42.31833832649442 ], [ -96.384169125172917, 42.325873311031629 ], [ -96.396269126275342, 42.330856294152149 ], [ -96.402957127972812, 42.334155283894951 ], [ -96.40799812980903, 42.337407275112803 ], [ -96.408330965583374, 42.337745101431253 ], [ -96.202226234413644, 42.432856081296421 ] ] ] } },
{ "type": "Feature", "properties": { "hex_id": 85, "area_km2": 1039.2304845413241 }, "geometry": { "type": "Polygon", "coordinates": [ [ [ -95.562018632369714, 42.17605513662803 ], [ -95.76833572225982, 42.082061496075745 ], [ -95.9811191843377, 42.167675861351128 ], [ -95.988242172713939, 42.347656522564954 ], [ -95.781380570250462, 42.442047566257465 ], [ -95.567939850473138, 42.356059792428432 ], [ -95.562018632369714, 42.17605513662803 ] ] ] } },
{ "type": "Feature", "properties": { "hex_id": 86, "area_km2": 1039.2304845413241 }, "geometry": { "type": "Polygon", "coordinates": [ [ [ -95.142817039259867, 42.182888801105612 ], [ -95.349780812467088, 42.089657136271327 ], [ -95.562018632369714, 42.17605513662803 ], [ -95.567939850473138, 42.356059792428432 ], [ -95.360420406935077, 42.449686543239167 ], [ -95.147535274174402, 42.362912958016636 ], [ -95.142817039259867, 42.182888801105612 ] ] ] } },
{ "type": "Feature", "properties": { "hex_id": 87, "area_km2": 1039.2304845413241 }, "geometry": { "type": "Polygon", "coordinates": [ [ [ -94.723534955997238, 42.188176469580661 ], [ -94.93113549548967, 42.095709178555865 ], [ -95.142817039259867, 42.182888801105612 ], [ -95.147535274174402, 42.362912958016636 ], [ -94.939368601567395, 42.455773540156166 ], [ -94.727049698673909, 42.368215982434627 ], [ -94.723534955997238, 42.188176469580661 ] ] ] } },
{ "type": "Feature", "properties": { "hex_id": 88, "area_km2": 1039.2304845413241 }, "geometry": { "type": "Polygon", "coordinates": [ [ [ -94.304193774366752, 42.191918135468832 ], [ -94.512420271872486, 42.100217451291627 ], [ -94.723534955997238, 42.188176469580661 ], [ -94.727049698673909, 42.368215982434627 ], [ -94.518246029737099, 42.460307827424074 ], [ -94.306504652920523, 42.371968048013159 ], [ -94.304193774366752, 42.191918135468832 ] ] ] } },
{ "type": "Feature", "properties": { "hex_id": 89, "area_km2": 1039.2304845413241 }, "geometry": { "type": "Polygon", "coordinates": [ [ [ -93.884810060619998, 42.194112669962998 ], [ -94.093654033292808, 42.103180804165092 ], [ -94.304193774366752, 42.191918135468832 ], [ -94.306504652920523, 42.371968048013159 ], [ -94.097073513218376, 42.463287614564017 ], [ -93.885917828791534, 42.3741682377429 ], [ -93.884810060619998, 42.194112669962998 ] ] ] } },
{ "type": "Feature", "properties": { "hex_id": 90, "area_km2": 1039.2304845413241 }, "geometry": { "type": "Polygon", "coordinates": [ [ [ -93.465410831824855, 42.194754444711684 ], [ -93.6748589560314, 42.104597442373255 ], [ -93.884810060619998, 42.194112669962998 ], [ -93.885917828791534, 42.3741682377429 ], [ -93.675869078448585, 42.464711875112869 ], [ -93.465312359954851, 42.374812654506727 ], [ -93.465410831824855, 42.194754444711684 ] ] ] } },
{ "type": "Feature", "properties": { "hex_id": 91, "area_km2": 1039.2304845413241 }, "geometry": { "type": "Polygon", "coordinates": [ [ [ -93.046013349455791, 42.193853277734 ], [ -93.256059981750695, 42.10446721450375 ], [ -93.465410831824855, 42.194754444711684 ], [ -93.465312359954851, 42.374812654506727 ], [ -93.254657399967044, 42.464582500098516 ], [ -93.044709285525812, 42.37390904311988 ], [ -93.046013349455791, 42.193853277734 ] ] ] } },
{ "type": "Feature", "properties": { "hex_id": 92, "area_km2": 1039.2304845413241 }, "geometry": { "type": "Polygon", "coordinates": [ [ [ -92.626636570184388, 42.191404725805121 ], [ -92.837269809481782, 42.102795261292513 ], [ -93.046013349455791, 42.193853277734 ], [ -93.044709285525812, 42.37390904311988 ], [ -92.833458099064416, 42.462900810726623 ], [ -92.624128617267047, 42.371453830468191 ], [ -92.626636570184388, 42.191404725805121 ] ] ] } },
{ "type": "Feature", "properties": { "hex_id": 93, "area_km2": 1039.2304845413241 }, "geometry": { "type": "Polygon", "coordinates": [ [ [ -92.207301720933216, 42.187410411917504 ], [ -92.418510600465297, 42.09957820227747 ], [ -92.626636570184388, 42.191404725805121 ], [ -92.624128617267047, 42.371453830468191 ], [ -92.412290216074936, 42.459665646728347 ], [ -92.203589405952741, 42.367447884175874 ], [ -92.207301720933216, 42.187410411917504 ] ] ] } },
{ "type": "Feature", "properties": { "hex_id": 94, "area_km2": 1039.2304845413241 }, "geometry": { "type": "Polygon", "coordinates": [ [ [ -91.788030051545448, 42.181868035376816 ], [ -91.999804660721111, 42.094817370181758 ], [ -92.207301720933216, 42.187410411917504 ], [ -92.203589405952741, 42.367447884175874 ], [ -91.99117682255887, 42.454877151038936 ], [ -91.783116107524776, 42.361889062040291 ], [ -91.788030051545448, 42.181868035376816 ] ] ] } },
{ "type": "Feature", "properties": { "hex_id": 95, "area_km2": 1039.2304845413241 }, "geometry": { "type": "Polygon", "coordinates": [ [ [ -91.368839735945073, 42.17476725123381 ], [ -91.581170546171222, 42.088507574869134 ], [ -91.788030051545448, 42.181868035376816 ], [ -91.783116107524776, 42.361889062040291 ], [ -91.570142071964455, 42.448530024705903 ], [ -91.362726066150188, 42.354770021949747 ], [ -91.368839735945073, 42.17476725123381 ] ] ] } },
{ "type": "Feature", "properties": { "hex_id": 96, "area_km2": 1039.2304845413241 }, "geometry": { "type": "Polygon", "coordinates": [ [ [ -90.949759903341558, 42.166138208269444 ], [ -91.162631450017443, 42.08065230592883 ], [ -91.368839735945073, 42.17476725123381 ], [ -91.362726066150188, 42.354770021949747 ], [ -91.149200938024094, 42.440633136179194 ], [ -90.942442315678051, 42.346115315895091 ], [ -90.949759903341558, 42.166138208269444 ] ] ] } },
{ "type": "Feature", "properties": { "hex_id": 97, "area_km2": 1039.2304845413241 }, "geometry": { "type": "Polygon", "coordinates": [ [ [ -90.530808428203471, 42.155965017123457 ], [ -90.744213042412753, 42.07126593728357 ], [ -90.949759903341558, 42.166138208269444 ], [ -90.942442315678051, 42.346115315895091 ], [ -90.728371241425975, 42.431191789597634 ], [ -90.522286709811397, 42.3359132945669 ], [ -90.530808428203471, 42.155965017123457 ] ] ] } },
{ "type": "Feature", "properties": { "hex_id": 98, "area_km2": 434.2176757650679 }, "geometry": { "type": "Polygon", "coordinates": [ [ [ -90.325924366451048, 42.060329585066725 ], [ -90.530808428203471, 42.155965017123457 ], [ -90.522286709811397, 42.3359132945669 ], [ -90.456064729904412, 42.361987338689147 ], [ -90.452723862778896, 42.359302832635947 ], [ -90.446319825333816, 42.357040816770613 ], [ -90.443873814656101, 42.355217801553707 ], [ -90.430545786879534, 42.336859633535894 ], [ -90.429237554988205, 42.335788155176026 ], [ -90.425362764418551, 42.332614593482539 ], [ -90.421349742608953, 42.330471573077865 ], [ -90.419026732586701, 42.328504553864839 ], [ -90.418397815264584, 42.327647483598732 ], [ -90.416534726445974, 42.325108520165983 ], [ -90.415936730756428, 42.322698496055409 ], [ -90.416199737760962, 42.321313482210037 ], [ -90.417124749676518, 42.319942468586895 ], [ -90.420074780059522, 42.317680446453544 ], [ -90.421046793128227, 42.316108431051177 ], [ -90.420299803725229, 42.311689387124716 ], [ -90.420453828063884, 42.305373324608595 ], [ -90.423955317173608, 42.294478297706824 ], [ -90.424325901998202, 42.29332520803527 ], [ -90.426908931513097, 42.290718184444856 ], [ -90.430595753143322, 42.284446956281613 ], [ -90.430734985311375, 42.284210124488851 ], [ -90.430884008855131, 42.278229066824963 ], [ -90.42571522509536, 42.269190849090165 ], [ -90.424097999882534, 42.266362943080217 ], [ -90.422382835654304, 42.260578539868035 ], [ -90.422181008601697, 42.259897876739515 ], [ -90.419326005895996, 42.254465818551452 ], [ -90.416314992098933, 42.251677785817932 ], [ -90.415216706468712, 42.250939200484567 ], [ -90.410470944067598, 42.247747747828605 ], [ -90.400652840571198, 42.239291689581805 ], [ -90.395882786034306, 42.233131651589467 ], [ -90.394864846367469, 42.229474654838583 ], [ -90.394748765813446, 42.229057629871747 ], [ -90.391107728982149, 42.22547160662419 ], [ -90.375128587908037, 42.21480953051946 ], [ -90.365137509476682, 42.210524495120808 ], [ -90.360405511223746, 42.20758306368068 ], [ -90.356963444297861, 42.205443459152853 ], [ -90.338168315463946, 42.203319421847453 ], [ -90.328272247416962, 42.201045397166972 ], [ -90.317773173346893, 42.193787349667957 ], [ -90.317330439318695, 42.193645061614525 ], [ -90.306887071719629, 42.190288720308963 ], [ -90.298441049238804, 42.187574295501932 ], [ -90.296150575583681, 42.186345218846945 ], [ -90.282171951296959, 42.178844236033825 ], [ -90.269078876454202, 42.17449820053114 ], [ -90.255454799994396, 42.171819171832986 ], [ -90.250127769793082, 42.171467163560337 ], [ -90.234917800615037, 42.165429159485441 ], [ -90.224242823964047, 42.160026152516672 ], [ -90.216105840582642, 42.156728150698029 ], [ -90.209477855553061, 42.152678143928782 ], [ -90.207419862786821, 42.149107132704934 ], [ -90.206367868480385, 42.14549811993232 ], [ -90.205358877250873, 42.139077096010283 ], [ -90.201402892296997, 42.130935069680035 ], [ -90.197340901393417, 42.128161064778809 ], [ -90.194694359713026, 42.127245336946778 ], [ -90.190450914160195, 42.125777065685575 ], [ -90.187472918924854, 42.125421068736394 ], [ -90.170968943427539, 42.125196092486519 ], [ -90.167570235905714, 42.122503420593276 ], [ -90.325924366451048, 42.060329585066725 ] ] ] } },
{ "type": "Feature", "properties": { "hex_id": 99, "area_km2": 640.237942228939 }, "geometry": { "type": "Polygon", "coordinates": [ [ [ -96.425213933541585, 42.69759680554629 ], [ -96.210017161491976, 42.612817900642852 ], [ -96.202226234413644, 42.432856081296421 ], [ -96.408330965583374, 42.337745101431253 ], [ -96.411867307088201, 42.341334181156618 ], [ -96.413895132842057, 42.343392262027052 ], [ -96.417786135928736, 42.351448248247323 ], [ -96.418168136419567, 42.354677243958356 ], [ -96.417918136318221, 42.358699239442338 ], [ -96.417093135457904, 42.361442237146036 ], [ -96.416857739380845, 42.361783215327819 ], [ -96.415073156575275, 42.364368236167358 ], [ -96.413994131579869, 42.365931235574259 ], [ -96.408436122505265, 42.376091230807432 ], [ -96.408833371547303, 42.379082506267068 ], [ -96.409153122638585, 42.381490223745274 ], [ -96.411331543366927, 42.385958084217201 ], [ -96.411497270602936, 42.386297984613385 ], [ -96.414980131874145, 42.393441202046759 ], [ -96.415509132754281, 42.400293193236188 ], [ -96.415496394465066, 42.400344146238901 ], [ -96.413609128209728, 42.407893187093514 ], [ -96.413477041944063, 42.408113208041392 ], [ -96.41180812372275, 42.410893186296157 ], [ -96.407714476908552, 42.41454701245268 ], [ -96.398952515589784, 42.422367588706123 ], [ -96.387608050956459, 42.43249320097776 ], [ -96.384307037587988, 42.437293201678322 ], [ -96.380707018742967, 42.44639319897145 ], [ -96.380656745167954, 42.446820519468325 ], [ -96.380642281902922, 42.446943455812502 ], [ -96.380107012259302, 42.451493195143783 ], [ -96.380131835684878, 42.451704194898909 ], [ -96.381307007534005, 42.461693183229542 ], [ -96.385407013724247, 42.473093164499694 ], [ -96.386007015021306, 42.474494161973816 ], [ -96.386015660154015, 42.474502379078523 ], [ -96.38601694940958, 42.474503604501841 ], [ -96.396107049991912, 42.484094132607211 ], [ -96.396188411476004, 42.484115541645295 ], [ -96.406899966510977, 42.486934124184664 ], [ -96.409408104861569, 42.487594102473736 ], [ -96.413496160897608, 42.487985003416 ], [ -96.413609469721294, 42.487995838033768 ], [ -96.421677655856854, 42.488767319930261 ], [ -96.423892166760879, 42.488979071975926 ], [ -96.428488549811263, 42.489329913546364 ], [ -96.440303250662637, 42.490231728646776 ], [ -96.445508260670465, 42.490629026557585 ], [ -96.445629261238111, 42.490690026231178 ], [ -96.450729283681653, 42.49110701540809 ], [ -96.455750306886884, 42.492563003226756 ], [ -96.463512338444431, 42.490462990667801 ], [ -96.466352351153503, 42.490807984452495 ], [ -96.469619366080565, 42.491394976997853 ], [ -96.469941365982109, 42.490251978092509 ], [ -96.470749368435321, 42.489471977665808 ], [ -96.472199374357672, 42.489240975121625 ], [ -96.475413388714301, 42.489619968108137 ], [ -96.477185398465679, 42.491044962324878 ], [ -96.477901406544703, 42.494344955688042 ], [ -96.477640025949498, 42.49525372735792 ], [ -96.476909407270369, 42.497793952291737 ], [ -96.474712404588701, 42.501157953737447 ], [ -96.474140409103313, 42.503177955556922 ], [ -96.47333940676053, 42.503535957328516 ], [ -96.477454446226375, 42.509587950690275 ], [ -96.479384460015368, 42.51113694715815 ], [ -96.483592475724578, 42.510343938165008 ], [ -96.490089510972382, 42.512439925278962 ], [ -96.492970538934628, 42.51728092069974 ], [ -96.490817639285183, 42.520308690335852 ], [ -96.490802539549563, 42.520329926125278 ], [ -96.487455610860408, 42.521517163181556 ], [ -96.479909506958592, 42.524193950091522 ], [ -96.479897368956713, 42.52422362092247 ], [ -96.479009510792778, 42.526393952657934 ], [ -96.479039276931672, 42.526513015063912 ], [ -96.479809525020755, 42.52959395196644 ], [ -96.477709537278869, 42.535593958245556 ], [ -96.47696257196101, 42.546432963200324 ], [ -96.476952605404762, 42.556077966228791 ], [ -96.478541612124204, 42.556376962931779 ], [ -96.484565635355679, 42.556883950232674 ], [ -96.489271651866872, 42.556799940164296 ], [ -96.491742659751921, 42.556509934805675 ], [ -96.495540673099484, 42.556438926681217 ], [ -96.497265680951486, 42.556979923156348 ], [ -96.498544689023134, 42.558114920751393 ], [ -96.498997699011781, 42.56083092055971 ], [ -96.498776982890234, 42.5610422177499 ], [ -96.487937695050519, 42.571418947378717 ], [ -96.485937695398448, 42.573522952315152 ], [ -96.485796699835603, 42.574999953063838 ], [ -96.486606705972605, 42.576060951636421 ], [ -96.495002741915556, 42.578851934337294 ], [ -96.49606675163713, 42.580870932622517 ], [ -96.495570755896367, 42.582720934231133 ], [ -96.493690755866496, 42.584553938836123 ], [ -96.491492754069611, 42.586101944055159 ], [ -96.492338762135191, 42.587812942722557 ], [ -96.499086784443335, 42.588423928247991 ], [ -96.501037792741741, 42.589245925664031 ], [ -96.501316746508536, 42.590203630664618 ], [ -96.501434798087871, 42.590608925737676 ], [ -96.500183805170394, 42.594104927734271 ], [ -96.504654851895992, 42.604999927420877 ], [ -96.509468890192451, 42.612728926120376 ], [ -96.513237908248072, 42.614892923997672 ], [ -96.51703992300888, 42.615953921530853 ], [ -96.519565928320162, 42.615222919425186 ], [ -96.522309928172177, 42.612556916492011 ], [ -96.525671927980426, 42.609310912856145 ], [ -96.527928933687477, 42.608984911039862 ], [ -96.529894944157931, 42.610430910074463 ], [ -96.531604964306979, 42.61514691049944 ], [ -96.530896968486445, 42.61712791173732 ], [ -96.528185964493417, 42.618445914194865 ], [ -96.523991951818303, 42.61844491726103 ], [ -96.521214944126811, 42.618666919366206 ], [ -96.518535940728711, 42.620163921817799 ], [ -96.516599941743166, 42.622359923939683 ], [ -96.515648478405211, 42.626385212988346 ], [ -96.515350954472339, 42.627643926543939 ], [ -96.516338966225533, 42.630433926750001 ], [ -96.521158993531273, 42.634411924707436 ], [ -96.523987002716609, 42.634560922802301 ], [ -96.526415031272478, 42.641211923448729 ], [ -96.533702061353935, 42.643539919385638 ], [ -96.537154093127413, 42.645939015172758 ], [ -96.425213933541585, 42.69759680554629 ] ] ] } },
{ "type": "Feature", "properties": { "hex_id": 100, "area_km2": 1039.2304845413241 }, "geometry": { "type": "Polygon", "coordinates": [ [ [ -95.781380570250462, 42.442047566257465 ], [ -95.988242172713939, 42.347656522564954 ], [ -96.202226234413644, 42.432856081296421 ], [ -96.210017161491976, 42.612817900642852 ], [ -96.002612078188619, 42.707607030582793 ], [ -95.78795929667919, 42.622035646702663 ], [ -95.781380570250462, 42.442047566257465 ] ] ] } },
{ "type": "Feature", "properties": { "hex_id": 101, "area_km2": 1039.2304845413241 }, "geometry": { "type": "Polygon", "coordinates": [ [ [ -95.360420406935077, 42.449686543239167 ], [ -95.567939850473138, 42.356059792428432 ], [ -95.781380570250462, 42.442047566257465 ], [ -95.78795929667919, 42.622035646702663 ], [ -95.579884683245652, 42.716058555989775 ], [ -95.365786265481219, 42.629696566631857 ], [ -95.360420406935077, 42.449686543239167 ] ] ] } },
{ "type": "Feature", "properties": { "hex_id": 102, "area_km2": 1039.2304845413241 }, "geometry": { "type": "Polygon", "coordinates": [ [ [ -94.939368601567395, 42.455773540156166 ], [ -95.147535274174402, 42.362912958016636 ], [ -95.360420406935077, 42.449686543239167 ], [ -95.365786265481219, 42.629696566631857 ], [ -95.157053815372947, 42.722951063105619 ], [ -94.943521026712659, 42.635800982819376 ], [ -94.939368601567395, 42.455773540156166 ] ] ] } },
{ "type": "Feature", "properties": { "hex_id": 103, "area_km2": 1039.2304845413241 }, "geometry": { "type": "Polygon", "coordinates": [ [ [ -94.518246029737099, 42.460307827424074 ], [ -94.727049698673909, 42.368215982434627 ], [ -94.939368601567395, 42.455773540156166 ], [ -94.943521026712659, 42.635800982819376 ], [ -94.734140590837242, 42.728284368203923 ], [ -94.521184261571449, 42.640347903936693 ], [ -94.518246029737099, 42.460307827424074 ] ] ] } },
{ "type": "Feature", "properties": { "hex_id": 104, "area_km2": 1039.2304845413241 }, "geometry": { "type": "Polygon", "coordinates": [ [ [ -94.097073513218376, 42.463287614564017 ], [ -94.306504652920523, 42.371968048013159 ], [ -94.518246029737099, 42.460307827424074 ], [ -94.521184261571449, 42.640347903936693 ], [ -94.311166001490037, 42.732057303596335 ], [ -94.09879657965871, 42.643336044900082 ], [ -94.097073513218376, 42.463287614564017 ] ] ] } },
{ "type": "Feature", "properties": { "hex_id": 105, "area_km2": 1039.2304845413241 }, "geometry": { "type": "Polygon", "coordinates": [ [ [ -93.675869078448585, 42.464711875112869 ], [ -93.885917828791534, 42.3741682377429 ], [ -94.097073513218376, 42.463287614564017 ], [ -94.09879657965871, 42.643336044900082 ], [ -93.888149634853406, 42.734268793851911 ], [ -93.67637739827299, 42.644764446800124 ], [ -93.675869078448585, 42.464711875112869 ] ] ] } },
{ "type": "Feature", "properties": { "hex_id": 106, "area_km2": 1039.2304845413241 }, "geometry": { "type": "Polygon", "coordinates": [ [ [ -93.254657399967044, 42.464582500098516 ], [ -93.465312359954851, 42.374812654506727 ], [ -93.675869078448585, 42.464711875112869 ], [ -93.67637739827299, 42.644764446800124 ], [ -93.465113492755165, 42.734919870906261 ], [ -93.253949918059106, 42.644635487597164 ], [ -93.254657399967044, 42.464582500098516 ] ] ] } },
{ "type": "Feature", "properties": { "hex_id": 107, "area_km2": 1039.2304845413241 }, "geometry": { "type": "Polygon", "coordinates": [ [ [ -92.833458099064416, 42.462900810726623 ], [ -93.044709285525812, 42.37390904311988 ], [ -93.254657399967044, 42.464582500098516 ], [ -93.253949918059106, 42.644635487597164 ], [ -93.04207872922774, 42.734010665515925 ], [ -92.83153478214895, 42.642949049889509 ], [ -92.833458099064416, 42.462900810726623 ] ] ] } },
{ "type": "Feature", "properties": { "hex_id": 108, "area_km2": 1039.2304845413241 }, "geometry": { "type": "Polygon", "coordinates": [ [ [ -92.412290216074936, 42.459665646728347 ], [ -92.624128617267047, 42.371453830468191 ], [ -92.833458099064416, 42.462900810726623 ], [ -92.83153478214895, 42.642949049889509 ], [ -92.619067410592677, 42.731541768160426 ], [ -92.409152341990819, 42.639704631996821 ], [ -92.412290216074936, 42.459665646728347 ] ] ] } },
{ "type": "Feature", "properties": { "hex_id": 109, "area_km2": 1039.2304845413241 }, "geometry": { "type": "Polygon", "coordinates": [ [ [ -91.99117682255887, 42.454877151038936 ], [ -92.203589405952741, 42.367447884175874 ], [ -92.412290216074936, 42.459665646728347 ], [ -92.409152341990819, 42.639704631996821 ], [ -92.196099101388683, 42.727512639424027 ], [ -91.986824581377277, 42.63490240909946 ], [ -91.99117682255887, 42.454877151038936 ] ] ] } },
{ "type": "Feature", "properties": { "hex_id": 110, "area_km2": 1039.2304845413241 }, "geometry": { "type": "Polygon", "coordinates": [ [ [ -91.570142071964455, 42.448530024705903 ], [ -91.783116107524776, 42.361889062040291 ], [ -91.99117682255887, 42.454877151038936 ], [ -91.986824581377277, 42.63490240909946 ], [ -91.77319793486015, 42.72192327303086 ], [ -91.564575471772656, 42.62854020065658 ], [ -91.570142071964455, 42.448530024705903 ] ] ] } },
{ "type": "Feature", "properties": { "hex_id": 111, "area_km2": 1039.2304845413241 }, "geometry": { "type": "Polygon", "coordinates": [ [ [ -91.149200938024094, 42.440633136179194 ], [ -91.362726066150188, 42.354770021949747 ], [ -91.570142071964455, 42.448530024705903 ], [ -91.564575471772656, 42.62854020065658 ], [ -91.350383808289024, 42.71477423709586 ], [ -91.142422661743765, 42.620623165837053 ], [ -91.149200938024094, 42.440633136179194 ] ] ] } },
{ "type": "Feature", "properties": { "hex_id": 112, "area_km2": 1024.5533069000512 }, "geometry": { "type": "Polygon", "coordinates": [ [ [ -90.720380784577827, 42.611149841294989 ], [ -90.728371241425975, 42.431191789597634 ], [ -90.942442315678051, 42.346115315895091 ], [ -91.149200938024094, 42.440633136179194 ], [ -91.142422661743765, 42.620623165837053 ], [ -90.962854430075907, 42.692112124135818 ], [ -90.954510055393399, 42.687848231429797 ], [ -90.952417822749382, 42.686779161778439 ], [ -90.949215825074631, 42.685574151823147 ], [ -90.94156979999461, 42.683845145641534 ], [ -90.937047770299657, 42.68340015054067 ], [ -90.929883689407589, 42.684129177905902 ], [ -90.923636603098828, 42.685501210971474 ], [ -90.921157583502705, 42.685407215587915 ], [ -90.913402568518919, 42.682950203000104 ], [ -90.900263586538117, 42.676255155832358 ], [ -90.898901881011938, 42.675853574755841 ], [ -90.896900438499799, 42.675263328762995 ], [ -90.887432535693463, 42.672471149262641 ], [ -90.881175018851991, 42.671317967762995 ], [ -90.867127398083525, 42.668729171787994 ], [ -90.852499309457741, 42.664823181154546 ], [ -90.843912244313884, 42.663072194236697 ], [ -90.832704142766971, 42.661663221058106 ], [ -90.829291839497117, 42.661100033036767 ], [ -90.720380784577827, 42.611149841294989 ] ] ] } },
{ "type": "Feature", "properties": { "hex_id": 113, "area_km2": 235.65299638105841 }, "geometry": { "type": "Polygon", "coordinates": [ [ [ -90.522286709811397, 42.3359132945669 ], [ -90.728371241425975, 42.431191789597634 ], [ -90.720380784577827, 42.611149841294989 ], [ -90.698147787548379, 42.619921122743683 ], [ -90.694000096165141, 42.614510345450846 ], [ -90.692032101348133, 42.610367328074759 ], [ -90.691041655302442, 42.60762392210772 ], [ -90.688000123877188, 42.599199280190099 ], [ -90.687776144513478, 42.594607259449923 ], [ -90.686976151630205, 42.591775247117994 ], [ -90.685488149530926, 42.589615238314813 ], [ -90.67937613570929, 42.581504205513284 ], [ -90.677056126169077, 42.579216196630824 ], [ -90.674753156334319, 42.577824201726401 ], [ -90.672728100195854, 42.576600187574215 ], [ -90.668280704658912, 42.573185228923549 ], [ -90.66152803825365, 42.568000155539252 ], [ -90.661425132616898, 42.567567131408886 ], [ -90.6591280591051, 42.557901110641332 ], [ -90.65412804551444, 42.549901076945197 ], [ -90.647031000155238, 42.544359055748082 ], [ -90.644033988722157, 42.539861036770183 ], [ -90.642561918125523, 42.533473463560782 ], [ -90.64167500461366, 42.529624990785962 ], [ -90.635983987875136, 42.518712943476842 ], [ -90.635989921620549, 42.515452982763449 ], [ -90.635989999988155, 42.515409928141338 ], [ -90.642844096868373, 42.508481892210007 ], [ -90.647866173012432, 42.502463861636237 ], [ -90.655928240544171, 42.491703781281238 ], [ -90.655934040824533, 42.491679613162489 ], [ -90.656528238172911, 42.489203761489726 ], [ -90.656328217120489, 42.483603717958111 ], [ -90.654028177708156, 42.478503679363719 ], [ -90.646728088287531, 42.471904631465527 ], [ -90.643052400449051, 42.46977133285052 ], [ -90.640901334841772, 42.468522895473036 ], [ -90.624328856576398, 42.458904540321733 ], [ -90.606328693892763, 42.451505490351181 ], [ -90.590416561364435, 42.447493465783531 ], [ -90.585304306570507, 42.4456084477304 ], [ -90.58212849502128, 42.444437445242087 ], [ -90.570736406723711, 42.441701428494341 ], [ -90.567968386321866, 42.440389419264456 ], [ -90.565248366994496, 42.438742407337038 ], [ -90.560439337658934, 42.432897362859912 ], [ -90.558801331551479, 42.428517328660746 ], [ -90.558168337523625, 42.420984268918517 ], [ -90.557550335784413, 42.419258255413588 ], [ -90.555018323627792, 42.416138231540309 ], [ -90.548068283764536, 42.413115210101509 ], [ -90.527310710208354, 42.406255797997623 ], [ -90.517516122068059, 42.403019140639856 ], [ -90.506829075330415, 42.398792110483029 ], [ -90.506675045556264, 42.39871733647724 ], [ -90.500128050822624, 42.395539086631395 ], [ -90.495766033854721, 42.392406068067807 ], [ -90.490334018110005, 42.387093032571883 ], [ -90.487154003903271, 42.385141020862093 ], [ -90.484620988630354, 42.384530019279588 ], [ -90.480147956837669, 42.384616026243293 ], [ -90.477278940021336, 42.383794023182126 ], [ -90.474120926171892, 42.381729009632913 ], [ -90.47381209274424, 42.381458217585724 ], [ -90.470272912622491, 42.378354985206457 ], [ -90.467669630046601, 42.374129424960614 ], [ -90.464787909300725, 42.3694519129958 ], [ -90.462618902550346, 42.367252895621917 ], [ -90.456064729904412, 42.361987338689147 ], [ -90.522286709811397, 42.3359132945669 ] ] ] } },
{ "type": "Feature", "properties": { "hex_id": 114, "area_km2": 335.86400429406314 }, "geometry": { "type": "Polygon", "coordinates": [ [ [ -96.433683729403739, 42.877534522314875 ], [ -96.425213933541585, 42.69759680554629 ], [ -96.537154093127413, 42.645939015172758 ], [ -96.537882083707828, 42.646444917685848 ], [ -96.538469090833033, 42.6480909179216 ], [ -96.538270181212468, 42.649023375664754 ], [ -96.538258061989978, 42.649080188717619 ], [ -96.53760110117679, 42.652159920027579 ], [ -96.537878112550416, 42.655429921083702 ], [ -96.541755140763684, 42.660376920519333 ], [ -96.54369915017439, 42.661375919690862 ], [ -96.546828160504091, 42.661489917779981 ], [ -96.558331184318362, 42.657595908922829 ], [ -96.559963192606588, 42.658541908296186 ], [ -96.559901206496647, 42.662817910183449 ], [ -96.558940206140832, 42.663640911134685 ], [ -96.556582198884186, 42.663722912630668 ], [ -96.556306201651537, 42.664834913272387 ], [ -96.559311222695982, 42.668309912915916 ], [ -96.564614250620934, 42.671602911152306 ], [ -96.566685271694567, 42.675940911857069 ], [ -96.568079277202415, 42.676239911170804 ], [ -96.570248276984472, 42.674066908899469 ], [ -96.570744270659205, 42.671689907513965 ], [ -96.572262272493063, 42.670774906180064 ], [ -96.576539286241527, 42.670769903602583 ], [ -96.577795294506203, 42.67202590344462 ], [ -96.577167296896292, 42.673339904444674 ], [ -96.574934291668384, 42.673930906052341 ], [ -96.571913294429763, 42.677679909579098 ], [ -96.572827300637911, 42.678649909494538 ], [ -96.577224311083071, 42.677507906390218 ], [ -96.578480317270035, 42.678135905955045 ], [ -96.577852319457435, 42.679392906920683 ], [ -96.574908314685317, 42.680824909302565 ], [ -96.575296322643354, 42.682821910017509 ], [ -96.585444356666102, 42.683087904340816 ], [ -96.586758384867011, 42.690129907099639 ], [ -96.590428400167852, 42.691074905544788 ], [ -96.592933394120919, 42.686891902013272 ], [ -96.598077410108473, 42.686635898985891 ], [ -96.59901341709336, 42.687773899060609 ], [ -96.598281418607485, 42.688912900070733 ], [ -96.594905409323985, 42.68944190222664 ], [ -96.595353426407684, 42.693995904344007 ], [ -96.600314456687101, 42.698022903783098 ], [ -96.601990460198678, 42.697427902567732 ], [ -96.605519460860663, 42.694239898938392 ], [ -96.610277476169202, 42.694117896281178 ], [ -96.611796484719591, 42.695128896020442 ], [ -96.611782487674361, 42.695988896509775 ], [ -96.608773485342979, 42.698184899348163 ], [ -96.60580447632708, 42.698428901068091 ], [ -96.604462477781567, 42.700136902710497 ], [ -96.605597488083717, 42.702018903134842 ], [ -96.609667502859139, 42.702362901188934 ], [ -96.612026504099774, 42.70046289888694 ], [ -96.614954508864258, 42.699038896529622 ], [ -96.618808523942576, 42.699682894849786 ], [ -96.623414565150568, 42.707007896718451 ], [ -96.624755569079682, 42.706846895935556 ], [ -96.62491756270407, 42.704891894693965 ], [ -96.626751565803289, 42.704034893232368 ], [ -96.630618585298848, 42.705878892339989 ], [ -96.62977859305704, 42.708850894569764 ], [ -96.626540587407945, 42.710327897096342 ], [ -96.624531599350206, 42.715615901238387 ], [ -96.627142614281794, 42.717331900981428 ], [ -96.625353617019925, 42.71981990333007 ], [ -96.624705634898291, 42.725495907002305 ], [ -96.626318642031052, 42.72594990651946 ], [ -96.633521660412939, 42.724186902080838 ], [ -96.63378266980439, 42.726565903419818 ], [ -96.630433670255258, 42.729917907007227 ], [ -96.638622716394991, 42.734919906404556 ], [ -96.638360674742145, 42.735494931664661 ], [ -96.637970867564277, 42.736350326102148 ], [ -96.63755272111446, 42.737267908344002 ], [ -96.632830697861323, 42.735341909233703 ], [ -96.631425602513346, 42.737038285577157 ], [ -96.63129669915034, 42.737193911039562 ], [ -96.635149723408261, 42.740238911232204 ], [ -96.633876728067662, 42.74278291334425 ], [ -96.631042724276853, 42.744494915587524 ], [ -96.630486743476084, 42.75037691913078 ], [ -96.626109737806701, 42.752727920721512 ], [ -96.62054972173307, 42.753532922888944 ], [ -96.619495723316831, 42.754790923199423 ], [ -96.620273735761955, 42.757122922682868 ], [ -96.621236743096375, 42.758082922218279 ], [ -96.622539749113656, 42.758447921673344 ], [ -96.624121751914657, 42.757806921103025 ], [ -96.626256751360032, 42.755885920412148 ], [ -96.627857759060888, 42.756406919735333 ], [ -96.633166952999275, 42.761377826231431 ], [ -96.635140811986915, 42.763225916395463 ], [ -96.635107818061059, 42.764749916307892 ], [ -96.632748814026726, 42.765727917146769 ], [ -96.63251881982309, 42.767339917122385 ], [ -96.635280836395978, 42.769122915954618 ], [ -96.634935841776652, 42.770733915978482 ], [ -96.626419820343315, 42.77246091903843 ], [ -96.626319495596846, 42.774062735651768 ], [ -96.626246831170036, 42.775222918884083 ], [ -96.622621826074635, 42.776890920078777 ], [ -96.61949184559694, 42.784032920585688 ], [ -96.604560792778756, 42.783032926001738 ], [ -96.603785793207805, 42.783718926200592 ], [ -96.60257680673854, 42.787765926165264 ], [ -96.605230829867693, 42.791161924860504 ], [ -96.603443829261565, 42.792345925341465 ], [ -96.597037806862517, 42.791886927593261 ], [ -96.595952810678881, 42.793552927757553 ], [ -96.59872883802403, 42.797817926296091 ], [ -96.598021840084158, 42.798801926412587 ], [ -96.594513825777142, 42.798044927676791 ], [ -96.592494832954401, 42.801120927950635 ], [ -96.590998852331651, 42.806576927720556 ], [ -96.59093834630491, 42.808312367886415 ], [ -96.590914862688663, 42.808985927428068 ], [ -96.592156870601031, 42.809922926911163 ], [ -96.595665883483903, 42.810424925738957 ], [ -96.596009904694725, 42.815042925053575 ], [ -96.595599101533622, 42.815363552127103 ], [ -96.594984905113023, 42.815842925268484 ], [ -96.591040891171346, 42.815363926543398 ], [ -96.585700887033127, 42.818039927811576 ], [ -96.584489887601706, 42.818977928046024 ], [ -96.583465617096408, 42.820332889879253 ], [ -96.577938907179558, 42.827643928708042 ], [ -96.577814911662017, 42.828717928580225 ], [ -96.582381946990566, 42.833655926547685 ], [ -96.581605962079934, 42.837519926198368 ], [ -96.579773959466394, 42.838091926615604 ], [ -96.571354931403505, 42.837153929070709 ], [ -96.56671640989687, 42.831730262650275 ], [ -96.565606884171032, 42.830432931799606 ], [ -96.563059879675706, 42.831049932418018 ], [ -96.562841903375343, 42.836307931559595 ], [ -96.560573911166927, 42.839371931639299 ], [ -96.558585906101612, 42.839485932158546 ], [ -96.556163886127507, 42.836673933336613 ], [ -96.553988876948125, 42.836032934057002 ], [ -96.552093871672014, 42.836055934576876 ], [ -96.55128687196904, 42.836604934694414 ], [ -96.550809991741431, 42.837287694221828 ], [ -96.549514878945558, 42.839141934687959 ], [ -96.549977887634569, 42.840703934258279 ], [ -96.552185899286769, 42.84186293344144 ], [ -96.554204913306279, 42.8436469325651 ], [ -96.554710926412127, 42.846140931963717 ], [ -96.553773930208592, 42.847499931952171 ], [ -96.550848922854755, 42.847646932682309 ], [ -96.545503919147407, 42.849954933602788 ], [ -96.544322922248611, 42.851280933635444 ], [ -96.541461945147134, 42.857680933034018 ], [ -96.541709951508096, 42.858869932727437 ], [ -96.542703958202267, 42.859715932312902 ], [ -96.54341895890137, 42.859464932191976 ], [ -96.543791954103725, 42.858252932349039 ], [ -96.545283952860899, 42.857156932207282 ], [ -96.546557956816358, 42.857271931872511 ], [ -96.550440995065017, 42.86316992977995 ], [ -96.550470997841202, 42.863740929662264 ], [ -96.549661026646817, 42.870279928577588 ], [ -96.54732903693025, 42.8737089284215 ], [ -96.54639603814104, 42.874462928475772 ], [ -96.543910032543508, 42.874612928988618 ], [ -96.537853035788558, 42.878473929489608 ], [ -96.538440074053497, 42.886109927746659 ], [ -96.540398092132264, 42.888875926775164 ], [ -96.540118095301736, 42.889676926662545 ], [ -96.534397086212792, 42.890657927567695 ], [ -96.527742069808554, 42.890586928875727 ], [ -96.526359072681274, 42.891850928853394 ], [ -96.526565082522964, 42.893753928376341 ], [ -96.528888108598395, 42.89794892698675 ], [ -96.536009139646481, 42.900899925046708 ], [ -96.539399143045145, 42.899962924638338 ], [ -96.541103566672987, 42.901826907005749 ], [ -96.54284916916572, 42.903735923242721 ], [ -96.542973173388333, 42.904558923052328 ], [ -96.542475174538765, 42.90503892303974 ], [ -96.538557163432685, 42.904603923807251 ], [ -96.536566163926537, 42.905654923926093 ], [ -96.537356054757737, 42.908790219853984 ], [ -96.537417142857691, 42.90903269548334 ], [ -96.537839191218723, 42.910707922632426 ], [ -96.540231234840746, 42.918664920575885 ], [ -96.540687175502072, 42.919320650935859 ], [ -96.433683729403739, 42.877534522314875 ] ] ] } },
{ "type": "Feature", "properties": { "hex_id": 115, "area_km2": 1039.2304845413241 }, "geometry": { "type": "Polygon", "coordinates": [ [ [ -96.002612078188619, 42.707607030582793 ], [ -96.210017161491976, 42.612817900642852 ], [ -96.425213933541585, 42.69759680554629 ], [ -96.433683729403739, 42.877534522314875 ], [ -96.225735450138671, 42.972722599362079 ], [ -96.009859939767423, 42.887573248016629 ], [ -96.002612078188619, 42.707607030582793 ] ] ] } },
{ "type": "Feature", "properties": { "hex_id": 116, "area_km2": 1039.2304845413241 }, "geometry": { "type": "Polygon", "coordinates": [ [ [ -95.579884683245652, 42.716058555989775 ], [ -95.78795929667919, 42.622035646702663 ], [ -96.002612078188619, 42.707607030582793 ], [ -96.009859939767423, 42.887573248016629 ], [ -95.801231606957245, 42.981993178890704 ], [ -95.585909443042055, 42.896049025819657 ], [ -95.579884683245652, 42.716058555989775 ] ] ] } },
{ "type": "Feature", "properties": { "hex_id": 117, "area_km2": 1039.2304845413241 }, "geometry": { "type": "Polygon", "coordinates": [ [ [ -95.157053815372947, 42.722951063105619 ], [ -95.365786265481219, 42.629696566631857 ], [ -95.579884683245652, 42.716058555989775 ], [ -95.585909443042055, 42.896049025819657 ], [ -95.376612025189516, 42.989698099984622 ], [ -95.161854601975051, 42.902961387535839 ], [ -95.157053815372947, 42.722951063105619 ] ] ] } },
{ "type": "Feature", "properties": { "hex_id": 118, "area_km2": 1039.2304845413241 }, "geometry": { "type": "Polygon", "coordinates": [ [ [ -94.734140590837242, 42.728284368203923 ], [ -94.943521026712659, 42.635800982819376 ], [ -95.157053815372947, 42.722951063105619 ], [ -95.161854601975051, 42.902961387535839 ], [ -94.951898121648355, 42.995837353912918 ], [ -94.737716556725104, 42.908309738866528 ], [ -94.734140590837242, 42.728284368203923 ] ] ] } },
{ "type": "Feature", "properties": { "hex_id": 119, "area_km2": 1039.2304845413241 }, "geometry": { "type": "Polygon", "coordinates": [ [ [ -94.311166001490037, 42.732057303596335 ], [ -94.521184261571449, 42.640347903936693 ], [ -94.734140590837242, 42.728284368203923 ], [ -94.737716556725104, 42.908309738866528 ], [ -94.527111120048076, 43.000409863774202 ], [ -94.313516399536837, 42.912093553430267 ], [ -94.311166001490037, 42.732057303596335 ] ] ] } },
{ "type": "Feature", "properties": { "hex_id": 120, "area_km2": 1039.2304845413241 }, "geometry": { "type": "Polygon", "coordinates": [ [ [ -93.888149634853406, 42.734268793851911 ], [ -94.09879657965871, 42.643336044900082 ], [ -94.311166001490037, 42.732057303596335 ], [ -94.313516399536837, 42.912093553430267 ], [ -94.102271756513375, 43.003415399821918 ], [ -93.889274240799423, 42.914311531594123 ], [ -93.888149634853406, 42.734268793851911 ] ] ] } },
{ "type": "Feature", "properties": { "hex_id": 121, "area_km2": 1039.2304845413241 }, "geometry": { "type": "Polygon", "coordinates": [ [ [ -93.465113492755165, 42.734919870906261 ], [ -93.67637739827299, 42.644764446800124 ], [ -93.888149634853406, 42.734268793851911 ], [ -93.889274240799423, 42.914311531594123 ], [ -93.677401258950511, 43.004852871435652 ], [ -93.465012445405719, 42.914964758988738 ], [ -93.465113492755165, 42.734919870906261 ] ] ] } },
{ "type": "Feature", "properties": { "hex_id": 122, "area_km2": 1039.2304845413241 }, "geometry": { "type": "Polygon", "coordinates": [ [ [ -93.04207872922774, 42.734010665515925 ], [ -93.253949918059106, 42.644635487597164 ], [ -93.465113492755165, 42.734919870906261 ], [ -93.465012445405719, 42.914964758988738 ], [ -93.252522062122623, 43.00472365928848 ], [ -93.040751962409644, 42.914052939963092 ], [ -93.04207872922774, 42.734010665515925 ] ] ] } },
{ "type": "Feature", "properties": { "hex_id": 123, "area_km2": 1039.2304845413241 }, "geometry": { "type": "Polygon", "coordinates": [ [ [ -92.619067410592677, 42.731541768160426 ], [ -92.83153478214895, 42.642949049889509 ], [ -93.04207872922774, 42.734010665515925 ], [ -93.040751962409644, 42.914052939963092 ], [ -92.827655358763337, 43.003026999556681 ], [ -92.616515027375456, 42.911576732744315 ], [ -92.619067410592677, 42.731541768160426 ] ] ] } },
{ "type": "Feature", "properties": { "hex_id": 124, "area_km2": 1039.2304845413241 }, "geometry": { "type": "Polygon", "coordinates": [ [ [ -92.196099101388683, 42.727512639424027 ], [ -92.409152341990819, 42.639704631996821 ], [ -92.619067410592677, 42.731541768160426 ], [ -92.616515027375456, 42.911576732744315 ], [ -92.402822060852245, 42.99976383017021 ], [ -92.192321623467464, 42.907536029311366 ], [ -92.196099101388683, 42.727512639424027 ] ] ] } },
{ "type": "Feature", "properties": { "hex_id": 125, "area_km2": 1039.2304845413241 }, "geometry": { "type": "Polygon", "coordinates": [ [ [ -91.77319793486015, 42.72192327303086 ], [ -91.986824581377277, 42.63490240909946 ], [ -92.196099101388683, 42.727512639424027 ], [ -92.192321623467464, 42.907536029311366 ], [ -91.978044594325226, 42.994933984034397 ], [ -91.768195514669046, 42.901930765622687 ], [ -91.77319793486015, 42.72192327303086 ] ] ] } },
{ "type": "Feature", "properties": { "hex_id": 126, "area_km2": 1039.2304845413241 }, "geometry": { "type": "Polygon", "coordinates": [ [ [ -91.350383808289024, 42.71477423709586 ], [ -91.564575471772656, 42.62854020065658 ], [ -91.77319793486015, 42.72192327303086 ], [ -91.768195514669046, 42.901930765622687 ], [ -91.553344466293083, 42.988537270076641 ], [ -91.344156539389431, 42.894761451936233 ], [ -91.350383808289024, 42.71477423709586 ] ] ] } },
{ "type": "Feature", "properties": { "hex_id": 127, "area_km2": 698.62120935850226 }, "geometry": { "type": "Polygon", "coordinates": [ [ [ -91.142422661743765, 42.620623165837053 ], [ -91.350383808289024, 42.71477423709586 ], [ -91.344156539389431, 42.894761451936233 ], [ -91.151724641716683, 42.971449799486258 ], [ -91.150906249489353, 42.970516539938238 ], [ -91.148001265714655, 42.966157540776315 ], [ -91.147122927204535, 42.964456542611245 ], [ -91.146550276437893, 42.963347541996662 ], [ -91.145430296665637, 42.958213547191242 ], [ -91.145540303523006, 42.956512549912233 ], [ -91.149090344130585, 42.946556572600983 ], [ -91.149880362550377, 42.941957581413057 ], [ -91.149784369336373, 42.940246583789751 ], [ -91.145517408378339, 42.93038058805989 ], [ -91.144315423564734, 42.926594590505516 ], [ -91.143800438527308, 42.922879594523558 ], [ -91.143875861926418, 42.920722543646114 ], [ -91.14387844751063, 42.920648597938076 ], [ -91.145868470183927, 42.91496961154489 ], [ -91.146182480686235, 42.912340616269795 ], [ -91.146177490655774, 42.909852619915547 ], [ -91.145560498249296, 42.907982620920706 ], [ -91.14470650649335, 42.905966621428767 ], [ -91.143375511952669, 42.904672619478831 ], [ -91.138000516656291, 42.903774605243676 ], [ -91.130303107077594, 42.90080799995318 ], [ -91.117411554662155, 42.895839554278766 ], [ -91.115512560171993, 42.894674549800371 ], [ -91.11215857632358, 42.891151543200138 ], [ -91.104051601602279, 42.885973522937206 ], [ -91.100565615650893, 42.883080514420506 ], [ -91.098238648881136, 42.875800512870292 ], [ -91.098820699074992, 42.864423523998227 ], [ -91.097656719951416, 42.859873523611839 ], [ -91.095329741672046, 42.855322518934287 ], [ -91.091837762326165, 42.851227509410954 ], [ -91.091402768766045, 42.849862508801067 ], [ -91.091700102716402, 42.848669511012368 ], [ -91.092978912431519, 42.843538522054182 ], [ -91.094930658528995, 42.835707498971061 ], [ -91.095114832764182, 42.834968533611686 ], [ -91.094060852230243, 42.830815532646724 ], [ -91.090136862723554, 42.829239518409274 ], [ -91.082770865783587, 42.829979489047965 ], [ -91.07866587996574, 42.827680474186408 ], [ -91.079314913370766, 42.820311480716626 ], [ -91.078845392732859, 42.814993694086894 ], [ -91.078097978247143, 42.806528482972446 ], [ -91.075600956700569, 42.795971279294683 ], [ -91.075482032462006, 42.795468477233825 ], [ -91.072448072191165, 42.787734467313079 ], [ -91.07113909598165, 42.783006463421145 ], [ -91.070717131706743, 42.775504464631169 ], [ -91.069910918094379, 42.77144635012128 ], [ -91.069550160902651, 42.769630461536174 ], [ -91.063255196831506, 42.763949433367685 ], [ -91.060262211265581, 42.761849419461036 ], [ -91.060130220366617, 42.759988419322568 ], [ -91.061433228013442, 42.757976426279555 ], [ -91.063121228782862, 42.757275434805294 ], [ -91.065493226071581, 42.757083446567499 ], [ -91.065784243113953, 42.753389449294829 ], [ -91.064681256568036, 42.750916444623094 ], [ -91.060173265780278, 42.750483422112843 ], [ -91.05809229523139, 42.749248399055368 ], [ -91.056298358143039, 42.747343357899879 ], [ -91.054811443998204, 42.744688305639897 ], [ -91.05480257494564, 42.740531235486678 ], [ -91.053734648365179, 42.738240191473118 ], [ -91.051276690071603, 42.737003158238203 ], [ -91.049973694558361, 42.736907150060205 ], [ -91.046572690231471, 42.737169137359565 ], [ -91.044802602589783, 42.738215750566596 ], [ -91.044140648252338, 42.73860714937134 ], [ -91.039384657851286, 42.738480123289996 ], [ -91.035419697627304, 42.737342084137296 ], [ -91.032014789202464, 42.734486018824072 ], [ -91.030985849576538, 42.732551981022063 ], [ -91.030971932996394, 42.73240198542284 ], [ -91.030719937682321, 42.729685931340143 ], [ -91.029694027672363, 42.726775877089423 ], [ -91.026788107612091, 42.724229819512026 ], [ -91.017241254849822, 42.719567692797874 ], [ -91.015689265811915, 42.719230679297624 ], [ -91.015103219026358, 42.719316426366852 ], [ -91.009579242194079, 42.720124663611671 ], [ -91.008158027887859, 42.719532929929613 ], [ -91.000130363666017, 42.716190549659963 ], [ -90.995538409817229, 42.713705511336535 ], [ -90.988778510430336, 42.70872543652699 ], [ -90.980580728285744, 42.698933290607165 ], [ -90.977737765157414, 42.69681726204211 ], [ -90.974239780818351, 42.695250243876124 ], [ -90.965050761811497, 42.693234230538053 ], [ -90.962854430075907, 42.692112124135818 ], [ -91.142422661743765, 42.620623165837053 ] ] ] } },
{ "type": "Feature", "properties": { "hex_id": 128, "area_km2": 19.110226774542131 }, "geometry": { "type": "Polygon", "coordinates": [ [ [ -90.720380784577827, 42.611149841294989 ], [ -90.829291839497117, 42.661100033036767 ], [ -90.828155569932349, 42.660912471177575 ], [ -90.805422203316809, 42.657160296018404 ], [ -90.797018815051672, 42.655773307394909 ], [ -90.788227732640834, 42.653889329126009 ], [ -90.780930522590097, 42.653178433915308 ], [ -90.779371693506036, 42.653026572649757 ], [ -90.778753630354643, 42.652966360891234 ], [ -90.769496533932909, 42.651444389412873 ], [ -90.76253309425617, 42.649676419204752 ], [ -90.760390442532369, 42.649132414795602 ], [ -90.743678294292877, 42.645561447163473 ], [ -90.731133217301235, 42.643438447578653 ], [ -90.720210153934659, 42.640759444131618 ], [ -90.709205099389209, 42.636079431614021 ], [ -90.706304088205684, 42.634170425232654 ], [ -90.70267207920439, 42.630757412586924 ], [ -90.700857088062364, 42.626446394453119 ], [ -90.700096102968359, 42.622462376983229 ], [ -90.698147787548379, 42.619921122743683 ], [ -90.720380784577827, 42.611149841294989 ] ] ] } },
{ "type": "Feature", "properties": { "hex_id": 129, "area_km2": 651.50929447660496 }, "geometry": { "type": "Polygon", "coordinates": [ [ [ -96.450770952495546, 43.237383313516332 ], [ -96.233662776286408, 43.152662170933503 ], [ -96.225735450138671, 42.972722599362079 ], [ -96.433683729403739, 42.877534522314875 ], [ -96.540687175502072, 42.919320650935859 ], [ -96.541630247552547, 42.92067691994685 ], [ -96.541691256782073, 42.922574919544878 ], [ -96.541100264715297, 42.924494919231947 ], [ -96.525538285491734, 42.935509918908039 ], [ -96.523515282670488, 42.935782919099623 ], [ -96.521182273221442, 42.934844919616658 ], [ -96.520561261619662, 42.932763920192954 ], [ -96.519380255295587, 42.931985920534338 ], [ -96.518260252269954, 42.931847920715271 ], [ -96.516890252714191, 42.932510920733819 ], [ -96.516205257562532, 42.93376792051486 ], [ -96.516421266340785, 42.935436920077784 ], [ -96.520122287590127, 42.938181918952111 ], [ -96.519996295159899, 42.939758918589355 ], [ -96.514890304360989, 42.943666918234413 ], [ -96.510751299768103, 42.944395918521359 ], [ -96.509474301030181, 42.94514991847273 ], [ -96.508071315352012, 42.948532917757412 ], [ -96.504859340188148, 42.954657916491179 ], [ -96.500310355714504, 42.959389915658846 ], [ -96.50313440584911, 42.968190913069343 ], [ -96.505030422743275, 42.970842912227539 ], [ -96.506150427296717, 42.971346912014447 ], [ -96.510695434940615, 42.971258911708709 ], [ -96.515924452370257, 42.972884910930652 ], [ -96.520248483611795, 42.977641909489719 ], [ -96.520775498115427, 42.98038390880243 ], [ -96.51672649655103, 42.981456908776813 ], [ -96.516518142032652, 42.981664892457417 ], [ -96.51223951142552, 42.985935907905656 ], [ -96.512205525843697, 42.988816907182624 ], [ -96.512888540044472, 42.991422906498471 ], [ -96.50998855400546, 42.99512490567615 ], [ -96.507339556838346, 42.996517905411523 ], [ -96.502730552336899, 42.997064905423478 ], [ -96.501545694045703, 42.99732490779698 ], [ -96.500213258748062, 42.997617294104003 ], [ -96.498616968155019, 42.997967583258493 ], [ -96.498423232382962, 42.998010096589773 ], [ -96.497822552001139, 42.998141909748163 ], [ -96.496701554600932, 42.998805911892937 ], [ -96.494343565440118, 43.0018179183363 ], [ -96.492695575803126, 43.005087925130965 ], [ -96.491672591365273, 43.009705932019699 ], [ -96.493592929786089, 43.013093424157823 ], [ -96.49441861043934, 43.014549931347759 ], [ -96.495570650009597, 43.015675645090688 ], [ -96.499189630352674, 43.019211926318292 ], [ -96.503211637792148, 43.0198039249141 ], [ -96.510997666443473, 43.024699928957524 ], [ -96.511806671461727, 43.025797929944588 ], [ -96.513087682530056, 43.028435932380141 ], [ -96.512918687601953, 43.029960933908164 ], [ -96.510804691323486, 43.031900936144829 ], [ -96.509148705664543, 43.036678941181265 ], [ -96.509147707822834, 43.037295941799172 ], [ -96.511607720498148, 43.039925943980116 ], [ -96.513875723303229, 43.039812943452212 ], [ -96.515754724473055, 43.039386942692076 ], [ -96.517321729667572, 43.040245943240095 ], [ -96.518433737547682, 43.042066944791877 ], [ -96.510258753523814, 43.049915954186844 ], [ -96.508918751920334, 43.049983954553213 ], [ -96.505241742443275, 43.048724954093004 ], [ -96.501750737299062, 43.048630954757051 ], [ -96.490367735356543, 43.050787977130376 ], [ -96.489280045897445, 43.051276941593954 ], [ -96.488841736643039, 43.051473980967209 ], [ -96.488157745085303, 43.054011984987135 ], [ -96.486724749254407, 43.05549698945407 ], [ -96.476907766175074, 43.062382016629492 ], [ -96.473167767478884, 43.063549025474757 ], [ -96.469955759930087, 43.06208703054677 ], [ -96.468209757821015, 43.061859033885064 ], [ -96.463096757929534, 43.062980045487535 ], [ -96.460852759941247, 43.064032051148772 ], [ -96.45820377031086, 43.067553060148917 ], [ -96.455211794364558, 43.075052073884791 ], [ -96.454191081505428, 43.083378273841006 ], [ -96.454128689855708, 43.083887217510956 ], [ -96.454090825584785, 43.084196085462089 ], [ -96.454528835138944, 43.086825087242225 ], [ -96.455339840328406, 43.08812808691701 ], [ -96.462638851119024, 43.089613073587046 ], [ -96.462857857625721, 43.091418074982883 ], [ -96.460518868195777, 43.094939083324135 ], [ -96.45187988096383, 43.100473106484856 ], [ -96.448136892015512, 43.104451118107775 ], [ -96.439337918322252, 43.113915145491752 ], [ -96.436591940404156, 43.120841158027531 ], [ -96.439617946694426, 43.121962153049473 ], [ -96.440803951703643, 43.123128151833207 ], [ -96.441646957817284, 43.124686151706285 ], [ -96.442713973195723, 43.128840153753252 ], [ -96.443433991211009, 43.133824157342261 ], [ -96.450364026169112, 43.142236151923385 ], [ -96.455547037024047, 43.144156143460279 ], [ -96.458857036847434, 43.143355135996174 ], [ -96.459981038303269, 43.143515133901083 ], [ -96.465102056427398, 43.147514127696418 ], [ -96.466540067294929, 43.150280127636051 ], [ -96.467387100753072, 43.159607135469514 ], [ -96.467313197584971, 43.163188836845457 ], [ -96.467295116347032, 43.164065140209679 ], [ -96.466404719381373, 43.170742553393588 ], [ -96.46639925013676, 43.170783569263406 ], [ -96.464899177537802, 43.18203316334462 ], [ -96.465149181034235, 43.182970163803411 ], [ -96.467149188051394, 43.184501161385569 ], [ -96.468805189488705, 43.184524158112843 ], [ -96.46942341877994, 43.184716697366575 ], [ -96.472398196367919, 43.18564315210709 ], [ -96.473837212183824, 43.189803153507157 ], [ -96.473780243667946, 43.198765162805586 ], [ -96.47078426345989, 43.205098175232138 ], [ -96.470629270807137, 43.207224177715162 ], [ -96.472161280203593, 43.209533177046112 ], [ -96.474915310006594, 43.217350179610776 ], [ -96.475574323590877, 43.221053182106907 ], [ -96.476700327915964, 43.22201318086924 ], [ -96.48165298178715, 43.223267176938059 ], [ -96.450770952495546, 43.237383313516332 ] ] ] } },
{ "type": "Feature", "properties": { "hex_id": 130, "area_km2": 1039.2304845413241 }, "geometry": { "type": "Polygon", "coordinates": [ [ [ -95.801231606957245, 42.981993178890704 ], [ -96.009859939767423, 42.887573248016629 ], [ -96.225735450138671, 42.972722599362079 ], [ -96.233662776286408, 43.152662170933503 ], [ -96.024481823826164, 43.247479617935404 ], [ -95.807925844484132, 43.161959211633466 ], [ -95.801231606957245, 42.981993178890704 ] ] ] } },
{ "type": "Feature", "properties": { "hex_id": 131, "area_km2": 1039.2304845413241 }, "geometry": { "type": "Polygon", "coordinates": [ [ [ -95.376612025189516, 42.989698099984622 ], [ -95.585909443042055, 42.896049025819657 ], [ -95.801231606957245, 42.981993178890704 ], [ -95.807925844484132, 43.161959211633466 ], [ -95.598064101252149, 43.256003825681169 ], [ -95.38207217737245, 43.169686172578992 ], [ -95.376612025189516, 42.989698099984622 ] ] ] } },
{ "type": "Feature", "properties": { "hex_id": 132, "area_km2": 1039.2304845413241 }, "geometry": { "type": "Polygon", "coordinates": [ [ [ -94.951898121648355, 42.995837353912918 ], [ -95.161854601975051, 42.902961387535839 ], [ -95.376612025189516, 42.989698099984622 ], [ -95.38207217737245, 43.169686172578992 ], [ -95.171540171448527, 43.26295549343854 ], [ -94.956123123327146, 43.175842788574421 ], [ -94.951898121648355, 42.995837353912918 ] ] ] } },
{ "type": "Feature", "properties": { "hex_id": 133, "area_km2": 1039.2304845413241 }, "geometry": { "type": "Polygon", "coordinates": [ [ [ -94.527111120048076, 43.000409863774202 ], [ -94.737716556725104, 42.908309738866528 ], [ -94.951898121648355, 42.995837353912918 ], [ -94.956123123327146, 43.175842788574421 ], [ -94.744930438815402, 43.268334382532124 ], [ -94.530099908521947, 43.180428237243341 ], [ -94.527111120048076, 43.000409863774202 ] ] ] } },
{ "type": "Feature", "properties": { "hex_id": 134, "area_km2": 1039.2304845413241 }, "geometry": { "type": "Polygon", "coordinates": [ [ [ -94.102271756513375, 43.003415399821918 ], [ -94.313516399536837, 42.912093553430267 ], [ -94.527111120048076, 43.000409863774202 ], [ -94.530099908521947, 43.180428237243341 ], [ -94.318257016799635, 43.272139752187663 ], [ -94.104023641009633, 43.183442637387955 ], [ -94.102271756513375, 43.003415399821918 ] ] ] } },
{ "type": "Feature", "properties": { "hex_id": 135, "area_km2": 1039.2304845413241 }, "geometry": { "type": "Polygon", "coordinates": [ [ [ -93.677401258950511, 43.004852871435652 ], [ -93.889274240799423, 42.914311531594123 ], [ -94.102271756513375, 43.003415399821918 ], [ -94.104023641009633, 43.183442637387955 ], [ -93.891542205508856, 43.274371233231356 ], [ -93.677917225594214, 43.184884347070252 ], [ -93.677401258950511, 43.004852871435652 ] ] ] } },
{ "type": "Feature", "properties": { "hex_id": 136, "area_km2": 1039.2304845413241 }, "geometry": { "type": "Polygon", "coordinates": [ [ [ -93.252522062122623, 43.00472365928848 ], [ -93.465012445405719, 42.914964758988738 ], [ -93.677401258950511, 43.004852871435652 ], [ -93.677917225594214, 43.184884347070252 ], [ -93.464808093219702, 43.275027769091544 ], [ -93.251801851989256, 43.184754375278601 ], [ -93.252522062122623, 43.00472365928848 ] ] ] } },
{ "type": "Feature", "properties": { "hex_id": 137, "area_km2": 1039.2304845413241 }, "geometry": { "type": "Polygon", "coordinates": [ [ [ -92.827655358763337, 43.003026999556681 ], [ -93.040751962409644, 42.914052939963092 ], [ -93.252522062122623, 43.00472365928848 ], [ -93.251801851989256, 43.184754375278601 ], [ -93.038075088124728, 43.274110684061881 ], [ -92.825698445720292, 43.183053069859106 ], [ -92.827655358763337, 43.003026999556681 ] ] ] } },
{ "type": "Feature", "properties": { "hex_id": 138, "area_km2": 1039.2304845413241 }, "geometry": { "type": "Polygon", "coordinates": [ [ [ -92.402822060852245, 42.99976383017021 ], [ -92.616515027375456, 42.911576732744315 ], [ -92.827655358763337, 43.003026999556681 ], [ -92.825698445720292, 43.183053069859106 ], [ -92.611365157522016, 43.271620154470654 ], [ -92.399629206097273, 43.179780286119922 ], [ -92.402822060852245, 42.99976383017021 ] ] ] } },
{ "type": "Feature", "properties": { "hex_id": 139, "area_km2": 1039.2304845413241 }, "geometry": { "type": "Polygon", "coordinates": [ [ [ -91.978044594325226, 42.994933984034397 ], [ -92.192321623467464, 42.907536029311366 ], [ -92.402822060852245, 42.99976383017021 ], [ -92.399629206097273, 43.179780286119922 ], [ -92.184700740870909, 43.267555973843876 ], [ -91.973616495453172, 43.174936616699448 ], [ -91.978044594325226, 42.994933984034397 ] ] ] } },
{ "type": "Feature", "properties": { "hex_id": 140, "area_km2": 1039.2304845413241 }, "geometry": { "type": "Polygon", "coordinates": [ [ [ -91.553344466293083, 42.988537270076641 ], [ -91.768195514669046, 42.901930765622687 ], [ -91.978044594325226, 42.994933984034397 ], [ -91.973616495453172, 43.174936616699448 ], [ -91.758104092405532, 43.261918492909025 ], [ -91.547681347094652, 43.168521623381586 ], [ -91.553344466293083, 42.988537270076641 ] ] ] } },
{ "type": "Feature", "properties": { "hex_id": 141, "area_km2": 965.22725978368567 }, "geometry": { "type": "Polygon", "coordinates": [ [ [ -91.344156539389431, 42.894761451936233 ], [ -91.553344466293083, 42.988537270076641 ], [ -91.547681347094652, 43.168521623381586 ], [ -91.331596210891604, 43.254707910670859 ], [ -91.139315954490996, 43.168405321816529 ], [ -91.141356252065108, 43.163539240154627 ], [ -91.141491482233349, 43.163039303315976 ], [ -91.14328325134413, 43.156415252885182 ], [ -91.146019008907899, 43.152656296436518 ], [ -91.146200255243414, 43.152407262268468 ], [ -91.155859026000272, 43.14327010444584 ], [ -91.156200270591896, 43.142947288423272 ], [ -91.160449278085864, 43.140577297177565 ], [ -91.170372297270575, 43.137386314210502 ], [ -91.17525330510631, 43.134667324415865 ], [ -91.177003305664755, 43.131848330943221 ], [ -91.177932304159071, 43.128877336702189 ], [ -91.178251300195612, 43.124984343136148 ], [ -91.177728291665588, 43.118735352157273 ], [ -91.175193269156608, 43.103773372017876 ], [ -91.177222245117306, 43.080249411083848 ], [ -91.177264236589508, 43.072985422385386 ], [ -91.178761235962412, 43.070580428180108 ], [ -91.179457233186014, 43.067429434036832 ], [ -91.177894227092011, 43.064208436852958 ], [ -91.178087224785315, 43.062046440473658 ], [ -91.176554336631966, 43.051512294012234 ], [ -91.175462585848365, 43.044009681973328 ], [ -91.175319852984032, 43.043028808471895 ], [ -91.174692193174067, 43.038715471686729 ], [ -91.174455597078719, 43.038003472439591 ], [ -91.174328087982275, 43.037619753588515 ], [ -91.17260651616489, 43.032438949838031 ], [ -91.168283165204159, 43.019428491808199 ], [ -91.167983540175953, 43.01865254624979 ], [ -91.157490170295659, 42.991477518682892 ], [ -91.156812834463395, 42.988172389360535 ], [ -91.15674318411007, 42.987832523338099 ], [ -91.156562221588132, 42.978228538545224 ], [ -91.155519230713367, 42.975776540542604 ], [ -91.151724641716683, 42.971449799486258 ], [ -91.344156539389431, 42.894761451936233 ] ] ] } },
{ "type": "Feature", "properties": { "hex_id": 142, "area_km2": 187.75765417310254 }, "geometry": { "type": "Polygon", "coordinates": [ [ [ -96.45938950342186, 43.417290700969723 ], [ -96.450770952495546, 43.237383313516332 ], [ -96.48165298178715, 43.223267176938059 ], [ -96.485027808531527, 43.224121521239418 ], [ -96.485267342763038, 43.22418216619495 ], [ -96.49152863738702, 43.223885036002635 ], [ -96.496457350308376, 43.223651143570812 ], [ -96.500762343673998, 43.220766132911926 ], [ -96.512461344825795, 43.218555120367689 ], [ -96.519276347044411, 43.217689113558698 ], [ -96.520964350243915, 43.218239112609609 ], [ -96.522087360498958, 43.220959114212896 ], [ -96.526868374808856, 43.224070112876731 ], [ -96.535744393578682, 43.227639108108484 ], [ -96.540091390183903, 43.225697102432292 ], [ -96.544905394521294, 43.225927098275925 ], [ -96.548187400252715, 43.226911096140221 ], [ -96.554940404762931, 43.226774089886852 ], [ -96.556316403644445, 43.226134088112723 ], [ -96.557320399871728, 43.224777086097852 ], [ -96.55899839895396, 43.224125084059253 ], [ -96.560443400339665, 43.224218082835534 ], [ -96.568508430453818, 43.231553081240556 ], [ -96.569189503427793, 43.233429117105395 ], [ -96.571197456654957, 43.238960084379514 ], [ -96.565256469956026, 43.244240094196257 ], [ -96.559189468907121, 43.245154100858578 ], [ -96.552966471845053, 43.247280108724759 ], [ -96.55203348715628, 43.251116112584121 ], [ -96.552562032102003, 43.257382823980137 ], [ -96.552594528281006, 43.257768116006645 ], [ -96.553220537186618, 43.25914011621321 ], [ -96.554968543874622, 43.259998115014113 ], [ -96.55697353991161, 43.25909511250066 ], [ -96.560102543557036, 43.259278109539956 ], [ -96.564168552881355, 43.260238106143625 ], [ -96.56857957196091, 43.262661103343369 ], [ -96.576807615818069, 43.268307098950551 ], [ -96.582907617517449, 43.267689092659658 ], [ -96.585223627597827, 43.268877091205134 ], [ -96.586320664953703, 43.274318093744689 ], [ -96.583536679006443, 43.27687809807928 ], [ -96.58294267609034, 43.276535098418435 ], [ -96.582879663172591, 43.274593097206818 ], [ -96.580907662456752, 43.27479909922085 ], [ -96.57857867835915, 43.277603103253675 ], [ -96.57782269277979, 43.279937105476392 ], [ -96.578831722057714, 43.284231107303576 ], [ -96.580711755839346, 43.289019108660455 ], [ -96.579585783441829, 43.293445112574489 ], [ -96.581162796379999, 43.295084112194075 ], [ -96.584089786286142, 43.292953108114929 ], [ -96.587017782568182, 43.291806104663515 ], [ -96.588839815445553, 43.293589844952734 ], [ -96.58892179761628, 43.293670104150422 ], [ -96.588495814932998, 43.296338106316007 ], [ -96.585650813378663, 43.296704109154994 ], [ -96.582950818970971, 43.298124112548173 ], [ -96.580349815765089, 43.298203114965645 ], [ -96.573559812277011, 43.299169121757267 ], [ -96.571649803183774, 43.298186122867961 ], [ -96.570710792298655, 43.296700122782681 ], [ -96.56911378259332, 43.29553412350603 ], [ -96.564293771275558, 43.294803127460504 ], [ -96.563526770218303, 43.294803128162954 ], [ -96.555249758802717, 43.294802135742884 ], [ -96.553090743908697, 43.292859136555379 ], [ -96.549309424192927, 43.293705151991688 ], [ -96.541040743688313, 43.295555149190861 ], [ -96.530395754704969, 43.300033161421474 ], [ -96.527393047688165, 43.30685229282453 ], [ -96.526007805033345, 43.30999817087153 ], [ -96.525567818355697, 43.312466172615792 ], [ -96.528820847272414, 43.31656017201319 ], [ -96.533104924557875, 43.328586175026572 ], [ -96.534916974096063, 43.336472177942504 ], [ -96.53190898075556, 43.33868918170716 ], [ -96.527049249239226, 43.344128333940873 ], [ -96.524576405773772, 43.34689601154642 ], [ -96.52429301314551, 43.347213192718016 ], [ -96.524480018874996, 43.348150193076954 ], [ -96.52551402224077, 43.348334192333127 ], [ -96.526639044723964, 43.351832193339938 ], [ -96.527227105646915, 43.362256198613082 ], [ -96.527349139401807, 43.368108201745692 ], [ -96.526471138317277, 43.368313202543312 ], [ -96.52220714782446, 43.371946207837617 ], [ -96.521327160457489, 43.374606209955829 ], [ -96.521301167916874, 43.375946210700192 ], [ -96.521576223161304, 43.385639215734457 ], [ -96.524048281866897, 43.394761218864254 ], [ -96.525457294933574, 43.396316218687446 ], [ -96.529156314266444, 43.397734216782801 ], [ -96.530128316179372, 43.397552215976667 ], [ -96.530128309593849, 43.396409215340078 ], [ -96.531163308102393, 43.395609214139988 ], [ -96.537120322833644, 43.395062209485438 ], [ -96.553012426089751, 43.404116203310195 ], [ -96.557590457114784, 43.40679120167087 ], [ -96.562732511214122, 43.412781201726816 ], [ -96.568503558516355, 43.417216200488738 ], [ -96.573583588601537, 43.419227198270676 ], [ -96.570792608192122, 43.423754203045654 ], [ -96.569632628316597, 43.42752620620778 ], [ -96.570228637306371, 43.428600206486507 ], [ -96.575185675371628, 43.431755205196424 ], [ -96.581960702760412, 43.432211201008897 ], [ -96.587888720605079, 43.431684196739461 ], [ -96.589555812515627, 43.432177248674769 ], [ -96.589624447384892, 43.432197547828437 ], [ -96.592909748733447, 43.433169194414553 ], [ -96.594258760303916, 43.434152194189323 ], [ -96.600456792570014, 43.445648861786573 ], [ -96.602612898176488, 43.449648199407832 ], [ -96.600621901378062, 43.451233201749758 ], [ -96.600437119367271, 43.453102246078522 ], [ -96.600043939423088, 43.457079206124902 ], [ -96.59400392711845, 43.458831211023316 ], [ -96.593559751015334, 43.461494366576666 ], [ -96.593337951526848, 43.462824214122442 ], [ -96.587933943112446, 43.46487721875225 ], [ -96.585391933073552, 43.464948220325901 ], [ -96.584434888455249, 43.465639079624943 ], [ -96.45938950342186, 43.417290700969723 ] ] ] } },
{ "type": "Feature", "properties": { "hex_id": 143, "area_km2": 1036.0245814548189 }, "geometry": { "type": "Polygon", "coordinates": [ [ [ -96.031856382390657, 43.427415845832599 ], [ -96.024481823826164, 43.247479617935404 ], [ -96.233662776286408, 43.152662170933503 ], [ -96.450770952495546, 43.237383313516332 ], [ -96.45938950342186, 43.417290700969723 ], [ -96.276560266062177, 43.500330313764543 ], [ -96.273705780920551, 43.500325769390052 ], [ -96.252550720735172, 43.500293532417246 ], [ -96.229202741179023, 43.50025792992659 ], [ -96.218173595070013, 43.500246830322254 ], [ -96.031856382390657, 43.427415845832599 ] ] ] } },
{ "type": "Feature", "properties": { "hex_id": 144, "area_km2": 1028.9928938842938 }, "geometry": { "type": "Polygon", "coordinates": [ [ [ -95.60419398127209, 43.435964459345712 ], [ -95.598064101252149, 43.256003825681169 ], [ -95.807925844484132, 43.161959211633466 ], [ -96.024481823826164, 43.247479617935404 ], [ -96.031856382390657, 43.427415845832599 ], [ -95.870129065579917, 43.500060539009091 ], [ -95.866465239659135, 43.500059402187141 ], [ -95.860950212099411, 43.500053080269396 ], [ -95.833350171848693, 43.500021442132272 ], [ -95.81560264620903, 43.500001098005932 ], [ -95.773994984904661, 43.499953402849059 ], [ -95.765855196324523, 43.499944638345461 ], [ -95.60419398127209, 43.435964459345712 ] ] ] } },
{ "type": "Feature", "properties": { "hex_id": 145, "area_km2": 1020.8024705072204 }, "geometry": { "type": "Polygon", "coordinates": [ [ [ -95.176424209234625, 43.442936097321223 ], [ -95.171540171448527, 43.26295549343854 ], [ -95.38207217737245, 43.169686172578992 ], [ -95.598064101252149, 43.256003825681169 ], [ -95.60419398127209, 43.435964459345712 ], [ -95.45897560400374, 43.500466837711322 ], [ -95.454436055456895, 43.500459995409415 ], [ -95.435851767479122, 43.500432104399749 ], [ -95.433802765675011, 43.500114107469905 ], [ -95.395066751762968, 43.500222165953616 ], [ -95.394590749708911, 43.500222843168793 ], [ -95.387789756709921, 43.500232519042072 ], [ -95.364810740767012, 43.500265211626036 ], [ -95.335317700001951, 43.500380498668441 ], [ -95.324794696737655, 43.500421632637909 ], [ -95.319959254791513, 43.50044082053607 ], [ -95.176424209234625, 43.442936097321223 ] ] ] } },
{ "type": "Feature", "properties": { "hex_id": 146, "area_km2": 1013.1799957317509 }, "geometry": { "type": "Polygon", "coordinates": [ [ [ -94.74856818674786, 43.44833003784764 ], [ -94.744930438815402, 43.268334382532124 ], [ -94.956123123327146, 43.175842788574421 ], [ -95.171540171448527, 43.26295549343854 ], [ -95.176424209234625, 43.442936097321223 ], [ -95.044269910713822, 43.500976045027087 ], [ -95.032562518703799, 43.500970086368852 ], [ -95.010190510454137, 43.500959654656356 ], [ -94.99444083286393, 43.500945503092588 ], [ -94.974351491082302, 43.500927444575098 ], [ -94.92478558823683, 43.500882889215703 ], [ -94.91457637433416, 43.50087371202617 ], [ -94.884420329307645, 43.500934728305211 ], [ -94.878307311483184, 43.500939830378499 ], [ -94.74856818674786, 43.44833003784764 ] ] ] } },
{ "type": "Feature", "properties": { "hex_id": 147, "area_km2": 1005.0935293466802 }, "geometry": { "type": "Polygon", "coordinates": [ [ [ -94.320646163263902, 43.452146514736874 ], [ -94.318257016799635, 43.272139752187663 ], [ -94.530099908521947, 43.180428237243341 ], [ -94.744930438815402, 43.268334382532124 ], [ -94.74856818674786, 43.44833003784764 ], [ -94.627820103170293, 43.500760474925912 ], [ -94.614220384870578, 43.500741876401364 ], [ -94.613352358676551, 43.500740878619744 ], [ -94.567288206914398, 43.500362181814126 ], [ -94.566524751515033, 43.500355905396063 ], [ -94.560835192186047, 43.500365746124004 ], [ -94.505796965255598, 43.500460940775071 ], [ -94.49238892551972, 43.500443393972958 ], [ -94.44285108985278, 43.500378647290802 ], [ -94.438154452938434, 43.500372522495596 ], [ -94.320646163263902, 43.452146514736874 ] ] ] } },
{ "type": "Feature", "properties": { "hex_id": 148, "area_km2": 998.94726272949197 }, "geometry": { "type": "Polygon", "coordinates": [ [ [ -93.892685603451994, 43.454385314346759 ], [ -93.891542205508856, 43.274371233231356 ], [ -94.104023641009633, 43.183442637387955 ], [ -94.318257016799635, 43.272139752187663 ], [ -94.320646163263902, 43.452146514736874 ], [ -94.208952878845409, 43.5000944448444 ], [ -94.206423282102264, 43.50009277151689 ], [ -94.183398314693804, 43.500079425541692 ], [ -94.128143438183258, 43.500078486929432 ], [ -94.10686348607058, 43.500078125448141 ], [ -94.098083504559028, 43.500077976303231 ], [ -94.094674511959767, 43.500077918394844 ], [ -94.088588217543091, 43.500068459466206 ], [ -94.078226696739492, 43.500052356257243 ], [ -94.068270535168324, 43.500036883034333 ], [ -94.008240456352638, 43.499943587691881 ], [ -94.002358889217732, 43.499935177735587 ], [ -93.892685603451994, 43.454385314346759 ] ] ] } },
{ "type": "Feature", "properties": { "hex_id": 149, "area_km2": 995.49619431185351 }, "geometry": { "type": "Polygon", "coordinates": [ [ [ -93.46470515583708, 43.455043565262677 ], [ -93.464808093219702, 43.275027769091544 ], [ -93.677917225594214, 43.184884347070252 ], [ -93.891542205508856, 43.274371233231356 ], [ -93.892685603451994, 43.454385314346759 ], [ -93.785901884949254, 43.499699141209739 ], [ -93.768499297333449, 43.499694466806346 ], [ -93.733951475935712, 43.499688516852743 ], [ -93.716123588700455, 43.499685426935415 ], [ -93.696289526072292, 43.499681989309487 ], [ -93.667851592064324, 43.499677060467612 ], [ -93.648534640265936, 43.499667877913978 ], [ -93.616911815634339, 43.499652845613532 ], [ -93.604553771199832, 43.499646971065431 ], [ -93.589572756481928, 43.499639849656923 ], [ -93.570813435681345, 43.499634589057592 ], [ -93.46470515583708, 43.455043565262677 ] ] ] } },
{ "type": "Feature", "properties": { "hex_id": 150, "area_km2": 995.37508064064343 }, "geometry": { "type": "Polygon", "coordinates": [ [ [ -93.036724627147478, 43.454123418486965 ], [ -93.038075088124728, 43.274110684061881 ], [ -93.251801851989256, 43.184754375278601 ], [ -93.464808093219702, 43.275027769091544 ], [ -93.46470515583708, 43.455043565262677 ], [ -93.358720186711878, 43.499496483544014 ], [ -93.34397382239797, 43.499485330855293 ], [ -93.298924839368681, 43.49942390999513 ], [ -93.289044864939015, 43.499410439404883 ], [ -93.271682149167432, 43.499386766671066 ], [ -93.260985757498347, 43.499372182961501 ], [ -93.228660550758335, 43.499457121951401 ], [ -93.226057569907624, 43.499463961180652 ], [ -93.201098626060471, 43.499529539804932 ], [ -93.189115588717598, 43.499561024746257 ], [ -93.169174382819477, 43.499582266188867 ], [ -93.143709461649806, 43.499609664281238 ], [ -93.036724627147478, 43.454123418486965 ] ] ] } },
{ "type": "Feature", "properties": { "hex_id": 151, "area_km2": 999.46101792026298 }, "geometry": { "type": "Polygon", "coordinates": [ [ [ -92.608768215817662, 43.451626047038964 ], [ -92.611365157522016, 43.271620154470654 ], [ -92.825698445720292, 43.183053069859106 ], [ -93.038075088124728, 43.274110684061881 ], [ -93.036724627147478, 43.454123418486965 ], [ -92.926592978557991, 43.4997740881171 ], [ -92.905531344709118, 43.499817146684229 ], [ -92.890308050661602, 43.499848468229636 ], [ -92.878526028595502, 43.499872709444432 ], [ -92.83583097171703, 43.499926169585841 ], [ -92.81027699894932, 43.499958166709575 ], [ -92.808628461389389, 43.499960230907632 ], [ -92.790285045756121, 43.499983199412348 ], [ -92.787410981705577, 43.499986798139837 ], [ -92.728170975420085, 43.500047877888214 ], [ -92.721378109760025, 43.500058987575933 ], [ -92.608768215817662, 43.451626047038964 ] ] ] } },
{ "type": "Feature", "properties": { "hex_id": 152, "area_km2": 1006.2418207158728 }, "geometry": { "type": "Polygon", "coordinates": [ [ [ -92.1808573057654, 43.447549359189466 ], [ -92.184700740870909, 43.267555973843876 ], [ -92.399629206097273, 43.179780286119922 ], [ -92.611365157522016, 43.271620154470654 ], [ -92.608768215817662, 43.451626047038964 ], [ -92.489890339260711, 43.50031884565184 ], [ -92.461741056578433, 43.500359147764271 ], [ -92.448948845522011, 43.500397249649723 ], [ -92.445532757647527, 43.500407424547696 ], [ -92.435606260156632, 43.500436990863477 ], [ -92.405960010912537, 43.500525293030705 ], [ -92.400735972671129, 43.500540852985701 ], [ -92.376343992844042, 43.500621866788791 ], [ -92.375180937593314, 43.500625729681033 ], [ -92.355731859803441, 43.500598227262358 ], [ -92.329374875802927, 43.500560956516431 ], [ -92.325508870583192, 43.500555489691877 ], [ -92.316282865934511, 43.500559299495244 ], [ -92.30934785313508, 43.500562163253349 ], [ -92.302721294661083, 43.500565279951815 ], [ -92.1808573057654, 43.447549359189466 ] ] ] } },
{ "type": "Feature", "properties": { "hex_id": 153, "area_km2": 1014.1850905090562 }, "geometry": { "type": "Polygon", "coordinates": [ [ [ -91.753013961439152, 43.441895551791042 ], [ -91.758104092405532, 43.261918492909025 ], [ -91.973616495453172, 43.174936616699448 ], [ -92.184700740870909, 43.267555973843876 ], [ -92.1808573057654, 43.447549359189466 ], [ -92.049469561885672, 43.500722226588472 ], [ -92.009340296630484, 43.500693826006213 ], [ -91.970713224629208, 43.500670713103212 ], [ -91.969677171368829, 43.500670093337916 ], [ -91.954383217559695, 43.500660944522821 ], [ -91.950500166608307, 43.500670712665077 ], [ -91.941265200397908, 43.500693943997732 ], [ -91.886705656722967, 43.500720728839724 ], [ -91.753013961439152, 43.441895551791042 ] ] ] } },
{ "type": "Feature", "properties": { "hex_id": 154, "area_km2": 1022.6151383415533 }, "geometry": { "type": "Polygon", "coordinates": [ [ [ -91.325260177428717, 43.434664311732462 ], [ -91.331596210891604, 43.254707910670859 ], [ -91.547681347094652, 43.168521623381586 ], [ -91.758104092405532, 43.261918492909025 ], [ -91.753013961439152, 43.441895551791042 ], [ -91.606098030906836, 43.500635931326428 ], [ -91.571001087177706, 43.500540110043453 ], [ -91.521089840804805, 43.500612318844297 ], [ -91.503908763495346, 43.500637175452773 ], [ -91.491038708446482, 43.500649785489081 ], [ -91.491010299655386, 43.500649813298331 ], [ -91.473583007336799, 43.500667480292044 ], [ -91.325260177428717, 43.434664311732462 ] ] ] } },
{ "type": "Feature", "properties": { "hex_id": 155, "area_km2": 407.33589359475002 }, "geometry": { "type": "Polygon", "coordinates": [ [ [ -91.331596210891604, 43.254707910670859 ], [ -91.325260177428717, 43.434664311732462 ], [ -91.217808273149117, 43.47714667828793 ], [ -91.220398718446788, 43.471307738479624 ], [ -91.224585737019638, 43.465526751062171 ], [ -91.229502743994559, 43.462608758031671 ], [ -91.231050369728777, 43.461145360695156 ], [ -91.232240752225181, 43.460019763968376 ], [ -91.233186760835906, 43.457785768829183 ], [ -91.233366771810537, 43.455169774333172 ], [ -91.232275790571549, 43.45095378288044 ], [ -91.228749815720803, 43.445538793258919 ], [ -91.209055998031786, 43.4268467120202 ], [ -91.207144905150884, 43.425032828541219 ], [ -91.205550563091094, 43.422950334506204 ], [ -91.20314392479132, 43.419806837546659 ], [ -91.201223938875344, 43.415904844562924 ], [ -91.200358950243739, 43.412702850548868 ], [ -91.20052696523824, 43.40848785891297 ], [ -91.199407984314618, 43.403033869189727 ], [ -91.198047997274955, 43.399224876092752 ], [ -91.197670010725616, 43.395335883548768 ], [ -91.19895303065438, 43.389836894913664 ], [ -91.200701045527666, 43.385931903414502 ], [ -91.204831073866359, 43.378888919363668 ], [ -91.206072089216846, 43.374977927768207 ], [ -91.207367095226772, 43.373660931063831 ], [ -91.213360114291106, 43.370098941371054 ], [ -91.214990123970111, 43.36800794647062 ], [ -91.214913977964954, 43.367269997044616 ], [ -91.214770131971918, 43.365875950660737 ], [ -91.207154518026186, 43.353401253207643 ], [ -91.206620172429879, 43.352525972764951 ], [ -91.203964178519485, 43.349853976469987 ], [ -91.201847178208993, 43.349104976660321 ], [ -91.188014163357778, 43.347603971091772 ], [ -91.181115158530858, 43.345927970018337 ], [ -91.171491607910625, 43.341184117490343 ], [ -91.17105515796176, 43.340968972983745 ], [ -91.154806147721359, 43.334827973635583 ], [ -91.137343128585769, 43.329758970862073 ], [ -91.132813123871884, 43.328031970746508 ], [ -91.129121120335256, 43.326351971075546 ], [ -91.119720732160388, 43.320595266368088 ], [ -91.117661110883773, 43.319333974813347 ], [ -91.107237098213474, 43.313646976568556 ], [ -91.08565207490598, 43.291871994320196 ], [ -91.079875068447521, 43.282775003485476 ], [ -91.073710057658957, 43.274748010311299 ], [ -91.071724054348294, 43.271394013584441 ], [ -91.071574056436944, 43.268195018242736 ], [ -91.072782063408937, 43.264365025093056 ], [ -91.072649064811543, 43.262131028326223 ], [ -91.07169806257572, 43.261016029113669 ], [ -91.069937057306831, 43.260274028577676 ], [ -91.061798030398123, 43.259954021429117 ], [ -91.059750024044305, 43.259076020787639 ], [ -91.058644021061212, 43.257681021771837 ], [ -91.057918019774135, 43.255368024435391 ], [ -91.057910020453718, 43.2539700264524 ], [ -91.059684029002014, 43.248568035759511 ], [ -91.061695649216659, 43.244792948969291 ], [ -91.062562039914454, 43.243167045512756 ], [ -91.064271526739162, 43.241441525647069 ], [ -91.06639805358985, 43.239295054317623 ], [ -91.071857072418297, 43.235166065160172 ], [ -91.079278097110688, 43.228261081775287 ], [ -91.087456123138949, 43.221893098690586 ], [ -91.097455717564642, 43.214414568565701 ], [ -91.107931183284833, 43.206580141210701 ], [ -91.109641788380458, 43.205501096222704 ], [ -91.113749199364975, 43.202910152599273 ], [ -91.119115214192419, 43.200368161997154 ], [ -91.122170221581058, 43.197257169741142 ], [ -91.123896224543827, 43.193538176932059 ], [ -91.12442822283974, 43.187888185581301 ], [ -91.134173241192073, 43.174407215990342 ], [ -91.135917245167704, 43.173424219418209 ], [ -91.138649249921372, 43.169995227561081 ], [ -91.139315954490996, 43.168405321816529 ], [ -91.331596210891604, 43.254707910670859 ] ] ] } },
{ "type": "Feature", "properties": { "hex_id": 156, "area_km2": 135.51494429455704 }, "geometry": { "type": "Polygon", "coordinates": [ [ [ -96.45938950342186, 43.417290700969723 ], [ -96.584434888455249, 43.465639079624943 ], [ -96.582479934923185, 43.467050223449235 ], [ -96.584607960801435, 43.469609223863223 ], [ -96.585141973236773, 43.471140224555924 ], [ -96.583706988114756, 43.47430122747555 ], [ -96.584130998301973, 43.475562228056809 ], [ -96.586748021773403, 43.47738822774533 ], [ -96.58655402834242, 43.478498228591633 ], [ -96.581002023159456, 43.481383233665078 ], [ -96.582385042564766, 43.483398234194048 ], [ -96.583301045124031, 43.483171233526519 ], [ -96.586280060607749, 43.483513232064247 ], [ -96.587218074138292, 43.484914232461747 ], [ -96.586196075530225, 43.48580623362713 ], [ -96.586929091259037, 43.487669234448987 ], [ -96.584552088278315, 43.488832236541342 ], [ -96.58505409756016, 43.489886236956409 ], [ -96.586279111208455, 43.491098237078532 ], [ -96.590048133829129, 43.491905235536933 ], [ -96.59045715182036, 43.494297236911414 ], [ -96.591681157931873, 43.494366236289245 ], [ -96.59472716481396, 43.493313233913604 ], [ -96.598401193787979, 43.495073233103369 ], [ -96.5991872038704, 43.496010233317023 ], [ -96.5989341441893, 43.50044026284376 ], [ -96.598933231699192, 43.500456235891669 ], [ -96.573951114409496, 43.500446249308474 ], [ -96.53167492919205, 43.500406142177923 ], [ -96.521276866912785, 43.500396277605248 ], [ -96.453264580425014, 43.500389403758504 ], [ -96.446762461500242, 43.500380593683339 ], [ -96.400222368240804, 43.500317533963525 ], [ -96.332066096783251, 43.500414701274849 ], [ -96.329663917241845, 43.50041104073415 ], [ -96.292393938020254, 43.500354247187772 ], [ -96.276560266062177, 43.500330313764543 ], [ -96.45938950342186, 43.417290700969723 ] ] ] } },
{ "type": "Feature", "properties": { "hex_id": 157, "area_km2": 113.56471202836079 }, "geometry": { "type": "Polygon", "coordinates": [ [ [ -96.031856382390657, 43.427415845832599 ], [ -96.218173595070013, 43.500246830322254 ], [ -96.214015739067307, 43.500242374038997 ], [ -96.192693734075192, 43.500220534129852 ], [ -96.172413677723313, 43.5001997614755 ], [ -96.154453652727952, 43.500181365203488 ], [ -96.12389860409408, 43.500150067971894 ], [ -96.096200350082512, 43.500134190498059 ], [ -96.053165538527608, 43.500109521642322 ], [ -95.978289364909642, 43.500066599811596 ], [ -95.972473401321423, 43.500063265781876 ], [ -95.933732342710869, 43.500061853817677 ], [ -95.870129065579917, 43.500060539009091 ], [ -96.031856382390657, 43.427415845832599 ] ] ] } },
{ "type": "Feature", "properties": { "hex_id": 158, "area_km2": 87.903283751325674 }, "geometry": { "type": "Polygon", "coordinates": [ [ [ -95.60419398127209, 43.435964459345712 ], [ -95.765855196324523, 43.499944638345461 ], [ -95.749699061547574, 43.499925552421502 ], [ -95.741451049261357, 43.499923450760036 ], [ -95.695784666779034, 43.499911814587719 ], [ -95.684150526728232, 43.499908850112099 ], [ -95.649104208808112, 43.499899920017867 ], [ -95.643158942317868, 43.499898405114159 ], [ -95.625005925807656, 43.499893779573313 ], [ -95.623260091898388, 43.499895456288364 ], [ -95.574142734534433, 43.49994262906111 ], [ -95.565129799615349, 43.499951285169928 ], [ -95.521728813381273, 43.499992967897562 ], [ -95.504901895067945, 43.500022331665107 ], [ -95.497160721675172, 43.500035839488369 ], [ -95.489030785830138, 43.500050024075961 ], [ -95.460480776658883, 43.500469067233183 ], [ -95.45897560400374, 43.500466837711322 ], [ -95.60419398127209, 43.435964459345712 ] ] ] } },
{ "type": "Feature", "properties": { "hex_id": 159, "area_km2": 71.734562694876928 }, "geometry": { "type": "Polygon", "coordinates": [ [ [ -95.176424209234625, 43.442936097321223 ], [ -95.319959254791513, 43.50044082053607 ], [ -95.306204720011351, 43.500494300057667 ], [ -95.269008043645542, 43.500474826146984 ], [ -95.250971699593251, 43.500465383418486 ], [ -95.25076469930012, 43.500407383745653 ], [ -95.244846697872077, 43.501197390494404 ], [ -95.214934483933277, 43.50085787759653 ], [ -95.211282669799843, 43.500816428376055 ], [ -95.201283667500462, 43.500849130317853 ], [ -95.179919673152966, 43.500919001696289 ], [ -95.179166644648546, 43.500921464491306 ], [ -95.167410635564622, 43.50099947769489 ], [ -95.154938623860829, 43.500450491937059 ], [ -95.151285825252785, 43.500501978705245 ], [ -95.123932600647336, 43.500887526672429 ], [ -95.093989445153426, 43.500946058865765 ], [ -95.072234559856369, 43.500988584813577 ], [ -95.054183534467938, 43.500980167906036 ], [ -95.044269910713822, 43.500976045027087 ], [ -95.176424209234625, 43.442936097321223 ] ] ] } },
{ "type": "Feature", "properties": { "hex_id": 160, "area_km2": 59.187147708736106 }, "geometry": { "type": "Polygon", "coordinates": [ [ [ -94.74856818674786, 43.44833003784764 ], [ -94.878307311483184, 43.500939830378499 ], [ -94.854557325933285, 43.500956599165129 ], [ -94.80790021483179, 43.500990769624622 ], [ -94.797933967562827, 43.500976880860449 ], [ -94.744537226520876, 43.500902468423554 ], [ -94.734180989879292, 43.500888036693851 ], [ -94.700304484643198, 43.500840828794971 ], [ -94.67847519520582, 43.500815736321549 ], [ -94.627820103170293, 43.500760474925912 ], [ -94.74856818674786, 43.44833003784764 ] ] ] } },
{ "type": "Feature", "properties": { "hex_id": 161, "area_km2": 49.475083755270958 }, "geometry": { "type": "Polygon", "coordinates": [ [ [ -94.320646163263902, 43.452146514736874 ], [ -94.438154452938434, 43.500372522495596 ], [ -94.437472984776861, 43.500371618026541 ], [ -94.420395977915817, 43.50034929811973 ], [ -94.394718993107432, 43.500315335484537 ], [ -94.368063695250456, 43.500280078839246 ], [ -94.332236075393155, 43.500232690060933 ], [ -94.324974713162376, 43.500221876821485 ], [ -94.258588157052671, 43.500123017418652 ], [ -94.247967182349655, 43.500116851645927 ], [ -94.227968242457735, 43.500105259639767 ], [ -94.208952878845409, 43.5000944448444 ], [ -94.320646163263902, 43.452146514736874 ] ] ] } },
{ "type": "Feature", "properties": { "hex_id": 162, "area_km2": 44.127813670466097 }, "geometry": { "type": "Polygon", "coordinates": [ [ [ -93.892685603451994, 43.454385314346759 ], [ -94.002358889217732, 43.499935177735587 ], [ -93.973496902967597, 43.49988942660606 ], [ -93.970761914119024, 43.499885695281478 ], [ -93.888430480681691, 43.499773371115012 ], [ -93.852262788943008, 43.499740765129928 ], [ -93.808508022880744, 43.499701319221849 ], [ -93.785901884949254, 43.499699141209739 ], [ -93.892685603451994, 43.454385314346759 ] ] ] } },
{ "type": "Feature", "properties": { "hex_id": 163, "area_km2": 42.419378482213141 }, "geometry": { "type": "Polygon", "coordinates": [ [ [ -93.46470515583708, 43.455043565262677 ], [ -93.570813435681345, 43.499634589057592 ], [ -93.528484899988086, 43.49961158613003 ], [ -93.500437943652514, 43.499598609645481 ], [ -93.498426961903874, 43.499596727120895 ], [ -93.49735439422885, 43.499595723279867 ], [ -93.478697342903004, 43.499578261712614 ], [ -93.46832291975916, 43.499568552050377 ], [ -93.408617886256522, 43.499528594176603 ], [ -93.398614874203986, 43.499521899615743 ], [ -93.379925638052228, 43.499509391761706 ], [ -93.37893794351298, 43.499508730742811 ], [ -93.358720186711878, 43.499496483544014 ], [ -93.46470515583708, 43.455043565262677 ] ] ] } },
{ "type": "Feature", "properties": { "hex_id": 164, "area_km2": 44.407368918302424 }, "geometry": { "type": "Polygon", "coordinates": [ [ [ -93.036724627147478, 43.454123418486965 ], [ -93.143709461649806, 43.499609664281238 ], [ -93.141221463982106, 43.499612041725378 ], [ -93.100457319647546, 43.499655463796891 ], [ -93.064324310932918, 43.499693952748402 ], [ -93.049194196272552, 43.499710069369947 ], [ -93.03361117973806, 43.499726668419385 ], [ -93.024347011526899, 43.49968345581695 ], [ -93.007872112311361, 43.499606608860333 ], [ -92.965824029262492, 43.499693096001458 ], [ -92.949364878783314, 43.499726960289422 ], [ -92.944293645839181, 43.499737394223679 ], [ -92.929627972583759, 43.499767568477758 ], [ -92.926592978557991, 43.4997740881171 ], [ -93.036724627147478, 43.454123418486965 ] ] ] } },
{ "type": "Feature", "properties": { "hex_id": 165, "area_km2": 50.488465780172056 }, "geometry": { "type": "Polygon", "coordinates": [ [ [ -92.608768215817662, 43.451626047038964 ], [ -92.721378109760025, 43.500058987575933 ], [ -92.695302994815535, 43.500097943358533 ], [ -92.69265799924797, 43.50010125057215 ], [ -92.688719015550944, 43.500106175745188 ], [ -92.672582614246849, 43.500126352161601 ], [ -92.628825992645091, 43.500181063991036 ], [ -92.601581049775262, 43.500215130174695 ], [ -92.568900074540878, 43.50021188703122 ], [ -92.553129370811916, 43.500210322002445 ], [ -92.552190078896956, 43.500210228790451 ], [ -92.538845150306827, 43.500232239001328 ], [ -92.489890339260711, 43.50031884565184 ], [ -92.608768215817662, 43.451626047038964 ] ] ] } },
{ "type": "Feature", "properties": { "hex_id": 166, "area_km2": 60.494861786260756 }, "geometry": { "type": "Polygon", "coordinates": [ [ [ -92.1808573057654, 43.447549359189466 ], [ -92.302721294661083, 43.500565279951815 ], [ -92.289390872231976, 43.500570404334731 ], [ -92.234549737746619, 43.500593114153155 ], [ -92.208966520070888, 43.500670275696493 ], [ -92.198949815601623, 43.500700487073708 ], [ -92.197900083529348, 43.500703653169914 ], [ -92.171900614291175, 43.500782070141113 ], [ -92.089477980663887, 43.500740437443135 ], [ -92.079802376850253, 43.500735550177481 ], [ -92.0747544237136, 43.500733000394845 ], [ -92.049469561885672, 43.500722226588472 ], [ -92.1808573057654, 43.447549359189466 ] ] ] } },
{ "type": "Feature", "properties": { "hex_id": 167, "area_km2": 74.100781896914242 }, "geometry": { "type": "Polygon", "coordinates": [ [ [ -91.753013961439152, 43.441895551791042 ], [ -91.886705656722967, 43.500720728839724 ], [ -91.871121107864909, 43.500723673289258 ], [ -91.850941087259002, 43.500732226211852 ], [ -91.849700076960005, 43.500732752190615 ], [ -91.828025052547886, 43.500741938737242 ], [ -91.790616133650829, 43.500794502145808 ], [ -91.79054985374556, 43.500794595275849 ], [ -91.778919988266821, 43.500810936431748 ], [ -91.74999795085661, 43.500697935028242 ], [ -91.731399867459146, 43.500700972282331 ], [ -91.730216838081788, 43.500701165482873 ], [ -91.700716713091296, 43.50070598314786 ], [ -91.670871569374881, 43.500515012406531 ], [ -91.658400509137309, 43.500535024588828 ], [ -91.644455441730983, 43.500638038139144 ], [ -91.632177382577893, 43.500443050316356 ], [ -91.61711330978234, 43.500665064823451 ], [ -91.610834309361508, 43.500648049998958 ], [ -91.606098030906836, 43.500635931326428 ], [ -91.753013961439152, 43.441895551791042 ] ] ] } },
{ "type": "Feature", "properties": { "hex_id": 168, "area_km2": 87.634032039550632 }, "geometry": { "type": "Polygon", "coordinates": [ [ [ -91.325260177428717, 43.434664311732462 ], [ -91.473583007336799, 43.500667480292044 ], [ -91.465486841971185, 43.50067479814291 ], [ -91.465267775613555, 43.500675012586477 ], [ -91.465049964366159, 43.500675225801324 ], [ -91.461636199925309, 43.500678567526862 ], [ -91.436622949136833, 43.500703052939869 ], [ -91.404458129778135, 43.500855200240821 ], [ -91.397318076116051, 43.500888974413122 ], [ -91.375135147283331, 43.500597930632011 ], [ -91.371780994334628, 43.500694887603352 ], [ -91.369322118929716, 43.500765965196912 ], [ -91.367421172385136, 43.500820914995998 ], [ -91.291924567767353, 43.500934069643989 ], [ -91.28212756136638, 43.500948753448547 ], [ -91.257479526690886, 43.500985696059821 ], [ -91.248004554516356, 43.500512681286104 ], [ -91.217705608780335, 43.500551679333228 ], [ -91.218269618988884, 43.497229685401301 ], [ -91.2180003553744, 43.494672614142814 ], [ -91.217614644507947, 43.49100969799246 ], [ -91.215281672281392, 43.484799710339693 ], [ -91.216034685381729, 43.481143717833405 ], [ -91.217808273149117, 43.47714667828793 ], [ -91.325260177428717, 43.434664311732462 ] ] ] } }
]
}
