{
"type": "FeatureCollection",
"name": "il_hexgrid_40km",
"crs": { "type": "name", "properties": { "name": "urn:ogc:def:crs:OGC:1.3:CRS84" } },
"features": [
{ "type": "Feature", "properties": { "hex_id": 0, "area_km2": 216.44478389473426 }, "geometry": { "type": "Polygon", "coordinates": [ [ [ -89.237536423361647, 37.150014561211222 ], [ -89.134752823900868, 37.103478984310136 ], [ -89.142850879335171, 37.099017567538247 ], [ -89.147458871321575, 37.098904571983752 ], [ -89.150551847202067, 37.093758568384281 ], [ -89.147109845480458, 37.091626561996542 ], [ -89.149668834965681, 37.090011562577352 ], [ -89.152436830015063, 37.090033565547444 ], [ -89.154167700263471, 37.08879284314316 ], [ -89.15565381542892, 37.087727566055499 ], [ -89.167030152959128, 37.075363772659465 ], [ -89.168085737957554, 37.074216563646985 ], [ -89.171879256334861, 37.068182540241985 ], [ -89.175723671222613, 37.062067559087787 ], [ -89.179382624323068, 37.053010553857327 ], [ -89.181367590703559, 37.046303549294379 ], [ -89.182507548950412, 37.037273541239749 ], [ -89.180847509162135, 37.026841527586704 ], [ -89.180637848888296, 37.026179772242052 ], [ -89.179448548739771, 37.022425957615091 ], [ -89.178973489789414, 37.020926518272169 ], [ -89.173593467253269, 37.011407499075887 ], [ -89.172849718557075, 37.010404715385675 ], [ -89.171118461778576, 37.008070491191923 ], [ -89.166445458531527, 37.003335477830866 ], [ -89.160665465641316, 37.00004946400901 ], [ -89.148140890434135, 36.991619696155013 ], [ -89.13843554291671, 36.985087433211525 ], [ -89.132683561862791, 36.982198424495792 ], [ -89.140812535007129, 36.97941444027402 ], [ -89.144108524225686, 36.979131446269328 ], [ -89.149880505497663, 36.977634457313684 ], [ -89.161765467948101, 36.972766481210172 ], [ -89.17000644236262, 36.970296497432415 ], [ -89.177233419183352, 36.970883510079872 ], [ -89.185489391621999, 36.973516523266206 ], [ -89.192095366753932, 36.979993530906597 ], [ -89.195037351258705, 36.989766529725728 ], [ -89.195027345407084, 37.000049523060696 ], [ -89.19648941802879, 37.004983068696284 ], [ -89.19848638687543, 37.011721540092402 ], [ -89.200791399887137, 37.016162548001404 ], [ -89.205036404608919, 37.020045558301085 ], [ -89.216662722143951, 37.02631824568202 ], [ -89.225480396900679, 37.031075598762037 ], [ -89.234051404455414, 37.03727561583537 ], [ -89.238251422416027, 37.042851625594082 ], [ -89.24564648413525, 37.057781645045488 ], [ -89.254928550306971, 37.072012676948233 ], [ -89.255333015523192, 37.071370908865354 ], [ -89.25993450422736, 37.064069692081787 ], [ -89.264482506340542, 37.064812709617676 ], [ -89.280373501648356, 37.065222769859439 ], [ -89.283486503456629, 37.065809781638279 ], [ -89.28368350836142, 37.066734782384785 ], [ -89.294034507024605, 37.06734382116705 ], [ -89.307724513112504, 37.069652871524269 ], [ -89.30828850607773, 37.068369874145596 ], [ -89.31081744973514, 37.057895888355134 ], [ -89.309399428523449, 37.053767884599701 ], [ -89.307395411652465, 37.050430877959585 ], [ -89.304750397435882, 37.047563868305225 ], [ -89.301366384910636, 37.044980855257464 ], [ -89.291183363880407, 37.040406813812588 ], [ -89.277713345065933, 37.036138756751072 ], [ -89.266284307677211, 37.028681705662819 ], [ -89.260001279653252, 37.023286675822391 ], [ -89.257606237245682, 37.015494661589905 ], [ -89.263525151233665, 37.000048683634226 ], [ -89.266240155697275, 36.996300699270201 ], [ -89.2695621594968, 36.993399717162198 ], [ -89.274196163478948, 36.990493741159192 ], [ -89.278626166118798, 36.988668763354724 ], [ -89.292128160133046, 36.992187826476346 ], [ -89.313268859712551, 37.009562816447023 ], [ -89.317166210657533, 37.012765938603856 ], [ -89.322980226857609, 37.016088963562474 ], [ -89.331162245054145, 37.019934998242562 ], [ -89.345994270213239, 37.025520059849647 ], [ -89.362395289387521, 37.030155126754742 ], [ -89.378275331876907, 37.039604181144327 ], [ -89.38164234763353, 37.043009189701316 ], [ -89.383935363787558, 37.046440193420963 ], [ -89.384679372446854, 37.048250193380547 ], [ -89.385432406052217, 37.055129184608539 ], [ -89.385184419044066, 37.05774717913426 ], [ -89.385054903400587, 37.058009441336552 ], [ -89.378887484754316, 37.070498133991897 ], [ -89.376610068629375, 37.077670979475037 ], [ -89.375710535944293, 37.080504106690185 ], [ -89.375636632677484, 37.084643098232618 ], [ -89.237536423361647, 37.150014561211222 ] ] ] } },
{ "type": "Feature", "properties": { "hex_id": 1, "area_km2": 77.3907826696082 }, "geometry": { "type": "Polygon", "coordinates": [ [ [ -88.457649885536412, 37.153398225207368 ], [ -88.428898846144534, 37.140145800624232 ], [ -88.434699684511727, 37.12642232740469 ], [ -88.435827680355771, 37.125053330658247 ], [ -88.44353663781591, 37.109190357719527 ], [ -88.440910637340323, 37.107635352529066 ], [ -88.444657617843788, 37.100510365929672 ], [ -88.444765606373466, 37.095254369578733 ], [ -88.449378584691956, 37.087606386140195 ], [ -88.454109553438627, 37.081991150952987 ], [ -88.460592543153396, 37.074296424773991 ], [ -88.482178503400064, 37.067366488282325 ], [ -88.490143496384761, 37.068309508756606 ], [ -88.490471792024209, 37.068246147385331 ], [ -88.504293493646117, 37.06557852547202 ], [ -88.514354527101247, 37.065229495840008 ], [ -88.521434551838965, 37.06558247449555 ], [ -88.531574589036296, 37.067190443573622 ], [ -88.54586764226697, 37.07056540088567 ], [ -88.564622712478155, 37.077190348212227 ], [ -88.566473275452509, 37.075776733202261 ], [ -88.566837717606205, 37.075498341753203 ], [ -88.573247743204107, 37.079999325576686 ], [ -88.573944588267565, 37.082907721266729 ], [ -88.574243750761042, 37.084156324473113 ], [ -88.583790787518168, 37.091998304102717 ], [ -88.584009346239924, 37.092268557173377 ], [ -88.584565728263541, 37.092956536832602 ], [ -88.585446254297565, 37.094045414924388 ], [ -88.457649885536412, 37.153398225207368 ] ] ] } },
{ "type": "Feature", "properties": { "hex_id": 2, "area_km2": 569.5578811510801 }, "geometry": { "type": "Polygon", "coordinates": [ [ [ -89.239692166232345, 37.330205958952909 ], [ -89.237536423361647, 37.150014561211222 ], [ -89.375636632677484, 37.084643098232618 ], [ -89.375613562985208, 37.085935097906933 ], [ -89.378708604201933, 37.094585094628791 ], [ -89.384173643870483, 37.103266097828296 ], [ -89.388048662194933, 37.107480102549168 ], [ -89.390298365993232, 37.10903485395351 ], [ -89.393425676954422, 37.111196112139318 ], [ -89.407449706949421, 37.119306137277512 ], [ -89.411728719375674, 37.122506142608508 ], [ -89.414469729631065, 37.125049144688226 ], [ -89.419656180814968, 37.131204786337562 ], [ -89.425578784172515, 37.138234143786704 ], [ -89.435200841744475, 37.152089132750412 ], [ -89.438273882201827, 37.161286115789068 ], [ -89.438348223928529, 37.161397994471102 ], [ -89.454091145226542, 37.185089897871606 ], [ -89.454336744708158, 37.185459506418589 ], [ -89.455280275679186, 37.186879448776828 ], [ -89.456103989820207, 37.18811907589577 ], [ -89.457470912995348, 37.190825114645946 ], [ -89.461861036111571, 37.199516051309018 ], [ -89.462675052756694, 37.203350040919531 ], [ -89.467630114884372, 37.218199001827955 ], [ -89.467499131592788, 37.221842990333926 ], [ -89.465972762790997, 37.224916989532431 ], [ -89.46514535601645, 37.226583328569411 ], [ -89.458301227251027, 37.240366925207013 ], [ -89.457982404022445, 37.241876956269302 ], [ -89.457831238052577, 37.242592918262886 ], [ -89.458245258043917, 37.247064905371296 ], [ -89.458697307989752, 37.248305885680338 ], [ -89.458826264612171, 37.248659901050132 ], [ -89.460691269759181, 37.250575899693658 ], [ -89.462659269560518, 37.251518903256475 ], [ -89.470524264157888, 37.253355912786546 ], [ -89.479204252373108, 37.253050917664631 ], [ -89.488727423719112, 37.251506403164477 ], [ -89.489914234096176, 37.251313920453939 ], [ -89.496385245518624, 37.258472941635553 ], [ -89.502302260697931, 37.263736959109679 ], [ -89.506772283189832, 37.268535975541354 ], [ -89.513904320300739, 37.277163003484034 ], [ -89.517031338483307, 37.281919017730736 ], [ -89.518339349962034, 37.285496027235894 ], [ -89.518388514316484, 37.289073239372549 ], [ -89.518392359775035, 37.289353036024629 ], [ -89.517899888323583, 37.291240042319608 ], [ -89.517691365322165, 37.292039041392592 ], [ -89.515740370424922, 37.295361046977256 ], [ -89.515290532766059, 37.296929553523348 ], [ -89.514604378698351, 37.299322054893885 ], [ -89.51404138927532, 37.303775064533916 ], [ -89.512107293260584, 37.30997213848984 ], [ -89.511841404245317, 37.310824078655791 ], [ -89.510555346361642, 37.312885501270152 ], [ -89.509698410183631, 37.314259084642572 ], [ -89.508173411759273, 37.315661086533304 ], [ -89.499089417203976, 37.321489092584223 ], [ -89.495159429056997, 37.324794098280087 ], [ -89.491193449565614, 37.331360111754023 ], [ -89.489319338208887, 37.333078412314833 ], [ -89.489135221768635, 37.333247221589346 ], [ -89.489004456345526, 37.333367115370443 ], [ -89.486517610862819, 37.334548811630569 ], [ -89.484210465320416, 37.33564511827533 ], [ -89.474568477515817, 37.33816411925617 ], [ -89.454722491549518, 37.339282111604653 ], [ -89.447555498384432, 37.34047411078317 ], [ -89.43603951370936, 37.344440114559831 ], [ -89.432835521217342, 37.347055119359645 ], [ -89.429737533584898, 37.351955129879379 ], [ -89.429434848396127, 37.352774121665519 ], [ -89.428184543524907, 37.356157139483678 ], [ -89.422036598428747, 37.380529196882414 ], [ -89.421053613908626, 37.387667214144166 ], [ -89.421319623299667, 37.39207622520432 ], [ -89.422464634016265, 37.397131238247546 ], [ -89.424591136177483, 37.403458093995447 ], [ -89.425939656226305, 37.407470265350028 ], [ -89.429312494041966, 37.415451070471839 ], [ -89.239692166232345, 37.330205958952909 ] ] ] } },
{ "type": "Feature", "properties": { "hex_id": 3, "area_km2": 758.15091376697819 }, "geometry": { "type": "Polygon", "coordinates": [ [ [ -89.237536423361647, 37.150014561211222 ], [ -89.239692166232345, 37.330205958952909 ], [ -89.045120699510704, 37.42163967646205 ], [ -88.848835688684559, 37.332554337328055 ], [ -88.847942534325355, 37.201429655808639 ], [ -88.850020858559503, 37.202226736572754 ], [ -88.869529145106526, 37.209709516516995 ], [ -88.903905161745584, 37.220071593158224 ], [ -88.916179169469203, 37.223989620116861 ], [ -88.922990174072737, 37.224904631224973 ], [ -88.927940331540981, 37.226162298360869 ], [ -88.934062182097577, 37.227717652825504 ], [ -88.934369390768083, 37.225085709155771 ], [ -88.934404181737065, 37.224787645064509 ], [ -88.953153194352311, 37.224809668406458 ], [ -88.966021203820773, 37.226341688369743 ], [ -88.969459207283933, 37.228277697602969 ], [ -88.974710211890127, 37.229706707655922 ], [ -88.98325921734687, 37.228683715464115 ], [ -88.992354625939839, 37.22648331964529 ], [ -89.000967226170658, 37.224399725672797 ], [ -89.005933227110361, 37.221878720153299 ], [ -89.014002225704019, 37.216088707687597 ], [ -89.029980227163932, 37.211142699212687 ], [ -89.037567219124014, 37.203930685267558 ], [ -89.041262218534442, 37.202879683923676 ], [ -89.043720957200478, 37.200810719562071 ], [ -89.058035195669845, 37.188765660094987 ], [ -89.062750300122289, 37.185228478482124 ], [ -89.06433976391871, 37.184036092945426 ], [ -89.076220164712623, 37.175123641215919 ], [ -89.08523864067277, 37.166789504987875 ], [ -89.086525138577699, 37.165600628957563 ], [ -89.087218561457647, 37.164609076499133 ], [ -89.092933111992764, 37.156437616483636 ], [ -89.095752094216749, 37.150389607840822 ], [ -89.096668082322125, 37.14619860131981 ], [ -89.097329240926854, 37.144743651361068 ], [ -89.09904606619979, 37.140965594109417 ], [ -89.1035910373527, 37.132121582733532 ], [ -89.11068900032096, 37.122047572082373 ], [ -89.120463961583937, 37.113485567186302 ], [ -89.121148387692571, 37.112791183795373 ], [ -89.125070940187314, 37.10881156435331 ], [ -89.134752823900868, 37.103478984310136 ], [ -89.237536423361647, 37.150014561211222 ] ] ] } },
{ "type": "Feature", "properties": { "hex_id": 4, "area_km2": 864.8683795450554 }, "geometry": { "type": "Polygon", "coordinates": [ [ [ -88.848835688684559, 37.332554337328055 ], [ -88.653776808200121, 37.423347551274929 ], [ -88.484427213853834, 37.345777279869374 ], [ -88.484460998499443, 37.345607315662747 ], [ -88.486945991867572, 37.339594318478355 ], [ -88.490308986255926, 37.335040322299747 ], [ -88.494135977273899, 37.327687326651649 ], [ -88.500564964482166, 37.31782033384048 ], [ -88.505085955358368, 37.307856337762935 ], [ -88.508655951935481, 37.303351340772927 ], [ -88.511495947880832, 37.298525343073209 ], [ -88.514659941000531, 37.290946345472641 ], [ -88.515937934048154, 37.284041346252486 ], [ -88.509585919430634, 37.273396340845892 ], [ -88.506940910746792, 37.266654338654874 ], [ -88.509326906924727, 37.262128340377132 ], [ -88.508029904233837, 37.260259339359777 ], [ -88.500775893253845, 37.253577333903294 ], [ -88.492381892572837, 37.248443326201581 ], [ -88.487275887715114, 37.244075324646673 ], [ -88.484980882593831, 37.240772325143752 ], [ -88.479728863001085, 37.229604329192043 ], [ -88.478177859312879, 37.227249329324017 ], [ -88.471751849948717, 37.220153326891491 ], [ -88.466979847738358, 37.217024322805251 ], [ -88.458761848141407, 37.213534313728765 ], [ -88.457747279980111, 37.212722500497613 ], [ -88.457649885536412, 37.153398225207368 ], [ -88.585446254297565, 37.094045414924388 ], [ -88.58945181013344, 37.098998295046378 ], [ -88.593920825034701, 37.101759286883983 ], [ -88.600553993479423, 37.106645504523428 ], [ -88.601142848844816, 37.10707927552648 ], [ -88.605586667052577, 37.109523878939967 ], [ -88.611438879793653, 37.112743259841253 ], [ -88.621399199981568, 37.117370793827483 ], [ -88.625887919835506, 37.11945624002707 ], [ -88.627347787416355, 37.119934501204291 ], [ -88.627350652684456, 37.119935439882951 ], [ -88.630603932133312, 37.121001233427783 ], [ -88.630783025172661, 37.121008666953976 ], [ -88.630811427275205, 37.121009845825974 ], [ -88.630891197443475, 37.121013156806939 ], [ -88.637975950773125, 37.121307220205018 ], [ -88.644870968082827, 37.122842210160123 ], [ -88.676299555049809, 37.134956392848224 ], [ -88.685391995899025, 37.138461087669782 ], [ -88.687766063287413, 37.139376175742392 ], [ -88.693982075745851, 37.141153171394421 ], [ -88.702552093267528, 37.142644163296694 ], [ -88.71367309748338, 37.141382326767328 ], [ -88.720223134374507, 37.140639131429381 ], [ -88.720552946198325, 37.140695843064641 ], [ -88.723439140800835, 37.141192128569855 ], [ -88.726790814273642, 37.142260483456717 ], [ -88.732104156038076, 37.143954125727589 ], [ -88.733767697776997, 37.144683493236293 ], [ -88.73790279535838, 37.146496496313851 ], [ -88.737936164819615, 37.146511126910028 ], [ -88.740177169505202, 37.147903759633898 ], [ -88.742446493136001, 37.149313990854978 ], [ -88.746064173848595, 37.151562135242152 ], [ -88.747891355764253, 37.152380622796166 ], [ -88.753067176431372, 37.154699147671423 ], [ -88.765356163578772, 37.162660198448563 ], [ -88.775949155181266, 37.168778238484222 ], [ -88.779465150344933, 37.172493257873946 ], [ -88.783698769798008, 37.175939144569064 ], [ -88.786946143337374, 37.178582291925828 ], [ -88.789659450132731, 37.180214034565338 ], [ -88.7973721378128, 37.184852330452379 ], [ -88.805719135794902, 37.188593356168226 ], [ -88.820934136869653, 37.192201390916942 ], [ -88.821636027839403, 37.192414356598952 ], [ -88.830347509335198, 37.195057568320024 ], [ -88.835050138112464, 37.196484425736159 ], [ -88.840117223726025, 37.198428005112106 ], [ -88.847942534325355, 37.201429655808639 ], [ -88.848835688684559, 37.332554337328055 ] ] ] } },
{ "type": "Feature", "properties": { "hex_id": 5, "area_km2": 12.555255864293198 }, "geometry": { "type": "Polygon", "coordinates": [ [ [ -88.457649885536426, 37.153398225207368 ], [ -88.457747279980111, 37.21272250049762 ], [ -88.450651842004675, 37.207044306411717 ], [ -88.447762837236468, 37.203525304399221 ], [ -88.441954811727115, 37.18903430443909 ], [ -88.439525798454099, 37.181738304776154 ], [ -88.437779796493757, 37.180005302776863 ], [ -88.43345277053794, 37.165869303006367 ], [ -88.433780766332745, 37.164068304610623 ], [ -88.431486760612984, 37.160296302316752 ], [ -88.429904758761126, 37.15866630014542 ], [ -88.42809575869272, 37.157756297128451 ], [ -88.424401751147045, 37.152426292522662 ], [ -88.424617379631314, 37.150965431341476 ], [ -88.424774745356729, 37.149899294461513 ], [ -88.428898846144534, 37.140145800624232 ], [ -88.457649885536426, 37.153398225207368 ] ] ] } },
{ "type": "Feature", "properties": { "hex_id": 6, "area_km2": 93.553053001448049 }, "geometry": { "type": "Polygon", "coordinates": [ [ [ -89.43907370661907, 37.598808204509893 ], [ -89.436605961833664, 37.431393033008021 ], [ -89.439768724289991, 37.437199344148617 ], [ -89.443492736627022, 37.442128357628427 ], [ -89.445648994779745, 37.444418444607159 ], [ -89.450968757643054, 37.450068379761092 ], [ -89.454573396897061, 37.452991004133999 ], [ -89.471200806438659, 37.466472426545067 ], [ -89.475524821213625, 37.471387439803486 ], [ -89.482115909947495, 37.480408993948593 ], [ -89.492050891319792, 37.494007499026374 ], [ -89.49768891300883, 37.504947524020039 ], [ -89.500230916480717, 37.512953539627546 ], [ -89.502916914435119, 37.517869548327866 ], [ -89.507458910662834, 37.524321559510945 ], [ -89.512399906330472, 37.529809568759795 ], [ -89.516446903271259, 37.535557578580352 ], [ -89.517050903080943, 37.537277581623975 ], [ -89.521092903509555, 37.553804611102095 ], [ -89.521924904740175, 37.560734623602443 ], [ -89.521729473764537, 37.566209155886007 ], [ -89.521517334374835, 37.57215173430604 ], [ -89.52127391105229, 37.578970657138001 ], [ -89.520803912202126, 37.581154661257159 ], [ -89.519807913698003, 37.582747664432539 ], [ -89.516537917522768, 37.584503668505619 ], [ -89.513942920224267, 37.584814669756298 ], [ -89.509541924469403, 37.584146669674062 ], [ -89.494050926001762, 37.580115659544553 ], [ -89.486061916584305, 37.580852653972613 ], [ -89.481117910956371, 37.582972653354119 ], [ -89.477547906986842, 37.585884655162857 ], [ -89.476029905611156, 37.590225661129331 ], [ -89.475931905797012, 37.592997665719572 ], [ -89.476513906825645, 37.595553670601149 ], [ -89.478398909650039, 37.59886867808757 ], [ -89.485791920610083, 37.607156700019438 ], [ -89.501871886255003, 37.621008670933513 ], [ -89.50244234194848, 37.621500086172119 ], [ -89.506562938236328, 37.625049746194179 ], [ -89.509686563686031, 37.630334734413431 ], [ -89.43907370661907, 37.598808204509893 ] ] ] } },
{ "type": "Feature", "properties": { "hex_id": 7, "area_km2": 1038.7569930685866 }, "geometry": { "type": "Polygon", "coordinates": [ [ [ -89.43907370661907, 37.598808204509893 ], [ -89.244060354850717, 37.690571821075537 ], [ -89.046833934949632, 37.60183119074037 ], [ -89.045120699510704, 37.42163967646205 ], [ -89.239692166232345, 37.330205958952909 ], [ -89.429312494041966, 37.415451070471839 ], [ -89.434129699694964, 37.426846316519637 ], [ -89.436605961833664, 37.431393033008021 ], [ -89.43907370661907, 37.598808204509893 ] ] ] } },
{ "type": "Feature", "properties": { "hex_id": 8, "area_km2": 1039.2304845413257 }, "geometry": { "type": "Polygon", "coordinates": [ [ [ -88.653776808200121, 37.423347551274929 ], [ -88.848835688684559, 37.332554337328055 ], [ -89.045120699510704, 37.42163967646205 ], [ -89.046833934949632, 37.60183119074037 ], [ -88.851320592343853, 37.692950577207419 ], [ -88.654548271591366, 37.603550194885813 ], [ -88.653776808200121, 37.423347551274929 ] ] ] } },
{ "type": "Feature", "properties": { "hex_id": 9, "area_km2": 935.70404213962206 }, "geometry": { "type": "Polygon", "coordinates": [ [ [ -88.653776808200121, 37.423347551274929 ], [ -88.654548271591366, 37.603550194885813 ], [ -88.45854726594618, 37.694021347978207 ], [ -88.262242109136423, 37.603965346643704 ], [ -88.262382608948073, 37.45561896914144 ], [ -88.281665986016307, 37.452594088148111 ], [ -88.297819997840435, 37.44681410613304 ], [ -88.31258400769984, 37.44058912256866 ], [ -88.313391217615532, 37.439868027372107 ], [ -88.317524011295149, 37.436176128016768 ], [ -88.321198013337209, 37.434703132115544 ], [ -88.321305190781004, 37.434641837646204 ], [ -88.33062101846258, 37.42931414259823 ], [ -88.333182019814714, 37.427208145435316 ], [ -88.334877647885136, 37.425371941934195 ], [ -88.342153334984687, 37.417493066067202 ], [ -88.348404026288733, 37.410724162247782 ], [ -88.358435028733453, 37.404858173457747 ], [ -88.358503935572585, 37.404815584215157 ], [ -88.360632786871335, 37.403499805311654 ], [ -88.361556029306414, 37.402929176946849 ], [ -88.365470030012958, 37.401661181345389 ], [ -88.371213031335657, 37.402728187852034 ], [ -88.373444032066573, 37.404340190399445 ], [ -88.377506034022886, 37.409823195076711 ], [ -88.387668038494823, 37.41648020664617 ], [ -88.39637391209952, 37.42112706767287 ], [ -88.397339043295503, 37.421642217623798 ], [ -88.404126046674222, 37.424144225305511 ], [ -88.408807048873754, 37.425214230592978 ], [ -88.413107050167028, 37.424466235428859 ], [ -88.415262759333075, 37.423491335625862 ], [ -88.418593050984029, 37.421985241583215 ], [ -88.425980052202291, 37.419439249883744 ], [ -88.43318105385508, 37.418167257990874 ], [ -88.439332054721035, 37.416414264912433 ], [ -88.45012605465395, 37.411715277054782 ], [ -88.455999053767911, 37.408480283663117 ], [ -88.46586004949873, 37.400545294758786 ], [ -88.470223046541491, 37.396253299671599 ], [ -88.476591038806333, 37.386873306841366 ], [ -88.47852202775556, 37.375050308992918 ], [ -88.480063318887971, 37.370569391382297 ], [ -88.480983380690134, 37.367894542182711 ], [ -88.482112017574494, 37.364613313036671 ], [ -88.482611008026311, 37.354913313580404 ], [ -88.48290281301577, 37.353445448472947 ], [ -88.484427213853834, 37.345777279869374 ], [ -88.653776808200121, 37.423347551274929 ] ] ] } },
{ "type": "Feature", "properties": { "hex_id": 10, "area_km2": 254.45591945493109 }, "geometry": { "type": "Polygon", "coordinates": [ [ [ -88.262242109136423, 37.603965346643704 ], [ -88.159194996116, 37.651141137363318 ], [ -88.158639241468194, 37.649095083707927 ], [ -88.158373226188601, 37.639946075628551 ], [ -88.156826214733471, 37.632799068979651 ], [ -88.15269019957482, 37.622825058862631 ], [ -88.141746170891082, 37.6028430358121 ], [ -88.141670953840119, 37.599690804506004 ], [ -88.141622162414237, 37.597646030615792 ], [ -88.142382153515584, 37.592430025835 ], [ -88.140782142400766, 37.585215017854125 ], [ -88.136488131493877, 37.577305007405066 ], [ -88.134280128214016, 37.574634003307352 ], [ -88.125906325047822, 37.570727991845416 ], [ -88.122937125265096, 37.569342990411968 ], [ -88.106046363801156, 37.55619718311717 ], [ -88.103137111179933, 37.553932958337569 ], [ -88.096469100819391, 37.544888941673534 ], [ -88.092813094803546, 37.539634931813083 ], [ -88.088048090641095, 37.535121921715373 ], [ -88.086193090287807, 37.53418391881678 ], [ -88.078045091767478, 37.532026908577279 ], [ -88.072241090398379, 37.528823898732782 ], [ -88.069017087091808, 37.525294890591553 ], [ -88.063310076544994, 37.515752870855216 ], [ -88.062567073802342, 37.513560866799374 ], [ -88.062827065687415, 37.508120858861815 ], [ -88.061333817583886, 37.505310324916621 ], [ -88.061291062449826, 37.50522985285226 ], [ -88.062562053353375, 37.495948845628227 ], [ -88.064114051781274, 37.492010846685773 ], [ -88.06521705073034, 37.489419847477862 ], [ -88.066473049753043, 37.487819848611707 ], [ -88.067843048682235, 37.485864849816807 ], [ -88.069308047739838, 37.48518285134341 ], [ -88.071462046570446, 37.485942853880189 ], [ -88.073461045331499, 37.485291856011486 ], [ -88.073429045176567, 37.483603855700821 ], [ -88.074519044322784, 37.481272856544948 ], [ -88.076598043025967, 37.479832858647768 ], [ -88.079596565839893, 37.475877780521365 ], [ -88.081764039731283, 37.473018863384894 ], [ -88.085228037854378, 37.471537867066303 ], [ -88.089071035876032, 37.471628871421743 ], [ -88.090004035403354, 37.472034872536909 ], [ -88.092620034062165, 37.473655875732526 ], [ -88.099801030288432, 37.473570883821978 ], [ -88.109416025326098, 37.472366894506024 ], [ -88.128009015976232, 37.47050491527169 ], [ -88.132627013421839, 37.471552920617569 ], [ -88.135141012111646, 37.471623923466112 ], [ -88.153937363460273, 37.467602951929294 ], [ -88.157060002254056, 37.466934947752044 ], [ -88.159989985725844, 37.466670907660188 ], [ -88.171762995514683, 37.465609964292348 ], [ -88.172121939105665, 37.465424117734315 ], [ -88.175281994530167, 37.463787968122702 ], [ -88.188613989047127, 37.461893983112027 ], [ -88.206921981427698, 37.460186003814272 ], [ -88.222892379108089, 37.457715725608494 ], [ -88.225010974916586, 37.457388024256531 ], [ -88.23778296963286, 37.456809038793878 ], [ -88.255191967476904, 37.456746058553669 ], [ -88.262382608948073, 37.45561896914144 ], [ -88.262242109136423, 37.603965346643704 ] ] ] } },
{ "type": "Feature", "properties": { "hex_id": 11, "area_km2": 201.65595612457443 }, "geometry": { "type": "Polygon", "coordinates": [ [ [ -89.838531203331584, 37.954750440681977 ], [ -89.639909090635456, 37.867033196002261 ], [ -89.637775809782269, 37.745898498927566 ], [ -89.645428853981244, 37.74610524979412 ], [ -89.64952987274448, 37.745495251927309 ], [ -89.658454923110853, 37.747707259192737 ], [ -89.663351954260307, 37.750049264079315 ], [ -89.665545972584724, 37.752092265734539 ], [ -89.667993011393534, 37.759481268566304 ], [ -89.666474020517043, 37.764192267991355 ], [ -89.66413002391522, 37.76850726636296 ], [ -89.661998297863619, 37.773743788759731 ], [ -89.661190034434313, 37.77572926394501 ], [ -89.660227048216129, 37.781029263100876 ], [ -89.660380067650834, 37.786293263464444 ], [ -89.661320079333322, 37.788201264719106 ], [ -89.663982102532728, 37.790798268323606 ], [ -89.669644165057207, 37.79991927740582 ], [ -89.674415995318398, 37.803002579609959 ], [ -89.677605226010542, 37.805063290589246 ], [ -89.682850263976732, 37.807786299734538 ], [ -89.69655936183274, 37.814334325472309 ], [ -89.702844405039784, 37.816809337863965 ], [ -89.703453042851606, 37.817179941701077 ], [ -89.717480518481537, 37.825721371707054 ], [ -89.729426620331097, 37.835078404875802 ], [ -89.732737652065282, 37.83850441571834 ], [ -89.736439692282659, 37.843491429745811 ], [ -89.739873725031288, 37.846927441715927 ], [ -89.749858783803532, 37.846980912580648 ], [ -89.749961781428183, 37.846981464142004 ], [ -89.75410478213702, 37.846355467317011 ], [ -89.757363789529009, 37.847610472284821 ], [ -89.761992804876797, 37.850654480918905 ], [ -89.765222811536219, 37.851779485439657 ], [ -89.774306819110492, 37.85212049425396 ], [ -89.779828829617401, 37.85389350143106 ], [ -89.782035835606223, 37.855089504807815 ], [ -89.786369825946394, 37.851731504921908 ], [ -89.793718850532457, 37.857051517238112 ], [ -89.796087861000544, 37.859502521782296 ], [ -89.800360896600381, 37.868622534231591 ], [ -89.799835906227756, 37.871364536511528 ], [ -89.797678915402855, 37.874199537782829 ], [ -89.798041935383367, 37.879652543452039 ], [ -89.799333942707534, 37.881514546098664 ], [ -89.803913949961171, 37.882982550291942 ], [ -89.813647970610106, 37.887707560078418 ], [ -89.836255025841737, 37.901799581006969 ], [ -89.837183437877087, 37.90229231413894 ], [ -89.842650038553401, 37.905193585417038 ], [ -89.843837902970861, 37.905402587681124 ], [ -89.844787040268344, 37.905569586403686 ], [ -89.851049036652682, 37.903977587998185 ], [ -89.862950017794262, 37.896903590289348 ], [ -89.866989008720452, 37.893516591185126 ], [ -89.872382866663344, 37.887775143977194 ], [ -89.876594981655728, 37.883291594056786 ], [ -89.881475972902308, 37.879588596489846 ], [ -89.897301957834145, 37.871602606818719 ], [ -89.901832955299255, 37.869819610217093 ], [ -89.913317960974723, 37.869638618721829 ], [ -89.923185968919924, 37.87066962570804 ], [ -89.937383986241599, 37.874690634258322 ], [ -89.938191709519558, 37.875108404926934 ], [ -89.939403318616186, 37.875735073428608 ], [ -89.950595008682171, 37.881523639352771 ], [ -89.952500013424924, 37.883215639507696 ], [ -89.95361390815647, 37.885079412525428 ], [ -89.960584777094823, 37.89674422969437 ], [ -89.838531203331584, 37.954750440681977 ] ] ] } },
{ "type": "Feature", "properties": { "hex_id": 12, "area_km2": 968.97986722254996 }, "geometry": { "type": "Polygon", "coordinates": [ [ [ -89.639909090635456, 37.867033196002261 ], [ -89.444454697257456, 37.959135148645011 ], [ -89.24627392023875, 37.87074620911666 ], [ -89.244060354850717, 37.690571821075537 ], [ -89.43907370661907, 37.598808204509893 ], [ -89.509686563686031, 37.630334734413431 ], [ -89.510525936576727, 37.631754757308514 ], [ -89.515648933513631, 37.63644576425169 ], [ -89.51771793317171, 37.641216772317371 ], [ -89.517135934416984, 37.643788777240481 ], [ -89.515859935987464, 37.64555478092835 ], [ -89.515902937481343, 37.650802790561812 ], [ -89.516826938291246, 37.656088799944584 ], [ -89.516145942301833, 37.66797482204008 ], [ -89.513926946430857, 37.676574838718523 ], [ -89.512039949039249, 37.680984847590665 ], [ -89.512008950330923, 37.685524855974926 ], [ -89.514254950014958, 37.689922863161364 ], [ -89.516637695744649, 37.692706660490707 ], [ -89.516684949176536, 37.692761867378422 ], [ -89.521947946749293, 37.696474871987306 ], [ -89.525729944852571, 37.69844087398382 ], [ -89.531426941718792, 37.700333875010529 ], [ -89.538651937232956, 37.70105387323288 ], [ -89.566703921599952, 37.707188872089056 ], [ -89.573515918140487, 37.709064872415816 ], [ -89.583315914040313, 37.713260875431047 ], [ -89.584080180558743, 37.714094176178605 ], [ -89.587212913787013, 37.717509881079984 ], [ -89.591288546603948, 37.723596204141892 ], [ -89.596565587594526, 37.732883212008709 ], [ -89.600972559484546, 37.735604354211084 ], [ -89.602405622179816, 37.736489217408817 ], [ -89.608756659096784, 37.739681223030253 ], [ -89.612477677919216, 37.740033225490777 ], [ -89.613157195556497, 37.740539144398547 ], [ -89.61558569790175, 37.742347228774257 ], [ -89.616193704950902, 37.744280230320683 ], [ -89.61593271185103, 37.748181232521389 ], [ -89.616388716201186, 37.749164233408315 ], [ -89.617277721831783, 37.74971723431424 ], [ -89.624022754378245, 37.749117238258343 ], [ -89.628009772113288, 37.748132240166846 ], [ -89.633369793317769, 37.745779242000403 ], [ -89.637775809782269, 37.745898498927566 ], [ -89.639909090635456, 37.867033196002261 ] ] ] } },
{ "type": "Feature", "properties": { "hex_id": 13, "area_km2": 1039.2304845413257 }, "geometry": { "type": "Polygon", "coordinates": [ [ [ -88.851320592343853, 37.692950577207419 ], [ -89.046833934949632, 37.60183119074037 ], [ -89.244060354850717, 37.690571821075537 ], [ -89.24627392023875, 37.87074620911666 ], [ -89.050306836007138, 37.962197343350319 ], [ -88.85257980584251, 37.873140378589568 ], [ -88.851320592343853, 37.692950577207419 ] ] ] } },
{ "type": "Feature", "properties": { "hex_id": 14, "area_km2": 1039.2304845413269 }, "geometry": { "type": "Polygon", "coordinates": [ [ [ -88.45854726594618, 37.694021347978207 ], [ -88.654548271591366, 37.603550194885813 ], [ -88.851320592343853, 37.692950577207419 ], [ -88.85257980584251, 37.873140378589568 ], [ -88.656112037352614, 37.963938921737011 ], [ -88.458851829942432, 37.874218130350613 ], [ -88.45854726594618, 37.694021347978207 ] ] ] } },
{ "type": "Feature", "properties": { "hex_id": 15, "area_km2": 998.83234433769883 }, "geometry": { "type": "Polygon", "coordinates": [ [ [ -88.262242109136423, 37.603965346643704 ], [ -88.45854726594618, 37.694021347978207 ], [ -88.458851829942432, 37.874218130350613 ], [ -88.261896373277352, 37.964359720567252 ], [ -88.080145645386864, 37.880901018151675 ], [ -88.078528529251187, 37.879115867573375 ], [ -88.068533516964337, 37.858008916829455 ], [ -88.065190770970176, 37.853384720754349 ], [ -88.065294863479892, 37.824618404797413 ], [ -88.066040490985856, 37.824841987577926 ], [ -88.07642649265776, 37.830236965115553 ], [ -88.080853492001765, 37.830899959028976 ], [ -88.085726489613393, 37.829385956609705 ], [ -88.090091485824075, 37.825639958703995 ], [ -88.091847482909145, 37.822105963139677 ], [ -88.090038479518228, 37.816768975045356 ], [ -88.077227884954226, 37.805366790693718 ], [ -88.076403472983458, 37.804633015575803 ], [ -88.067715471057127, 37.800568035564275 ], [ -88.065381121544121, 37.800749534372045 ], [ -88.065609057955882, 37.737534417755697 ], [ -88.071580246472593, 37.733871347162115 ], [ -88.0725373936328, 37.733284194239602 ], [ -88.081924388101356, 37.730387186240051 ], [ -88.085900384850447, 37.72858518217992 ], [ -88.095758375244714, 37.723203171339506 ], [ -88.101843366331067, 37.718034162685655 ], [ -88.107087362180948, 37.715913158399132 ], [ -88.114883794326687, 37.713488726739989 ], [ -88.117802355133477, 37.712581151243747 ], [ -88.120617014905193, 37.710811373299379 ], [ -88.122411349712209, 37.709683146675822 ], [ -88.12503234509019, 37.707092143120512 ], [ -88.130090800335566, 37.70020353753894 ], [ -88.132340327620682, 37.69714013081358 ], [ -88.13294332083845, 37.695386748921152 ], [ -88.134281318050583, 37.691496124591403 ], [ -88.137441525560291, 37.688971805606663 ], [ -88.145433300902752, 37.682588114318726 ], [ -88.151645286945055, 37.675096106826558 ], [ -88.158206267535718, 37.664540097251169 ], [ -88.15937126267643, 37.661845094929923 ], [ -88.160186255279413, 37.657590091275083 ], [ -88.160061249829567, 37.654330088435522 ], [ -88.159194996116, 37.651141137363318 ], [ -88.262242109136423, 37.603965346643704 ] ] ] } },
{ "type": "Feature", "properties": { "hex_id": 16, "area_km2": 23.63173855190956 }, "geometry": { "type": "MultiPolygon", "coordinates": [ [ [ [ -88.014547951450623, 37.896949874546344 ], [ -88.013354575595343, 37.894851866181988 ], [ -88.0144781839589, 37.892316255479528 ], [ -88.015154570495056, 37.890789875828496 ], [ -88.02028356513236, 37.888048880235438 ], [ -88.024817563661955, 37.888857875889414 ], [ -88.027399494706074, 37.89111533041082 ], [ -88.014547951450623, 37.896949874546344 ] ] ], [ [ [ -88.065190770970176, 37.853384720754349 ], [ -88.065035514330447, 37.853169929746251 ], [ -88.059424512599847, 37.848729944062718 ], [ -88.048214512928823, 37.844833962954773 ], [ -88.033308514948217, 37.841914983993973 ], [ -88.028216513295945, 37.838582997086597 ], [ -88.025920508216046, 37.832692013929282 ], [ -88.028692502071451, 37.827107024614165 ], [ -88.033010498418051, 37.824381026325938 ], [ -88.043830493279287, 37.821523020493572 ], [ -88.058054490865942, 37.82244700183027 ], [ -88.065294863479892, 37.824618404797413 ], [ -88.065190770970176, 37.853384720754349 ] ] ], [ [ [ -88.065381121544121, 37.800749534372045 ], [ -88.059661472692341, 37.801194045334647 ], [ -88.045752480853892, 37.808127048677413 ], [ -88.037622483840821, 37.809862055201755 ], [ -88.033019483501619, 37.808648064038373 ], [ -88.030035481955849, 37.806506073114541 ], [ -88.028371479539388, 37.803728082099937 ], [ -88.02802947522656, 37.799222093586607 ], [ -88.032437471922265, 37.796359094330256 ], [ -88.035826467352649, 37.791915100048278 ], [ -88.038768460019, 37.78430511355495 ], [ -88.040205452867212, 37.775955638118397 ], [ -88.040872448678243, 37.772080138680849 ], [ -88.042601421986049, 37.76711827673342 ], [ -88.043390666099356, 37.76571591269758 ], [ -88.049941420636685, 37.754076240586087 ], [ -88.059587408806394, 37.742606214006095 ], [ -88.06380140256816, 37.738643206003964 ], [ -88.065609057955882, 37.737534417755697 ], [ -88.065381121544121, 37.800749534372045 ] ] ] ] } },
{ "type": "Feature", "properties": { "hex_id": 17, "area_km2": 2.7676728001159043 }, "geometry": { "type": "Polygon", "coordinates": [ [ [ -90.237166197994611, 38.129137912726321 ], [ -90.236611717226225, 38.107788984869522 ], [ -90.243116985334993, 38.112665954399525 ], [ -90.250119009674748, 38.125050906524855 ], [ -90.252485016134699, 38.127567899193757 ], [ -90.252665756296878, 38.12780984010697 ], [ -90.255760792022983, 38.13195289161628 ], [ -90.261581345128647, 38.13974667136592 ], [ -90.237166197994611, 38.129137912726321 ] ] ] } },
{ "type": "Feature", "properties": { "hex_id": 18, "area_km2": 686.96638907594922 }, "geometry": { "type": "Polygon", "coordinates": [ [ [ -90.237166197994611, 38.129137912726321 ], [ -90.041811789472348, 38.222225405517165 ], [ -89.842224644329931, 38.134876649595945 ], [ -89.838531203331584, 37.954750440681977 ], [ -89.960584777094823, 37.89674422969437 ], [ -89.964292661798012, 37.902947145682646 ], [ -89.971650090346017, 37.915257625332409 ], [ -89.973643095759087, 37.917658623895136 ], [ -89.974222099142111, 37.919214622749131 ], [ -89.97491911513201, 37.926716616649514 ], [ -89.968366125115011, 37.931453612039498 ], [ -89.962274131535196, 37.934360609382146 ], [ -89.959647144706281, 37.94019360525192 ], [ -89.947430145829713, 37.940333605050348 ], [ -89.937928160729697, 37.946190602320357 ], [ -89.932468164602099, 37.947494602087318 ], [ -89.925390182375324, 37.954127600410963 ], [ -89.924812186796458, 37.955820599952673 ], [ -89.925072948148085, 37.95981561201701 ], [ -89.925086197431341, 37.96001859857116 ], [ -89.93372819325117, 37.959146597245109 ], [ -89.935861193810524, 37.959571596666137 ], [ -89.937002197982011, 37.961385595646881 ], [ -89.936757201665714, 37.962866595046677 ], [ -89.939309209737786, 37.966467592796079 ], [ -89.940755220339739, 37.971035590220453 ], [ -89.964205198341261, 37.964571587662341 ], [ -89.978920190602153, 37.962788585666601 ], [ -89.984541289542847, 37.962222148643001 ], [ -89.988665186121779, 37.961806584449306 ], [ -89.997104186751187, 37.963222581144869 ], [ -90.000111188283029, 37.964560578926438 ], [ -90.005332182308408, 37.968004570562172 ], [ -90.016242273877751, 37.97967701574732 ], [ -90.021589173773961, 37.985397536063296 ], [ -90.031691164470985, 37.995025515147056 ], [ -90.035613158724487, 37.99769750814707 ], [ -90.040528927757848, 38.000048508921431 ], [ -90.049158138652459, 38.004175481982855 ], [ -90.052434135627038, 38.006149473921582 ], [ -90.05540014422894, 38.011950456776127 ], [ -90.057270146169813, 38.014359448964655 ], [ -90.059170496235751, 38.015429184931932 ], [ -90.059368144068927, 38.015540443903518 ], [ -90.065046133144449, 38.016872434738403 ], [ -90.072284114776366, 38.016998426912537 ], [ -90.080960087799738, 38.015425421887443 ], [ -90.088261069879849, 38.015769413468171 ], [ -90.093775061596318, 38.017830402460277 ], [ -90.094470651890248, 38.018192360692616 ], [ -90.110521044014433, 38.026544362091748 ], [ -90.113970443297134, 38.029123281895764 ], [ -90.117424041624517, 38.031705340994066 ], [ -90.126195046112741, 38.040699307292357 ], [ -90.126613054855369, 38.043978298013315 ], [ -90.126007076068177, 38.050567281006124 ], [ -90.126397088020923, 38.054894268932301 ], [ -90.128160097824733, 38.059641254092639 ], [ -90.130789099378347, 38.062338243694498 ], [ -90.144554085512624, 38.069020208906494 ], [ -90.157856070440445, 38.074795176597405 ], [ -90.161563061643704, 38.074887171758668 ], [ -90.16341205544478, 38.074344171000824 ], [ -90.172221019266502, 38.069633173523265 ], [ -90.177161011820303, 38.071149163170652 ], [ -90.202072993726404, 38.084762092607356 ], [ -90.205350610190024, 38.08665347121007 ], [ -90.218708984179287, 38.094362042665871 ], [ -90.236611717226225, 38.107788984869522 ], [ -90.237166197994611, 38.129137912726321 ] ] ] } },
{ "type": "Feature", "properties": { "hex_id": 19, "area_km2": 1039.2304845413257 }, "geometry": { "type": "Polygon", "coordinates": [ [ [ -89.444454697257456, 37.959135148645011 ], [ -89.639909090635456, 37.867033196002261 ], [ -89.838531203331584, 37.954750440681977 ], [ -89.842224644329931, 38.134876649595945 ], [ -89.646329887401933, 38.227315987802548 ], [ -89.447181493834591, 38.139290100941977 ], [ -89.444454697257456, 37.959135148645011 ] ] ] } },
{ "type": "Feature", "properties": { "hex_id": 20, "area_km2": 1039.2304845413257 }, "geometry": { "type": "Polygon", "coordinates": [ [ [ -89.050306836007138, 37.962197343350319 ], [ -89.24627392023875, 37.87074620911666 ], [ -89.444454697257456, 37.959135148645011 ], [ -89.447181493834577, 38.139290100941977 ], [ -89.25076095335065, 38.23107819173115 ], [ -89.052066787111997, 38.14237206314332 ], [ -89.050306836007138, 37.962197343350319 ] ] ] } },
{ "type": "Feature", "properties": { "hex_id": 21, "area_km2": 1039.2304845413257 }, "geometry": { "type": "Polygon", "coordinates": [ [ [ -88.656112037352614, 37.963938921737011 ], [ -88.85257980584251, 37.873140378589568 ], [ -89.050306836007138, 37.962197343350319 ], [ -89.052066787111997, 38.14237206314332 ], [ -88.855132336766943, 38.233503333744579 ], [ -88.656904528398343, 38.144125057660368 ], [ -88.656112037352614, 37.963938921737011 ] ] ] } },
{ "type": "Feature", "properties": { "hex_id": 22, "area_km2": 1039.2304845413275 }, "geometry": { "type": "Polygon", "coordinates": [ [ [ -88.261896373277352, 37.964359720567252 ], [ -88.458851829942432, 37.874218130350613 ], [ -88.656112037352614, 37.963938921737011 ], [ -88.656904528398343, 38.144125057660368 ], [ -88.459469264539365, 38.234595347625273 ], [ -88.261721169453097, 38.144548753074915 ], [ -88.261896373277352, 37.964359720567252 ] ] ] } },
{ "type": "Feature", "properties": { "hex_id": 23, "area_km2": 730.93056595176711 }, "geometry": { "type": "Polygon", "coordinates": [ [ [ -87.911028953949824, 38.164147311916565 ], [ -87.9114278011414, 38.161737291865137 ], [ -87.91518380078017, 38.157785297757137 ], [ -87.916844079543125, 38.156869978836497 ], [ -87.923652804412427, 38.153116299018762 ], [ -87.925890806473674, 38.152909296482434 ], [ -87.928269806689158, 38.150890298739036 ], [ -87.926894803414996, 38.14917930537586 ], [ -87.925499798794945, 38.14624831542266 ], [ -87.926626795878775, 38.142543324059091 ], [ -87.929422796689536, 38.140724325103548 ], [ -87.935134800973785, 38.139425320539651 ], [ -87.940437799893317, 38.133710328543479 ], [ -87.945471796895831, 38.126613340523122 ], [ -87.947467799533143, 38.127218335975989 ], [ -87.950691806116865, 38.130238323138421 ], [ -87.955871814252916, 38.132894308509769 ], [ -87.960481817892415, 38.132092304003422 ], [ -87.96575482371199, 38.132618294991836 ], [ -87.969463825195476, 38.13074129460751 ], [ -87.970975994917282, 38.12798523514568 ], [ -87.974271819668246, 38.121978310723406 ], [ -87.973773810362701, 38.114444331305492 ], [ -87.975298806670295, 38.110050340591442 ], [ -87.983067810614315, 38.107136336527141 ], [ -87.998309826693344, 38.10848531004703 ], [ -88.013117808685237, 38.103524315493637 ], [ -88.016728797410593, 38.097254331237423 ], [ -88.014632791322853, 38.090395350390573 ], [ -88.01138978777513, 38.084688366408407 ], [ -88.004696793742426, 38.083962369563004 ], [ -87.968030783744055, 38.096273388015682 ], [ -87.962209782682365, 38.10005138690223 ], [ -87.960462779934062, 38.099083392156885 ], [ -87.959817939843305, 38.09689648674442 ], [ -87.957513591522371, 38.089081538619645 ], [ -87.957463110377347, 38.088910337274498 ], [ -87.956663761653644, 38.086199432499605 ], [ -87.957969468228384, 38.083838604800789 ], [ -87.967225749147772, 38.067102466613711 ], [ -87.978734750715873, 38.059812467133959 ], [ -88.00132975787912, 38.051542453745306 ], [ -88.020630738954949, 38.051842455146179 ], [ -88.032631726843121, 38.05174245678451 ], [ -88.037831719867611, 38.05024246174343 ], [ -88.042131710961058, 38.046342473802376 ], [ -88.042135702280788, 38.039009495447921 ], [ -88.041698624892305, 38.038236578537415 ], [ -88.041575754639325, 38.038019297801092 ], [ -88.040231700177657, 38.035642504889175 ], [ -88.034131701922718, 38.032042513658467 ], [ -88.027730707870631, 38.031742512621832 ], [ -88.017630721420645, 38.034742501442238 ], [ -88.012130725765431, 38.033842502369815 ], [ -88.008930726628833, 38.031942506511541 ], [ -88.007630724527402, 38.029142513507388 ], [ -88.00863072161286, 38.027542518059519 ], [ -88.01693070925856, 38.024042530365371 ], [ -88.020934464378854, 38.019019640428347 ], [ -88.022430695610467, 38.017142551506915 ], [ -88.025130685807241, 38.011142569444893 ], [ -88.025222830357507, 38.010629190228315 ], [ -88.025830680468175, 38.007242580713736 ], [ -88.0228636726697, 37.997980604310477 ], [ -88.01257366088484, 37.977059652847451 ], [ -88.0129286497328, 37.966541680278674 ], [ -88.016310641891636, 37.961571693886121 ], [ -88.020867636011573, 37.959348700434141 ], [ -88.031988626454577, 37.958587704344907 ], [ -88.036792620978872, 37.956790709448427 ], [ -88.036123608367305, 37.942743742590515 ], [ -88.030414600389349, 37.930101773094776 ], [ -88.035344592775999, 37.925525783460984 ], [ -88.041295587750412, 37.92428778545537 ], [ -88.048660585147516, 37.926754778750606 ], [ -88.052792585654458, 37.930485769976393 ], [ -88.054756586902428, 37.933484763236656 ], [ -88.059766583768052, 37.93385376210761 ], [ -88.067560575466828, 37.930211769096211 ], [ -88.069612571402516, 37.92684577574591 ], [ -88.068224568993855, 37.92270278442659 ], [ -88.063022568622188, 37.918193794811415 ], [ -88.051920573545075, 37.915887802341864 ], [ -88.036381582167323, 37.914894808446149 ], [ -88.031845583844458, 37.913748812348096 ], [ -88.02251259049406, 37.914753812287266 ], [ -88.020059590131254, 37.912897817594995 ], [ -88.019976587046372, 37.909768825522349 ], [ -88.01781558116835, 37.902693844199618 ], [ -88.014547951450623, 37.896949874546344 ], [ -88.027399494706074, 37.89111533041082 ], [ -88.029137565130725, 37.892634864492862 ], [ -88.035991561708229, 37.89277486093264 ], [ -88.044925555668229, 37.891213860296013 ], [ -88.055372550332109, 37.89123585518054 ], [ -88.058155550184111, 37.892750850574252 ], [ -88.071448545700605, 37.89581083815046 ], [ -88.086236545046745, 37.905710813106445 ], [ -88.0944755405027, 37.905959809841775 ], [ -88.097759537302025, 37.904023812132188 ], [ -88.097891535521697, 37.901514816495407 ], [ -88.094955531734982, 37.893686831608825 ], [ -88.092917661211473, 37.891738736975363 ], [ -88.091845531265491, 37.890713838445066 ], [ -88.084384531297601, 37.885579851809965 ], [ -88.080145645386864, 37.880901018151675 ], [ -88.261896373277352, 37.964359720567252 ], [ -88.261721169453097, 38.144548753074915 ], [ -88.063798184287819, 38.234351132586269 ], [ -87.967606779001841, 38.19018604444279 ], [ -87.958922875933453, 38.184043167347305 ], [ -87.940490845956447, 38.174899216334431 ], [ -87.936442837737118, 38.171352231417551 ], [ -87.933758827166841, 38.16434825420766 ], [ -87.935250822493217, 38.158732267546469 ], [ -87.934298818991834, 38.156456275087692 ], [ -87.931210815696417, 38.156345279653635 ], [ -87.92638781346821, 38.158837279433293 ], [ -87.924512815009834, 38.162022273203831 ], [ -87.925895821307037, 38.166470259035449 ], [ -87.925288824871856, 38.170313249240884 ], [ -87.925053709951996, 38.170606170961669 ], [ -87.911028953949824, 38.164147311916565 ] ] ] } },
{ "type": "Feature", "properties": { "hex_id": 24, "area_km2": 827.4637637726978 }, "geometry": { "type": "Polygon", "coordinates": [ [ [ -90.246608199080811, 38.489297722492502 ], [ -90.046043576636706, 38.402324673734462 ], [ -90.041811789472348, 38.222225405517165 ], [ -90.237166197994611, 38.129137912726321 ], [ -90.261581345128647, 38.13974667136592 ], [ -90.274929087736169, 38.157611806911419 ], [ -90.283092097685056, 38.164443785128782 ], [ -90.290766104542229, 38.170449765541797 ], [ -90.300491104110279, 38.175242749528458 ], [ -90.310631098199224, 38.178568738038273 ], [ -90.316840091377401, 38.179452734794829 ], [ -90.322354088334009, 38.181589727200034 ], [ -90.331555087879153, 38.187576705806002 ], [ -90.334259088747899, 38.189928697337969 ], [ -90.353903102971785, 38.213851609348389 ], [ -90.35543168013173, 38.216302429631092 ], [ -90.355794153611654, 38.216883595834275 ], [ -90.356177105450442, 38.217497595702504 ], [ -90.35956011165014, 38.224521569443731 ], [ -90.363398344655806, 38.236520668017349 ], [ -90.366389134675686, 38.24587048946691 ], [ -90.36669378002577, 38.248371583574801 ], [ -90.367865973604736, 38.257995338831456 ], [ -90.368132121935531, 38.26018043678954 ], [ -90.368385983430088, 38.261640711950633 ], [ -90.371469194302762, 38.279376113102259 ], [ -90.372660072717423, 38.286226342427014 ], [ -90.371720047314597, 38.304350277432434 ], [ -90.372506440941962, 38.323027756168258 ], [ -90.372520017473875, 38.323350209612116 ], [ -90.37082000469124, 38.333550172274947 ], [ -90.368219998129192, 38.340250146710574 ], [ -90.356318980834502, 38.360350064644607 ], [ -90.354834203234688, 38.363884083452959 ], [ -90.34913295906712, 38.377453993686551 ], [ -90.347511969885062, 38.379689114680758 ], [ -90.343587946273018, 38.385099802423106 ], [ -90.341331933286952, 38.388210532903777 ], [ -90.340897945989383, 38.388808941436515 ], [ -90.334499940206811, 38.394599911540979 ], [ -90.334095519845462, 38.394895223167829 ], [ -90.330236456645622, 38.397713147906302 ], [ -90.326839956150721, 38.400193304612714 ], [ -90.326185934382153, 38.400670877442529 ], [ -90.314403016082437, 38.412474128764835 ], [ -90.312332914004699, 38.414547802461804 ], [ -90.297295429915366, 38.425392402280579 ], [ -90.292782891021758, 38.428646714002696 ], [ -90.287784867102687, 38.439226659331624 ], [ -90.287494255554108, 38.440196863629097 ], [ -90.285837797645911, 38.445726934403361 ], [ -90.284003836733177, 38.451849596440731 ], [ -90.282680752129991, 38.457541700838334 ], [ -90.279215785018764, 38.472448494363029 ], [ -90.278424176831692, 38.474151669536163 ], [ -90.246608199080811, 38.489297722492502 ] ] ] } },
{ "type": "Feature", "properties": { "hex_id": 25, "area_km2": 1039.2304845413257 }, "geometry": { "type": "Polygon", "coordinates": [ [ [ -89.646329887401933, 38.227315987802548 ], [ -89.842224644329931, 38.134876649595945 ], [ -90.041811789472348, 38.222225405517165 ], [ -90.046043576636706, 38.402324673734462 ], [ -89.849709964669671, 38.49511023762561 ], [ -89.649583102417679, 38.407448343708239 ], [ -89.646329887401933, 38.227315987802548 ] ] ] } },
{ "type": "Feature", "properties": { "hex_id": 26, "area_km2": 1039.2304845413257 }, "geometry": { "type": "Polygon", "coordinates": [ [ [ -89.25076095335065, 38.23107819173115 ], [ -89.447181493834591, 38.139290100941977 ], [ -89.646329887401933, 38.227315987802548 ], [ -89.649583102417679, 38.407448343708239 ], [ -89.452708603253427, 38.499582890750446 ], [ -89.253034520271996, 38.411235616526199 ], [ -89.25076095335065, 38.23107819173115 ] ] ] } },
{ "type": "Feature", "properties": { "hex_id": 27, "area_km2": 1039.2304845413257 }, "geometry": { "type": "Polygon", "coordinates": [ [ [ -88.855132336766943, 38.233503333744579 ], [ -89.052066787111997, 38.14237206314332 ], [ -89.25076095335065, 38.23107819173115 ], [ -89.253034520271996, 38.411235616526199 ], [ -89.055633856804064, 38.502704949260767 ], [ -88.856425709845126, 38.413676631357696 ], [ -88.855132336766943, 38.233503333744579 ] ] ] } },
{ "type": "Feature", "properties": { "hex_id": 28, "area_km2": 1039.2304845413266 }, "geometry": { "type": "Polygon", "coordinates": [ [ [ -88.459469264539365, 38.234595347625273 ], [ -88.656904528398343, 38.144125057660368 ], [ -88.855132336766943, 38.233503333744579 ], [ -88.856425709845126, 38.413676631357696 ], [ -88.658510889024569, 38.504480780553543 ], [ -88.459782142046805, 38.414775633195177 ], [ -88.459469264539365, 38.234595347625273 ] ] ] } },
{ "type": "Feature", "properties": { "hex_id": 29, "area_km2": 1039.2304845413275 }, "geometry": { "type": "Polygon", "coordinates": [ [ [ -88.063798184287819, 38.234351132586269 ], [ -88.261721169453097, 38.144548753074915 ], [ -88.459469264539365, 38.234595347625273 ], [ -88.459782142046805, 38.414775633195177 ], [ -88.261366283044197, 38.504910097022197 ], [ -88.063130336001009, 38.414529643299545 ], [ -88.063798184287819, 38.234351132586269 ] ] ] } },
{ "type": "Feature", "properties": { "hex_id": 30, "area_km2": 552.74238033973006 }, "geometry": { "type": "MultiPolygon", "coordinates": [ [ [ [ -88.063798184287819, 38.234351132586269 ], [ -88.063130336001009, 38.414529643299545 ], [ -87.864226256310388, 38.503989833215435 ], [ -87.731034103644916, 38.442722881463396 ], [ -87.739766755699179, 38.437974200247609 ], [ -87.74282775152821, 38.427332198738277 ], [ -87.743492646936929, 38.417316462989653 ], [ -87.743687227901077, 38.414385368318683 ], [ -87.743771747255096, 38.413112200495206 ], [ -87.745253745764686, 38.408993199631908 ], [ -87.752697288035392, 38.400383242769415 ], [ -87.752700471159415, 38.400379560849352 ], [ -87.756792507788006, 38.395646301454562 ], [ -87.759374592773483, 38.392659603277345 ], [ -87.762592295539648, 38.388937685810674 ], [ -87.769720768516265, 38.380692179279642 ], [ -87.783078785328897, 38.368859167397098 ], [ -87.790250795507859, 38.366699160153523 ], [ -87.80607481814161, 38.363140143893375 ], [ -87.806701024771584, 38.362381245966475 ], [ -87.808889983618272, 38.359728453308755 ], [ -87.81379082573693, 38.353789137277502 ], [ -87.823410836390821, 38.345965128264069 ], [ -87.827683836941674, 38.33402312565255 ], [ -87.83198183962034, 38.326970122148886 ], [ -87.833401836518334, 38.316647122297923 ], [ -87.830848827635947, 38.30560512692719 ], [ -87.830952824737281, 38.299362127847523 ], [ -87.833933824349913, 38.290611125987553 ], [ -87.838978826672687, 38.282324121721189 ], [ -87.843449830194658, 38.278169117394711 ], [ -87.851129838219933, 38.275117109283343 ], [ -87.859650849805988, 38.276708099507886 ], [ -87.863031856070378, 38.280169095215086 ], [ -87.866247865942981, 38.289977090192529 ], [ -87.864811867253579, 38.295386090993716 ], [ -87.860452865962472, 38.303110094670259 ], [ -87.861119869566636, 38.307823093232471 ], [ -87.8642708755021, 38.310700089340095 ], [ -87.87053688492702, 38.312217082233794 ], [ -87.875663890496554, 38.309928076923974 ], [ -87.880082893595855, 38.305350072697053 ], [ -87.883586891794252, 38.295218070215491 ], [ -87.887848890892641, 38.285296066821871 ], [ -87.892328795245618, 38.282678061337826 ], [ -87.897802899685615, 38.279479056484 ], [ -87.906840904128458, 38.269631047604214 ], [ -87.911109908249145, 38.268028043006737 ], [ -87.917614917783709, 38.270075035460074 ], [ -87.919469923422852, 38.274544032859261 ], [ -87.917085924537403, 38.280075034878223 ], [ -87.907993921761005, 38.292328043526702 ], [ -87.909535926451795, 38.296058041361455 ], [ -87.916488938040914, 38.299369033270445 ], [ -87.922832946312255, 38.299195026275868 ], [ -87.933555957903522, 38.295893014776226 ], [ -87.937518960027717, 38.292043010795183 ], [ -87.939211954879028, 38.282920009875617 ], [ -87.942332955990636, 38.279399006760102 ], [ -87.950297963882122, 38.276788998122498 ], [ -87.952197963156081, 38.273098996358847 ], [ -87.950650955949641, 38.266815998712531 ], [ -87.946613947620108, 38.262746003660872 ], [ -87.942066940094506, 38.260298009035182 ], [ -87.943029939206482, 38.257787008208005 ], [ -87.946064940812178, 38.255316005031922 ], [ -87.954031948385733, 38.253028996247892 ], [ -87.95760995006647, 38.250042992482122 ], [ -87.95888294770414, 38.246662999958602 ], [ -87.957991939133464, 38.240093018559342 ], [ -87.960224938308443, 38.237115023922719 ], [ -87.964278942054491, 38.236294021374157 ], [ -87.968967948748485, 38.237386012999714 ], [ -87.970642954490756, 38.240647002427117 ], [ -87.969946956830171, 38.243350996081631 ], [ -87.972258963836651, 38.247035983697387 ], [ -87.981867984630497, 38.256440964470407 ], [ -87.984704989448048, 38.257949961145144 ], [ -87.987617992407664, 38.257377957901362 ], [ -87.987721029028322, 38.256911955434845 ], [ -87.988036991110036, 38.25548295757568 ], [ -87.983520739084199, 38.250042963117259 ], [ -87.982399977706493, 38.248692967797126 ], [ -87.979628964830297, 38.24054699228347 ], [ -87.980468959735944, 38.235409004756853 ], [ -87.983700565848906, 38.230350493339152 ], [ -87.984869956630348, 38.228520017548682 ], [ -87.985626944964906, 38.21799004406207 ], [ -87.985164105235398, 38.215503495526981 ], [ -87.983972932549392, 38.209104069249008 ], [ -87.978196010230377, 38.2011174568512 ], [ -87.975818910239255, 38.197831109008952 ], [ -87.969864896679226, 38.191783132572226 ], [ -87.967606779001841, 38.19018604444279 ], [ -88.063798184287819, 38.234351132586269 ] ] ], [ [ [ -87.925053709951996, 38.170606170961669 ], [ -87.92290082560308, 38.173288244211747 ], [ -87.920651388764398, 38.173695158439912 ], [ -87.919058822302844, 38.173983247411428 ], [ -87.915665818005067, 38.173319253787682 ], [ -87.912552811974166, 38.170756265111073 ], [ -87.910622805505696, 38.166601279340099 ], [ -87.911028953949824, 38.164147311916558 ], [ -87.925053709951996, 38.170606170961669 ] ] ] ] } },
{ "type": "Feature", "properties": { "hex_id": 31, "area_km2": 10.74459616240102 }, "geometry": { "type": "Polygon", "coordinates": [ [ [ -90.246608199080811, 38.489297722492502 ], [ -90.278424176831692, 38.474151669536163 ], [ -90.277708586360575, 38.475691219189571 ], [ -90.275915766383449, 38.479548455364224 ], [ -90.274914748857711, 38.486248422536221 ], [ -90.274777542532107, 38.48662188579852 ], [ -90.271314722173827, 38.496047369582264 ], [ -90.269989922534904, 38.501399511654839 ], [ -90.268814725991419, 38.506147358747327 ], [ -90.263947304413165, 38.520165649929069 ], [ -90.263829100993703, 38.520506078688925 ], [ -90.263814761041061, 38.52054737810591 ], [ -90.260314780882283, 38.528347386806431 ], [ -90.257774451188283, 38.532001591520142 ], [ -90.250271876082522, 38.542793872142475 ], [ -90.248913828808583, 38.544747398356414 ], [ -90.248103468609543, 38.545741570672675 ], [ -90.246608199080811, 38.489297722492502 ] ] ] } },
{ "type": "Feature", "properties": { "hex_id": 32, "area_km2": 970.89709771282401 }, "geometry": { "type": "Polygon", "coordinates": [ [ [ -90.054622478532735, 38.762507183533231 ], [ -89.853503597271299, 38.675219295618916 ], [ -89.849709964669671, 38.49511023762561 ], [ -90.046043576636706, 38.402324673734462 ], [ -90.246608199080811, 38.489297722492502 ], [ -90.248103468609543, 38.545741570672675 ], [ -90.240463206220909, 38.555113274138712 ], [ -90.238062162911916, 38.558058490963248 ], [ -90.22916764762563, 38.568968862725058 ], [ -90.224708427555342, 38.574438721967987 ], [ -90.224212980230078, 38.575046457635999 ], [ -90.223117755763653, 38.575776611898682 ], [ -90.222112989901007, 38.576446460038966 ], [ -90.221247347449406, 38.57681516162107 ], [ -90.217922073477411, 38.578231489751651 ], [ -90.216713011192255, 38.578746463528653 ], [ -90.210112043854878, 38.583946472338731 ], [ -90.204603866207165, 38.587352865968953 ], [ -90.202512077945613, 38.588646479659452 ], [ -90.201648222287588, 38.589417310023663 ], [ -90.196012112085157, 38.59444648908093 ], [ -90.191812136262797, 38.598946496426827 ], [ -90.186649027954331, 38.60785702492548 ], [ -90.184994404480804, 38.610712585654376 ], [ -90.184511191659325, 38.611546517706273 ], [ -90.182415161549216, 38.618018187585861 ], [ -90.178811256643471, 38.629145548041379 ], [ -90.178014018040116, 38.633729764451644 ], [ -90.178011271717182, 38.633745556133775 ], [ -90.177772759528068, 38.64090155385054 ], [ -90.177714554879927, 38.642647847542214 ], [ -90.177711297670058, 38.642745572469771 ], [ -90.17839445057372, 38.646121120973284 ], [ -90.181056078321262, 38.659272574663206 ], [ -90.181111334961216, 38.659545605013456 ], [ -90.181243815815279, 38.660057861252646 ], [ -90.182611346897559, 38.665345616536193 ], [ -90.185456516408109, 38.672383653481901 ], [ -90.186411362345922, 38.674745636170911 ], [ -90.187056249074786, 38.675683654219604 ], [ -90.195211373020925, 38.687545665703716 ], [ -90.195229556975633, 38.687560992228256 ], [ -90.195946535525081, 38.688165304631035 ], [ -90.197361802690011, 38.689358176454014 ], [ -90.201646651782852, 38.692969738870559 ], [ -90.054622478532735, 38.762507183533231 ] ] ] } },
{ "type": "Feature", "properties": { "hex_id": 33, "area_km2": 1039.2304845413257 }, "geometry": { "type": "Polygon", "coordinates": [ [ [ -89.452708603253427, 38.499582890750446 ], [ -89.649583102417679, 38.407448343708239 ], [ -89.849709964669671, 38.49511023762561 ], [ -89.853503597271299, 38.675219295618916 ], [ -89.656178194588094, 38.767696819933661 ], [ -89.45550938293654, 38.679720711075028 ], [ -89.452708603253427, 38.499582890750446 ] ] ] } },
{ "type": "Feature", "properties": { "hex_id": 34, "area_km2": 1039.2304845413257 }, "geometry": { "type": "Polygon", "coordinates": [ [ [ -89.055633856804064, 38.502704949260767 ], [ -89.253034520271996, 38.411235616526199 ], [ -89.452708603253427, 38.499582890750446 ], [ -89.45550938293654, 38.679720711075028 ], [ -89.257643056029053, 38.77153352420185 ], [ -89.057441451531432, 38.682862941011123 ], [ -89.055633856804064, 38.502704949260767 ] ] ] } },
{ "type": "Feature", "properties": { "hex_id": 35, "area_km2": 1039.2304845413257 }, "geometry": { "type": "Polygon", "coordinates": [ [ [ -88.658510889024569, 38.504480780553543 ], [ -88.856425709845126, 38.413676631357696 ], [ -89.055633856804064, 38.502704949260767 ], [ -89.057441451531432, 38.682862941011123 ], [ -88.859047380919307, 38.774006299953967 ], [ -88.659324856869006, 38.684650256006201 ], [ -88.658510889024569, 38.504480780553543 ] ] ] } },
{ "type": "Feature", "properties": { "hex_id": 36, "area_km2": 1039.2304845413275 }, "geometry": { "type": "Polygon", "coordinates": [ [ [ -88.261366283044197, 38.504910097022197 ], [ -88.459782142046805, 38.414775633195177 ], [ -88.658510889024569, 38.504480780553543 ], [ -88.659324856869006, 38.684650256006201 ], [ -88.460416262592247, 38.775119582196567 ], [ -88.261186368672412, 38.685082378907865 ], [ -88.261366283044197, 38.504910097022197 ] ] ] } },
{ "type": "Feature", "properties": { "hex_id": 37, "area_km2": 1039.2304845413275 }, "geometry": { "type": "Polygon", "coordinates": [ [ [ -87.864226256310388, 38.503989833215435 ], [ -88.063130336001009, 38.414529643299545 ], [ -88.261366283044197, 38.504910097022197 ], [ -88.261186368672412, 38.685082378907865 ], [ -88.06177678026873, 38.774870206855034 ], [ -87.863052606950575, 38.684156099331169 ], [ -87.864226256310388, 38.503989833215435 ] ] ] } },
{ "type": "Feature", "properties": { "hex_id": 38, "area_km2": 618.20369389037376 }, "geometry": { "type": "Polygon", "coordinates": [ [ [ -87.864226256310388, 38.503989833215435 ], [ -87.863052606950575, 38.684156099331169 ], [ -87.663154896019506, 38.773264301605131 ], [ -87.519368452310815, 38.707024892378158 ], [ -87.519188117532437, 38.702927442785175 ], [ -87.519038299264153, 38.699523500404212 ], [ -87.521132163382632, 38.695214346021217 ], [ -87.522039284475227, 38.693347498594001 ], [ -87.528708496840551, 38.686589746380911 ], [ -87.531231257367978, 38.684033493847139 ], [ -87.535341194853473, 38.68175345038042 ], [ -87.53540991210842, 38.681715328552229 ], [ -87.54005123907541, 38.67914048948613 ], [ -87.545538230534092, 38.677610486971965 ], [ -87.56439225416247, 38.674749434218221 ], [ -87.579397186102483, 38.672472471507945 ], [ -87.58768417319223, 38.669977466849957 ], [ -87.597247155338565, 38.665311460254543 ], [ -87.600180147474433, 38.662459457356412 ], [ -87.602863134374033, 38.656360452655925 ], [ -87.60295012556719, 38.65123344970857 ], [ -87.605817114721958, 38.646515445471252 ], [ -87.607896110082535, 38.644981443429295 ], [ -87.611479805664914, 38.643905835898941 ], [ -87.617315096117039, 38.642154436409044 ], [ -87.620120088936616, 38.639486433073735 ], [ -87.62090008258609, 38.636125430411902 ], [ -87.618924076570863, 38.631379428522919 ], [ -87.615736072760384, 38.627289427925753 ], [ -87.616152065542266, 38.623212425077142 ], [ -87.621794054240752, 38.619594418940295 ], [ -87.622759049170469, 38.617081416607604 ], [ -87.620352044237492, 38.612783415466829 ], [ -87.62053204303858, 38.612162414931049 ], [ -87.626602031131668, 38.60831740792807 ], [ -87.627348025699249, 38.60543740539088 ], [ -87.627293572963438, 38.605293246250021 ], [ -87.624143014520158, 38.596952402090658 ], [ -87.619443015121107, 38.594821404447494 ], [ -87.613461020748588, 38.595039409408813 ], [ -87.611350020196809, 38.593608410238367 ], [ -87.610907016869092, 38.591402409260276 ], [ -87.61196001232112, 38.589245407072589 ], [ -87.614508007193592, 38.587507403859227 ], [ -87.62289699776089, 38.586195395905889 ], [ -87.628156996365718, 38.588098392753182 ], [ -87.634822998105392, 38.592689390488161 ], [ -87.637626995589315, 38.592651388167539 ], [ -87.637782155043354, 38.592479648823868 ], [ -87.640209988681931, 38.589792383897965 ], [ -87.639951251047435, 38.58515486268859 ], [ -87.639774976380366, 38.581995378393685 ], [ -87.638072971037445, 38.5778253767755 ], [ -87.639566963813081, 38.574160372688347 ], [ -87.642936957944571, 38.572280368173409 ], [ -87.647247953046005, 38.571471363565486 ], [ -87.650180948333499, 38.570056359714414 ], [ -87.651528944181919, 38.568163356921723 ], [ -87.652744937246737, 38.564456352745189 ], [ -87.650213929625707, 38.558418350314149 ], [ -87.650703925732188, 38.556237348067484 ], [ -87.656394917018829, 38.553630340187141 ], [ -87.657271725064689, 38.553272728826741 ], [ -87.66543490401628, 38.549943327761973 ], [ -87.668449898180128, 38.547738322668103 ], [ -87.67007089299004, 38.545234318707983 ], [ -87.669231888168341, 38.541739316445593 ], [ -87.660977879346547, 38.532142317069109 ], [ -87.659475871856756, 38.526708314127326 ], [ -87.655282865539817, 38.520797314042078 ], [ -87.65012443392618, 38.51754517704903 ], [ -87.646225862938678, 38.515087320252171 ], [ -87.645344855608087, 38.510156317469004 ], [ -87.650091843331055, 38.504603307142759 ], [ -87.656740834160701, 38.501754296362165 ], [ -87.663700831201439, 38.50292828850155 ], [ -87.669810833611535, 38.507175284576618 ], [ -87.672381832146101, 38.507393281564539 ], [ -87.67837381553511, 38.498435267232566 ], [ -87.685920806643495, 38.4918402582746 ], [ -87.71404678332523, 38.479877224325968 ], [ -87.7346457713072, 38.480075198461726 ], [ -87.734853987902099, 38.480016635952865 ], [ -87.743215205813584, 38.477664979565823 ], [ -87.744643764660367, 38.477263186492898 ], [ -87.753839864783117, 38.46583910083497 ], [ -87.755354767986503, 38.463957177181243 ], [ -87.756713769467083, 38.460296176562977 ], [ -87.755930766884717, 38.455873178277223 ], [ -87.750796757293116, 38.454194183857567 ], [ -87.740524760359875, 38.454713196063793 ], [ -87.731973762960678, 38.450777207164599 ], [ -87.730368762663517, 38.44788120962496 ], [ -87.730698760806945, 38.44290521012681 ], [ -87.731034103644916, 38.442722881463396 ], [ -87.864226256310388, 38.503989833215435 ] ] ] } },
{ "type": "Feature", "properties": { "hex_id": 39, "area_km2": 173.51611649476132 }, "geometry": { "type": "Polygon", "coordinates": [ [ [ -90.660860581002808, 39.022201463340629 ], [ -90.481411032196092, 38.945865335335171 ], [ -90.482419532151454, 38.944456836629321 ], [ -90.483339525811814, 38.942129831840802 ], [ -90.483452525961511, 38.940432827831373 ], [ -90.482725535701505, 38.934708813218514 ], [ -90.486974507132174, 38.925978796504957 ], [ -90.500117420171208, 38.910404774357254 ], [ -90.50745144533532, 38.902763758214306 ], [ -90.516963471233197, 38.898814750969422 ], [ -90.53111851564401, 38.887074726222714 ], [ -90.544030556935539, 38.875046700152474 ], [ -90.545872562089798, 38.874004697997982 ], [ -90.555693587111847, 38.87078169198584 ], [ -90.564627962367211, 38.869187914071219 ], [ -90.566557613054471, 38.86884368914059 ], [ -90.576719635998288, 38.868332689567318 ], [ -90.583388650071342, 38.869026692329683 ], [ -90.586201556079899, 38.870441844533744 ], [ -90.595354670965378, 38.875046708937859 ], [ -90.625122725353776, 38.888650747667654 ], [ -90.628485730375772, 38.891613755640797 ], [ -90.635896736698541, 38.903937787708358 ], [ -90.647290755970602, 38.912091810475758 ], [ -90.663466781029086, 38.927380852572831 ], [ -90.663431613611579, 38.934218193558401 ], [ -90.663424774491162, 38.935547873157908 ], [ -90.667183779531655, 38.940356886244871 ], [ -90.669229778264707, 38.94817290653576 ], [ -90.673967249562239, 38.958017277737213 ], [ -90.67594978348923, 38.962136943758509 ], [ -90.676417781806748, 38.965808953212495 ], [ -90.676416208733229, 38.967246054681198 ], [ -90.676397767805312, 38.984092999620046 ], [ -90.67819376628853, 38.991848019883662 ], [ -90.680901841317421, 38.996689017600282 ], [ -90.68206877057564, 38.998775038764904 ], [ -90.68368377377962, 39.000046042703694 ], [ -90.684979719594125, 39.00175588202498 ], [ -90.687719798452918, 39.005371075578616 ], [ -90.688813806436158, 39.007339087551657 ], [ -90.689146533552886, 39.008692191635156 ], [ -90.660860581002808, 39.022201463340629 ] ] ] } },
{ "type": "Feature", "properties": { "hex_id": 40, "area_km2": 404.51733586369187 }, "geometry": { "type": "Polygon", "coordinates": [ [ [ -90.261093785671378, 39.029496038146554 ], [ -90.05897043256941, 38.942590303502321 ], [ -90.054622478532735, 38.762507183533231 ], [ -90.201646651782852, 38.692969738870559 ], [ -90.202211369528769, 38.693445681586638 ], [ -90.20222515718261, 38.693463999498661 ], [ -90.209211375400344, 38.702745704449207 ], [ -90.212011392340273, 38.711745724124711 ], [ -90.211911409787476, 38.717945736242015 ], [ -90.211411420628437, 38.721345742537785 ], [ -90.209911437933144, 38.726045750572467 ], [ -90.205211468297264, 38.732145758650468 ], [ -90.191310538176793, 38.74294476755427 ], [ -90.183611073338014, 38.746745785707205 ], [ -90.183410571742613, 38.74684476793491 ], [ -90.176310625608679, 38.754444785121592 ], [ -90.175110661159962, 38.760244807113224 ], [ -90.17131070676615, 38.766544828716661 ], [ -90.166715612563138, 38.772265326014271 ], [ -90.166410754187794, 38.772644848477043 ], [ -90.146709865945752, 38.783044871559532 ], [ -90.123109011606715, 38.798043908715321 ], [ -90.117709067395552, 38.805743933885758 ], [ -90.114709125043603, 38.815043967542344 ], [ -90.110079824013425, 38.83356168277033 ], [ -90.10910925892037, 38.837444049984256 ], [ -90.109409290559199, 38.843544074180997 ], [ -90.11332931119918, 38.849302100599708 ], [ -90.121023767526097, 38.852897745639993 ], [ -90.131879617719221, 38.857970720485916 ], [ -90.140620494879443, 38.862055361354237 ], [ -90.15151031159327, 38.86714420872881 ], [ -90.166411325324674, 38.876344260138247 ], [ -90.18691132367185, 38.885044315484535 ], [ -90.190311322157413, 38.886244323725187 ], [ -90.192665260447299, 38.886484476293433 ], [ -90.195212313129602, 38.886744330703124 ], [ -90.197612312392735, 38.887644336740863 ], [ -90.209223488132935, 38.896990818731908 ], [ -90.213521346650097, 38.900450404302667 ], [ -90.217029910110838, 38.903005747357462 ], [ -90.223043363657737, 38.907385441980566 ], [ -90.230338366445594, 38.910856463508509 ], [ -90.241705362830373, 38.914824491328062 ], [ -90.250250367822872, 38.919340518510225 ], [ -90.254035344656543, 38.920485527299057 ], [ -90.256995322893445, 38.920759531647157 ], [ -90.262794274928439, 38.920340536352093 ], [ -90.269874230831221, 38.922552552782058 ], [ -90.275716576698812, 38.923444412768269 ], [ -90.277473176427506, 38.923712565495492 ], [ -90.283714128364579, 38.924044573480202 ], [ -90.294756058024078, 38.923563855569405 ], [ -90.298713005934147, 38.923391587174322 ], [ -90.306114947633077, 38.923521595635592 ], [ -90.309455923526954, 38.924116601398389 ], [ -90.317573873709861, 38.927908623676132 ], [ -90.323581729232728, 38.92964998979398 ], [ -90.324180827525154, 38.929823637357764 ], [ -90.333534764258431, 38.933485659722564 ], [ -90.346443680875169, 38.940786697393307 ], [ -90.361653742802019, 38.946866406281927 ], [ -90.364896759351893, 38.948162692788237 ], [ -90.383127402635594, 38.955449778317245 ], [ -90.385769758475305, 38.956404287660149 ], [ -90.395817298608677, 38.960033803093332 ], [ -90.403742292830771, 38.961924490177132 ], [ -90.261093785671378, 39.029496038146554 ] ] ] } },
{ "type": "Feature", "properties": { "hex_id": 41, "area_km2": 1039.2304845413262 }, "geometry": { "type": "Polygon", "coordinates": [ [ [ -89.656178194588094, 38.767696819933661 ], [ -89.853503597271299, 38.675219295618916 ], [ -90.054622478532735, 38.762507183533231 ], [ -90.05897043256941, 38.942590303502321 ], [ -89.861193667626594, 39.035421006187342 ], [ -89.659520105025024, 38.947813319925928 ], [ -89.656178194588094, 38.767696819933661 ] ] ] } },
{ "type": "Feature", "properties": { "hex_id": 42, "area_km2": 1039.2304845413262 }, "geometry": { "type": "Polygon", "coordinates": [ [ [ -89.257643056029053, 38.77153352420185 ], [ -89.45550938293654, 38.679720711075028 ], [ -89.656178194588094, 38.767696819933661 ], [ -89.659520105025024, 38.947813319925928 ], [ -89.461186645171253, 39.039979135559129 ], [ -89.259978434247444, 38.95167396576494 ], [ -89.257643056029053, 38.77153352420185 ] ] ] } },
{ "type": "Feature", "properties": { "hex_id": 43, "area_km2": 1039.2304845413262 }, "geometry": { "type": "Polygon", "coordinates": [ [ [ -88.859047380919307, 38.774006299953967 ], [ -89.057441451531432, 38.682862941011123 ], [ -89.257643056029053, 38.77153352420185 ], [ -89.259978434247444, 38.95167396576494 ], [ -89.061105506967024, 39.043161937443507 ], [ -88.860375898048602, 38.954162662373264 ], [ -88.859047380919307, 38.774006299953967 ] ] ] } },
{ "type": "Feature", "properties": { "hex_id": 44, "area_km2": 1039.2304845413271 }, "geometry": { "type": "Polygon", "coordinates": [ [ [ -88.460416262592247, 38.775119582196567 ], [ -88.659324856869006, 38.684650256006201 ], [ -88.859047380919307, 38.774006299953967 ], [ -88.860375898048602, 38.954162662373264 ], [ -88.660974746735462, 39.044972373316135 ], [ -88.460737554534759, 38.955283153156159 ], [ -88.460416262592247, 38.775119582196567 ] ] ] } },
{ "type": "Feature", "properties": { "hex_id": 45, "area_km2": 1039.230484541328 }, "geometry": { "type": "Polygon", "coordinates": [ [ [ -88.06177678026873, 38.774870206855034 ], [ -88.261186368672412, 38.685082378907865 ], [ -88.460416262592247, 38.775119582196567 ], [ -88.460737554534759, 38.955283153156159 ], [ -88.260821618348174, 39.045410112677821 ], [ -88.061090346028905, 38.955032267524388 ], [ -88.06177678026873, 38.774870206855034 ] ] ] } },
{ "type": "Feature", "properties": { "hex_id": 46, "area_km2": 1039.230484541328 }, "geometry": { "type": "Polygon", "coordinates": [ [ [ -87.663154896019506, 38.773264301605131 ], [ -87.863052606950575, 38.684156099331169 ], [ -88.06177678026873, 38.774870206855034 ], [ -88.061090346028905, 38.955032267524388 ], [ -87.86067353798127, 39.044471863156218 ], [ -87.661462324180306, 38.953415947990777 ], [ -87.663154896019506, 38.773264301605131 ] ] ] } },
{ "type": "Feature", "properties": { "hex_id": 47, "area_km2": 322.85162364649358 }, "geometry": { "type": "MultiPolygon", "coordinates": [ [ [ [ -87.56914678572457, 38.994267055174156 ], [ -87.567086544811701, 38.993541927064356 ], [ -87.562889559719309, 38.994426932680071 ], [ -87.560428555870118, 38.992422931564242 ], [ -87.562044537090543, 38.989466924840372 ], [ -87.565194525930366, 38.988792920664508 ], [ -87.573403518590538, 38.991426917333619 ], [ -87.575816078205932, 38.991319836552222 ], [ -87.56914678572457, 38.994267055174156 ] ] ], [ [ [ -87.663154896019506, 38.773264301605131 ], [ -87.661462324180306, 38.953415947990777 ], [ -87.577806970850915, 38.990439921470667 ], [ -87.578494497682939, 38.989746909608307 ], [ -87.576532487629095, 38.986708906348667 ], [ -87.560280500959934, 38.981363912316816 ], [ -87.54803551628865, 38.978501918465646 ], [ -87.542438514973909, 38.975584918252927 ], [ -87.529497527180268, 38.971922923048609 ], [ -87.527003517104447, 38.968827919432051 ], [ -87.524965496067693, 38.963842911788838 ], [ -87.520615485396362, 38.959840907873613 ], [ -87.51742392355284, 38.958153349977529 ], [ -87.51334748207988, 38.955997906534719 ], [ -87.51218847642329, 38.954414904418613 ], [ -87.512928452225026, 38.9501308955128 ], [ -87.516344420530388, 38.945555883971132 ], [ -87.519577195599695, 38.943120648470241 ], [ -87.521285390062431, 38.941833873007759 ], [ -87.521852379604752, 38.940066869209296 ], [ -87.517356362753887, 38.934940862794051 ], [ -87.516629354149515, 38.932992859587671 ], [ -87.517978099991211, 38.929777909586619 ], [ -87.518790322552434, 38.927841848136715 ], [ -87.518827298252049, 38.923202839228573 ], [ -87.520635286387588, 38.921662835030958 ], [ -87.5260592733094, 38.92135283069863 ], [ -87.52770325480094, 38.918446824101324 ], [ -87.526034233203404, 38.91360381609708 ], [ -87.527888206577572, 38.909198806595782 ], [ -87.52729619751112, 38.907212803239197 ], [ -87.524315193092249, 38.905191801305101 ], [ -87.517733208929528, 38.905669806348314 ], [ -87.516729202861754, 38.904120804001252 ], [ -87.518009192865321, 38.902702800484832 ], [ -87.522510470876909, 38.90239244492966 ], [ -87.531338161294997, 38.901783790543604 ], [ -87.533696152297367, 38.900954787557467 ], [ -87.53659211886135, 38.895563775840806 ], [ -87.53639911409519, 38.894559774100948 ], [ -87.534473106468496, 38.892336771107821 ], [ -87.534364096596505, 38.890373767531031 ], [ -87.535173082444587, 38.887923762535578 ], [ -87.535704077728866, 38.887204760908979 ], [ -87.536265077763943, 38.887422760999137 ], [ -87.537597086077554, 38.889548764171373 ], [ -87.537719092875065, 38.890922766631995 ], [ -87.538412100000954, 38.892579769282264 ], [ -87.538591114729456, 38.895527774596388 ], [ -87.539123116690007, 38.896116775364085 ], [ -87.541629113069419, 38.896378774359981 ], [ -87.544090101648379, 38.895090770562199 ], [ -87.544920091663187, 38.893447767095587 ], [ -87.545131081175398, 38.891464763379211 ], [ -87.544293070029653, 38.888950759295547 ], [ -87.53828106555099, 38.885796756884616 ], [ -87.535537049048301, 38.881552750548146 ], [ -87.534920036454139, 38.878871745913038 ], [ -87.536817025365224, 38.87740574221386 ], [ -87.545204006175766, 38.876727736634081 ], [ -87.54737099645962, 38.875611733502765 ], [ -87.54761198031315, 38.872513727794875 ], [ -87.542606959653796, 38.866638719591528 ], [ -87.543188946240505, 38.864211714897237 ], [ -87.545719935657289, 38.863027711570979 ], [ -87.55206693169977, 38.864508711277026 ], [ -87.553394918718865, 38.862407706914588 ], [ -87.552028910623633, 38.860315703808453 ], [ -87.537248902562894, 38.853589698098638 ], [ -87.532064435293663, 38.852501154115743 ], [ -87.528194908573127, 38.851688698387029 ], [ -87.525893897564686, 38.848792693885684 ], [ -87.526695843269437, 38.838575674310377 ], [ -87.524035818294522, 38.832911664559383 ], [ -87.522212808633071, 38.830480660567424 ], [ -87.521681789157043, 38.82657365330919 ], [ -87.523910763267907, 38.822277644453337 ], [ -87.526463750206801, 38.820535640392713 ], [ -87.527342736315973, 38.81811863558363 ], [ -87.521595718682249, 38.813010627515588 ], [ -87.508211647885801, 38.795713597277349 ], [ -87.503129640119653, 38.792871592684747 ], [ -87.495905600229733, 38.785431580782692 ], [ -87.495199581176138, 38.781976574325306 ], [ -87.497430559630573, 38.777435564053562 ], [ -87.504301537619426, 38.773843554956805 ], [ -87.511798526198632, 38.773555553527387 ], [ -87.514548513460113, 38.771818549856789 ], [ -87.514373499795312, 38.769169544758149 ], [ -87.511969494320013, 38.767535541821523 ], [ -87.508183498001571, 38.767309541726021 ], [ -87.502516515170441, 38.769170545920822 ], [ -87.498216512036763, 38.768304545472333 ], [ -87.497881863802789, 38.767480024139353 ], [ -87.496998494928533, 38.765303540216166 ], [ -87.497702138580465, 38.762585612696391 ], [ -87.498948456812883, 38.757771524123974 ], [ -87.504006411057162, 38.749707507942603 ], [ -87.503318406875039, 38.747077507792859 ], [ -87.496076398069079, 38.742110510041968 ], [ -87.496242178518941, 38.741073623811261 ], [ -87.496520393137857, 38.739333509655509 ], [ -87.505339381489364, 38.73496750682434 ], [ -87.505833695812939, 38.73353529297048 ], [ -87.508515360388728, 38.725765505684215 ], [ -87.516707333320866, 38.716329503254535 ], [ -87.519519319170115, 38.710452501857496 ], [ -87.519368452310815, 38.707024892378158 ], [ -87.663154896019506, 38.773264301605131 ] ] ] ] } },
{ "type": "Feature", "properties": { "hex_id": 48, "area_km2": 72.260281493027179 }, "geometry": { "type": "Polygon", "coordinates": [ [ [ -90.666793209258586, 39.202209262114287 ], [ -90.660860581002808, 39.022201463340629 ], [ -90.689146533552886, 39.008692191635156 ], [ -90.689845334672995, 39.011533822066909 ], [ -90.690000822325686, 39.01216611642117 ], [ -90.692403839681432, 39.016653143509636 ], [ -90.700595888461351, 39.029071218107106 ], [ -90.707885933617234, 39.042259295944966 ], [ -90.711580950134518, 39.04679532254989 ], [ -90.713629969558468, 39.05397436416176 ], [ -90.713585973092691, 39.05556437334559 ], [ -90.712541975061356, 39.057061381981285 ], [ -90.702136982061063, 39.065565431532889 ], [ -90.701281794545906, 39.069927053937512 ], [ -90.701205126899737, 39.070318073860086 ], [ -90.701187993043504, 39.070405459863963 ], [ -90.700424995677295, 39.071784467980429 ], [ -90.682745024114524, 39.088345567775605 ], [ -90.681995028492793, 39.090063578128095 ], [ -90.681087058293514, 39.100587641002228 ], [ -90.684519096734832, 39.113564717287517 ], [ -90.68523146611318, 39.115524774367195 ], [ -90.68605210893125, 39.117782741837715 ], [ -90.694946141729289, 39.129677808867989 ], [ -90.700465155931198, 39.135436840373906 ], [ -90.70292416369837, 39.138746858639323 ], [ -90.70516917386324, 39.143149883278689 ], [ -90.707903191289105, 39.15085792676193 ], [ -90.709147200693536, 39.155108950784069 ], [ -90.709954241802492, 39.172922053614457 ], [ -90.710481249325227, 39.176364073221343 ], [ -90.714371265680242, 39.185306122276202 ], [ -90.715915272977242, 39.191466871325986 ], [ -90.717405288725232, 39.197412189799849 ], [ -90.717428300455239, 39.202789220727745 ], [ -90.716678310218626, 39.206721243979054 ], [ -90.716598318475761, 39.210412265305074 ], [ -90.717114325311641, 39.213910285004459 ], [ -90.71822874282536, 39.216316601746051 ], [ -90.721836338761179, 39.224106339326383 ], [ -90.721697708484143, 39.225406554302531 ], [ -90.666793209258586, 39.202209262114287 ] ] ] } },
{ "type": "Feature", "properties": { "hex_id": 49, "area_km2": 1026.8042085841819 }, "geometry": { "type": "Polygon", "coordinates": [ [ [ -90.660860581002808, 39.022201463340629 ], [ -90.666793209258586, 39.202209262114287 ], [ -90.469149390569854, 39.296065797058937 ], [ -90.266008939245921, 39.20955054125529 ], [ -90.261093785671378, 39.029496038146554 ], [ -90.403742292830771, 38.961924490177132 ], [ -90.406368207761005, 38.962550819247447 ], [ -90.413109147877904, 38.963326826951089 ], [ -90.424727043137565, 38.963781837558031 ], [ -90.433745962626162, 38.965522849586421 ], [ -90.440078905909829, 38.967360859580666 ], [ -90.450792807819496, 38.967760868934789 ], [ -90.450810751731524, 38.967755553200242 ], [ -90.462411701452339, 38.964318869044419 ], [ -90.467784653213641, 38.9618058669476 ], [ -90.472122615130715, 38.958834863031953 ], [ -90.481411032196092, 38.945865335335171 ], [ -90.660860581002808, 39.022201463340629 ] ] ] } },
{ "type": "Feature", "properties": { "hex_id": 50, "area_km2": 1039.2304845413257 }, "geometry": { "type": "Polygon", "coordinates": [ [ [ -89.861193667626594, 39.035421006187342 ], [ -90.05897043256941, 38.942590303502321 ], [ -90.261093785671378, 39.029496038146554 ], [ -90.266008939245921, 39.20955054125529 ], [ -90.067782586929823, 39.302738833923783 ], [ -89.865090583116498, 39.215513108107558 ], [ -89.861193667626594, 39.035421006187342 ] ] ] } },
{ "type": "Feature", "properties": { "hex_id": 51, "area_km2": 1039.2304845413257 }, "geometry": { "type": "Polygon", "coordinates": [ [ [ -89.461186645171253, 39.039979135559129 ], [ -89.659520105025024, 38.947813319925928 ], [ -89.861193667626594, 39.035421006187342 ], [ -89.865090583116498, 39.215513108107558 ], [ -89.666295041827297, 39.308028525264241 ], [ -89.464063618881937, 39.220099715317424 ], [ -89.461186645171253, 39.039979135559129 ] ] ] } },
{ "type": "Feature", "properties": { "hex_id": 52, "area_km2": 1039.2304845413257 }, "geometry": { "type": "Polygon", "coordinates": [ [ [ -89.061105506967024, 39.043161937443507 ], [ -89.259978434247444, 38.95167396576494 ], [ -89.461186645171253, 39.039979135559129 ], [ -89.464063618881937, 39.220099715317424 ], [ -89.264712385274962, 39.311937731459061 ], [ -89.06296227782174, 39.223302932166874 ], [ -89.061105506967024, 39.043161937443507 ] ] ] } },
{ "type": "Feature", "properties": { "hex_id": 53, "area_km2": 1039.2304845413257 }, "geometry": { "type": "Polygon", "coordinates": [ [ [ -88.660974746735462, 39.044972373316135 ], [ -88.860375898048602, 38.954162662373264 ], [ -89.061105506967024, 39.043161937443507 ], [ -89.06296227782174, 39.223302932166874 ], [ -88.863068857700114, 39.31445847585514 ], [ -88.661810815259244, 39.225124998682617 ], [ -88.660974746735462, 39.044972373316135 ] ] ] } },
{ "type": "Feature", "properties": { "hex_id": 54, "area_km2": 1039.2304845413275 }, "geometry": { "type": "Polygon", "coordinates": [ [ [ -88.260821618348174, 39.045410112677821 ], [ -88.460737554534759, 38.955283153156159 ], [ -88.660974746735462, 39.044972373316135 ], [ -88.661810815259244, 39.225124998682617 ], [ -88.461388790498972, 39.315593435246591 ], [ -88.260636757999848, 39.225565553430705 ], [ -88.260821618348174, 39.045410112677821 ] ] ] } },
{ "type": "Feature", "properties": { "hex_id": 55, "area_km2": 1039.2304845413275 }, "geometry": { "type": "Polygon", "coordinates": [ [ [ -87.86067353798127, 39.044471863156218 ], [ -88.061090346028905, 38.955032267524388 ], [ -88.260821618348174, 39.045410112677821 ], [ -88.260636757999848, 39.225565553430705 ], [ -88.059699599319245, 39.315338988487163 ], [ -87.859468073330873, 39.224621118467887 ], [ -87.86067353798127, 39.044471863156218 ] ] ] } },
{ "type": "Feature", "properties": { "hex_id": 56, "area_km2": 705.48184125148168 }, "geometry": { "type": "Polygon", "coordinates": [ [ [ -87.661462324180306, 38.953415947990777 ], [ -87.86067353798127, 39.044471863156218 ], [ -87.859468073330873, 39.224621118467887 ], [ -87.658030543332771, 39.313701872275097 ], [ -87.605103250829487, 39.289533069618827 ], [ -87.608754969124504, 39.286686904414985 ], [ -87.609916968745907, 39.281412906129262 ], [ -87.609439969018638, 39.278532908347188 ], [ -87.607343969871238, 39.27620391206824 ], [ -87.601949971880146, 39.275162918746382 ], [ -87.601502971944569, 39.272239920871399 ], [ -87.60557597048809, 39.262395921905714 ], [ -87.604948970641161, 39.260209923823432 ], [ -87.604128058655732, 39.259472526172239 ], [ -87.604109868564976, 39.259456186624917 ], [ -87.598136972026239, 39.254090934504013 ], [ -87.593487967901027, 39.247449941293361 ], [ -87.5911119680365, 39.247258943756243 ], [ -87.587159973068182, 39.249613948172957 ], [ -87.585181974608588, 39.25313594871335 ], [ -87.580653975935363, 39.255234952474602 ], [ -87.573440977357876, 39.254579960449711 ], [ -87.571334976967847, 39.251378964150319 ], [ -87.5730759708064, 39.246690962554062 ], [ -87.578225966477262, 39.244791956935941 ], [ -87.579320964093483, 39.243549955640027 ], [ -87.5776109570741, 39.239181956895074 ], [ -87.574559923179621, 39.21840195753542 ], [ -87.577030909652208, 39.211120954076577 ], [ -87.584978894957032, 39.205273945116843 ], [ -87.58659188389683, 39.199623942764887 ], [ -87.594152870229834, 39.194929934372539 ], [ -87.600100863220504, 39.193438928039015 ], [ -87.603046856972526, 39.191301924740195 ], [ -87.605174844809667, 39.185894921909707 ], [ -87.61104683656265, 39.184087915632716 ], [ -87.618552835379546, 39.186401908140304 ], [ -87.620401831394517, 39.185192906092247 ], [ -87.620428815572453, 39.185021661000874 ], [ -87.621398817232077, 39.178865904347234 ], [ -87.620797809145955, 39.174787904506402 ], [ -87.61941636671628, 39.172084574378893 ], [ -87.619405804676035, 39.172063905633145 ], [ -87.620522799999463, 39.170327904285415 ], [ -87.625025793587639, 39.169293899529585 ], [ -87.636491781760341, 39.168830887666815 ], [ -87.640435773204686, 39.166724883374521 ], [ -87.642066761819976, 39.162474881233059 ], [ -87.641413757581091, 39.160348881673414 ], [ -87.637427758662312, 39.159022885626918 ], [ -87.630376764469574, 39.1583378927997 ], [ -87.629368011363582, 39.157529512606715 ], [ -87.627743762631155, 39.156227895270625 ], [ -87.628744756517179, 39.1539148939843 ], [ -87.631572751390692, 39.15298389097665 ], [ -87.634380749286748, 39.153416888141074 ], [ -87.637444753543846, 39.156770885362448 ], [ -87.642176749283777, 39.157094880535034 ], [ -87.644971739802784, 39.154298877360326 ], [ -87.651720723626539, 39.150599870033517 ], [ -87.653264714930728, 39.147711868141428 ], [ -87.653202706021034, 39.143990867808903 ], [ -87.658202686374608, 39.138401862094661 ], [ -87.658746679769664, 39.135994861284189 ], [ -87.655240675131722, 39.132280864478254 ], [ -87.651501676437192, 39.130814868145166 ], [ -87.646169681199353, 39.129883873495622 ], [ -87.643146682094724, 39.128559876441798 ], [ -87.642056675407673, 39.125037877172637 ], [ -87.642171671029701, 39.123209876856478 ], [ -87.640891671782924, 39.122771878115294 ], [ -87.637988677270101, 39.123425881149927 ], [ -87.635101678698248, 39.122295883972463 ], [ -87.634972673924707, 39.120086883860722 ], [ -87.635904668655243, 39.118326882716403 ], [ -87.641589651853408, 39.114539876506996 ], [ -87.651023642653996, 39.116436867096802 ], [ -87.654183630702207, 39.113379863550797 ], [ -87.65504362345807, 39.110918862413619 ], [ -87.654840950983456, 39.110550515910298 ], [ -87.652797616969281, 39.106836864265688 ], [ -87.649167617682693, 39.104800867740408 ], [ -87.644610623871927, 39.104429872334649 ], [ -87.638586636545796, 39.105891878620504 ], [ -87.632656643476111, 39.10490588454342 ], [ -87.618386664251759, 39.104281898985178 ], [ -87.614882666349914, 39.102652902362131 ], [ -87.613947661442239, 39.099533902955535 ], [ -87.615466651267198, 39.095768900982513 ], [ -87.620388634287451, 39.091519895505179 ], [ -87.620979626070124, 39.088093894518465 ], [ -87.618189593240686, 39.085016738559439 ], [ -87.615965623215089, 39.082563898969681 ], [ -87.61069762979281, 39.081231904149817 ], [ -87.601102647106174, 39.08140291388154 ], [ -87.595560652367993, 39.078975919204169 ], [ -87.591516648990776, 39.073178922605258 ], [ -87.590134772706961, 39.072271313756737 ], [ -87.583547654504628, 39.067944930026343 ], [ -87.578703652990214, 39.061695934155686 ], [ -87.572589657641146, 39.057283939777228 ], [ -87.572556645751263, 39.050053938921565 ], [ -87.580208615952174, 39.041937930240152 ], [ -87.580253611431715, 39.039374929883898 ], [ -87.575028613828593, 39.034059934476986 ], [ -87.569876607396154, 39.023102938288879 ], [ -87.569697601805302, 39.019410938011838 ], [ -87.573762574378122, 39.008681932632349 ], [ -87.578890551051217, 39.002410926755182 ], [ -87.578655545072678, 38.999499925858018 ], [ -87.57542353838906, 38.996475923945319 ], [ -87.56914678572457, 38.994267055174156 ], [ -87.575816078205932, 38.991319836552222 ], [ -87.576985508892491, 38.991267913618479 ], [ -87.577806970850915, 38.990439921470667 ], [ -87.661462324180306, 38.953415947990777 ] ] ] } },
{ "type": "Feature", "properties": { "hex_id": 57, "area_km2": 182.85423973796895 }, "geometry": { "type": "Polygon", "coordinates": [ [ [ -91.081501502347948, 39.553374047453005 ], [ -90.876896278417135, 39.467980534439462 ], [ -90.87289036276168, 39.357718366191868 ], [ -90.890831330013469, 39.365983637285112 ], [ -90.8937778848844, 39.367341397697032 ], [ -90.89574604056719, 39.368902407468084 ], [ -90.900095866991379, 39.372352399670717 ], [ -90.902656859653987, 39.375364402764774 ], [ -90.902905858716181, 39.377532407240381 ], [ -90.90486285318859, 39.379401408734118 ], [ -90.907999844532881, 39.380810407645434 ], [ -90.91272580868818, 39.381622314471358 ], [ -90.914658826396078, 39.381954401275983 ], [ -90.918522151525025, 39.383012871801242 ], [ -90.920976809159001, 39.383685396831964 ], [ -90.92460179925159, 39.38513439542146 ], [ -90.928745787896304, 39.387542395685486 ], [ -90.934007773437941, 39.392125399897139 ], [ -90.935729768510114, 39.397329410351929 ], [ -90.936778984816115, 39.399484970031331 ], [ -90.937419763797024, 39.4008014167281 ], [ -90.939025759409589, 39.402742419523868 ], [ -90.940766754708832, 39.403982420469823 ], [ -90.948299734527666, 39.407500420238378 ], [ -90.949693446487061, 39.407727734798833 ], [ -90.957459710170781, 39.408994413255137 ], [ -90.967480683586132, 39.411946409285747 ], [ -90.972465670411339, 39.414142409390841 ], [ -90.977618656875421, 39.418288414708691 ], [ -90.983020642704474, 39.420460414632551 ], [ -90.993789614492457, 39.422957409790953 ], [ -91.003692588497728, 39.427601416079987 ], [ -91.011954566742332, 39.432659430058855 ], [ -91.023610536443414, 39.438692446654187 ], [ -91.02433843564738, 39.439176159599889 ], [ -91.027533244889071, 39.441299215326715 ], [ -91.029986792114357, 39.442929678060985 ], [ -91.035515633873899, 39.44660377496578 ], [ -91.038270499598227, 39.448434473664307 ], [ -91.047339629391871, 39.456827816448389 ], [ -91.047373955028291, 39.45685958430596 ], [ -91.050334479440238, 39.459599504858794 ], [ -91.053058464647862, 39.462120511904672 ], [ -91.05943945031602, 39.468858530781446 ], [ -91.062414444413946, 39.474120545617133 ], [ -91.063079581367703, 39.48133857939154 ], [ -91.064305446223472, 39.494641603916705 ], [ -91.075309423981267, 39.502843613017141 ], [ -91.078410320689912, 39.506238606167848 ], [ -91.07976941769148, 39.507726603180963 ], [ -91.086292410640084, 39.517139584508371 ], [ -91.092869406069454, 39.529273560807752 ], [ -91.098201252659962, 39.536026177023558 ], [ -91.100307397054138, 39.538693542762957 ], [ -91.109013935633726, 39.540188392442737 ], [ -91.081501502347948, 39.553374047453005 ] ] ] } },
{ "type": "Feature", "properties": { "hex_id": 58, "area_km2": 969.9337000826049 }, "geometry": { "type": "Polygon", "coordinates": [ [ [ -90.876896278417135, 39.467980534439462 ], [ -90.67881804995416, 39.562203907222447 ], [ -90.474646613887941, 39.47608752055153 ], [ -90.469149390569854, 39.296065797058937 ], [ -90.666793209258586, 39.202209262114287 ], [ -90.721697708484143, 39.225406554302531 ], [ -90.721610906087847, 39.226220656236585 ], [ -90.721189352812232, 39.23017437472042 ], [ -90.721594357379658, 39.232728388970294 ], [ -90.723479290537782, 39.239180474416187 ], [ -90.72698238060218, 39.251171483451373 ], [ -90.72996137224807, 39.255892485496759 ], [ -90.733977361545698, 39.259096484996732 ], [ -90.739088348055063, 39.261891483130569 ], [ -90.748878322849521, 39.264124476261173 ], [ -90.75160031482875, 39.265430473472925 ], [ -90.767649262386257, 39.280023459903184 ], [ -90.773888240471109, 39.290542462231258 ], [ -90.775674234512294, 39.292809461998786 ], [ -90.783790209685606, 39.297162452870218 ], [ -90.790676188043534, 39.302906448573623 ], [ -90.791690183808797, 39.306955452840242 ], [ -90.791804795041671, 39.307119802830044 ], [ -90.793462177931886, 39.309496453494717 ], [ -90.799347160071747, 39.313085448489346 ], [ -90.816852108345174, 39.320494429713278 ], [ -90.821307094907951, 39.32365742737565 ], [ -90.840107037969375, 39.340436425744244 ], [ -90.847501016300683, 39.345270422899041 ], [ -90.859113982845088, 39.351368416441694 ], [ -90.87289036276168, 39.357718366191868 ], [ -90.876896278417135, 39.467980534439462 ] ] ] } },
{ "type": "Feature", "properties": { "hex_id": 59, "area_km2": 1039.2304845413262 }, "geometry": { "type": "Polygon", "coordinates": [ [ [ -90.067782586929823, 39.302738833923783 ], [ -90.266008939245921, 39.20955054125529 ], [ -90.469149390569868, 39.296065797058937 ], [ -90.474646613887941, 39.47608752055153 ], [ -90.275971520381887, 39.569639037074346 ], [ -90.072247679746994, 39.482803328184012 ], [ -90.067782586929823, 39.302738833923783 ] ] ] } },
{ "type": "Feature", "properties": { "hex_id": 60, "area_km2": 1039.2304845413257 }, "geometry": { "type": "Polygon", "coordinates": [ [ [ -89.666295041827297, 39.308028525264241 ], [ -89.865090583116498, 39.215513108107558 ], [ -90.067782586929823, 39.302738833923783 ], [ -90.072247679746994, 39.482803328184012 ], [ -89.872988867698055, 39.575678157790804 ], [ -89.669727968005446, 39.488126962794048 ], [ -89.666295041827297, 39.308028525264241 ] ] ] } },
{ "type": "Feature", "properties": { "hex_id": 61, "area_km2": 1039.2304845413257 }, "geometry": { "type": "Polygon", "coordinates": [ [ [ -89.264712385274976, 39.311937731459061 ], [ -89.464063618881937, 39.220099715317424 ], [ -89.666295041827297, 39.308028525264241 ], [ -89.669727968005446, 39.488126962794048 ], [ -89.469899313585373, 39.580319985306225 ], [ -89.267117055708454, 39.492057241047526 ], [ -89.264712385274976, 39.311937731459061 ] ] ] } },
{ "type": "Feature", "properties": { "hex_id": 62, "area_km2": 1039.2304845413257 }, "geometry": { "type": "Polygon", "coordinates": [ [ [ -88.863068857700114, 39.31445847585514 ], [ -89.06296227782174, 39.223302932166874 ], [ -89.264712385274962, 39.311937731459061 ], [ -89.267117055708454, 39.492057241047526 ], [ -89.066729790032653, 39.583563929874195 ], [ -88.864436352860707, 39.494593321513292 ], [ -88.863068857700114, 39.31445847585514 ] ] ] } },
{ "type": "Feature", "properties": { "hex_id": 63, "area_km2": 1039.2304845413266 }, "geometry": { "type": "Polygon", "coordinates": [ [ [ -88.461388790498972, 39.315593435246591 ], [ -88.661810815259244, 39.225124998682617 ], [ -88.863068857700114, 39.31445847585514 ], [ -88.864436352860707, 39.494593321513292 ], [ -88.66350716014594, 39.58540854372287 ], [ -88.461718867450585, 39.495735291752567 ], [ -88.461388790498972, 39.315593435246591 ] ] ] } },
{ "type": "Feature", "properties": { "hex_id": 64, "area_km2": 1039.2304845413275 }, "geometry": { "type": "Polygon", "coordinates": [ [ [ -88.059699599319245, 39.315338988487163 ], [ -88.260636757999848, 39.225565553430705 ], [ -88.461388790498987, 39.315593435246591 ], [ -88.461718867450585, 39.495735291752567 ], [ -88.260261901546514, 39.585854972750283 ], [ -88.058994706063729, 39.495483752601103 ], [ -88.059699599319245, 39.315338988487163 ] ] ] } },
{ "type": "Feature", "properties": { "hex_id": 65, "area_km2": 1039.2304845413275 }, "geometry": { "type": "Polygon", "coordinates": [ [ [ -87.658030543332771, 39.313701872275097 ], [ -87.859468073330873, 39.224621118467887 ], [ -88.059699599319245, 39.315338988487163 ], [ -88.058994706063729, 39.495483752601103 ], [ -87.857023187311029, 39.584902392141892 ], [ -87.6562909637926, 39.493836204140138 ], [ -87.658030543332771, 39.313701872275097 ] ] ] } },
{ "type": "Feature", "properties": { "hex_id": 66, "area_km2": 236.92825764105953 }, "geometry": { "type": "Polygon", "coordinates": [ [ [ -87.658030543332771, 39.313701872275097 ], [ -87.6562909637926, 39.493836204140138 ], [ -87.5319908437436, 39.548368029967222 ], [ -87.531985520472361, 39.545402328558197 ], [ -87.531966972032933, 39.535057613019291 ], [ -87.531945968927033, 39.523343894124572 ], [ -87.531927534674466, 39.520357923382932 ], [ -87.531718014662644, 39.48643579281002 ], [ -87.531679113413233, 39.480141930218203 ], [ -87.531659990739456, 39.477106946859521 ], [ -87.531417090403608, 39.438555944396626 ], [ -87.531415307028595, 39.437494850497309 ], [ -87.531413901971845, 39.43665885293494 ], [ -87.531370074652258, 39.410581953692954 ], [ -87.53142505447876, 39.37503496532765 ], [ -87.531693051926226, 39.371039966260277 ], [ -87.531670045566983, 39.359709970037933 ], [ -87.5316480390225, 39.348059973918296 ], [ -87.531677349267184, 39.348054887906983 ], [ -87.532426038229374, 39.347924972904117 ], [ -87.537273035930909, 39.352086964857421 ], [ -87.540380033397341, 39.352946960279333 ], [ -87.544015029889209, 39.352904955289425 ], [ -87.545884027749736, 39.352144953001861 ], [ -87.54948002243168, 39.347737949767769 ], [ -87.549688341730757, 39.346567948151026 ], [ -87.55026201985558, 39.343345950417628 ], [ -87.554402015064355, 39.340485945998189 ], [ -87.560694009057286, 39.338848938279078 ], [ -87.574081998261903, 39.341420919249103 ], [ -87.58485398820666, 39.337326906866053 ], [ -87.58908598419589, 39.333828903051227 ], [ -87.590229299863111, 39.332063902462004 ], [ -87.596730977130889, 39.32202689935751 ], [ -87.600657974138258, 39.31852689627118 ], [ -87.605921970450055, 39.311073893843037 ], [ -87.612607966278148, 39.308563887016142 ], [ -87.620486961521692, 39.307130878170753 ], [ -87.621177961438107, 39.304159879156082 ], [ -87.618965962984831, 39.301688883364626 ], [ -87.614998965305247, 39.300898888647126 ], [ -87.605349970774398, 39.303214899009397 ], [ -87.598417974634359, 39.300083909154083 ], [ -87.597324975038333, 39.296954912167138 ], [ -87.599908973496696, 39.293580910927133 ], [ -87.605103250829487, 39.289533069618827 ], [ -87.658030543332771, 39.313701872275097 ] ] ] } },
{ "type": "Feature", "properties": { "hex_id": 67, "area_km2": 426.46312590293434 }, "geometry": { "type": "Polygon", "coordinates": [ [ [ -91.294286143798104, 39.818283606562929 ], [ -91.088638606007194, 39.733305080965998 ], [ -91.081501502347948, 39.553374047453005 ], [ -91.109013935633726, 39.540188392442737 ], [ -91.114305365976207, 39.541096538818152 ], [ -91.11588290526791, 39.541240951656867 ], [ -91.126638337700015, 39.542225537321301 ], [ -91.148275289683809, 39.545796531946387 ], [ -91.14921625859526, 39.546227201551105 ], [ -91.153628279345398, 39.548246527831338 ], [ -91.158606272209639, 39.553046519515895 ], [ -91.163634265696629, 39.558564510028489 ], [ -91.166621880360978, 39.56253675497021 ], [ -91.168419260631183, 39.564926499140995 ], [ -91.169820261878201, 39.569553491070714 ], [ -91.171641269754289, 39.581897469410869 ], [ -91.174232273625563, 39.59197345198978 ], [ -91.174651273967484, 39.593311449698021 ], [ -91.178012270946311, 39.598194441685905 ], [ -91.181936266239404, 39.602675434558925 ], [ -91.185921259385267, 39.605117431070333 ], [ -91.216640198057803, 39.615122420386484 ], [ -91.223328185079112, 39.617601417748389 ], [ -91.229317174541606, 39.620851413760299 ], [ -91.241225156545639, 39.630065401654115 ], [ -91.243560154278299, 39.633062397424908 ], [ -91.245914153283906, 39.637309391229294 ], [ -91.248779150420177, 39.640878386303832 ], [ -91.256467769901903, 39.646232021979891 ], [ -91.260475130957843, 39.649022373296724 ], [ -91.26608909096214, 39.656134872683793 ], [ -91.26676512427052, 39.656991360156681 ], [ -91.267708572802704, 39.657873522037853 ], [ -91.276140111111147, 39.665757345356454 ], [ -91.283329098582541, 39.670132337692031 ], [ -91.293788078563026, 39.674764329242393 ], [ -91.302485063060246, 39.679629320391733 ], [ -91.305348060921318, 39.683955312857222 ], [ -91.30668203464738, 39.68487922806284 ], [ -91.317814040656955, 39.692589296972628 ], [ -91.330724952637922, 39.699931914642356 ], [ -91.331603016524269, 39.700431281940048 ], [ -91.345299994000115, 39.709400264588901 ], [ -91.348883848375422, 39.71222779887453 ], [ -91.352748982931132, 39.715277253220137 ], [ -91.354026340221594, 39.716447851226462 ], [ -91.367752962957951, 39.729027226462051 ], [ -91.367831422466224, 39.729148775942946 ], [ -91.370008961584873, 39.732522219821874 ], [ -91.36995297580691, 39.745040197403647 ], [ -91.367405987267006, 39.753878178935693 ], [ -91.366046990397322, 39.755953173788605 ], [ -91.365124992488646, 39.758721166739868 ], [ -91.365905990534841, 39.764954150350412 ], [ -91.3657426821553, 39.772621931126217 ], [ -91.365693990814535, 39.774908124430993 ], [ -91.364847992676914, 39.779386112863151 ], [ -91.363012269341951, 39.782751801861139 ], [ -91.361743999722236, 39.785077098364489 ], [ -91.361686199863499, 39.785902009580553 ], [ -91.294286143798104, 39.818283606562929 ] ] ] } },
{ "type": "Feature", "properties": { "hex_id": 68, "area_km2": 1039.2304845413264 }, "geometry": { "type": "Polygon", "coordinates": [ [ [ -90.67881804995416, 39.562203907222447 ], [ -90.876896278417135, 39.467980534439462 ], [ -91.081501502347948, 39.553374047453005 ], [ -91.088638606007194, 39.733305080965998 ], [ -90.890127460183777, 39.827900781534673 ], [ -90.684911656060393, 39.742190970492466 ], [ -90.67881804995416, 39.562203907222447 ] ] ] } },
{ "type": "Feature", "properties": { "hex_id": 69, "area_km2": 1039.2304845413262 }, "geometry": { "type": "Polygon", "coordinates": [ [ [ -90.275971520381887, 39.569639037074346 ], [ -90.474646613887941, 39.47608752055153 ], [ -90.67881804995416, 39.562203907222447 ], [ -90.684911656060393, 39.742190970492466 ], [ -90.485789194871188, 39.836111382240837 ], [ -90.281020105508148, 39.749673636356377 ], [ -90.275971520381887, 39.569639037074346 ] ] ] } },
{ "type": "Feature", "properties": { "hex_id": 70, "area_km2": 1039.2304845413257 }, "geometry": { "type": "Polygon", "coordinates": [ [ [ -89.872988867698055, 39.575678157790804 ], [ -90.072247679746994, 39.482803328184012 ], [ -90.275971520381887, 39.569639037074346 ], [ -90.281020105508148, 39.749673636356377 ], [ -90.081299158801599, 39.842913629589603 ], [ -89.87699119634209, 39.755751488119273 ], [ -89.872988867698055, 39.575678157790804 ] ] ] } },
{ "type": "Feature", "properties": { "hex_id": 71, "area_km2": 1039.2304845413257 }, "geometry": { "type": "Polygon", "coordinates": [ [ [ -89.469899313585373, 39.580319985306225 ], [ -89.669727968005446, 39.488126962794048 ], [ -89.872988867698055, 39.575678157790804 ], [ -89.87699119634209, 39.755751488119273 ], [ -89.676685404507708, 39.848305392820699 ], [ -89.472854028682491, 39.760422861556684 ], [ -89.469899313585373, 39.580319985306225 ] ] ] } },
{ "type": "Feature", "properties": { "hex_id": 72, "area_km2": 1039.2304845413257 }, "geometry": { "type": "Polygon", "coordinates": [ [ [ -89.066729790032653, 39.583563929874195 ], [ -89.267117055708454, 39.492057241047526 ], [ -89.469899313585373, 39.580319985306225 ], [ -89.472854028682491, 39.760422861556684 ], [ -89.271977935775666, 39.852286397765063 ], [ -89.068636295926325, 39.763688198644743 ], [ -89.066729790032653, 39.583563929874195 ] ] ] } },
{ "type": "Feature", "properties": { "hex_id": 73, "area_km2": 1039.2304845413257 }, "geometry": { "type": "Polygon", "coordinates": [ [ [ -88.66350716014594, 39.58540854372287 ], [ -88.864436352860707, 39.494593321513292 ], [ -89.066729790032653, 39.583563929874195 ], [ -89.068636295926325, 39.763688198644743 ], [ -88.867201196510891, 39.854855830064771 ], [ -88.664365984753516, 39.765544476053314 ], [ -88.66350716014594, 39.58540854372287 ] ] ] } },
{ "type": "Feature", "properties": { "hex_id": 74, "area_km2": 1039.2304845413275 }, "geometry": { "type": "Polygon", "coordinates": [ [ [ -88.260261901546514, 39.585854972750283 ], [ -88.461718867450585, 39.495735291752567 ], [ -88.66350716014594, 39.58540854372287 ], [ -88.664365984753516, 39.765544476053314 ], [ -88.46238822815441, 39.856012253017411 ], [ -88.260072378414264, 39.765993269052757 ], [ -88.260261901546514, 39.585854972750283 ] ] ] } },
{ "type": "Feature", "properties": { "hex_id": 75, "area_km2": 1039.2304845413275 }, "geometry": { "type": "Polygon", "coordinates": [ [ [ -87.857023187311029, 39.584902392141892 ], [ -88.058994706063729, 39.495483752601103 ], [ -88.260261901546514, 39.585854972750283 ], [ -88.260072378414264, 39.765993269052757 ], [ -88.057564993649692, 39.855756462861891 ], [ -87.855783741367318, 39.765034571653352 ], [ -87.857023187311029, 39.584902392141892 ] ] ] } },
{ "type": "Feature", "properties": { "hex_id": 76, "area_km2": 874.90168830643927 }, "geometry": { "type": "Polygon", "coordinates": [ [ [ -87.6562909637926, 39.493836204140138 ], [ -87.857023187311029, 39.584902392141892 ], [ -87.855783741367318, 39.765034571653352 ], [ -87.65276274478876, 39.854087681224513 ], [ -87.533139603828957, 39.799814028796725 ], [ -87.533141202761399, 39.796253874911443 ], [ -87.533148228267876, 39.780660556823676 ], [ -87.532919591100054, 39.730760634701809 ], [ -87.532838175431252, 39.708818686471098 ], [ -87.532784907787573, 39.694462772645686 ], [ -87.53267602666557, 39.665118716630396 ], [ -87.532673320731007, 39.664908674454992 ], [ -87.532673307253063, 39.664907628260522 ], [ -87.532302219479789, 39.636102753296413 ], [ -87.53218888697171, 39.607303789289723 ], [ -87.532132506051909, 39.592976807199641 ], [ -87.532069975615272, 39.578427828098384 ], [ -87.532026669765941, 39.568351838004425 ], [ -87.5319908437436, 39.548368029967222 ], [ -87.6562909637926, 39.493836204140138 ] ] ] } },
{ "type": "Feature", "properties": { "hex_id": 77, "area_km2": 319.98277492638181 }, "geometry": { "type": "Polygon", "coordinates": [ [ [ -91.302047807087135, 39.998172779077805 ], [ -91.294286143798104, 39.818283606562929 ], [ -91.361686199863499, 39.785902009580553 ], [ -91.361571000060664, 39.787546091920646 ], [ -91.36344399561473, 39.792802077985208 ], [ -91.367965985046681, 39.800401057790118 ], [ -91.368948019706309, 39.801557429869064 ], [ -91.375147968426759, 39.808858035404413 ], [ -91.377970961931553, 39.811271029036952 ], [ -91.385772944050416, 39.815551017725717 ], [ -91.397852916466846, 39.821120003217608 ], [ -91.406222897436081, 39.826469989629061 ], [ -91.414512878626397, 39.829981980832144 ], [ -91.429518844743271, 39.837798961712352 ], [ -91.432918837125314, 39.840551955069515 ], [ -91.436050830207833, 39.8455079431128 ], [ -91.437069241275935, 39.847960249576772 ], [ -91.440450356617973, 39.856101884413306 ], [ -91.446384807939666, 39.870391883713737 ], [ -91.44784380501288, 39.877948865728563 ], [ -91.4469218073001, 39.883031853407282 ], [ -91.443512815345841, 39.893580827520069 ], [ -91.428955848117383, 39.907726790556609 ], [ -91.42776095759865, 39.908782340818647 ], [ -91.420877866141794, 39.914862771357313 ], [ -91.419879868379908, 39.916530767022437 ], [ -91.418806870865794, 39.92212375295545 ], [ -91.419359869773871, 39.927714739265021 ], [ -91.420073179733649, 39.92923138828197 ], [ -91.421831864476644, 39.932970726917652 ], [ -91.421915964259242, 39.933072753784046 ], [ -91.424115632709331, 39.9357413133542 ], [ -91.42578185595724, 39.937762716180032 ], [ -91.429054848891411, 39.940738709789471 ], [ -91.435477335889104, 39.945275615917062 ], [ -91.43708983155274, 39.946414698265464 ], [ -91.441559822008486, 39.951296687789068 ], [ -91.447235810030278, 39.959499669833548 ], [ -91.449805804728427, 39.965275656843581 ], [ -91.454646794560261, 39.971303644138601 ], [ -91.458851785900791, 39.979012627357143 ], [ -91.459532784482974, 39.979889625535229 ], [ -91.4636827756663, 39.981842622500366 ], [ -91.465314772285055, 39.983992618062885 ], [ -91.466681769545644, 39.987250610932442 ], [ -91.467293768438992, 39.990628603235919 ], [ -91.469246764548117, 39.995324593014736 ], [ -91.47729774677866, 40.00899056953665 ], [ -91.484063731285218, 40.019329554133805 ], [ -91.487350723856537, 40.023198548718547 ], [ -91.488061848655775, 40.024450552619541 ], [ -91.488131467455332, 40.024573123241261 ], [ -91.493179491569691, 40.033460657369361 ], [ -91.494877706361564, 40.036450528591217 ], [ -91.489605715569169, 40.057432489071893 ], [ -91.491046097284325, 40.060812974427215 ], [ -91.495364701767102, 40.070948467790359 ], [ -91.497283682542857, 40.077049462435156 ], [ -91.497645770692316, 40.078200646381276 ], [ -91.302047807087135, 39.998172779077805 ] ] ] } },
{ "type": "Feature", "properties": { "hex_id": 78, "area_km2": 1039.2304845413262 }, "geometry": { "type": "Polygon", "coordinates": [ [ [ -90.890127460183777, 39.827900781534673 ], [ -91.088638606007194, 39.733305080965998 ], [ -91.294286143798104, 39.818283606562929 ], [ -91.302047807087135, 39.998172779077805 ], [ -91.103106058046919, 40.093146659212771 ], [ -90.89683251963497, 40.007850768261754 ], [ -90.890127460183777, 39.827900781534673 ] ] ] } },
{ "type": "Feature", "properties": { "hex_id": 79, "area_km2": 1039.2304845413266 }, "geometry": { "type": "Polygon", "coordinates": [ [ [ -90.485789194871188, 39.836111382240837 ], [ -90.684911656060393, 39.742190970492466 ], [ -90.890127460183777, 39.827900781534673 ], [ -90.89683251963497, 40.007850768261754 ], [ -90.697263772900357, 40.102145573070992 ], [ -90.491435396711367, 40.016113774191815 ], [ -90.485789194871188, 39.836111382240837 ] ] ] } },
{ "type": "Feature", "properties": { "hex_id": 80, "area_km2": 1039.2304845413262 }, "geometry": { "type": "Polygon", "coordinates": [ [ [ -90.081299158801599, 39.842913629589603 ], [ -90.281020105508148, 39.749673636356377 ], [ -90.485789194871188, 39.836111382240837 ], [ -90.491435396711367, 40.016113774191815 ], [ -90.291254183238664, 40.109724613479415 ], [ -90.085886164179769, 40.022959748562165 ], [ -90.081299158801599, 39.842913629589603 ] ] ] } },
{ "type": "Feature", "properties": { "hex_id": 81, "area_km2": 1039.2304845413257 }, "geometry": { "type": "Polygon", "coordinates": [ [ [ -89.676685404507708, 39.848305392820699 ], [ -89.87699119634209, 39.755751488119273 ], [ -90.081299158801599, 39.842913629589603 ], [ -90.085886164179769, 40.022959748562165 ], [ -89.885104876695365, 40.115880484839536 ], [ -89.680211531685728, 40.028385841315817 ], [ -89.676685404507708, 39.848305392820699 ] ] ] } },
{ "type": "Feature", "properties": { "hex_id": 82, "area_km2": 1039.2304845413257 }, "geometry": { "type": "Polygon", "coordinates": [ [ [ -89.271977935775666, 39.852286397765063 ], [ -89.472854028682491, 39.760422861556684 ], [ -89.676685404507708, 39.848305392820699 ], [ -89.680211531685728, 40.028385841315817 ], [ -89.478843622014722, 40.120611330581568 ], [ -89.274440623363006, 40.032392237053735 ], [ -89.271977935775666, 39.852286397765063 ] ] ] } },
{ "type": "Feature", "properties": { "hex_id": 83, "area_km2": 1039.2304845413257 }, "geometry": { "type": "Polygon", "coordinates": [ [ [ -88.867201196510891, 39.854855830064771 ], [ -89.068636295926325, 39.763688198644743 ], [ -89.271977935775666, 39.852286397765063 ], [ -89.274440623363006, 40.032392237053735 ], [ -89.072500365260268, 40.123918516999375 ], [ -88.86860185354189, 40.034978299152691 ], [ -88.867201196510891, 39.854855830064771 ] ] ] } },
{ "type": "Feature", "properties": { "hex_id": 84, "area_km2": 1039.2304845413266 }, "geometry": { "type": "Polygon", "coordinates": [ [ [ -88.46238822815441, 39.856012253017411 ], [ -88.664365984753516, 39.765544476053314 ], [ -88.867201196510891, 39.854855830064771 ], [ -88.86860185354189, 40.034978299152691 ], [ -88.66610460516047, 40.125799280986008 ], [ -88.462726448920208, 40.036142599295928 ], [ -88.46238822815441, 39.856012253017411 ] ] ] } },
{ "type": "Feature", "properties": { "hex_id": 85, "area_km2": 1039.2304845413275 }, "geometry": { "type": "Polygon", "coordinates": [ [ [ -88.057564993649692, 39.855756462861891 ], [ -88.260072378414264, 39.765993269052757 ], [ -88.46238822815441, 39.856012253017411 ], [ -88.462726448920208, 40.036142599295928 ], [ -88.259686748112898, 40.126253925809834 ], [ -88.056840334783544, 40.035884465633032 ], [ -88.057564993649692, 39.855756462861891 ] ] ] } },
{ "type": "Feature", "properties": { "hex_id": 86, "area_km2": 1039.2304845413275 }, "geometry": { "type": "Polygon", "coordinates": [ [ [ -87.65276274478876, 39.854087681224513 ], [ -87.855783741367318, 39.765034571653352 ], [ -88.057564993649692, 39.855756462861891 ], [ -88.056840334783558, 40.035884465633032 ], [ -87.853271026123295, 40.125282132432368 ], [ -87.65097466943881, 40.034204904119072 ], [ -87.65276274478876, 39.854087681224513 ] ] ] } },
{ "type": "Feature", "properties": { "hex_id": 87, "area_km2": 263.53266361328627 }, "geometry": { "type": "Polygon", "coordinates": [ [ [ -87.65276274478876, 39.854087681224513 ], [ -87.65097466943881, 40.034204904119072 ], [ -87.531966136365341, 40.085989512329164 ], [ -87.532166765944481, 40.05879921157868 ], [ -87.532186335939315, 40.056147227914359 ], [ -87.532348444807837, 40.026554199573006 ], [ -87.532352711539446, 40.011831557645372 ], [ -87.53235614592765, 39.99998119430655 ], [ -87.532358606493119, 39.991607189032102 ], [ -87.532429653469933, 39.986044309716839 ], [ -87.532618763881061, 39.971237224238699 ], [ -87.532690880679496, 39.956126936067349 ], [ -87.53272601148322, 39.948766144605301 ], [ -87.532734461190088, 39.946995717208331 ], [ -87.532743965756637, 39.945004269926336 ], [ -87.532999215910849, 39.91251632635678 ], [ -87.533012886139105, 39.910354315103788 ], [ -87.533185863513737, 39.882997115128781 ], [ -87.533255527626892, 39.871979396881748 ], [ -87.533193796761509, 39.853377233338868 ], [ -87.533124829644564, 39.832594465992891 ], [ -87.533129004400095, 39.823328482198669 ], [ -87.533134569095083, 39.810977486823091 ], [ -87.533139603828957, 39.799814028796725 ], [ -87.65276274478876, 39.854087681224513 ] ] ] } },
{ "type": "Feature", "properties": { "hex_id": 88, "area_km2": 1026.1987111434603 }, "geometry": { "type": "Polygon", "coordinates": [ [ [ -91.317781991003116, 40.357931161989796 ], [ -91.1104379115706, 40.273057814010777 ], [ -91.103106058046919, 40.093146659212771 ], [ -91.302047807087135, 39.998172779077805 ], [ -91.497645770692316, 40.078200646381276 ], [ -91.497662696046561, 40.078254455936765 ], [ -91.50082268676033, 40.090953435245801 ], [ -91.503254888504799, 40.099010737717443 ], [ -91.50600566740809, 40.108123408894812 ], [ -91.507250112872057, 40.11340626160073 ], [ -91.508495512303213, 40.118693163613258 ], [ -91.509244655853735, 40.121873386914864 ], [ -91.510163237474885, 40.127091485957862 ], [ -91.51032165210826, 40.127991376821612 ], [ -91.511302119160362, 40.141112619818024 ], [ -91.511748647077511, 40.147088343807411 ], [ -91.511748647077511, 40.147088343807411 ], [ -91.511589647529462, 40.149266339808264 ], [ -91.508323657374746, 40.156323324931222 ], [ -91.508223657620377, 40.157662322479105 ], [ -91.511955646009142, 40.170438302285433 ], [ -91.513078642607894, 40.178534288586604 ], [ -91.512973642885257, 40.181059284006686 ], [ -91.511072648172089, 40.188791268957729 ], [ -91.509550652380923, 40.1913352634351 ], [ -91.505494663486388, 40.195603253232107 ], [ -91.504476666120198, 40.198259247869018 ], [ -91.505036576801444, 40.199922341089376 ], [ -91.506663659726925, 40.204755237722104 ], [ -91.507268657850105, 40.209335229960708 ], [ -91.506946658374858, 40.215547218721625 ], [ -91.504281664743914, 40.224296201579037 ], [ -91.504288664181445, 40.231709188439304 ], [ -91.505967659800802, 40.234302184821381 ], [ -91.506500658355776, 40.236301181581368 ], [ -91.50582765986762, 40.238836176690043 ], [ -91.503230665887827, 40.243471166981394 ], [ -91.500854671439157, 40.245719161653263 ], [ -91.498103677534374, 40.247419157139795 ], [ -91.497263000619739, 40.248758472956553 ], [ -91.496179621798944, 40.250484447026047 ], [ -91.490523686786787, 40.259495145785685 ], [ -91.489968685810112, 40.262337144737117 ], [ -91.490524682689852, 40.264811144281964 ], [ -91.492890673638925, 40.269920143730424 ], [ -91.493025189220717, 40.274144974106122 ], [ -91.317781991003116, 40.357931161989796 ] ] ] } },
{ "type": "Feature", "properties": { "hex_id": 89, "area_km2": 1039.2304845413264 }, "geometry": { "type": "Polygon", "coordinates": [ [ [ -90.697263772900357, 40.102145573070992 ], [ -90.89683251963497, 40.007850768261754 ], [ -91.103106058046919, 40.093146659212771 ], [ -91.1104379115706, 40.273057814010777 ], [ -90.910424929876442, 40.367732620224309 ], [ -90.703523904335356, 40.282113625845255 ], [ -90.697263772900357, 40.102145573070992 ] ] ] } },
{ "type": "Feature", "properties": { "hex_id": 90, "area_km2": 1039.2304845413262 }, "geometry": { "type": "Polygon", "coordinates": [ [ [ -90.291254183238664, 40.109724613479415 ], [ -90.491435396711367, 40.016113774191815 ], [ -90.697263772900357, 40.102145573070992 ], [ -90.703523904335356, 40.282113625845255 ], [ -90.502882267967919, 40.376101178524046 ], [ -90.296441064446441, 40.289741285298369 ], [ -90.291254183238664, 40.109724613479415 ] ] ] } },
{ "type": "Feature", "properties": { "hex_id": 91, "area_km2": 1039.2304845413257 }, "geometry": { "type": "Polygon", "coordinates": [ [ [ -89.885104876695365, 40.115880484839536 ], [ -90.085886164179769, 40.022959748562165 ], [ -90.291254183238664, 40.109724613479415 ], [ -90.296441064446441, 40.289741285298369 ], [ -90.095185045185204, 40.383034696322078 ], [ -89.889216426384735, 40.29593624790769 ], [ -89.885104876695365, 40.115880484839536 ] ] ] } },
{ "type": "Feature", "properties": { "hex_id": 92, "area_km2": 1039.2304845413257 }, "geometry": { "type": "Polygon", "coordinates": [ [ [ -89.478843622014722, 40.120611330581568 ], [ -89.680211531685728, 40.028385841315817 ], [ -89.885104876695365, 40.115880484839536 ], [ -89.889216426384735, 40.29593624790769 ], [ -89.687358245396268, 40.388529732262512 ], [ -89.48187917068752, 40.300697278760865 ], [ -89.478843622014722, 40.120611330581568 ] ] ] } },
{ "type": "Feature", "properties": { "hex_id": 93, "area_km2": 1039.2304845413257 }, "geometry": { "type": "Polygon", "coordinates": [ [ [ -89.072500365260268, 40.123918516999375 ], [ -89.274440623363006, 40.032392237053735 ], [ -89.478843622014722, 40.120611330581568 ], [ -89.48187917068752, 40.300697278760865 ], [ -89.27943455375393, 40.392586750622115 ], [ -89.074459267602094, 40.3040248104383 ], [ -89.072500365260268, 40.123918516999375 ] ] ] } },
{ "type": "Feature", "properties": { "hex_id": 94, "area_km2": 1039.2304845413257 }, "geometry": { "type": "Polygon", "coordinates": [ [ [ -88.66610460516047, 40.125799280986008 ], [ -88.86860185354189, 40.034978299152691 ], [ -89.072500365260268, 40.123918516999375 ], [ -89.074459267602094, 40.3040248104383 ], [ -88.871442547819456, 40.395204845209967 ], [ -88.666985969802226, 40.305917533205218 ], [ -88.66610460516047, 40.125799280986008 ] ] ] } },
{ "type": "Feature", "properties": { "hex_id": 95, "area_km2": 1039.2304845413275 }, "geometry": { "type": "Polygon", "coordinates": [ [ [ -88.259686748112898, 40.126253925809834 ], [ -88.462726448920208, 40.036142599295928 ], [ -88.66610460516047, 40.125799280986008 ], [ -88.666985969802226, 40.305917533205218 ], [ -88.463412083653452, 40.396384992325572 ], [ -88.259491168067058, 40.306376065116993 ], [ -88.259686748112898, 40.126253925809834 ] ] ] } },
{ "type": "Feature", "properties": { "hex_id": 96, "area_km2": 1039.2304845413275 }, "geometry": { "type": "Polygon", "coordinates": [ [ [ -87.853271026123281, 40.125282132432368 ], [ -88.056840334783544, 40.035884465633032 ], [ -88.259686748112898, 40.126253925809834 ], [ -88.259491168067058, 40.306376065116993 ], [ -88.055371474386632, 40.396124111074123 ], [ -87.851997827078662, 40.305397763384136 ], [ -87.853271026123281, 40.125282132432368 ] ] ] } },
{ "type": "Feature", "properties": { "hex_id": 97, "area_km2": 864.83364355059359 }, "geometry": { "type": "Polygon", "coordinates": [ [ [ -87.65097466943881, 40.034204904119072 ], [ -87.853271026123295, 40.125282132432368 ], [ -87.851997827078662, 40.305397763384136 ], [ -87.64735112853154, 40.394423156522485 ], [ -87.528681915129752, 40.340993624385405 ], [ -87.528847108956455, 40.330566817672434 ], [ -87.529274784310147, 40.30359274942127 ], [ -87.529430644438435, 40.293762440377641 ], [ -87.529524142499497, 40.28659724707996 ], [ -87.529710873052082, 40.272287213996876 ], [ -87.52997562010718, 40.251998416319672 ], [ -87.530205562454412, 40.23598897675646 ], [ -87.530205682395774, 40.235980626301853 ], [ -87.530510263741633, 40.21477533240531 ], [ -87.53055476107987, 40.211677377991492 ], [ -87.530708992684794, 40.199409209172806 ], [ -87.530777555436089, 40.19395546705347 ], [ -87.530822840039988, 40.190353357360678 ], [ -87.531019860768396, 40.17719040400938 ], [ -87.531127722544767, 40.169984159628463 ], [ -87.531452439424214, 40.148289827886948 ], [ -87.531454914998193, 40.148124434818499 ], [ -87.531456997300893, 40.14798531619418 ], [ -87.531500799142222, 40.142772082599272 ], [ -87.531645802797584, 40.12551395148563 ], [ -87.531708454051838, 40.11805728741092 ], [ -87.531710470545448, 40.117817287180074 ], [ -87.531831695524559, 40.103389260986916 ], [ -87.531881183536129, 40.097499267635079 ], [ -87.531944919750558, 40.088862198153734 ], [ -87.531966136365341, 40.085989512329164 ], [ -87.65097466943881, 40.034204904119072 ] ] ] } },
{ "type": "Feature", "properties": { "hex_id": 98, "area_km2": 168.70040150623399 }, "geometry": { "type": "Polygon", "coordinates": [ [ [ -91.325755615394087, 40.537800514401084 ], [ -91.317781991003116, 40.357931161989796 ], [ -91.493025189220717, 40.274144974106122 ], [ -91.493060669198968, 40.275259142172274 ], [ -91.492726667658971, 40.278214141170977 ], [ -91.491476611618339, 40.281638130415104 ], [ -91.490798720909993, 40.283494919566202 ], [ -91.489867667723146, 40.286045138112854 ], [ -91.4860776699566, 40.293423135367824 ], [ -91.471825680036076, 40.317337129667472 ], [ -91.469655680205747, 40.322406129134549 ], [ -91.466900670142479, 40.333281771232933 ], [ -91.466602676195791, 40.334458128270761 ], [ -91.462139678198696, 40.34241112857206 ], [ -91.4566638551442, 40.34863509454869 ], [ -91.45223668753961, 40.353667131121725 ], [ -91.447834691071421, 40.359126132877002 ], [ -91.446307691542117, 40.36182013364396 ], [ -91.4448326931103, 40.363167134331299 ], [ -91.439341700333912, 40.36656613695326 ], [ -91.433112424919443, 40.368967875401623 ], [ -91.429441715276738, 40.370383141947983 ], [ -91.426631718979806, 40.371985143605848 ], [ -91.42205565541795, 40.375968420639879 ], [ -91.419421726235512, 40.378261148856794 ], [ -91.41569473000726, 40.381378151821266 ], [ -91.4130107340292, 40.382274153594111 ], [ -91.396995762439744, 40.383124162800279 ], [ -91.392227829695628, 40.384119051177599 ], [ -91.39009508113773, 40.384564075673005 ], [ -91.388359776285242, 40.384926168610015 ], [ -91.381957784997212, 40.387629173920111 ], [ -91.378421789164463, 40.389667177325194 ], [ -91.376756961604698, 40.391041471979435 ], [ -91.376707321266053, 40.391082449468236 ], [ -91.375745791549832, 40.391876180423736 ], [ -91.37292078855333, 40.39910518716556 ], [ -91.372553786864586, 40.401197188861829 ], [ -91.372521381483764, 40.404398431991041 ], [ -91.372492432649295, 40.4072582118607 ], [ -91.372449775543373, 40.411472196035525 ], [ -91.373720766167551, 40.417888199398142 ], [ -91.377624750110456, 40.426332201582902 ], [ -91.377730504344726, 40.42661906929505 ], [ -91.379540533438544, 40.43152893311558 ], [ -91.3809647345185, 40.435392204160067 ], [ -91.381270506668514, 40.438115282132053 ], [ -91.381768725353894, 40.442552207763868 ], [ -91.381467722041506, 40.446037210227757 ], [ -91.379906717939832, 40.452107215726876 ], [ -91.378143716076053, 40.456391220469357 ], [ -91.373954052016302, 40.46398338126204 ], [ -91.373689382121043, 40.464462994042229 ], [ -91.371951553003981, 40.467612143507452 ], [ -91.368073711620667, 40.47463924542226 ], [ -91.367548110152526, 40.476224201449661 ], [ -91.364914705657213, 40.484165256738024 ], [ -91.363909700375217, 40.49011926266823 ], [ -91.363743041771002, 40.493121265198063 ], [ -91.363682696033223, 40.494208266116132 ], [ -91.364210688281631, 40.500040269923957 ], [ -91.366907180973655, 40.507718681503036 ], [ -91.367875600676825, 40.510476310104714 ], [ -91.368516361874384, 40.51158831963842 ], [ -91.369058582606982, 40.512529317043054 ], [ -91.377623261294076, 40.523046259980717 ], [ -91.381856436011759, 40.52824435970988 ], [ -91.384530409547409, 40.530945365337857 ], [ -91.388066386047939, 40.533066366546592 ], [ -91.394474362375689, 40.534540358790125 ], [ -91.400724332463227, 40.536786353970747 ], [ -91.404124306866137, 40.539124355310726 ], [ -91.406201273434633, 40.542695363919506 ], [ -91.40685023198688, 40.547554380364303 ], [ -91.406372197586634, 40.551828397300142 ], [ -91.406330702511184, 40.551931400435826 ], [ -91.405240176661863, 40.554638410514421 ], [ -91.401481144745631, 40.559455438123322 ], [ -91.393180340918988, 40.565182827970624 ], [ -91.325755615394087, 40.537800514401084 ] ] ] } },
{ "type": "Feature", "properties": { "hex_id": 99, "area_km2": 1039.2304845413262 }, "geometry": { "type": "Polygon", "coordinates": [ [ [ -90.910424929876442, 40.367732620224309 ], [ -91.1104379115706, 40.273057814010777 ], [ -91.317781991003116, 40.357931161989796 ], [ -91.325755615394087, 40.537800514401084 ], [ -91.125300476030404, 40.632861581009685 ], [ -90.917313392034458, 40.547664383642939 ], [ -90.910424929876442, 40.367732620224309 ] ] ] } },
{ "type": "Feature", "properties": { "hex_id": 100, "area_km2": 1039.2304845413266 }, "geometry": { "type": "Polygon", "coordinates": [ [ [ -90.502882267967919, 40.376101178524046 ], [ -90.703523904335356, 40.282113625845255 ], [ -90.910424929876442, 40.367732620224309 ], [ -90.917313392034458, 40.547664383642939 ], [ -90.716214829341865, 40.642032410702292 ], [ -90.508683410570782, 40.556086149011385 ], [ -90.502882267967919, 40.376101178524046 ] ] ] } },
{ "type": "Feature", "properties": { "hex_id": 101, "area_km2": 1039.2304845413262 }, "geometry": { "type": "Polygon", "coordinates": [ [ [ -90.095185045185204, 40.383034696322078 ], [ -90.296441064446441, 40.289741285298369 ], [ -90.502882267967919, 40.376101178524046 ], [ -90.508683410570796, 40.556086149011385 ], [ -90.306954358052764, 40.649757236170501 ], [ -90.099897031312665, 40.563063357945452 ], [ -90.095185045185204, 40.383034696322078 ] ] ] } },
{ "type": "Feature", "properties": { "hex_id": 102, "area_km2": 1039.2304845413257 }, "geometry": { "type": "Polygon", "coordinates": [ [ [ -89.687358245396268, 40.388529732262512 ], [ -89.889216426384735, 40.29593624790769 ], [ -90.095185045185204, 40.383034696322078 ], [ -90.099897031312665, 40.563063357945452 ], [ -89.897550778835026, 40.656030194849826 ], [ -89.690980237488589, 40.568592831339039 ], [ -89.687358245396268, 40.388529732262512 ] ] ] } },
{ "type": "Feature", "properties": { "hex_id": 103, "area_km2": 1039.2304845413257 }, "geometry": { "type": "Polygon", "coordinates": [ [ [ -89.27943455375393, 40.392586750622115 ], [ -89.48187917068752, 40.300697278760865 ], [ -89.687358245396268, 40.388529732262512 ], [ -89.690980237488589, 40.568592831339039 ], [ -89.488032989817441, 40.660851149402497 ], [ -89.281965909994113, 40.572675240390453 ], [ -89.27943455375393, 40.392586750622115 ] ] ] } },
{ "type": "Feature", "properties": { "hex_id": 104, "area_km2": 1039.2304845413257 }, "geometry": { "type": "Polygon", "coordinates": [ [ [ -88.871442547819456, 40.395204845209967 ], [ -89.074459267602094, 40.3040248104383 ], [ -89.27943455375393, 40.392586750622115 ], [ -89.281965909994113, 40.572675240390453 ], [ -89.078430703015655, 40.664220371232865 ], [ -88.872882420613152, 40.575309889763716 ], [ -88.871442547819456, 40.395204845209967 ] ] ] } },
{ "type": "Feature", "properties": { "hex_id": 105, "area_km2": 1039.2304845413266 }, "geometry": { "type": "Polygon", "coordinates": [ [ [ -88.463412083653452, 40.396384992325572 ], [ -88.666985969802226, 40.305917533205218 ], [ -88.871442547819456, 40.395204845209967 ], [ -88.872882420613152, 40.575309889763716 ], [ -88.668773338511627, 40.666137368881607 ], [ -88.463759370230761, 40.576497222893224 ], [ -88.463412083653452, 40.396384992325572 ] ] ] } },
{ "type": "Feature", "properties": { "hex_id": 106, "area_km2": 1039.2304845413275 }, "geometry": { "type": "Polygon", "coordinates": [ [ [ -88.055371474386632, 40.396124111074123 ], [ -88.259491168067058, 40.306376065116993 ], [ -88.463412083653452, 40.396384992325572 ], [ -88.463759370230761, 40.576497222893224 ], [ -88.259093364948484, 40.666602007646794 ], [ -88.054627189582774, 40.576235476566595 ], [ -88.055371474386632, 40.396124111074123 ] ] ] } },
{ "type": "Feature", "properties": { "hex_id": 107, "area_km2": 1039.2304845413275 }, "geometry": { "type": "Polygon", "coordinates": [ [ [ -87.64735112853154, 40.394423156522485 ], [ -87.851997827078662, 40.305397763384136 ], [ -88.055371474386632, 40.396124111074123 ], [ -88.054627189582774, 40.576235476566595 ], [ -87.84941723845246, 40.665612159986601 ], [ -87.645514999609844, 40.574523845932731 ], [ -87.64735112853154, 40.394423156522485 ] ] ] } },
{ "type": "Feature", "properties": { "hex_id": 108, "area_km2": 261.93619119853736 }, "geometry": { "type": "Polygon", "coordinates": [ [ [ -87.64735112853154, 40.394423156522485 ], [ -87.645514999609844, 40.574523845932731 ], [ -87.526213661112905, 40.626000086592541 ], [ -87.526209430635461, 40.607905815485715 ], [ -87.526202675576386, 40.578659780170376 ], [ -87.526203840915827, 40.578239757693574 ], [ -87.52623428534433, 40.567266693796313 ], [ -87.526242736198668, 40.564220758437799 ], [ -87.52636474390377, 40.520245613252627 ], [ -87.526319763502983, 40.493989552187294 ], [ -87.526363944015714, 40.49123454662984 ], [ -87.526594241649804, 40.476873662999388 ], [ -87.527115733406191, 40.444354525120751 ], [ -87.527288479224055, 40.432697189019635 ], [ -87.527936646838512, 40.38895716946476 ], [ -87.527943354184117, 40.388504540622776 ], [ -87.528155691355693, 40.374175486153909 ], [ -87.528681915129752, 40.340993624385405 ], [ -87.64735112853154, 40.394423156522485 ] ] ] } },
{ "type": "Feature", "properties": { "hex_id": 109, "area_km2": 129.82949017751923 }, "geometry": { "type": "Polygon", "coordinates": [ [ [ -91.125300476030404, 40.632861581009685 ], [ -91.325755615394087, 40.537800514401084 ], [ -91.393180340918988, 40.565182827970624 ], [ -91.388191200121497, 40.568624499416025 ], [ -91.382049969700461, 40.572861488131259 ], [ -91.379751070302476, 40.574447556750499 ], [ -91.374251018019095, 40.582587607176094 ], [ -91.369613479236747, 40.588784850577746 ], [ -91.364669787513961, 40.595391214773038 ], [ -91.359871901766866, 40.601802737199698 ], [ -91.354846914525567, 40.605857590940992 ], [ -91.353987879913149, 40.606550778819816 ], [ -91.348731869316197, 40.609692811645779 ], [ -91.341268837627027, 40.61283321921475 ], [ -91.339717864033645, 40.613485861517098 ], [ -91.306522859501328, 40.626229048977123 ], [ -91.297183998757305, 40.628078160190697 ], [ -91.276173902065892, 40.632238199608459 ], [ -91.264951922631255, 40.63389125341542 ], [ -91.258247923005584, 40.636670297232619 ], [ -91.256109960410498, 40.637203251135602 ], [ -91.25307292928305, 40.637960326010393 ], [ -91.247849939268207, 40.638388339526585 ], [ -91.22818715472728, 40.63841974483266 ], [ -91.21843599287466, 40.638435319339607 ], [ -91.197905043011133, 40.636105290590024 ], [ -91.195512818749222, 40.63636583882527 ], [ -91.186979056342963, 40.6372952904252 ], [ -91.185427518820475, 40.638068950046048 ], [ -91.159139041323385, 40.651177455106577 ], [ -91.154292045610021, 40.653594365008665 ], [ -91.138054053259864, 40.660891395185438 ], [ -91.126745655788568, 40.667502894924866 ], [ -91.125300476030404, 40.632861581009685 ] ] ] } },
{ "type": "Feature", "properties": { "hex_id": 110, "area_km2": 1002.7011908344745 }, "geometry": { "type": "Polygon", "coordinates": [ [ [ -90.931279253256008, 40.907508294997527 ], [ -90.722646842450445, 40.821982486536839 ], [ -90.716214829341865, 40.642032410702292 ], [ -90.917313392034458, 40.547664383642939 ], [ -91.125300476030404, 40.632861581009685 ], [ -91.126745655788568, 40.667502894924866 ], [ -91.12392705799968, 40.669150431448678 ], [ -91.122420056613421, 40.670673438955312 ], [ -91.120819053600073, 40.672775449698349 ], [ -91.119631046164983, 40.675890466619762 ], [ -91.115406005162669, 40.691823554368654 ], [ -91.112432584754018, 40.696277267825117 ], [ -91.111938999410555, 40.697016580679396 ], [ -91.110925982795209, 40.703260615376074 ], [ -91.111093966152922, 40.708280644282432 ], [ -91.113883919396528, 40.719530711853722 ], [ -91.114472133957449, 40.720622600052359 ], [ -91.115156906686764, 40.721893726884339 ], [ -91.115733893575964, 40.725166746365922 ], [ -91.114248041978456, 40.730862819353028 ], [ -91.110422849998983, 40.745526856578707 ], [ -91.108198847969248, 40.750933877804179 ], [ -91.105488462926516, 40.75384681863455 ], [ -91.102484887187728, 40.757074861658786 ], [ -91.098103920437211, 40.763231848256652 ], [ -91.096131937833761, 40.767132841092277 ], [ -91.093604395301981, 40.77430701895473 ], [ -91.091701985151388, 40.779706821443277 ], [ -91.091664977804342, 40.780274989686731 ], [ -91.091245002178042, 40.786722812623566 ], [ -91.09225501050598, 40.792907805627628 ], [ -91.092643227896431, 40.793685215648146 ], [ -91.094612637724623, 40.797628982526184 ], [ -91.097030007988636, 40.802469795277752 ], [ -91.097648011567088, 40.805573791320292 ], [ -91.097211519977705, 40.808858141188409 ], [ -91.096845028117684, 40.811615783171156 ], [ -91.096691569542713, 40.811992642118867 ], [ -91.093497650636778, 40.819836172692163 ], [ -91.092992066606428, 40.821077770961921 ], [ -91.091227328987571, 40.823227973101474 ], [ -91.09007108824872, 40.824636766935875 ], [ -91.078331254381951, 40.832837204933412 ], [ -91.077520167827799, 40.833403760376939 ], [ -91.067158236970471, 40.841995757170217 ], [ -91.058748287572243, 40.84630775864666 ], [ -91.056429303536348, 40.848385758825714 ], [ -91.056121679111968, 40.848889203052344 ], [ -90.931279253256008, 40.907508294997527 ] ] ] } },
{ "type": "Feature", "properties": { "hex_id": 111, "area_km2": 1039.2304845413262 }, "geometry": { "type": "Polygon", "coordinates": [ [ [ -90.306954358052764, 40.649757236170501 ], [ -90.508683410570782, 40.556086149011385 ], [ -90.716214829341865, 40.642032410702292 ], [ -90.722646842450445, 40.821982486536839 ], [ -90.52044452183479, 40.916036288515528 ], [ -90.312282177484121, 40.829755285872324 ], [ -90.306954358052764, 40.649757236170501 ] ] ] } },
{ "type": "Feature", "properties": { "hex_id": 112, "area_km2": 1039.2304845413257 }, "geometry": { "type": "Polygon", "coordinates": [ [ [ -89.897550778835026, 40.656030194849826 ], [ -90.099897031312665, 40.563063357945452 ], [ -90.306954358052764, 40.649757236170501 ], [ -90.312282177484121, 40.829755285872324 ], [ -90.109449001344657, 40.923101359714295 ], [ -89.901775045516331, 40.836067966807853 ], [ -89.897550778835026, 40.656030194849826 ] ] ] } },
{ "type": "Feature", "properties": { "hex_id": 113, "area_km2": 1039.2304845413257 }, "geometry": { "type": "Polygon", "coordinates": [ [ [ -89.488032989817441, 40.660851149402497 ], [ -89.690980237488589, 40.568592831339039 ], [ -89.897550778835026, 40.656030194849826 ], [ -89.901775045516331, 40.836067966807853 ], [ -89.698324562338044, 40.928701456727637 ], [ -89.49115220394583, 40.84091980513081 ], [ -89.488032989817441, 40.660851149402497 ] ] ] } },
{ "type": "Feature", "properties": { "hex_id": 114, "area_km2": 1039.2304845413257 }, "geometry": { "type": "Polygon", "coordinates": [ [ [ -89.078430703015655, 40.664220371232865 ], [ -89.281965909994113, 40.572675240390453 ], [ -89.488032989817441, 40.660851149402497 ], [ -89.49115220394583, 40.84091980513081 ], [ -89.287098314407672, 40.932835684320473 ], [ -89.080443447520054, 40.844309969354505 ], [ -89.078430703015655, 40.664220371232865 ] ] ] } },
{ "type": "Feature", "properties": { "hex_id": 115, "area_km2": 1039.2304845413257 }, "geometry": { "type": "Polygon", "coordinates": [ [ [ -88.668773338511627, 40.666137368881607 ], [ -88.872882420613152, 40.575309889763716 ], [ -89.078430703015655, 40.664220371232865 ], [ -89.080443447520054, 40.844309969354505 ], [ -88.87580168109335, 40.935503755782342 ], [ -88.669679756392483, 40.846239346810805 ], [ -88.668773338511627, 40.666137368881607 ] ] ] } },
{ "type": "Feature", "properties": { "hex_id": 116, "area_km2": 1039.2304845413275 }, "geometry": { "type": "Polygon", "coordinates": [ [ [ -88.259093364948484, 40.666602007646794 ], [ -88.463759370230761, 40.576497222893224 ], [ -88.668773338511627, 40.666137368881607 ], [ -88.669679756392483, 40.846239346810805 ], [ -88.464464666356548, 40.936706110451446 ], [ -88.25889203719332, 40.846706639534887 ], [ -88.259093364948484, 40.666602007646794 ] ] ] } },
{ "type": "Feature", "properties": { "hex_id": 117, "area_km2": 1039.2304845413275 }, "geometry": { "type": "Polygon", "coordinates": [ [ [ -87.84941723845246, 40.665612159986601 ], [ -88.054627189582774, 40.576235476566595 ], [ -88.259093364948484, 40.666602007646794 ], [ -88.25889203719332, 40.846706639534887 ], [ -88.053118341628007, 40.93644128846698 ], [ -87.848109450371055, 40.845710885997782 ], [ -87.84941723845246, 40.665612159986601 ] ] ] } },
{ "type": "Feature", "properties": { "hex_id": 118, "area_km2": 859.99651293573527 }, "geometry": { "type": "Polygon", "coordinates": [ [ [ -87.645514999609844, 40.574523845932731 ], [ -87.84941723845246, 40.665612159986601 ], [ -87.848109450371055, 40.845710885997782 ], [ -87.64179278114581, 40.934708197506069 ], [ -87.526269326937239, 40.883101661028448 ], [ -87.52600034221183, 40.865015133645436 ], [ -87.525830641686042, 40.85360534548353 ], [ -87.525831066225876, 40.851790355097307 ], [ -87.52583913069185, 40.817313200978916 ], [ -87.525839145860189, 40.817248353313026 ], [ -87.52584156681327, 40.806898311500461 ], [ -87.525882335611257, 40.792914259843975 ], [ -87.52592679825409, 40.777663188864679 ], [ -87.526008203570683, 40.749740709255462 ], [ -87.52604572333118, 40.736883282652805 ], [ -87.526047491875318, 40.73627723065303 ], [ -87.526153649267712, 40.690073924229232 ], [ -87.526221580346885, 40.660508013992782 ], [ -87.526219101594663, 40.649776250607161 ], [ -87.526213661112905, 40.626000086592541 ], [ -87.645514999609844, 40.574523845932731 ] ] ] } },
{ "type": "Feature", "properties": { "hex_id": 119, "area_km2": 50.958139638853254 }, "geometry": { "type": "Polygon", "coordinates": [ [ [ -90.93835712077491, 41.087420160594711 ], [ -90.931279253256008, 40.907508294997527 ], [ -91.056121679111968, 40.848889203052344 ], [ -91.05024035653328, 40.858512758318213 ], [ -91.047343384609604, 40.864652758413456 ], [ -91.044652406268654, 40.868354759732689 ], [ -91.039096445640965, 40.87356376416173 ], [ -91.036788460472152, 40.875036766437731 ], [ -91.027918760125587, 40.878980478639882 ], [ -91.027488516283896, 40.879171776896634 ], [ -91.023148781840916, 40.882721500266598 ], [ -91.021561557105187, 40.884019784651912 ], [ -91.013900993549129, 40.895619363694273 ], [ -91.013239628289099, 40.896620799172197 ], [ -91.0117923380935, 40.898161489874916 ], [ -91.00953565624252, 40.900563806318878 ], [ -91.003535697415685, 40.905144818210943 ], [ -90.998499723864967, 40.90811882374463 ], [ -90.985461744970024, 40.912139808218058 ], [ -90.979189757254787, 40.915520802379824 ], [ -90.968994772095357, 40.919125792221763 ], [ -90.965343779135665, 40.921631789994287 ], [ -90.962915786371326, 40.924955790312119 ], [ -90.960461806324659, 40.936354799201553 ], [ -90.953776196635687, 40.950727824011146 ], [ -90.952324721581206, 40.953848269698298 ], [ -90.952232835463406, 40.954045810555684 ], [ -90.951966841545158, 40.958236815123897 ], [ -90.95271484717324, 40.962085820097407 ], [ -90.955110859084982, 40.969856830514097 ], [ -90.958088870403145, 40.976641839753995 ], [ -90.958141875317281, 40.979765843124987 ], [ -90.955459966434034, 40.986183847744407 ], [ -90.95520088468669, 40.986803849301033 ], [ -90.949633893375918, 40.995246856650645 ], [ -90.945948870950815, 41.006493895159849 ], [ -90.945053848321692, 41.011915923177078 ], [ -90.945323818990516, 41.019277961816854 ], [ -90.943888832425728, 41.026484551871974 ], [ -90.94327090781087, 41.029587806474531 ], [ -90.942252753041856, 41.034701040335605 ], [ -90.942319737820768, 41.03847105997486 ], [ -90.943651698508319, 41.048636113966154 ], [ -90.944576685288666, 41.052254133675085 ], [ -90.945548648704218, 41.061729184170751 ], [ -90.948989646698379, 41.070248818207361 ], [ -90.949135619361073, 41.070610234741942 ], [ -90.949382611468934, 41.072710246112166 ], [ -90.948206562767879, 41.084412306376592 ], [ -90.948057822599651, 41.085200355446574 ], [ -90.946976582109926, 41.090929228145491 ], [ -90.93835712077491, 41.087420160594711 ] ] ] } },
{ "type": "Feature", "properties": { "hex_id": 120, "area_km2": 1039.2304845413266 }, "geometry": { "type": "Polygon", "coordinates": [ [ [ -90.52044452183479, 40.916036288515528 ], [ -90.722646842450445, 40.821982486536839 ], [ -90.931279253256008, 40.907508294997527 ], [ -90.93835712077491, 41.087420160594711 ], [ -90.735685202974253, 41.181862337030971 ], [ -90.526404965706647, 41.096001332029672 ], [ -90.52044452183479, 40.916036288515528 ] ] ] } },
{ "type": "Feature", "properties": { "hex_id": 121, "area_km2": 1039.2304845413262 }, "geometry": { "type": "Polygon", "coordinates": [ [ [ -90.109449001344657, 40.923101359714295 ], [ -90.312282177484121, 40.829755285872324 ], [ -90.52044452183479, 40.916036288515528 ], [ -90.526404965706647, 41.096001332029672 ], [ -90.323085445012453, 41.189732125026929 ], [ -90.114291242387338, 41.103110999642453 ], [ -90.109449001344657, 40.923101359714295 ] ] ] } },
{ "type": "Feature", "properties": { "hex_id": 122, "area_km2": 1039.2304845413257 }, "geometry": { "type": "Polygon", "coordinates": [ [ [ -89.698324562338044, 40.928701456727637 ], [ -89.901775045516331, 40.836067966807853 ], [ -90.109449001344657, 40.923101359714295 ], [ -90.114291242387338, 41.103110999642453 ], [ -89.910339697526609, 41.196125278113684 ], [ -89.70204661762277, 41.108746931700907 ], [ -89.698324562338044, 40.928701456727637 ] ] ] } },
{ "type": "Feature", "properties": { "hex_id": 123, "area_km2": 1039.2304845413257 }, "geometry": { "type": "Polygon", "coordinates": [ [ [ -89.287098314407672, 40.932835684320473 ], [ -89.49115220394583, 40.84091980513081 ], [ -89.698324562338044, 40.928701456727637 ], [ -89.70204661762277, 41.108746931700907 ], [ -89.497476223319353, 41.20103968968823 ], [ -89.289699595805132, 41.112907754972206 ], [ -89.287098314407672, 40.932835684320473 ] ] ] } },
{ "type": "Feature", "properties": { "hex_id": 124, "area_km2": 1039.2304845413257 }, "geometry": { "type": "Polygon", "coordinates": [ [ [ -88.87580168109335, 40.935503755782342 ], [ -89.080443447520054, 40.844309969354505 ], [ -89.287098314407672, 40.932835684320473 ], [ -89.289699595805132, 41.112907754972206 ], [ -89.084524412054478, 41.204473511896438 ], [ -88.877281198303621, 41.11559288283474 ], [ -88.87580168109335, 40.935503755782342 ] ] ] } },
{ "type": "Feature", "properties": { "hex_id": 125, "area_km2": 1039.2304845413266 }, "geometry": { "type": "Polygon", "coordinates": [ [ [ -88.464464666356548, 40.936706110451446 ], [ -88.669679756392483, 40.846239346810805 ], [ -88.87580168109335, 40.935503755782342 ], [ -88.877281198303621, 41.11559288283474 ], [ -88.67151690988932, 41.206427311405371 ], [ -88.464821843339095, 41.116802693381238 ], [ -88.464464666356548, 40.936706110451446 ] ] ] } },
{ "type": "Feature", "properties": { "hex_id": 126, "area_km2": 1039.2304845413275 }, "geometry": { "type": "Polygon", "coordinates": [ [ [ -88.053118341628007, 40.93644128846698 ], [ -88.25889203719332, 40.846706639534887 ], [ -88.464464666356562, 40.936706110451446 ], [ -88.464821843339095, 41.116802693381238 ], [ -88.258483564612135, 41.20690049456018 ], [ -88.052353164331606, 41.116535948383827 ], [ -88.053118341628007, 40.93644128846698 ] ] ] } },
{ "type": "Feature", "properties": { "hex_id": 127, "area_km2": 1039.2304845413275 }, "geometry": { "type": "Polygon", "coordinates": [ [ [ -87.64179278114581, 40.934708197506069 ], [ -87.848109450371055, 40.845710885997782 ], [ -88.053118341628007, 40.93644128846698 ], [ -88.052353164331606, 41.116535948383827 ], [ -87.845457867062976, 41.205891790658519 ], [ -87.639906425650324, 41.11479192471478 ], [ -87.64179278114581, 40.934708197506069 ] ] ] } },
{ "type": "Feature", "properties": { "hex_id": 128, "area_km2": 246.13826855186528 }, "geometry": { "type": "Polygon", "coordinates": [ [ [ -87.641792781145824, 40.934708197506069 ], [ -87.639906425650324, 41.11479192471478 ], [ -87.526603202907552, 41.163266902122622 ], [ -87.526694126729012, 41.149220761020182 ], [ -87.526632432254644, 41.121451467867573 ], [ -87.526572467306764, 41.094460664388905 ], [ -87.526556262058989, 41.087166527617619 ], [ -87.526510988764386, 41.066788590318531 ], [ -87.526426969240774, 41.055144566169297 ], [ -87.526425917664156, 41.024364502591602 ], [ -87.526341684326667, 41.010337091282672 ], [ -87.526295712958174, 41.00268146236467 ], [ -87.526288879327268, 41.0015434553844 ], [ -87.52628139675052, 40.999756428909123 ], [ -87.526051788296243, 40.944919411931927 ], [ -87.526058436108144, 40.937592349930782 ], [ -87.52608173543004, 40.911912387870885 ], [ -87.52608122909011, 40.911835809442692 ], [ -87.526045551244238, 40.906439922314384 ], [ -87.525965707183687, 40.894364375102036 ], [ -87.526433707351757, 40.894152374845795 ], [ -87.526269326937239, 40.883101661028448 ], [ -87.641792781145824, 40.934708197506069 ] ] ] } },
{ "type": "Feature", "properties": { "hex_id": 129, "area_km2": 841.21872717289023 }, "geometry": { "type": "Polygon", "coordinates": [ [ [ -90.742293531905091, 41.361792186084863 ], [ -90.735685202974253, 41.181862337030971 ], [ -90.93835712077491, 41.087420160594711 ], [ -90.946976582109926, 41.090929228145491 ], [ -90.946258517606992, 41.094733357960855 ], [ -90.946626510778344, 41.096631368445316 ], [ -90.951019301496686, 41.102610237909175 ], [ -90.95724547742256, 41.111084461474533 ], [ -90.96090593491482, 41.11466674352522 ], [ -90.965904465662291, 41.119558521896749 ], [ -90.970850438828649, 41.130106588788934 ], [ -90.981310421198202, 41.142658679123208 ], [ -90.984598654996461, 41.147799350285815 ], [ -90.989662399242263, 41.155715770970552 ], [ -90.992591822173694, 41.158430086201484 ], [ -90.994959398149717, 41.160623810926467 ], [ -90.997905400462173, 41.162563828790667 ], [ -91.007585371688691, 41.166182854005783 ], [ -91.009627438723811, 41.166075635082485 ], [ -91.01255635733682, 41.165921851916686 ], [ -91.014445434326973, 41.16559331933923 ], [ -91.027213319998864, 41.163372833976091 ], [ -91.03002831082199, 41.163539834623293 ], [ -91.041535268238761, 41.16613785038281 ], [ -91.055068177258889, 41.185765986856126 ], [ -91.057836779135755, 41.18928136538937 ], [ -91.060245734458348, 41.19234008973681 ], [ -91.06589811437631, 41.199517089809234 ], [ -91.072979078577177, 41.207151150424437 ], [ -91.081444041740298, 41.214429211837469 ], [ -91.093016997625725, 41.222635286307231 ], [ -91.100827964842409, 41.230532357580529 ], [ -91.109560935177299, 41.236567417520916 ], [ -91.110400090220764, 41.23730513277642 ], [ -91.112331925158912, 41.239003441271308 ], [ -91.113646918326438, 41.241401462864459 ], [ -91.113917693354722, 41.245744094144563 ], [ -91.114184902329683, 41.250029534498736 ], [ -91.110302880791195, 41.256088520547337 ], [ -91.104460862547754, 41.262104503570981 ], [ -91.101140843913228, 41.267169491941246 ], [ -91.092032762406163, 41.286911453202265 ], [ -91.086878733343482, 41.294371436067721 ], [ -91.077503709669102, 41.301828412563971 ], [ -91.074839694417477, 41.305578403988335 ], [ -91.07323165656625, 41.313440392177519 ], [ -91.07195408057467, 41.333359414579903 ], [ -91.071939120016282, 41.33359266852878 ], [ -91.071550524704435, 41.339651358555862 ], [ -91.066518398132047, 41.365246321033311 ], [ -91.065056379457417, 41.369101314420888 ], [ -91.063718416164065, 41.3707076917987 ], [ -91.052697606026825, 41.383939428594438 ], [ -91.051578305043719, 41.38528327666149 ], [ -91.051008293392016, 41.387556273257687 ], [ -91.050696571517406, 41.393265893518077 ], [ -91.050326227567638, 41.400049257980804 ], [ -91.049891382076297, 41.401929921832888 ], [ -90.980564822033543, 41.434254261369794 ], [ -90.979813009746124, 41.434321098637412 ], [ -90.975166000375864, 41.433985086448303 ], [ -90.966660001196473, 41.430051067273588 ], [ -90.953195994553695, 41.425075035356166 ], [ -90.949788990838925, 41.424163026900906 ], [ -90.930013955211777, 41.421403975317055 ], [ -90.924340933480437, 41.422859958611625 ], [ -90.919348907264208, 41.425588942788671 ], [ -90.907729225423807, 41.429014343999853 ], [ -90.742293531905091, 41.361792186084863 ] ] ] } },
{ "type": "Feature", "properties": { "hex_id": 130, "area_km2": 1039.2304845413262 }, "geometry": { "type": "Polygon", "coordinates": [ [ [ -90.323085445012453, 41.189732125026929 ], [ -90.526404965706647, 41.096001332029672 ], [ -90.735685202974253, 41.181862337030971 ], [ -90.742293531905091, 41.361792186084863 ], [ -90.538489968985445, 41.45591318526953 ], [ -90.328561519052059, 41.369711760932638 ], [ -90.323085445012453, 41.189732125026929 ] ] ] } },
{ "type": "Feature", "properties": { "hex_id": 131, "area_km2": 1039.2304845413257 }, "geometry": { "type": "Polygon", "coordinates": [ [ [ -89.910339697526609, 41.196125278113684 ], [ -90.114291242387338, 41.103110999642453 ], [ -90.323085445012453, 41.189732125026929 ], [ -90.328561519052059, 41.369711760932638 ], [ -90.124109033121371, 41.463112701299941 ], [ -89.914680928007442, 41.376145127097914 ], [ -89.910339697526609, 41.196125278113684 ] ] ] } },
{ "type": "Feature", "properties": { "hex_id": 132, "area_km2": 1039.2304845413257 }, "geometry": { "type": "Polygon", "coordinates": [ [ [ -89.497476223319353, 41.20103968968823 ], [ -89.70204661762277, 41.108746931700907 ], [ -89.910339697526609, 41.196125278113684 ], [ -89.914680928007442, 41.376145127097914 ], [ -89.709593917291798, 41.468819863835435 ], [ -89.50068157648235, 41.381090488079963 ], [ -89.497476223319353, 41.20103968968823 ] ] ] } },
{ "type": "Feature", "properties": { "hex_id": 133, "area_km2": 1039.2304845413257 }, "geometry": { "type": "Polygon", "coordinates": [ [ [ -89.084524412054478, 41.204473511896438 ], [ -89.289699595805132, 41.112907754972206 ], [ -89.497476223319353, 41.20103968968823 ], [ -89.50068157648235, 41.381090488079963 ], [ -89.294973969330087, 41.473034062410491 ], [ -89.08659313046364, 41.384546466823352 ], [ -89.084524412054478, 41.204473511896438 ] ] ] } },
{ "type": "Feature", "properties": { "hex_id": 134, "area_km2": 1039.2304845413257 }, "geometry": { "type": "Polygon", "coordinates": [ [ [ -88.67151690988932, 41.206427311405371 ], [ -88.877281198303621, 41.11559288283474 ], [ -89.084524412054478, 41.204473511896438 ], [ -89.08659313046364, 41.384546466823352 ], [ -88.880281107949202, 41.475753727505811 ], [ -88.672448248099883, 41.3865126061621 ], [ -88.67151690988932, 41.206427311405371 ] ] ] } },
{ "type": "Feature", "properties": { "hex_id": 135, "area_km2": 1039.2304845413275 }, "geometry": { "type": "Polygon", "coordinates": [ [ [ -88.258483564612135, 41.20690049456018 ], [ -88.464821843339095, 41.116802693381238 ], [ -88.67151690988932, 41.206427311405371 ], [ -88.672448248099883, 41.3865126061621 ], [ -88.46554683917887, 41.476978601427113 ], [ -88.258277372052973, 41.386988645523068 ], [ -88.258483564612135, 41.20690049456018 ] ] ] } },
{ "type": "Feature", "properties": { "hex_id": 136, "area_km2": 1039.2304845413275 }, "geometry": { "type": "Polygon", "coordinates": [ [ [ -87.845457867062962, 41.205891790658519 ], [ -88.052353164331606, 41.116535948383827 ], [ -88.258483564612135, 41.20690049456018 ], [ -88.258277372052973, 41.386988645523068 ], [ -88.050802548499533, 41.476708105273723 ], [ -87.844113916894415, 41.385973147992758 ], [ -87.845457867062962, 41.205891790658519 ] ] ] } },
{ "type": "Feature", "properties": { "hex_id": 137, "area_km2": 842.80180321895716 }, "geometry": { "type": "Polygon", "coordinates": [ [ [ -87.639906425650324, 41.11479192471478 ], [ -87.845457867062976, 41.205891790658519 ], [ -87.844113916894415, 41.385973147992758 ], [ -87.636080484282473, 41.474941417462084 ], [ -87.525926484430883, 41.426127644590437 ], [ -87.526081830833263, 41.405517029298039 ], [ -87.526126200593836, 41.399326029102831 ], [ -87.526226801810509, 41.385288933455442 ], [ -87.526473346353896, 41.350888008206368 ], [ -87.526485445552908, 41.348372007241672 ], [ -87.526518079202589, 41.341585911751487 ], [ -87.526726842420388, 41.298173988187862 ], [ -87.526726710294867, 41.298050990451593 ], [ -87.526710504590497, 41.282964838069553 ], [ -87.526630745316794, 41.209136756423689 ], [ -87.526614835824162, 41.194477454098326 ], [ -87.526584155231603, 41.166207795914112 ], [ -87.526584925025475, 41.166088887672593 ], [ -87.526603202907552, 41.163266902122622 ], [ -87.639906425650324, 41.11479192471478 ] ] ] } },
{ "type": "Feature", "properties": { "hex_id": 138, "area_km2": 4.2385266558503449 }, "geometry": { "type": "Polygon", "coordinates": [ [ [ -91.049891382076297, 41.401929921832888 ], [ -91.049218580766833, 41.404839528330967 ], [ -91.047817171157988, 41.410900242155584 ], [ -91.045888155026091, 41.414085235929996 ], [ -91.045062026810683, 41.414872267230301 ], [ -91.043986146135765, 41.415897231321736 ], [ -91.039870133678932, 41.418523222853047 ], [ -91.037129126658087, 41.420017217521128 ], [ -91.034750622298674, 41.420930023915957 ], [ -91.027785110473658, 41.423603201122866 ], [ -91.021461822408057, 41.424171635919066 ], [ -91.011978107968858, 41.425024178664799 ], [ -91.009570153264733, 41.425460307364055 ], [ -91.005844103698109, 41.426135169374383 ], [ -90.984896024560044, 41.433869112786354 ], [ -90.980564822033543, 41.434254261369794 ], [ -91.049891382076297, 41.401929921832888 ] ] ] } },
{ "type": "Feature", "properties": { "hex_id": 139, "area_km2": 219.28146426937616 }, "geometry": { "type": "Polygon", "coordinates": [ [ [ -90.538489968985445, 41.45591318526953 ], [ -90.742293531905091, 41.361792186084863 ], [ -90.907729225423807, 41.429014343999853 ], [ -90.900468833328503, 41.43115388726298 ], [ -90.899585801199422, 41.431543970727361 ], [ -90.891493323649584, 41.435118859773013 ], [ -90.89078478946216, 41.435431858017758 ], [ -90.890469218436095, 41.435593325218122 ], [ -90.8797757369978, 41.441064824560485 ], [ -90.871308837237535, 41.445909391738681 ], [ -90.867279675474109, 41.4482147865671 ], [ -90.857551633288139, 41.452750758006346 ], [ -90.8536016193829, 41.453908746898243 ], [ -90.84655559837762, 41.455140727636284 ], [ -90.837411576067225, 41.455622703333269 ], [ -90.824733552736518, 41.454466670613165 ], [ -90.807280513920063, 41.454465624695636 ], [ -90.786279473088186, 41.452887570058159 ], [ -90.78160206705148, 41.452012730166686 ], [ -90.777580459537546, 41.45126054771881 ], [ -90.771669448003919, 41.450760532280263 ], [ -90.750139403178082, 41.449631475699775 ], [ -90.737534386305768, 41.45012644141238 ], [ -90.723542363494161, 41.45224740428236 ], [ -90.723324328519581, 41.45227170445618 ], [ -90.701156331543373, 41.454742347075985 ], [ -90.690948315950678, 41.456642322790877 ], [ -90.681442389756739, 41.45938625624796 ], [ -90.676436292089264, 41.460831292173431 ], [ -90.668936284929714, 41.460684214741072 ], [ -90.666236282342055, 41.460631266852147 ], [ -90.655836269600229, 41.462131244391919 ], [ -90.65023525986031, 41.465031237148736 ], [ -90.640235239932082, 41.473331233731301 ], [ -90.632535227876929, 41.47873123129358 ], [ -90.630664105561152, 41.479573173693325 ], [ -90.618534213132008, 41.485031221719602 ], [ -90.608603301014909, 41.492282361014844 ], [ -90.605934200412776, 41.494231228287028 ], [ -90.605731071511315, 41.494565793818083 ], [ -90.604234198064702, 41.497031234744902 ], [ -90.602134199802592, 41.506031229889572 ], [ -90.595234201394163, 41.511031209228243 ], [ -90.594523822101692, 41.511335655752397 ], [ -90.591034201492477, 41.512831198800988 ], [ -90.582033200619449, 41.515131179207117 ], [ -90.581611150724157, 41.515177642607853 ], [ -90.581609233574582, 41.515177853666529 ], [ -90.580411543052094, 41.515309707208594 ], [ -90.571133198475977, 41.516331158434376 ], [ -90.567233198192739, 41.517531149158479 ], [ -90.566285673612654, 41.518108222443438 ], [ -90.556232199401705, 41.524231114395455 ], [ -90.554927491100571, 41.524393219546724 ], [ -90.540932196291806, 41.526132082544635 ], [ -90.540873419352408, 41.52612315533792 ], [ -90.538489968985445, 41.45591318526953 ] ] ] } },
{ "type": "Feature", "properties": { "hex_id": 140, "area_km2": 773.91098554472308 }, "geometry": { "type": "Polygon", "coordinates": [ [ [ -90.129086161725525, 41.64310417819307 ], [ -90.124109033121371, 41.463112701299941 ], [ -90.328561519052059, 41.369711760932638 ], [ -90.538489968985445, 41.45591318526953 ], [ -90.540873419352408, 41.52612315533792 ], [ -90.537232194914907, 41.525570052121026 ], [ -90.53303219335811, 41.52493207169676 ], [ -90.532494174713818, 41.524786083529918 ], [ -90.513186203975295, 41.519546981364087 ], [ -90.513131184711824, 41.519532052219766 ], [ -90.503611258908208, 41.518389740089368 ], [ -90.500630180467525, 41.518032035453402 ], [ -90.489930179354204, 41.518232024381163 ], [ -90.489484171223495, 41.51827490648305 ], [ -90.475292157175303, 41.519639418487017 ], [ -90.47432917936959, 41.519732005409175 ], [ -90.461429183638387, 41.523531982472896 ], [ -90.445228205345799, 41.536131932166114 ], [ -90.443577556072, 41.53807387013233 ], [ -90.438428222063337, 41.544131903991826 ], [ -90.433896995956474, 41.548424638717634 ], [ -90.432728235266097, 41.549531884345413 ], [ -90.427228242517145, 41.551531874450362 ], [ -90.425163114372538, 41.552646817926345 ], [ -90.42453189709255, 41.552987606278833 ], [ -90.422227251452696, 41.554231863132152 ], [ -90.419883894070537, 41.55741736592563 ], [ -90.415827275965526, 41.56293183466628 ], [ -90.412983681102858, 41.565206708601309 ], [ -90.412827284241857, 41.565331825990533 ], [ -90.405727298946232, 41.56861973151419 ], [ -90.397927316237983, 41.5722317969648 ], [ -90.381326346932227, 41.576631774038447 ], [ -90.378777277938752, 41.57707635111327 ], [ -90.370995350075972, 41.578433578798268 ], [ -90.364667026211322, 41.579537286961504 ], [ -90.364125376649554, 41.579631754799742 ], [ -90.356133184589936, 41.582767442494912 ], [ -90.351892285633056, 41.584431333529061 ], [ -90.343225433317613, 41.587831721121475 ], [ -90.341525446575687, 41.590631713361716 ], [ -90.341069219076616, 41.59245664990592 ], [ -90.339888474708161, 41.597179696773424 ], [ -90.339525481007868, 41.598631693107301 ], [ -90.340675614514225, 41.611403598875583 ], [ -90.340939895821023, 41.614338368647012 ], [ -90.343327638225503, 41.640853594403531 ], [ -90.343449661511769, 41.646957579855453 ], [ -90.340145512904613, 41.655594260777995 ], [ -90.340143765694066, 41.655598827794933 ], [ -90.339773813679017, 41.65656584187002 ], [ -90.336726749512209, 41.664530535711961 ], [ -90.336701072316686, 41.664705609206862 ], [ -90.335858591295775, 41.670449854742664 ], [ -90.334522817006786, 41.679557499646194 ], [ -90.333859140324932, 41.680397490699342 ], [ -90.332478834360927, 41.682144493065756 ], [ -90.330219849444404, 41.683952488300299 ], [ -90.319921909596331, 41.689719472686946 ], [ -90.317312927389693, 41.691668467697951 ], [ -90.314684950882878, 41.694828459999243 ], [ -90.313432970056624, 41.698080452400625 ], [ -90.313192509581029, 41.69965126820631 ], [ -90.312767992120399, 41.702424442459716 ], [ -90.312891014667372, 41.707526430935481 ], [ -90.313318021853533, 41.709492426540592 ], [ -90.317419044725852, 41.718331406883969 ], [ -90.317547133544707, 41.720590779684251 ], [ -90.129086161725525, 41.64310417819307 ] ] ] } },
{ "type": "Feature", "properties": { "hex_id": 141, "area_km2": 1039.2304845413257 }, "geometry": { "type": "Polygon", "coordinates": [ [ [ -89.709593917291798, 41.468819863835435 ], [ -89.914680928007442, 41.376145127097914 ], [ -90.124109033121371, 41.463112701299941 ], [ -90.129086161725525, 41.64310417819307 ], [ -89.92348431964173, 41.736166830299439 ], [ -89.713419842743363, 41.64884765044264 ], [ -89.709593917291798, 41.468819863835435 ] ] ] } },
{ "type": "Feature", "properties": { "hex_id": 142, "area_km2": 1039.2304845413257 }, "geometry": { "type": "Polygon", "coordinates": [ [ [ -89.294973969330087, 41.473034062410491 ], [ -89.50068157648235, 41.381090488079963 ], [ -89.709593917291798, 41.468819863835435 ], [ -89.713419842743363, 41.64884765044264 ], [ -89.507180925304013, 41.741175096306698 ], [ -89.297647900353624, 41.653088654375324 ], [ -89.294973969330087, 41.473034062410491 ] ] ] } },
{ "type": "Feature", "properties": { "hex_id": 143, "area_km2": 1039.2304845413257 }, "geometry": { "type": "Polygon", "coordinates": [ [ [ -88.880281107949202, 41.475753727505811 ], [ -89.08659313046364, 41.384546466823352 ], [ -89.294973969330087, 41.473034062410491 ], [ -89.297647900353624, 41.653088654375324 ], [ -89.090788412906761, 41.74467499297927 ], [ -88.881802266886879, 41.655825335051468 ], [ -88.880281107949202, 41.475753727505811 ] ] ] } },
{ "type": "Feature", "properties": { "hex_id": 144, "area_km2": 1039.2304845413266 }, "geometry": { "type": "Polygon", "coordinates": [ [ [ -88.46554683917887, 41.476978601427113 ], [ -88.672448248099883, 41.3865126061621 ], [ -88.880281107949202, 41.475753727505811 ], [ -88.881802266886879, 41.655825335051468 ], [ -88.67433717541789, 41.746665785574557 ], [ -88.465914673536886, 41.657057734304814 ], [ -88.46554683917887, 41.476978601427113 ] ] ] } },
{ "type": "Feature", "properties": { "hex_id": 145, "area_km2": 1039.2304845413275 }, "geometry": { "type": "Polygon", "coordinates": [ [ [ -88.050802548499533, 41.476708105273723 ], [ -88.258277372052973, 41.386988645523068 ], [ -88.46554683917887, 41.476978601427113 ], [ -88.465914673536886, 41.657057734304814 ], [ -88.257860210206942, 41.747147272602206 ], [ -88.050017370290107, 41.656785420789411 ], [ -88.050802548499533, 41.476708105273723 ] ] ] } },
{ "type": "Feature", "properties": { "hex_id": 146, "area_km2": 1039.2304845413275 }, "geometry": { "type": "Polygon", "coordinates": [ [ [ -87.636080484282473, 41.474941417462084 ], [ -87.844113916894415, 41.385973147992758 ], [ -88.050802548499533, 41.476708105273723 ], [ -88.050017370290107, 41.656785420789411 ], [ -87.841389704727263, 41.746118700411749 ], [ -87.634142176126062, 41.655007282935863 ], [ -87.636080484282473, 41.474941417462084 ] ] ] } },
{ "type": "Feature", "properties": { "hex_id": 147, "area_km2": 231.59669019525842 }, "geometry": { "type": "Polygon", "coordinates": [ [ [ -87.636080484282473, 41.474941417462084 ], [ -87.634142176126062, 41.655007282935863 ], [ -87.524503864261149, 41.701508480209249 ], [ -87.524536102307408, 41.700866564533662 ], [ -87.524554359107938, 41.699034502023729 ], [ -87.524626449300399, 41.691800282274464 ], [ -87.524844922154671, 41.669876642575211 ], [ -87.524974528789627, 41.650229131263693 ], [ -87.524975275664062, 41.650115910089511 ], [ -87.525011433253567, 41.644634661646435 ], [ -87.525046744469478, 41.639281719317999 ], [ -87.525062892991613, 41.635465717578512 ], [ -87.525073392952649, 41.632984508301021 ], [ -87.525085149388019, 41.63020638634724 ], [ -87.525103191656427, 41.625942882061224 ], [ -87.525115425576345, 41.623051928496771 ], [ -87.525117307192815, 41.62260729051534 ], [ -87.52513189217504, 41.619160766565216 ], [ -87.525147300091177, 41.615519778791018 ], [ -87.525154438739776, 41.613832871331105 ], [ -87.525165581406412, 41.6111997895974 ], [ -87.525180404034373, 41.609460763104209 ], [ -87.525195422988176, 41.607698703360271 ], [ -87.525252051851467, 41.601054870560851 ], [ -87.525254641571294, 41.600751038534142 ], [ -87.525309185143982, 41.59435185930672 ], [ -87.525329373367853, 41.591983330322748 ], [ -87.525368104086112, 41.587439353988223 ], [ -87.525383433661332, 41.585640853517212 ], [ -87.525374502497243, 41.581379655329286 ], [ -87.525374460683324, 41.581359705248111 ], [ -87.525368561721493, 41.578545218765761 ], [ -87.525365593554454, 41.577129060259701 ], [ -87.525365544573205, 41.577105690559947 ], [ -87.525351229577225, 41.570275785521531 ], [ -87.525350846153216, 41.570092848067816 ], [ -87.525336962421903, 41.563468708510875 ], [ -87.525327277571662, 41.558847920414848 ], [ -87.525336103625804, 41.557541401941975 ], [ -87.525341279866424, 41.556775164447295 ], [ -87.52538506395527, 41.550293818953612 ], [ -87.525393805024734, 41.548999881332385 ], [ -87.525396042599468, 41.548668653898474 ], [ -87.525401762655335, 41.547821915998163 ], [ -87.525404086526621, 41.54747791413677 ], [ -87.525533353864958, 41.528342524924462 ], [ -87.525557704988259, 41.524737840672216 ], [ -87.525571808466708, 41.522650110339029 ], [ -87.525607038532357, 41.517435023668135 ], [ -87.525588239487092, 41.508542933585169 ], [ -87.525567817628115, 41.498875134914321 ], [ -87.525558915025059, 41.494633531407452 ], [ -87.525558905549204, 41.494629016700742 ], [ -87.525534099029414, 41.482810060249591 ], [ -87.525580262608315, 41.479349433810967 ], [ -87.525631781544647, 41.475487345104597 ], [ -87.52568077153586, 41.471814836460084 ], [ -87.525701218303624, 41.470282055118531 ], [ -87.525719115871226, 41.46460121567241 ], [ -87.52572647165681, 41.462266426416448 ], [ -87.525753475635554, 41.453695129547761 ], [ -87.525778450000686, 41.445768045254837 ], [ -87.525855199629675, 41.435585307556629 ], [ -87.525855206527226, 41.435584392428773 ], [ -87.525919915406064, 41.426999152850264 ], [ -87.525926065206363, 41.426183228873832 ], [ -87.525926484430883, 41.426127644590437 ], [ -87.636080484282473, 41.474941417462084 ] ] ] } },
{ "type": "Feature", "properties": { "hex_id": 148, "area_km2": 746.22030782610636 }, "geometry": { "type": "Polygon", "coordinates": [ [ [ -90.139176519829533, 42.003067888646356 ], [ -89.927945923474226, 41.916168246483245 ], [ -89.92348431964173, 41.736166830299439 ], [ -90.129086161725525, 41.64310417819307 ], [ -90.317547133544707, 41.720590779684251 ], [ -90.317666062919812, 41.722688396959882 ], [ -90.316355843008139, 41.728883181522463 ], [ -90.315218124879621, 41.734262370491614 ], [ -90.310706181237663, 41.742212352488657 ], [ -90.302780254813356, 41.750029335208737 ], [ -90.279709585128231, 41.766582682956717 ], [ -90.278631414770587, 41.767356276505737 ], [ -90.263284492818855, 41.77211026030146 ], [ -90.258620519534176, 41.775293249280061 ], [ -90.248629568218021, 41.779803234443349 ], [ -90.246655237948218, 41.780801183107883 ], [ -90.242378847606787, 41.782962735378632 ], [ -90.222261661706057, 41.793131206279874 ], [ -90.216887679267145, 41.795333202720137 ], [ -90.210123021790594, 41.79716424915398 ], [ -90.209491600323901, 41.797335161289368 ], [ -90.208465766824531, 41.797612832233817 ], [ -90.187967764948766, 41.803161198489313 ], [ -90.181971785491044, 41.80706819079964 ], [ -90.180952791203609, 41.80935218447361 ], [ -90.180641795620573, 41.811977176547572 ], [ -90.181718807833278, 41.822597142570125 ], [ -90.18397181731072, 41.833068107855112 ], [ -90.183763822267977, 41.836238098124582 ], [ -90.183334598743443, 41.837844470058513 ], [ -90.183330060230446, 41.837861455473984 ], [ -90.181899836260015, 41.843214078103308 ], [ -90.181787274774663, 41.84353623018297 ], [ -90.181399839365909, 41.844645074129289 ], [ -90.180352620564847, 41.846126355348815 ], [ -90.17906367838539, 41.847949552009894 ], [ -90.175049865489967, 41.853627052671285 ], [ -90.17488612426871, 41.853929153858161 ], [ -90.173004874897231, 41.857400043192023 ], [ -90.172805753939627, 41.864627402596717 ], [ -90.172763887056036, 41.866147016601637 ], [ -90.172468900306811, 41.867261343577091 ], [ -90.172393956582766, 41.867544447183647 ], [ -90.17150420850227, 41.870905514283415 ], [ -90.170039906128522, 41.876436988169587 ], [ -90.168742553798694, 41.878350168814244 ], [ -90.167861703084938, 41.879649142483672 ], [ -90.166380877736415, 41.881832887223013 ], [ -90.165063925287882, 41.883774971710466 ], [ -90.157017958010485, 41.898016938863108 ], [ -90.153985021496936, 41.90560592002889 ], [ -90.153582974454721, 41.906611917774413 ], [ -90.15350741265334, 41.909668229686581 ], [ -90.153360985509863, 41.915590891474906 ], [ -90.15183738251649, 41.928915189954182 ], [ -90.151599006575509, 41.930999848404838 ], [ -90.152658007349032, 41.933055840781066 ], [ -90.154981131076312, 41.935860769897651 ], [ -90.15690100699014, 41.938178819279607 ], [ -90.160647004632267, 41.940842805677448 ], [ -90.163846005031942, 41.944931788496653 ], [ -90.164938008437147, 41.948858774940291 ], [ -90.164866366106352, 41.949510780244154 ], [ -90.164134018866932, 41.956175754084612 ], [ -90.162140028026968, 41.961290741869327 ], [ -90.15455875972718, 41.972993489809056 ], [ -90.153833054448967, 41.974113717348303 ], [ -90.14859806576078, 41.978266714029893 ], [ -90.146753178714064, 41.980644709195445 ], [ -90.146224072119949, 41.981326709165664 ], [ -90.146032080069503, 41.988136689605362 ], [ -90.140612094856252, 41.995996676485746 ], [ -90.140105898652152, 42.002647918899576 ], [ -90.139176519829533, 42.003067888646356 ] ] ] } },
{ "type": "Feature", "properties": { "hex_id": 149, "area_km2": 1039.2304845413257 }, "geometry": { "type": "Polygon", "coordinates": [ [ [ -89.507180925304013, 41.741175096306698 ], [ -89.713419842743363, 41.64884765044264 ], [ -89.92348431964173, 41.736166830299439 ], [ -89.927945923474226, 41.916168246483245 ], [ -89.72117644798557, 42.008885366854294 ], [ -89.510475339755004, 41.921208669272318 ], [ -89.507180925304013, 41.741175096306698 ] ] ] } },
{ "type": "Feature", "properties": { "hex_id": 150, "area_km2": 1039.2304845413257 }, "geometry": { "type": "Polygon", "coordinates": [ [ [ -89.090788412906761, 41.74467499297927 ], [ -89.297647900353624, 41.653088654375324 ], [ -89.507180925304013, 41.741175096306698 ], [ -89.510475339755004, 41.921208669272318 ], [ -89.303068645674344, 42.013180423106043 ], [ -89.092914415048355, 41.924730823812858 ], [ -89.090788412906761, 41.74467499297927 ] ] ] } },
{ "type": "Feature", "properties": { "hex_id": 151, "area_km2": 1039.2304845413257 }, "geometry": { "type": "Polygon", "coordinates": [ [ [ -88.67433717541789, 41.746665785574557 ], [ -88.881802266886879, 41.655825335051468 ], [ -89.090788412906761, 41.74467499297927 ], [ -89.092914415048355, 41.924730823812858 ], [ -88.884885995476594, 42.015951768577942 ], [ -88.675294513011423, 41.926734016029535 ], [ -88.67433717541789, 41.746665785574557 ] ] ] } },
{ "type": "Feature", "properties": { "hex_id": 152, "area_km2": 1039.2304845413275 }, "geometry": { "type": "Polygon", "coordinates": [ [ [ -88.257860210206928, 41.747147272602206 ], [ -88.465914673536886, 41.657057734304814 ], [ -88.67433717541789, 41.746665785574557 ], [ -88.675294513011423, 41.926734016029535 ], [ -88.466660257916175, 42.017199150825491 ], [ -88.257648278119575, 41.927217904011606 ], [ -88.257860210206928, 41.747147272602206 ] ] ] } },
{ "type": "Feature", "properties": { "hex_id": 153, "area_km2": 1039.2304845413275 }, "geometry": { "type": "Polygon", "coordinates": [ [ [ -87.841389704727248, 41.746118700411749 ], [ -88.050017370290107, 41.656785420789411 ], [ -88.257860210206942, 41.747147272602206 ], [ -88.257648278119575, 41.927217904011606 ], [ -88.048424132863644, 42.016922537440443 ], [ -87.84000805830108, 41.926182780188562 ], [ -87.841389704727248, 41.746118700411749 ] ] ] } },
{ "type": "Feature", "properties": { "hex_id": 154, "area_km2": 638.87326916907125 }, "geometry": { "type": "Polygon", "coordinates": [ [ [ -87.634142176126062, 41.655007282935863 ], [ -87.841389704727263, 41.746118700411749 ], [ -87.84000805830108, 41.926182780188562 ], [ -87.656802134477616, 42.00388425833475 ], [ -87.65679143326831, 42.00384543339181 ], [ -87.656292070968007, 42.002033711906016 ], [ -87.655973790515077, 42.000226612216032 ], [ -87.655622250609952, 41.998230704158757 ], [ -87.655304323071093, 41.996425637449086 ], [ -87.654906741658834, 41.994168327497469 ], [ -87.654770618673126, 41.993395475023021 ], [ -87.654667339147252, 41.992809094716428 ], [ -87.654589966344389, 41.992369802534405 ], [ -87.654363649680022, 41.991084865978095 ], [ -87.654213073086439, 41.990229951587757 ], [ -87.654207776802664, 41.990199881381159 ], [ -87.654197799257517, 41.990143232822561 ], [ -87.653992160641096, 41.988975698004296 ], [ -87.653956619977478, 41.988884789136542 ], [ -87.653641746217104, 41.988079378817432 ], [ -87.652739144874076, 41.985770629906327 ], [ -87.652137822058705, 41.984232516271135 ], [ -87.652009058578756, 41.983903154301537 ], [ -87.650340284759935, 41.979634625293208 ], [ -87.650290449086384, 41.979507151442483 ], [ -87.649903228930711, 41.978516687359047 ], [ -87.649015791977817, 41.977041008578944 ], [ -87.645641275784868, 41.971429677984148 ], [ -87.645079222321669, 41.970973785650358 ], [ -87.643979204633965, 41.970081540225472 ], [ -87.643648068330762, 41.96981294922481 ], [ -87.639198311094688, 41.966203665863915 ], [ -87.63241631802471, 41.96528865437643 ], [ -87.631476330395444, 41.963476652557617 ], [ -87.635928343662599, 41.961410659547568 ], [ -87.635950695091111, 41.961421154643645 ], [ -87.637734337692294, 41.962258662661412 ], [ -87.64144234090503, 41.961692668623556 ], [ -87.640828581243738, 41.954893127370894 ], [ -87.640826228972671, 41.954867067715448 ], [ -87.640734393332622, 41.953849665777035 ], [ -87.637415415705775, 41.948731714312153 ], [ -87.637220439772904, 41.948431056248168 ], [ -87.633825174156343, 41.943195466401008 ], [ -87.633295472480057, 41.942378652309394 ], [ -87.633273378109294, 41.942291553266315 ], [ -87.63191198032122, 41.936924736017254 ], [ -87.631894753803479, 41.936856826712869 ], [ -87.6309495359218, 41.933130647592733 ], [ -87.630921270650717, 41.933012273178655 ], [ -87.629377326248914, 41.926546263238976 ], [ -87.627522028866764, 41.918776311996403 ], [ -87.627492493259751, 41.918652617410366 ], [ -87.627111647090416, 41.917057640546005 ], [ -87.621432665864745, 41.913664875869323 ], [ -87.620675677463922, 41.913212632171032 ], [ -87.624034974999333, 41.911317813323237 ], [ -87.624471729688096, 41.911071460908524 ], [ -87.624659250468198, 41.910965689411142 ], [ -87.625538693019905, 41.91046963795015 ], [ -87.625313137474137, 41.909525152867069 ], [ -87.624958528782031, 41.908040274161749 ], [ -87.624759315905152, 41.907206095612274 ], [ -87.624710935005538, 41.907003506755608 ], [ -87.624483334207042, 41.906050457383046 ], [ -87.624130292856137, 41.904572141634475 ], [ -87.624048736711515, 41.904230635648112 ], [ -87.623795322487169, 41.903724714430403 ], [ -87.623421631531073, 41.902978670338172 ], [ -87.623047545221681, 41.902231836948026 ], [ -87.622940752691392, 41.902018634203202 ], [ -87.622644433464544, 41.901958449875906 ], [ -87.621210218884585, 41.901667151738849 ], [ -87.619848759380886, 41.901390630627034 ], [ -87.618927880384931, 41.90011070017006 ], [ -87.617934832042252, 41.898730461464169 ], [ -87.616533887212256, 41.89678328706816 ], [ -87.615878331608329, 41.895872129772492 ], [ -87.614272817473633, 41.893640624270454 ], [ -87.614207688652485, 41.893642693170783 ], [ -87.61409034980845, 41.893646420589164 ], [ -87.612037818880964, 41.893711621857513 ], [ -87.610303012966099, 41.896073926236994 ], [ -87.610088802004384, 41.896365619657566 ], [ -87.602365808586967, 41.896333611155242 ], [ -87.602263830093307, 41.893300611347144 ], [ -87.609681824629163, 41.893175619335231 ], [ -87.609679987901174, 41.893127815453454 ], [ -87.609639503371028, 41.892074138648184 ], [ -87.609544849661432, 41.88961061933265 ], [ -87.611391848669072, 41.889516621266885 ], [ -87.611514841088805, 41.89058862136924 ], [ -87.613168764855118, 41.89055357910118 ], [ -87.613685839493456, 41.890542623657659 ], [ -87.613783810268657, 41.888321164924641 ], [ -87.613800857505481, 41.887934623793683 ], [ -87.612777859019772, 41.887850622738952 ], [ -87.612980541361267, 41.885677946577886 ], [ -87.613100913448193, 41.884387604401347 ], [ -87.613174888245169, 41.883594623194526 ], [ -87.616533893343686, 41.882394626522057 ], [ -87.616502411022381, 41.880912161540472 ], [ -87.616340215484357, 41.873274566288217 ], [ -87.616310745177557, 41.871886844418476 ], [ -87.616247986789091, 41.868931626046383 ], [ -87.615261707527011, 41.868733913454712 ], [ -87.613895006823924, 41.868459940408144 ], [ -87.605852012899263, 41.866847617083437 ], [ -87.606520107945528, 41.853200618549955 ], [ -87.60781930799179, 41.852777457557394 ], [ -87.610499111962739, 41.851904621566206 ], [ -87.610177921684723, 41.849867168556692 ], [ -87.609449282403219, 41.845245084743091 ], [ -87.609447159948772, 41.845231621067406 ], [ -87.609101941381084, 41.844517979472919 ], [ -87.607936186982897, 41.842108112444976 ], [ -87.606366903848894, 41.838864063937706 ], [ -87.60620871872662, 41.838537060983391 ], [ -87.60272990450855, 41.83134559718205 ], [ -87.602385445946481, 41.830633526560462 ], [ -87.600546302202858, 41.826831617101448 ], [ -87.599427949318908, 41.825463109567536 ], [ -87.592460121192488, 41.816936773693477 ], [ -87.587783732729548, 41.811214402463925 ], [ -87.586973721590368, 41.810223213608147 ], [ -87.583664390401864, 41.806173674198554 ], [ -87.582184348072232, 41.804362586382886 ], [ -87.58203296583082, 41.803949010689195 ], [ -87.58150646761213, 41.802510619637481 ], [ -87.580862601161428, 41.800751579103256 ], [ -87.580820469295816, 41.800636475019438 ], [ -87.580814164323456, 41.800619249860979 ], [ -87.5801583544593, 41.798827580046321 ], [ -87.576913413846412, 41.796938658430136 ], [ -87.575798358367862, 41.796289570323715 ], [ -87.576205418679194, 41.795161639625839 ], [ -87.5762523594274, 41.795031570669224 ], [ -87.579495360056072, 41.793431576415024 ], [ -87.577864769571065, 41.789602701316994 ], [ -87.577371884715774, 41.788445332583422 ], [ -87.577357766914034, 41.788412181834559 ], [ -87.577290420556082, 41.788254042328006 ], [ -87.576396624031446, 41.786155271998602 ], [ -87.57634436800447, 41.78603256689388 ], [ -87.574221371542137, 41.782653561118039 ], [ -87.572302373264222, 41.781059556520511 ], [ -87.572404816154446, 41.780742445931033 ], [ -87.572504288059164, 41.780434531989485 ], [ -87.572788245039703, 41.779555546994608 ], [ -87.572857374763771, 41.779341556871316 ], [ -87.566685379806572, 41.774082541877654 ], [ -87.566135124924315, 41.773592226065958 ], [ -87.563406419990372, 41.77116075806358 ], [ -87.560396635052513, 41.768478828133375 ], [ -87.560360384331844, 41.768446526194083 ], [ -87.560439594264267, 41.766341023922685 ], [ -87.560470386559146, 41.76552252499836 ], [ -87.560450214962387, 41.765506627395446 ], [ -87.559773068094927, 41.764972955616827 ], [ -87.559446000065947, 41.764715187348344 ], [ -87.557965535301776, 41.763548406127143 ], [ -87.557528143738423, 41.76320368988128 ], [ -87.555985128905618, 41.761987611844894 ], [ -87.555322580054337, 41.761465445060104 ], [ -87.554193389521615, 41.760575509500569 ], [ -87.550051491195177, 41.759311039774097 ], [ -87.547514389895625, 41.75853649450147 ], [ -87.543879388547282, 41.759963487662624 ], [ -87.540746389524372, 41.757258479649956 ], [ -87.544485391527942, 41.754820486183505 ], [ -87.544416208344472, 41.754660679976745 ], [ -87.543262392835089, 41.751995482094728 ], [ -87.53105837984512, 41.74806645988604 ], [ -87.529264261954069, 41.732857962526388 ], [ -87.529252291854533, 41.732756493637396 ], [ -87.524619234624936, 41.723520507901988 ], [ -87.525212200453041, 41.717549523893524 ], [ -87.529015192309203, 41.715374535844397 ], [ -87.52659617127172, 41.712232539499453 ], [ -87.528224165559621, 41.710876545569995 ], [ -87.524162145256952, 41.708312545260341 ], [ -87.524445131792532, 41.70267790784002 ], [ -87.524503864261149, 41.701508480209249 ], [ -87.634142176126062, 41.655007282935863 ] ] ] } },
{ "type": "Feature", "properties": { "hex_id": 155, "area_km2": 157.84374399889231 }, "geometry": { "type": "Polygon", "coordinates": [ [ [ -90.356703756955639, 42.269514951442815 ], [ -90.144290482364156, 42.183041561357754 ], [ -90.139176519829533, 42.003067888646356 ], [ -90.140105898652152, 42.002647918899576 ], [ -90.140060096885477, 42.003249678057209 ], [ -90.140130171748368, 42.003609496097724 ], [ -90.141166090573691, 42.008928697228065 ], [ -90.143775082316864, 42.014878714753593 ], [ -90.148095072794831, 42.020011726268656 ], [ -90.148613096271845, 42.021370527175222 ], [ -90.149111069178602, 42.022676734470949 ], [ -90.149732064856835, 42.02656174796946 ], [ -90.150915060815024, 42.029437756706059 ], [ -90.151578058932984, 42.03063076003528 ], [ -90.154220053572473, 42.033070764623226 ], [ -90.158828043698591, 42.037766774384068 ], [ -90.163445035682813, 42.040404776441861 ], [ -90.16448403278541, 42.042102781113321 ], [ -90.165293023104439, 42.050970813462783 ], [ -90.165377388257525, 42.054741570803216 ], [ -90.165554011310007, 42.0626358574062 ], [ -90.165894474982309, 42.064232031099927 ], [ -90.168356994731852, 42.075776902890297 ], [ -90.168025273819552, 42.076569472786758 ], [ -90.163403989623546, 42.087610955818477 ], [ -90.161502981206951, 42.098910001666717 ], [ -90.161157974450703, 42.106370030484243 ], [ -90.161484202790945, 42.109703459042549 ], [ -90.16188296623514, 42.113778057487487 ], [ -90.162893961928063, 42.116716067129225 ], [ -90.167531949565941, 42.122473082165683 ], [ -90.170968941837813, 42.125196087514901 ], [ -90.187472917438782, 42.125421064244698 ], [ -90.190450912697628, 42.125777061271727 ], [ -90.194694358297028, 42.127245332617719 ], [ -90.197340900004534, 42.128161060503125 ], [ -90.201402890964161, 42.130935065450011 ], [ -90.20535887602837, 42.139077091681095 ], [ -90.206367867331338, 42.145498115462907 ], [ -90.207419861676698, 42.149107128172297 ], [ -90.209477854476731, 42.152678139366252 ], [ -90.216105839523649, 42.156728146239658 ], [ -90.224242822894325, 42.160026148234024 ], [ -90.23491779950885, 42.165429155413143 ], [ -90.25012776857865, 42.171467159837768 ], [ -90.255454798779184, 42.171819168122141 ], [ -90.269078875233035, 42.174498196812898 ], [ -90.282171950066143, 42.178844232277214 ], [ -90.296150574336195, 42.186345215003222 ], [ -90.29844104798859, 42.187574291645511 ], [ -90.306887070463375, 42.190288716443852 ], [ -90.317330438054995, 42.193645057743723 ], [ -90.31777317208288, 42.193787345797013 ], [ -90.328272246136819, 42.20104539322989 ], [ -90.338168314178759, 42.203319417933578 ], [ -90.356963443007956, 42.205443455325323 ], [ -90.360405509929095, 42.207583059844275 ], [ -90.365137508175494, 42.210524491274121 ], [ -90.375128586597327, 42.214809526684036 ], [ -90.391107727647764, 42.225471602775144 ], [ -90.394748764471089, 42.229057626009819 ], [ -90.394864845024173, 42.229474650972719 ], [ -90.395882784682897, 42.233131647689433 ], [ -90.400652839206089, 42.239291685653562 ], [ -90.408498316247091, 42.24604903139528 ], [ -90.356703756955639, 42.269514951442815 ] ] ] } },
{ "type": "Feature", "properties": { "hex_id": 156, "area_km2": 1039.2304845413257 }, "geometry": { "type": "Polygon", "coordinates": [ [ [ -89.72117644798557, 42.008885366854294 ], [ -89.927945923474226, 41.916168246483245 ], [ -90.139176519829533, 42.003067888646356 ], [ -90.144290482364156, 42.183041561357754 ], [ -89.936992042068795, 42.276154401618776 ], [ -89.725108156017612, 42.18889574686893 ], [ -89.72117644798557, 42.008885366854294 ] ] ] } },
{ "type": "Feature", "properties": { "hex_id": 157, "area_km2": 1039.2304845413257 }, "geometry": { "type": "Polygon", "coordinates": [ [ [ -89.303068645674344, 42.013180423106043 ], [ -89.510475339755004, 41.921208669272318 ], [ -89.72117644798557, 42.008885366854294 ], [ -89.725108156017612, 42.18889574686893 ], [ -89.517155231432739, 42.281258486425052 ], [ -89.305816502933169, 42.193217629413965 ], [ -89.303068645674344, 42.013180423106043 ] ] ] } },
{ "type": "Feature", "properties": { "hex_id": 158, "area_km2": 1039.2304845413257 }, "geometry": { "type": "Polygon", "coordinates": [ [ [ -88.884885995476594, 42.015951768577942 ], [ -89.092914415048355, 41.924730823812858 ], [ -89.303068645674344, 42.013180423106043 ], [ -89.305816502933169, 42.193217629413965 ], [ -89.097225338220042, 42.28482489260594 ], [ -88.88644912498701, 42.196006295864187 ], [ -88.884885995476594, 42.015951768577942 ] ] ] } },
{ "type": "Feature", "properties": { "hex_id": 159, "area_km2": 1039.2304845413266 }, "geometry": { "type": "Polygon", "coordinates": [ [ [ -88.466660257916175, 42.017199150825491 ], [ -88.675294513011423, 41.926734016029535 ], [ -88.884885995476594, 42.015951768577942 ], [ -88.88644912498701, 42.196006295864187 ], [ -88.677235857050377, 42.286853326965314 ], [ -88.467038208533836, 42.197261506405852 ], [ -88.466660257916175, 42.017199150825491 ] ] ] } },
{ "type": "Feature", "properties": { "hex_id": 160, "area_km2": 1039.2304845413275 }, "geometry": { "type": "Polygon", "coordinates": [ [ [ -88.048424132863644, 42.016922537440443 ], [ -88.257648278119575, 41.927217904011606 ], [ -88.466660257916175, 42.017199150825491 ], [ -88.467038208533836, 42.197261506405852 ], [ -88.25721871289673, 42.287343118880926 ], [ -88.047616556209334, 42.196983097499867 ], [ -88.048424132863644, 42.016922537440443 ] ] ] } },
{ "type": "Feature", "properties": { "hex_id": 161, "area_km2": 819.56705679067102 }, "geometry": { "type": "Polygon", "coordinates": [ [ [ -87.84000805830108, 41.926182780188562 ], [ -88.048424132863644, 42.016922537440443 ], [ -88.047616556209334, 42.196983097499867 ], [ -87.837206175436805, 42.286295099993296 ], [ -87.831269590484325, 42.283715499491528 ], [ -87.828563538533942, 42.269921632532878 ], [ -87.828041273615483, 42.268547619748084 ], [ -87.825705525910109, 42.262402562248866 ], [ -87.81958349130349, 42.25178445976271 ], [ -87.816476021652164, 42.243312459114904 ], [ -87.816124231347345, 42.242353359753622 ], [ -87.815152325744705, 42.239703616047485 ], [ -87.812261557682717, 42.231822401103429 ], [ -87.81196759116078, 42.23050460020626 ], [ -87.811541804062244, 42.228595870353132 ], [ -87.81150957518129, 42.228451393850023 ], [ -87.808326381576023, 42.2242024615311 ], [ -87.807408580856844, 42.222977379340037 ], [ -87.807226730278103, 42.222576691379246 ], [ -87.805031727467863, 42.217740240771406 ], [ -87.80287909841293, 42.212997154738716 ], [ -87.801786314579999, 42.210589322853366 ], [ -87.801768626855676, 42.210550349848312 ], [ -87.801759239035889, 42.210537260846465 ], [ -87.796885290081818, 42.20374173835355 ], [ -87.796832640732333, 42.203668331775489 ], [ -87.795894651191688, 42.201351326376802 ], [ -87.791783792491415, 42.195854126415192 ], [ -87.787316025753995, 42.18987965304548 ], [ -87.784062529201975, 42.185528948130987 ], [ -87.778626807999714, 42.178260083065858 ], [ -87.776996716960639, 42.176080259115956 ], [ -87.768796738071742, 42.167096233725211 ], [ -87.768555402044498, 42.166713855632814 ], [ -87.768201865253317, 42.166153704173979 ], [ -87.768019345215848, 42.165864515409055 ], [ -87.761344792420417, 42.15528920350669 ], [ -87.759136858035689, 42.152254164785766 ], [ -87.754799194896776, 42.146291587577906 ], [ -87.75016177852396, 42.139916965389403 ], [ -87.749557753544465, 42.139086665650005 ], [ -87.741684891274701, 42.128264522222857 ], [ -87.741656964597112, 42.1282261338295 ], [ -87.741111193754776, 42.12749022570928 ], [ -87.736157029464749, 42.120810114488329 ], [ -87.731933061473413, 42.1171101033475 ], [ -87.7305920829846, 42.114664097019279 ], [ -87.72465614348927, 42.107726076806131 ], [ -87.724597999650314, 42.10767345776997 ], [ -87.717164383382737, 42.100946180060987 ], [ -87.717015454300977, 42.100811402137275 ], [ -87.7122010918564, 42.096454497504908 ], [ -87.710955250887821, 42.095327035525706 ], [ -87.710940245229338, 42.095317040483664 ], [ -87.706580556310129, 42.092413117540346 ], [ -87.702663642413725, 42.089804120140379 ], [ -87.702210310027951, 42.089502162247577 ], [ -87.701429090064082, 42.088981803357697 ], [ -87.699701651075031, 42.087831182152122 ], [ -87.694520344687348, 42.084379991432833 ], [ -87.690968611703767, 42.082764564157301 ], [ -87.685561034655422, 42.080305046995917 ], [ -87.681460394603164, 42.07843996113008 ], [ -87.682354419033516, 42.075727955091587 ], [ -87.679838683452587, 42.07171198899389 ], [ -87.673469063890266, 42.061543917812401 ], [ -87.671457571770077, 42.058332894524156 ], [ -87.670870460724529, 42.055023884682463 ], [ -87.670507619356158, 42.052978878581193 ], [ -87.670855720691961, 42.052320851996953 ], [ -87.671056962571697, 42.051940438328806 ], [ -87.671638510052148, 42.050841121383172 ], [ -87.67315266463433, 42.047978868837149 ], [ -87.672110710065212, 42.045344748190722 ], [ -87.671111463834166, 42.04281859661004 ], [ -87.671080710918773, 42.042740851481589 ], [ -87.67082296300228, 42.041073907266963 ], [ -87.669700583925064, 42.033815096561447 ], [ -87.668977831871743, 42.029140810888144 ], [ -87.666150364716188, 42.023128460558034 ], [ -87.665921204747804, 42.022641172827448 ], [ -87.664339137410323, 42.01927705115461 ], [ -87.663360358919022, 42.017195768050563 ], [ -87.662353023041746, 42.015053760230089 ], [ -87.661321448078212, 42.012860210160518 ], [ -87.661079979988855, 42.012346750286454 ], [ -87.658322275554795, 42.008019458527585 ], [ -87.657652027221999, 42.00696772863617 ], [ -87.656894647687906, 42.004219902550602 ], [ -87.656802134477616, 42.00388425833475 ], [ -87.84000805830108, 41.926182780188562 ] ] ] } },
{ "type": "Feature", "properties": { "hex_id": 162, "area_km2": 306.75364834221546 }, "geometry": { "type": "Polygon", "coordinates": [ [ [ -90.362486924279679, 42.449458660816681 ], [ -90.356703756955639, 42.269514951442815 ], [ -90.408498316247091, 42.24604903139528 ], [ -90.410470942683702, 42.247747743901357 ], [ -90.415216705120955, 42.250939196637255 ], [ -90.416314990783903, 42.2516777820261 ], [ -90.419326004706733, 42.254465814959829 ], [ -90.422181007661706, 42.259897873512045 ], [ -90.42238283474569, 42.260578536684775 ], [ -90.424097999242989, 42.266362940274995 ], [ -90.42571522459248, 42.269190846482601 ], [ -90.430884008803204, 42.278229064862963 ], [ -90.430734985541534, 42.284210122902351 ], [ -90.430595753383585, 42.28444695470759 ], [ -90.426908932015252, 42.29071818319602 ], [ -90.424325902595555, 42.293325206897713 ], [ -90.423955317820017, 42.294478296632988 ], [ -90.420453829164018, 42.305373324127508 ], [ -90.420299805107078, 42.311689387024309 ], [ -90.421046794719956, 42.316108431238213 ], [ -90.420074781706916, 42.31768044671184 ], [ -90.417124751377713, 42.319942468906412 ], [ -90.416199739507462, 42.321313482587733 ], [ -90.415936732559416, 42.322698496509112 ], [ -90.416534728365164, 42.325108520780041 ], [ -90.418397817329023, 42.327647484416453 ], [ -90.41902673470068, 42.328504554751817 ], [ -90.421349744853885, 42.33047157414952 ], [ -90.425362766836884, 42.332614594800312 ], [ -90.429237557629605, 42.335788156804568 ], [ -90.430545789597545, 42.336859635270585 ], [ -90.443873818566203, 42.355217804898807 ], [ -90.446319829396245, 42.357040820320108 ], [ -90.452723867118294, 42.359302836559081 ], [ -90.462618907574509, 42.367252900448939 ], [ -90.464787914505052, 42.369451918058111 ], [ -90.467669635591776, 42.374129430464485 ], [ -90.470272918480944, 42.378354991114492 ], [ -90.473812098885432, 42.381458223858495 ], [ -90.474120932337982, 42.381729015937751 ], [ -90.477278946403516, 42.383794029765092 ], [ -90.480147963356856, 42.384616033003105 ], [ -90.484620995283564, 42.384530026214144 ], [ -90.487154010672114, 42.385141027945636 ], [ -90.490334025097425, 42.387093039934364 ], [ -90.495766041345547, 42.392406076067402 ], [ -90.500128058663435, 42.395539095082185 ], [ -90.506675054236496, 42.398717346483899 ], [ -90.506829084030699, 42.398792120526927 ], [ -90.517516132123504, 42.403019153241004 ], [ -90.527310721503724, 42.406255812970088 ], [ -90.548068297817068, 42.413115230363118 ], [ -90.555018338713481, 42.416138253760415 ], [ -90.557550351452576, 42.419258278665701 ], [ -90.558168353431185, 42.420984292572172 ], [ -90.558801348280127, 42.428517353609713 ], [ -90.560439355018275, 42.432897388875148 ], [ -90.565248385529713, 42.438742435458138 ], [ -90.567968405362805, 42.440389448335239 ], [ -90.570736426246015, 42.441701458482036 ], [ -90.582128516268114, 42.444437478614304 ], [ -90.585304328352336, 42.445608482136116 ], [ -90.590416584017092, 42.447493501872579 ], [ -90.606328719092815, 42.451505531440333 ], [ -90.6243288851541, 42.458904587933723 ], [ -90.640901367096674, 42.468522950105367 ], [ -90.643052433195692, 42.469771388423496 ], [ -90.646728121882092, 42.471904688661454 ], [ -90.654028213389878, 42.478503740485351 ], [ -90.656328253955209, 42.483603781174004 ], [ -90.656528275933766, 42.489203826311105 ], [ -90.655934078889587, 42.491679678478746 ], [ -90.655928278612194, 42.491703846602313 ], [ -90.647866210835232, 42.502463926578805 ], [ -90.64726568473688, 42.503183616171526 ], [ -90.635855053729529, 42.508369532674116 ], [ -90.634787253722422, 42.508352339515021 ], [ -90.629709754698922, 42.508270654696453 ], [ -90.624918078976407, 42.508193568090469 ], [ -90.617731868099426, 42.508077959137182 ], [ -90.614589834811312, 42.508053959721437 ], [ -90.6130319320241, 42.508039600870148 ], [ -90.610669881904258, 42.508017830367699 ], [ -90.609814482344348, 42.508009946335925 ], [ -90.609312858536811, 42.508005322978306 ], [ -90.589914926905266, 42.507826536453855 ], [ -90.585427866020723, 42.507785180186502 ], [ -90.565441313806517, 42.507600968461809 ], [ -90.565353812266665, 42.507600137226007 ], [ -90.555862212144135, 42.507509970144305 ], [ -90.551165161882011, 42.507691972047468 ], [ -90.544799094184981, 42.507713973559056 ], [ -90.544347089390655, 42.507707973630311 ], [ -90.53225396103835, 42.507573975660549 ], [ -90.53061942125936, 42.507576032389267 ], [ -90.506683416973203, 42.507607715066719 ], [ -90.362486924279679, 42.449458660816681 ] ] ] } },
{ "type": "Feature", "properties": { "hex_id": 163, "area_km2": 1013.0880933135006 }, "geometry": { "type": "Polygon", "coordinates": [ [ [ -89.941578039668997, 42.456140358386598 ], [ -89.936992042068795, 42.276154401618776 ], [ -90.144290482364156, 42.183041561357754 ], [ -90.356703756955639, 42.269514951442815 ], [ -90.362486924279679, 42.449458660816681 ], [ -90.233269059461449, 42.507678028874317 ], [ -90.22318834140232, 42.507766951811149 ], [ -90.220913383802312, 42.507764564251836 ], [ -90.206092567184896, 42.507749009858522 ], [ -90.206071483256039, 42.507748987731063 ], [ -90.202803626719458, 42.50779180852124 ], [ -90.192842665471957, 42.507922333310802 ], [ -90.187080080710544, 42.507997844123594 ], [ -90.181570688551417, 42.508070037200667 ], [ -90.164361832375505, 42.508274072158827 ], [ -90.142921009287178, 42.508153117759306 ], [ -90.103956782134858, 42.507936902424682 ], [ -90.095003405166608, 42.507887219459121 ], [ -90.093025422698418, 42.5081622223138 ], [ -90.085631947112546, 42.508206164908117 ], [ -90.073669583468316, 42.508277262376104 ], [ -90.073436588628013, 42.508273082030961 ], [ -90.069131309480568, 42.508196787649922 ], [ -89.941578039668997, 42.456140358386598 ] ] ] } },
{ "type": "Feature", "properties": { "hex_id": 164, "area_km2": 998.30935189550837 }, "geometry": { "type": "Polygon", "coordinates": [ [ [ -89.520541731058188, 42.461275276670008 ], [ -89.517155231432739, 42.281258486425052 ], [ -89.725108156017612, 42.18889574686893 ], [ -89.936992042068795, 42.276154401618776 ], [ -89.941578039668997, 42.456140358386598 ], [ -89.830752188022487, 42.505527510425004 ], [ -89.801896890251129, 42.50544698826031 ], [ -89.799703886906769, 42.505423994564708 ], [ -89.79395687832627, 42.505469010644539 ], [ -89.780301857547457, 42.50535204979434 ], [ -89.769642841439904, 42.505325080085463 ], [ -89.768479638344147, 42.505327644732979 ], [ -89.750804070228384, 42.50536661608686 ], [ -89.74239482745638, 42.505385097363124 ], [ -89.73417637287011, 42.505337501255376 ], [ -89.719399806471259, 42.505251924662147 ], [ -89.693486926875906, 42.505101853423731 ], [ -89.690175399413263, 42.505191469124959 ], [ -89.690087933916246, 42.505193836093746 ], [ -89.667595979644474, 42.504962724050493 ], [ -89.650324014737905, 42.504615638300365 ], [ -89.648298571920549, 42.504584989531921 ], [ -89.644176027279187, 42.504522607652248 ], [ -89.624342285585072, 42.504150839939072 ], [ -89.520541731058188, 42.461275276670008 ] ] ] } },
{ "type": "Feature", "properties": { "hex_id": 165, "area_km2": 976.53104432358577 }, "geometry": { "type": "Polygon", "coordinates": [ [ [ -89.099410553274282, 42.46486282488349 ], [ -89.097225338220042, 42.28482489260594 ], [ -89.305816502933169, 42.193217629413965 ], [ -89.517155231432739, 42.281258486425052 ], [ -89.520541731058188, 42.461275276670008 ], [ -89.430875948097864, 42.500795630213965 ], [ -89.425162062779904, 42.500727652260473 ], [ -89.423926058344975, 42.500819648570904 ], [ -89.422567053654959, 42.500681644222567 ], [ -89.420991048161, 42.500590639260615 ], [ -89.419210662582714, 42.500576433693716 ], [ -89.409953245797794, 42.500502569429258 ], [ -89.40143197921013, 42.500434578839794 ], [ -89.40141637218457, 42.500434508694539 ], [ -89.366030854278065, 42.500275469528589 ], [ -89.365798628841588, 42.500261857410784 ], [ -89.361560838620619, 42.500013455238509 ], [ -89.290895586810407, 42.498854234450384 ], [ -89.26266722669277, 42.498250014195051 ], [ -89.262627315812196, 42.498249159914195 ], [ -89.250758444381646, 42.497995110204691 ], [ -89.247912221611884, 42.498097315569815 ], [ -89.24697143186782, 42.498131098470381 ], [ -89.228278369811974, 42.498048038828408 ], [ -89.226269363043968, 42.497958032309775 ], [ -89.197872943388745, 42.497623625896409 ], [ -89.177197170896306, 42.497381085878217 ], [ -89.099410553274282, 42.46486282488349 ] ] ] } },
{ "type": "Feature", "properties": { "hex_id": 166, "area_km2": 956.91198656014876 }, "geometry": { "type": "Polygon", "coordinates": [ [ [ -88.678219784612125, 42.466904359143953 ], [ -88.677235857050377, 42.286853326965314 ], [ -88.88644912498701, 42.196006295864187 ], [ -89.097225338220042, 42.28482489260594 ], [ -89.099410553274282, 42.46486282488349 ], [ -89.027582263492164, 42.496172286214268 ], [ -89.026232452915934, 42.496164898749626 ], [ -89.020028485049778, 42.496131187531269 ], [ -89.013802658955782, 42.496097357543576 ], [ -89.013665658502561, 42.496087357117922 ], [ -89.012108699384385, 42.496082757224833 ], [ -89.01156655119874, 42.496081155497684 ], [ -89.001378930164847, 42.496051057108588 ], [ -89.001258554687467, 42.496050701470317 ], [ -88.99298057621499, 42.496026281138697 ], [ -88.992657620666932, 42.496025328661702 ], [ -88.992557755605986, 42.496023487034222 ], [ -88.992482385357093, 42.496022097119521 ], [ -88.991783549988952, 42.496009209785527 ], [ -88.985595521596792, 42.495895095364865 ], [ -88.978477730234644, 42.495763835022345 ], [ -88.977831842598903, 42.495751924103153 ], [ -88.951890585006836, 42.495273537039246 ], [ -88.943262669634635, 42.495114428165834 ], [ -88.940389672468385, 42.495046433936984 ], [ -88.894582550577212, 42.494133719885156 ], [ -88.819897577904243, 42.492645608686033 ], [ -88.786679822303768, 42.491983738487669 ], [ -88.776588953423641, 42.492023987534672 ], [ -88.765358843263186, 42.492068780635826 ], [ -88.739322576843861, 42.492751197886008 ], [ -88.678219784612125, 42.466904359143953 ] ] ] } },
{ "type": "Feature", "properties": { "hex_id": 167, "area_km2": 955.59687150408956 }, "geometry": { "type": "Polygon", "coordinates": [ [ [ -88.257001665759617, 42.467397444122717 ], [ -88.25721871289673, 42.287343118880926 ], [ -88.467038208533836, 42.197261506405852 ], [ -88.677235857050377, 42.286853326965314 ], [ -88.678219784612125, 42.466904359143953 ], [ -88.613001080443695, 42.495013541610511 ], [ -88.607364236086951, 42.495006075104953 ], [ -88.606693806202756, 42.495005262083723 ], [ -88.599410970498099, 42.494996430286122 ], [ -88.599393199255445, 42.494996408735211 ], [ -88.596998146043916, 42.494993504285738 ], [ -88.596277959502387, 42.494992630925005 ], [ -88.589867424984689, 42.494984856953529 ], [ -88.559816182053112, 42.494948414187782 ], [ -88.55021888066544, 42.494936775655141 ], [ -88.540350837384963, 42.494924808794252 ], [ -88.50690961583075, 42.494884254994375 ], [ -88.47161927829579, 42.494678718876173 ], [ -88.461394640870623, 42.494619159853286 ], [ -88.446886663526016, 42.494619119796283 ], [ -88.431988686790433, 42.494619078662474 ], [ -88.422510615569735, 42.494619052493192 ], [ -88.418442707943612, 42.494619041261565 ], [ -88.417393709581702, 42.494619038365251 ], [ -88.413111716274159, 42.494624904194218 ], [ -88.355183925486912, 42.494704258458356 ], [ -88.339090832110728, 42.4947263040983 ], [ -88.334907994078918, 42.494732034092586 ], [ -88.334801367192014, 42.494732180158849 ], [ -88.322499036907985, 42.494749032897872 ], [ -88.320930657448386, 42.494751204042082 ], [ -88.257001665759617, 42.467397444122717 ] ] ] } },
{ "type": "Feature", "properties": { "hex_id": 168, "area_km2": 957.81496862854704 }, "geometry": { "type": "Polygon", "coordinates": [ [ [ -87.83578661755476, 42.466343875982602 ], [ -87.837206175436805, 42.286295099993296 ], [ -88.047616556209334, 42.196983097499867 ], [ -88.25721871289673, 42.287343118880926 ], [ -88.257001665759617, 42.467397444122717 ], [ -88.189773712927931, 42.496041662440156 ], [ -88.187093367543227, 42.496047975737071 ], [ -88.176868335738888, 42.496072448194965 ], [ -88.150141864613047, 42.496136415009133 ], [ -88.138469726335444, 42.496164350976393 ], [ -88.123833735250074, 42.496199380606654 ], [ -88.118111612690953, 42.496213075878913 ], [ -88.115282265946888, 42.49621984761049 ], [ -88.111523601691161, 42.496168211673179 ], [ -88.109578577696396, 42.496141491238291 ], [ -88.10850339707811, 42.496126720574921 ], [ -88.102209420389755, 42.496040254899242 ], [ -88.10146855630947, 42.496030077022581 ], [ -88.100985658642173, 42.496023443048735 ], [ -88.094204998812785, 42.495930291379125 ], [ -88.077715790410593, 42.495703765091861 ], [ -88.068933374442295, 42.495583113535851 ], [ -88.062060339262942, 42.495488692759217 ], [ -88.049778917644375, 42.495319972304905 ], [ -88.025046511859543, 42.495155297143626 ], [ -88.003141342001285, 42.495009446420163 ], [ -87.9904006294813, 42.494924630901835 ], [ -87.971578399657702, 42.494799337982926 ], [ -87.958490043912661, 42.494712213382115 ], [ -87.951027090513691, 42.494609375826407 ], [ -87.917453131361526, 42.494146735052844 ], [ -87.900347792557952, 42.493911027532924 ], [ -87.900098287950698, 42.493907589417361 ], [ -87.899454145448956, 42.493898717410367 ], [ -87.83578661755476, 42.466343875982602 ] ] ] } },
{ "type": "Feature", "properties": { "hex_id": 169, "area_km2": 37.500496287846559 }, "geometry": { "type": "Polygon", "coordinates": [ [ [ -87.837206175436805, 42.286295099993296 ], [ -87.83578661755476, 42.466343875982602 ], [ -87.799842903727821, 42.481491664098058 ], [ -87.800194765255313, 42.479628351170611 ], [ -87.800464763236533, 42.478198613697352 ], [ -87.79810295303335, 42.471825656476902 ], [ -87.798064745266473, 42.471722559067956 ], [ -87.798089342986472, 42.471485377976876 ], [ -87.798851063334084, 42.464140563375828 ], [ -87.799817761455969, 42.454819267040797 ], [ -87.800003343099831, 42.453029812938134 ], [ -87.800348117888916, 42.449705353055009 ], [ -87.800829849871221, 42.445060294943346 ], [ -87.801942817726811, 42.442056291144709 ], [ -87.80321289748575, 42.43862822732293 ], [ -87.803794600281137, 42.435466256934845 ], [ -87.804575933220733, 42.431219153406978 ], [ -87.804001254674517, 42.423384805417186 ], [ -87.803792948375687, 42.420545053551429 ], [ -87.803778272643129, 42.419726319216196 ], [ -87.803671950798488, 42.413794802089754 ], [ -87.803279111982022, 42.391878969568872 ], [ -87.803254013540268, 42.390478767925266 ], [ -87.803782551179623, 42.389067344084509 ], [ -87.804857019630063, 42.386198048910117 ], [ -87.805471233196783, 42.384557833082589 ], [ -87.805806060603572, 42.383663699078483 ], [ -87.807445082858308, 42.382563686204783 ], [ -87.809965124676552, 42.377401633858575 ], [ -87.81227015908847, 42.374188600536854 ], [ -87.815003201590429, 42.369359551873963 ], [ -87.815621214357094, 42.366725526576275 ], [ -87.815907222985359, 42.364196502695904 ], [ -87.816798238710462, 42.361586477422911 ], [ -87.820684283581812, 42.361509472437703 ], [ -87.821777293958959, 42.36263348157776 ], [ -87.821753290365578, 42.364328497199679 ], [ -87.822191295062922, 42.364519498451635 ], [ -87.823013304627992, 42.364494497273753 ], [ -87.823512311010049, 42.364178493800992 ], [ -87.823857596927368, 42.361860796923018 ], [ -87.823912320753038, 42.361493468744328 ], [ -87.823945876279367, 42.359874478814525 ], [ -87.823947051276292, 42.359817787459356 ], [ -87.824004315792834, 42.357054883840789 ], [ -87.824005192037859, 42.357012606687071 ], [ -87.824007330568577, 42.356909426653338 ], [ -87.82582535392649, 42.355489411849661 ], [ -87.826442735214115, 42.347323460950484 ], [ -87.826720251723785, 42.343652817150499 ], [ -87.826903532058196, 42.341228612132298 ], [ -87.82719040241696, 42.337434246178709 ], [ -87.830812452635072, 42.331326188608976 ], [ -87.831998470526287, 42.328346161101351 ], [ -87.831923110485661, 42.326941305739169 ], [ -87.831761475574979, 42.323928121378479 ], [ -87.831464359126144, 42.321488569645737 ], [ -87.830954478522486, 42.317302061862321 ], [ -87.830385481414481, 42.312253016370704 ], [ -87.831793499769432, 42.310031996065682 ], [ -87.832751441074947, 42.308962690528055 ], [ -87.832851512638086, 42.308850985273317 ], [ -87.832840509352536, 42.307864942664274 ], [ -87.83283151546496, 42.307058969151669 ], [ -87.833610281171104, 42.30482708513015 ], [ -87.834763544291377, 42.301521919327215 ], [ -87.834584462738206, 42.300609174422569 ], [ -87.833828665517387, 42.296757018013487 ], [ -87.833462640817075, 42.294891458604546 ], [ -87.832733024766725, 42.291172741546177 ], [ -87.831269590484325, 42.283715499491528 ], [ -87.837206175436805, 42.286295099993296 ] ] ] } },
{ "type": "Feature", "properties": { "hex_id": 170, "area_km2": 71.797563375782048 }, "geometry": { "type": "Polygon", "coordinates": [ [ [ -90.362486924279679, 42.449458660816681 ], [ -90.506683416973203, 42.507607715066719 ], [ -90.491715568393417, 42.50762501330032 ], [ -90.485875994818613, 42.507526042860192 ], [ -90.479445494725127, 42.507417057321348 ], [ -90.474954467764974, 42.507485074027819 ], [ -90.437173816574244, 42.507149664440405 ], [ -90.437010239322092, 42.507148212234476 ], [ -90.42637711050368, 42.50706067993486 ], [ -90.405926051570816, 42.50689232631504 ], [ -90.401702203160937, 42.506918700357893 ], [ -90.381883132101152, 42.507042452070159 ], [ -90.37067183998569, 42.507112456092429 ], [ -90.367961581353711, 42.507115370923771 ], [ -90.367872823151188, 42.507115466381528 ], [ -90.362650791441126, 42.507049485666187 ], [ -90.309094449045844, 42.507432946156932 ], [ -90.303821439881702, 42.507470700516805 ], [ -90.302317280323265, 42.507473718296964 ], [ -90.272862254388528, 42.50753281353721 ], [ -90.269333234662142, 42.507727825391704 ], [ -90.267141220879495, 42.507643833855063 ], [ -90.253119134307539, 42.507341886937546 ], [ -90.250620120761894, 42.5075228949703 ], [ -90.233269059461449, 42.507678028874317 ], [ -90.362486924279679, 42.449458660816681 ] ] ] } },
{ "type": "Feature", "properties": { "hex_id": 171, "area_km2": 53.92321668554434 }, "geometry": { "type": "Polygon", "coordinates": [ [ [ -89.941578039668997, 42.456140358386598 ], [ -90.069131309480568, 42.508196787649922 ], [ -90.01866503683172, 42.507290381622191 ], [ -90.018543200449329, 42.507278399140191 ], [ -90.017028050084662, 42.507129385668051 ], [ -89.999314190210924, 42.506916423920615 ], [ -89.997213186774488, 42.506757430455337 ], [ -89.985645168793923, 42.50643346438703 ], [ -89.985072167987113, 42.506466465883527 ], [ -89.980662498965245, 42.506342396460234 ], [ -89.966156580914443, 42.50593426133711 ], [ -89.95558932111318, 42.505636943400049 ], [ -89.955291121684112, 42.505628553331242 ], [ -89.94640976081071, 42.505678215413141 ], [ -89.926484078558332, 42.505789634238809 ], [ -89.926466216371495, 42.505789796672026 ], [ -89.926374078394304, 42.505790634546216 ], [ -89.906601102239534, 42.505736046942204 ], [ -89.837587406727593, 42.505545519654795 ], [ -89.830752188022501, 42.505527510425004 ], [ -89.941578039668997, 42.456140358386598 ] ] ] } },
{ "type": "Feature", "properties": { "hex_id": 172, "area_km2": 35.7626667908523 }, "geometry": { "type": "Polygon", "coordinates": [ [ [ -89.520541731058188, 42.461275276670008 ], [ -89.624342285585072, 42.504150839939072 ], [ -89.613410090215552, 42.503944454168362 ], [ -89.603523110513777, 42.503559405027168 ], [ -89.60143695140718, 42.503627511609096 ], [ -89.600001117773147, 42.503674387097639 ], [ -89.594779128530732, 42.503470361085178 ], [ -89.581636538354729, 42.503106809204517 ], [ -89.578980242818531, 42.503033330422163 ], [ -89.574293318369755, 42.502903680108837 ], [ -89.564407191452887, 42.50263020870635 ], [ -89.563844192622639, 42.502620267805099 ], [ -89.522542278786744, 42.501890997076622 ], [ -89.493216302156341, 42.501515861861357 ], [ -89.492612300026309, 42.501515860009484 ], [ -89.484300270806159, 42.501427834482442 ], [ -89.48364072211875, 42.501420025589447 ], [ -89.483456711743131, 42.501417846952187 ], [ -89.455072337644353, 42.501081782878074 ], [ -89.443976316245113, 42.500950408625158 ], [ -89.430875948097864, 42.500795630213965 ], [ -89.520541731058188, 42.461275276670008 ] ] ] } },
{ "type": "Feature", "properties": { "hex_id": 173, "area_km2": 21.652182800549163 }, "geometry": { "type": "Polygon", "coordinates": [ [ [ -89.099410553274282, 42.46486282488349 ], [ -89.177197170896306, 42.497381085878217 ], [ -89.166727165130652, 42.497256842269941 ], [ -89.16490415917886, 42.497347836548485 ], [ -89.157146927866137, 42.497271787577255 ], [ -89.129923854853487, 42.497004902926598 ], [ -89.125110027198701, 42.496957710006939 ], [ -89.120604544958383, 42.496990921883189 ], [ -89.12036401152254, 42.496992694959999 ], [ -89.120209578308746, 42.496988987360702 ], [ -89.116948000170538, 42.496910684099781 ], [ -89.099010940623188, 42.496499627168404 ], [ -89.098910978648121, 42.49649858315604 ], [ -89.079547872002451, 42.496296353082464 ], [ -89.07113984838945, 42.496208538931931 ], [ -89.070761756660488, 42.496209166926519 ], [ -89.069688131545888, 42.496210950172951 ], [ -89.067442779850793, 42.496214679608258 ], [ -89.059776823402828, 42.496227412440206 ], [ -89.05635480244149, 42.496233096272796 ], [ -89.054701803002047, 42.496235841835038 ], [ -89.046586616094757, 42.496249320816375 ], [ -89.042896755092869, 42.496255449518266 ], [ -89.042094308084927, 42.496251089167359 ], [ -89.041976453352405, 42.496250448766226 ], [ -89.036553486750705, 42.496220981355279 ], [ -89.027582263492164, 42.496172286214268 ], [ -89.099410553274282, 42.46486282488349 ] ] ] } },
{ "type": "Feature", "properties": { "hex_id": 174, "area_km2": 15.868075079240862 }, "geometry": { "type": "Polygon", "coordinates": [ [ [ -88.678219784612125, 42.466904359143953 ], [ -88.739322576843861, 42.492751197886008 ], [ -88.737108818712983, 42.492808947151268 ], [ -88.736519376640217, 42.492824390756823 ], [ -88.727419882700744, 42.493062800972098 ], [ -88.721796617543845, 42.49321013269158 ], [ -88.707419450586912, 42.493586820108533 ], [ -88.707378641834254, 42.493587889314071 ], [ -88.670794595913947, 42.494362995616001 ], [ -88.658474389060089, 42.494624024029754 ], [ -88.638651290733208, 42.49504401648052 ], [ -88.613001080443695, 42.495013541610511 ], [ -88.678219784612125, 42.466904359143953 ] ] ] } },
{ "type": "Feature", "properties": { "hex_id": 175, "area_km2": 16.754929771947374 }, "geometry": { "type": "Polygon", "coordinates": [ [ [ -88.257001665759617, 42.467397444122717 ], [ -88.320930657448386, 42.494751204042082 ], [ -88.317620386554438, 42.494755716072028 ], [ -88.316565621734227, 42.494757160975041 ], [ -88.315874061149657, 42.494758108331261 ], [ -88.312471709798459, 42.494762769150086 ], [ -88.312076769784696, 42.494763310171145 ], [ -88.311435579232295, 42.49476418852641 ], [ -88.309013688793655, 42.494767506229685 ], [ -88.304689886040052, 42.494773429327594 ], [ -88.302987640967359, 42.494775761201801 ], [ -88.302732099658314, 42.494776111263171 ], [ -88.302631249983207, 42.494776249415317 ], [ -88.28499943955309, 42.494800402905973 ], [ -88.279971914711055, 42.494807290018564 ], [ -88.277422826783862, 42.494810781966507 ], [ -88.274583927830946, 42.494814670921059 ], [ -88.271688937831087, 42.494818636713653 ], [ -88.265377275482763, 42.495112274758931 ], [ -88.26171704781342, 42.495282559860726 ], [ -88.250087975658786, 42.495823580207244 ], [ -88.23789081878634, 42.495860353269379 ], [ -88.231346671987168, 42.495880083371091 ], [ -88.223702472131706, 42.495903130052277 ], [ -88.218855487587632, 42.49591774334403 ], [ -88.216897801464498, 42.495923645620067 ], [ -88.214046366713333, 42.495939503890327 ], [ -88.211443647160777, 42.495953978930551 ], [ -88.20658004263224, 42.495981027898246 ], [ -88.200169713496905, 42.496016678989157 ], [ -88.199388825465618, 42.496018547955664 ], [ -88.198575806698457, 42.496020493823465 ], [ -88.198479883117841, 42.496020723405593 ], [ -88.189773712927931, 42.496041662440156 ], [ -88.257001665759617, 42.467397444122717 ] ] ] } },
{ "type": "Feature", "properties": { "hex_id": 176, "area_km2": 13.88026320329611 }, "geometry": { "type": "Polygon", "coordinates": [ [ [ -87.83578661755476, 42.466343875982602 ], [ -87.899454145448956, 42.493898717410367 ], [ -87.897986318864213, 42.493878486972626 ], [ -87.886794970654876, 42.493724272748388 ], [ -87.882989447918447, 42.493671833498972 ], [ -87.873682998267796, 42.493543592679558 ], [ -87.862562494587209, 42.493390354538171 ], [ -87.852863077238609, 42.493256698608015 ], [ -87.852862307067426, 42.49325668799522 ], [ -87.84784619419932, 42.493187566996468 ], [ -87.84657615500889, 42.493170066116846 ], [ -87.844612141021315, 42.493143002405191 ], [ -87.825238616134513, 42.492876039082212 ], [ -87.821906320241581, 42.492830120687543 ], [ -87.816595767202145, 42.492756942279222 ], [ -87.803808776729539, 42.492580739929267 ], [ -87.802084751498739, 42.492577745928507 ], [ -87.799364732996082, 42.484023673233331 ], [ -87.799842903727821, 42.481491664098058 ], [ -87.83578661755476, 42.466343875982602 ] ] ] } }
]
}
