{
"type": "FeatureCollection",
"name": "in_hexgrid_40km",
"crs": { "type": "name", "properties": { "name": "urn:ogc:def:crs:OGC:1.3:CRS84" } },
"features": [
{ "type": "Feature", "properties": { "hex_id": 0, "area_km2": 195.29478540413729 }, "geometry": { "type": "Polygon", "coordinates": [ [ [ -87.902462022007967, 37.950150619827724 ], [ -87.763697493299574, 37.890047413406485 ], [ -87.781727380455507, 37.878813048417562 ], [ -87.786406381679711, 37.87655404701016 ], [ -87.795184387575276, 37.87527104279782 ], [ -87.807540398015391, 37.875232035754728 ], [ -87.815731811052174, 37.875670855960358 ], [ -87.829772418297097, 37.876423021770485 ], [ -87.838859430425074, 37.880169012164849 ], [ -87.846442446035525, 37.88798999790275 ], [ -87.846488452590876, 37.893531991096523 ], [ -87.857242469921857, 37.900646973572812 ], [ -87.861658483901579, 37.909472957850717 ], [ -87.866093494206581, 37.915168945773459 ], [ -87.871586006353951, 37.920134850166825 ], [ -87.872539506286842, 37.920996930959063 ], [ -87.877324513730713, 37.924031921454613 ], [ -87.883320521188821, 37.926235911674375 ], [ -87.888444108857342, 37.927183347415792 ], [ -87.892470530620187, 37.927927899045869 ], [ -87.894362459730573, 37.927787127787184 ], [ -87.898061534713705, 37.927511893683715 ], [ -87.904788537221691, 37.924889891094828 ], [ -87.90653520786212, 37.923137864271169 ], [ -87.921743531875052, 37.907882906461758 ], [ -87.927093249675181, 37.901702100301208 ], [ -87.927768529023339, 37.900921915131072 ], [ -87.932128528603187, 37.897317918963878 ], [ -87.936783527182016, 37.892584925258632 ], [ -87.93716967980717, 37.892148946934604 ], [ -87.938364526506291, 37.890799927871015 ], [ -87.940068524428483, 37.887667933330597 ], [ -87.940838520225881, 37.883335942087889 ], [ -87.941020515710875, 37.879165950920843 ], [ -87.940004510231319, 37.87504196035318 ], [ -87.938127503712167, 37.870648970729832 ], [ -87.936227499048087, 37.867934977430863 ], [ -87.927302481027439, 37.858707000473252 ], [ -87.91489146005199, 37.849616022763172 ], [ -87.910275449006605, 37.843414035697776 ], [ -87.907772440220725, 37.837609046925657 ], [ -87.903803414100807, 37.817760083122785 ], [ -87.904594408823598, 37.812524092489575 ], [ -87.906809405198288, 37.80762210146321 ], [ -87.911086406195778, 37.805156106414813 ], [ -87.919137409933285, 37.802126113179831 ], [ -87.927542414865442, 37.799849118965582 ], [ -87.932553416892958, 37.797670124288501 ], [ -87.934935416270619, 37.795218129849481 ], [ -87.934697412245811, 37.791825136873292 ], [ -87.935860410906187, 37.789701141608518 ], [ -87.938597411363148, 37.787912146129088 ], [ -87.944505402539562, 37.775254175395865 ], [ -87.946462402331122, 37.77347518010253 ], [ -87.948593403005603, 37.772342183519299 ], [ -87.952589405972233, 37.771740186612938 ], [ -87.96002941438681, 37.77322118642936 ], [ -87.970261433207753, 37.781854169779223 ], [ -87.971804437677847, 37.784646163471145 ], [ -87.97638844550238, 37.78800215654325 ], [ -87.984357456831972, 37.791798149022377 ], [ -87.987156459785723, 37.79220014865966 ], [ -87.991167465401091, 37.794047144750117 ], [ -87.993098468991548, 37.795754140644341 ], [ -87.997101474659686, 37.79767013630066 ], [ -88.004705479294316, 37.800143123595646 ], [ -88.01514347969713, 37.801928104562862 ], [ -88.021020478333867, 37.801407097847878 ], [ -88.02802947522656, 37.799222093586607 ], [ -88.028371479539388, 37.803728082099937 ], [ -88.030035481955849, 37.806506073114534 ], [ -88.033019483501619, 37.808648064038373 ], [ -88.037622483840821, 37.809862055201748 ], [ -88.045752480853892, 37.808127048677406 ], [ -88.059661472692341, 37.801194045334647 ], [ -88.067715471057127, 37.800568035564275 ], [ -88.076403472983458, 37.80463301557581 ], [ -88.077227884954226, 37.805366790693711 ], [ -88.090038479518228, 37.816768975045356 ], [ -88.091847482909145, 37.822105963139677 ], [ -88.090091485824075, 37.825639958704002 ], [ -88.085726489613393, 37.829385956609705 ], [ -88.080853492001765, 37.830899959028976 ], [ -88.07642649265776, 37.83023696511556 ], [ -88.066040490985856, 37.824841987577926 ], [ -88.058054490865942, 37.822447001830284 ], [ -88.043830493279287, 37.821523020493579 ], [ -88.033010498418051, 37.824381026325938 ], [ -88.028692502071451, 37.827107024614165 ], [ -88.025920508216046, 37.832692013929289 ], [ -88.028216513295945, 37.838582997086597 ], [ -88.033308514948217, 37.841914983993966 ], [ -88.048214512928823, 37.84483396295478 ], [ -88.059424512599847, 37.848729944062718 ], [ -88.065035514330447, 37.853169929746244 ], [ -88.068533516964337, 37.858008916829455 ], [ -88.073056262341382, 37.867561520133918 ], [ -88.026363043260304, 37.890209157439081 ], [ -88.024817563661955, 37.888857875889414 ], [ -88.02028356513236, 37.888048880235431 ], [ -88.015154570495056, 37.890789875828489 ], [ -88.0144781839589, 37.892316255479528 ], [ -88.013354575595343, 37.89485186618198 ], [ -88.014095294391424, 37.896154105874167 ], [ -87.902462022007967, 37.950150619827724 ] ] ] } },
{ "type": "Feature", "properties": { "hex_id": 1, "area_km2": 77.583767633485394 }, "geometry": { "type": "MultiPolygon", "coordinates": [ [ [ [ -87.508549166097595, 37.956979623853471 ], [ -87.460795809977512, 37.936120082305429 ], [ -87.465513735313252, 37.933687760668469 ], [ -87.469653587722689, 37.930893387792622 ], [ -87.480680144446765, 37.923450534625466 ], [ -87.482445710557272, 37.922258789044427 ], [ -87.496889679340356, 37.911164815568803 ], [ -87.505362891673286, 37.90761571733394 ], [ -87.507482654625093, 37.906727830418156 ], [ -87.511498648889869, 37.906423834492571 ], [ -87.520283665452126, 37.912615837354345 ], [ -87.531531667245744, 37.916295845043557 ], [ -87.54814733132126, 37.923970444575382 ], [ -87.548474490010506, 37.924121555736484 ], [ -87.551276677957333, 37.925415856941306 ], [ -87.556566682826002, 37.928603859704694 ], [ -87.560621544667512, 37.932056062003696 ], [ -87.508549166097595, 37.956979623853471 ] ] ], [ [ [ -87.616996442731121, 37.90502877980316 ], [ -87.611789523791302, 37.901401932528138 ], [ -87.607706521685756, 37.899358930050887 ], [ -87.601966515931593, 37.895719927152591 ], [ -87.597117509826958, 37.89239192496148 ], [ -87.588972926715755, 37.88624002452039 ], [ -87.587140493631253, 37.884855921203552 ], [ -87.584231126582111, 37.879062863808869 ], [ -87.583736473347756, 37.87807792301242 ], [ -87.583924454194175, 37.872482927164896 ], [ -87.586303452668218, 37.872490929197497 ], [ -87.586391446042171, 37.870539930651169 ], [ -87.588035439798645, 37.868981933145285 ], [ -87.589201421644148, 37.863742937796232 ], [ -87.590467418910919, 37.863123939282666 ], [ -87.591456409285911, 37.860366942017009 ], [ -87.59027340393861, 37.858577942286615 ], [ -87.596082377156165, 37.851157952106391 ], [ -87.597858365478089, 37.847734955844636 ], [ -87.599210265037996, 37.846648455801414 ], [ -87.600899356708354, 37.845290959887258 ], [ -87.606598334452926, 37.838666968694689 ], [ -87.60717550172852, 37.838188653247116 ], [ -87.612425318599932, 37.833837976254998 ], [ -87.61500346035595, 37.832219808262948 ], [ -87.615398312580865, 37.831971979678684 ], [ -87.62501330308929, 37.829074988652692 ], [ -87.635805296539772, 37.827012997865033 ], [ -87.636338326268287, 37.826953819880949 ], [ -87.637401944349648, 37.826835734958955 ], [ -87.645857293046404, 37.825897005897694 ], [ -87.655170292965565, 37.826035012670204 ], [ -87.666521295723626, 37.827453020312653 ], [ -87.672396299092512, 37.829125023849372 ], [ -87.675537304560322, 37.831730024951135 ], [ -87.679187314014627, 37.836319025560542 ], [ -87.680688322930266, 37.840618024727057 ], [ -87.681899334925617, 37.846408023018547 ], [ -87.68163235520997, 37.855915018458013 ], [ -87.675399380057158, 37.86594400863553 ], [ -87.666816417160277, 37.87984899452794 ], [ -87.666281036498248, 37.881362908945775 ], [ -87.616996442731121, 37.90502877980316 ] ] ] ] } },
{ "type": "Feature", "properties": { "hex_id": 2, "area_km2": 235.2597066416721 }, "geometry": { "type": "Polygon", "coordinates": [ [ [ -87.114515088742152, 37.962490098783057 ], [ -87.013671104814975, 37.91796403793164 ], [ -87.018055406223311, 37.915460711408379 ], [ -87.034165081670082, 37.90626266965819 ], [ -87.036683851969599, 37.904141642020583 ], [ -87.040162085210284, 37.901212661688128 ], [ -87.045204085392271, 37.894329653130931 ], [ -87.046145083835697, 37.891537650401489 ], [ -87.045960111898864, 37.888626594831187 ], [ -87.045893079288774, 37.887571647487732 ], [ -87.04564043689679, 37.886969020492437 ], [ -87.04421907262865, 37.883578645351832 ], [ -87.043406067605432, 37.879937642962922 ], [ -87.043083846531076, 37.875535521492417 ], [ -87.043048061935494, 37.875046639325056 ], [ -87.042943058374519, 37.871807636839485 ], [ -87.043284055445355, 37.868549634110224 ], [ -87.047509051292181, 37.858750624460477 ], [ -87.051554043321161, 37.845611612716652 ], [ -87.054463033266174, 37.835315384401355 ], [ -87.05666303162235, 37.827528597410897 ], [ -87.059579030197753, 37.822200592591905 ], [ -87.062068025287985, 37.8141745861166 ], [ -87.068049863508193, 37.804214805826774 ], [ -87.069674022789755, 37.801510575356765 ], [ -87.077131294685529, 37.795608591084317 ], [ -87.079043028333899, 37.794095568401346 ], [ -87.089278036324089, 37.787859562557855 ], [ -87.096033043192833, 37.78525655984631 ], [ -87.098617142119338, 37.784755236950609 ], [ -87.099221830645703, 37.784637925575176 ], [ -87.109647589795657, 37.782615297331731 ], [ -87.109654358058918, 37.782613984268572 ], [ -87.111007061459603, 37.782351555803025 ], [ -87.118593072791185, 37.782813554816109 ], [ -87.122706483472911, 37.783875113581971 ], [ -87.126087085589319, 37.78474755447764 ], [ -87.128093330342679, 37.785800250255406 ], [ -87.128922001790755, 37.786235062071249 ], [ -87.129628092664959, 37.786605554687952 ], [ -87.134203106090325, 37.792940556520982 ], [ -87.133979108131115, 37.795113557473876 ], [ -87.135387113115755, 37.797842558301525 ], [ -87.135475117627166, 37.801875559942232 ], [ -87.137040125649392, 37.807184561721741 ], [ -87.141505142015887, 37.816314564099955 ], [ -87.143518435244161, 37.819014688766671 ], [ -87.148029555625399, 37.82506476974018 ], [ -87.152162971075001, 37.830608292207295 ], [ -87.153485176858752, 37.832381565998901 ], [ -87.156262184757765, 37.83592456615807 ], [ -87.16231819817429, 37.840156565169622 ], [ -87.164746203006587, 37.841350564567684 ], [ -87.170359212077059, 37.842194562567272 ], [ -87.175835218720351, 37.841014560080112 ], [ -87.203868263243848, 37.844486549457024 ], [ -87.211751277043163, 37.846596546446513 ], [ -87.220341292299224, 37.849078543026032 ], [ -87.234594322176477, 37.857220537020041 ], [ -87.249478352638249, 37.864986529784787 ], [ -87.256468360705398, 37.868395537889455 ], [ -87.267976379249504, 37.877431552041791 ], [ -87.26902123898013, 37.877971587921735 ], [ -87.273169386522952, 37.880115558371351 ], [ -87.278857961980364, 37.884452361522712 ], [ -87.114515088742152, 37.962490098783057 ] ] ] } },
{ "type": "Feature", "properties": { "hex_id": 3, "area_km2": 91.151841876827234 }, "geometry": { "type": "Polygon", "coordinates": [ [ [ -86.720386603288802, 37.966681511314526 ], [ -86.597742638879922, 37.9119743443039 ], [ -86.598450635944076, 37.910962969268276 ], [ -86.599846633300771, 37.906751964627937 ], [ -86.600094627935121, 37.901215958902462 ], [ -86.598149608675072, 37.88455094228096 ], [ -86.598315604652754, 37.880417938009607 ], [ -86.599388600087323, 37.874750931965949 ], [ -86.597474594595283, 37.871475929035157 ], [ -86.597318593081155, 37.870159927721005 ], [ -86.598106591131526, 37.86737992469925 ], [ -86.60381348605074, 37.859401120098831 ], [ -86.604622589019598, 37.858269913958878 ], [ -86.609161591042877, 37.855405910056263 ], [ -86.615213595000739, 37.852854906158463 ], [ -86.625761600555705, 37.847263898231496 ], [ -86.633504984517529, 37.844150341566568 ], [ -86.634269606067477, 37.843842892970343 ], [ -86.638263609141489, 37.842715890991542 ], [ -86.648026618203829, 37.841422887639091 ], [ -86.652514623249516, 37.841633886909882 ], [ -86.655294627202863, 37.842505887201476 ], [ -86.658266632226187, 37.844141888216392 ], [ -86.661635642121141, 37.849711893080794 ], [ -86.66249365120693, 37.856948900138462 ], [ -86.661231656355042, 37.862758906225721 ], [ -86.658372660595305, 37.869373913476146 ], [ -86.648725668187893, 37.886033932352717 ], [ -86.644752673252157, 37.894803942083989 ], [ -86.644037676142972, 37.898199945669084 ], [ -86.644141680827957, 37.902363949839454 ], [ -86.64551168700865, 37.906526953712259 ], [ -86.647079691163768, 37.908618955450329 ], [ -86.650085696931185, 37.910613956749735 ], [ -86.660886712508855, 37.913056956651445 ], [ -86.672370533225632, 37.914799847565156 ], [ -86.673036729103146, 37.914900955616375 ], [ -86.680927738658298, 37.915007953851571 ], [ -86.686013742491994, 37.91308195073541 ], [ -86.691992744262507, 37.908526944814874 ], [ -86.703456554936139, 37.901164073315904 ], [ -86.707814750782504, 37.898364931106215 ], [ -86.712102050443931, 37.896152760827192 ], [ -86.716136755274277, 37.894070924974358 ], [ -86.718460756811325, 37.893120923510786 ], [ -86.720338294809807, 37.892885300749015 ], [ -86.722245760614257, 37.892645922179454 ], [ -86.731458773383949, 37.894337921720606 ], [ -86.734716779969276, 37.896584923160496 ], [ -86.737671148475627, 37.899545459791916 ], [ -86.745606101397243, 37.907496979115813 ], [ -86.750988819397818, 37.912890934483748 ], [ -86.755263892956535, 37.918961686239562 ], [ -86.756629613797131, 37.920901056904903 ], [ -86.764732856048724, 37.932407940336198 ], [ -86.765410346311882, 37.93347693104657 ], [ -86.771304394149467, 37.942777591606166 ], [ -86.720386603288802, 37.966681511314526 ] ] ] } },
{ "type": "Feature", "properties": { "hex_id": 4, "area_km2": 228.73820305067525 }, "geometry": { "type": "MultiPolygon", "coordinates": [ [ [ [ -87.907946135040646, 38.13020296233725 ], [ -87.902462022007967, 37.950150619827724 ], [ -88.014095294391424, 37.896154105874167 ], [ -88.01781558116835, 37.902693844199618 ], [ -88.019976587046372, 37.909768825522349 ], [ -88.020059590131254, 37.912897817594995 ], [ -88.02251259049406, 37.914753812287273 ], [ -88.031845583844458, 37.913748812348096 ], [ -88.036381582167323, 37.914894808446149 ], [ -88.051920573545075, 37.915887802341871 ], [ -88.063022568622188, 37.918193794811408 ], [ -88.068224568993855, 37.922702784426598 ], [ -88.069612571402516, 37.926845775745917 ], [ -88.067560575466828, 37.930211769096218 ], [ -88.059766583768052, 37.93385376210761 ], [ -88.054756586902428, 37.933484763236649 ], [ -88.052792585654458, 37.9304857699764 ], [ -88.048660585147516, 37.926754778750599 ], [ -88.041295587750412, 37.924287785455384 ], [ -88.035344592775999, 37.925525783460991 ], [ -88.030414600389349, 37.930101773094776 ], [ -88.036123608367305, 37.942743742590508 ], [ -88.036792620978872, 37.95679070944842 ], [ -88.031988626454577, 37.958587704344893 ], [ -88.020867636011573, 37.959348700434141 ], [ -88.016310641891636, 37.961571693886135 ], [ -88.0129286497328, 37.966541680278681 ], [ -88.01257366088484, 37.977059652847444 ], [ -88.0228636726697, 37.997980604310484 ], [ -88.025830680468175, 38.007242580713736 ], [ -88.025222830357507, 38.010629190228315 ], [ -88.025130685807241, 38.011142569444893 ], [ -88.022430695610467, 38.017142551506922 ], [ -88.020934464378854, 38.019019640428347 ], [ -88.01693070925856, 38.024042530365371 ], [ -88.00863072161286, 38.027542518059512 ], [ -88.007630724527402, 38.029142513507381 ], [ -88.008930726628833, 38.031942506511541 ], [ -88.012130725765431, 38.033842502369815 ], [ -88.017630721420645, 38.034742501442238 ], [ -88.027730707870631, 38.031742512621832 ], [ -88.034131701922718, 38.032042513658467 ], [ -88.040231700177657, 38.035642504889175 ], [ -88.041575754639325, 38.038019297801092 ], [ -88.041698624892305, 38.038236578537422 ], [ -88.042135702280788, 38.039009495447907 ], [ -88.042131710961058, 38.046342473802383 ], [ -88.037831719867611, 38.05024246174343 ], [ -88.032631726843121, 38.05174245678451 ], [ -88.020630738954949, 38.051842455146186 ], [ -88.00132975787912, 38.051542453745313 ], [ -87.978734750715873, 38.059812467133959 ], [ -87.967225749147772, 38.067102466613711 ], [ -87.957969468228384, 38.083838604800789 ], [ -87.956663761653644, 38.086199432499605 ], [ -87.957463110377347, 38.088910337274491 ], [ -87.957513591522371, 38.089081538619638 ], [ -87.959817939843305, 38.096896486744427 ], [ -87.960462779934062, 38.099083392156885 ], [ -87.962209782682365, 38.100051386902237 ], [ -87.968030783744055, 38.096273388015682 ], [ -88.004696793742426, 38.083962369563004 ], [ -88.01138978777513, 38.0846883664084 ], [ -88.014632791322853, 38.09039535039058 ], [ -88.016728797410593, 38.097254331237416 ], [ -88.013117808685237, 38.103524315493637 ], [ -87.998309826693344, 38.108485310047037 ], [ -87.983067810614315, 38.107136336527141 ], [ -87.975298806670295, 38.110050340591449 ], [ -87.973773810362701, 38.114444331305478 ], [ -87.974271819668246, 38.121978310723414 ], [ -87.970975994917282, 38.127985235145687 ], [ -87.969463825195476, 38.130741294607503 ], [ -87.96575482371199, 38.132618294991836 ], [ -87.960481817892415, 38.132092304003422 ], [ -87.955871814252916, 38.132894308509776 ], [ -87.950691806116865, 38.130238323138428 ], [ -87.947467799533143, 38.127218335975989 ], [ -87.945471796895831, 38.126613340523114 ], [ -87.940437799893317, 38.133710328543479 ], [ -87.935134800973785, 38.139425320539658 ], [ -87.93135193830409, 38.140285642184985 ], [ -87.907946135040646, 38.13020296233725 ] ] ], [ [ [ -88.073056262341382, 37.867561520133918 ], [ -88.078528529251187, 37.879115867573383 ], [ -88.084384531297601, 37.885579851809958 ], [ -88.091845531265491, 37.890713838445066 ], [ -88.092917661211473, 37.89173873697537 ], [ -88.094955531734982, 37.893686831608825 ], [ -88.097891535521697, 37.9015148164954 ], [ -88.097759537302025, 37.904023812132188 ], [ -88.0944755405027, 37.905959809841775 ], [ -88.086236545046745, 37.905710813106445 ], [ -88.071448545700605, 37.89581083815046 ], [ -88.058155550184111, 37.892750850574252 ], [ -88.055372550332109, 37.891235855180533 ], [ -88.044925555668229, 37.89121386029602 ], [ -88.035991561708229, 37.892774860932647 ], [ -88.029137565130725, 37.892634864492862 ], [ -88.026363043260304, 37.890209157439081 ], [ -88.073056262341382, 37.867561520133918 ] ] ] ] } },
{ "type": "Feature", "properties": { "hex_id": 5, "area_km2": 995.26549325668191 }, "geometry": { "type": "Polygon", "coordinates": [ [ [ -87.902462022007967, 37.950150619827724 ], [ -87.907946135040646, 38.13020296233725 ], [ -87.71304154707876, 38.223840950527389 ], [ -87.513068291211127, 38.137076310296166 ], [ -87.508549166097595, 37.956979623853471 ], [ -87.560621544667512, 37.932056062003696 ], [ -87.56206969246594, 37.933288861619026 ], [ -87.568296709915074, 37.940630862409627 ], [ -87.572145725301041, 37.946631861929951 ], [ -87.573121261123333, 37.949980340220016 ], [ -87.573192380507251, 37.95022445398758 ], [ -87.573604740633826, 37.951639859757428 ], [ -87.576987737184254, 37.952284862884156 ], [ -87.57449375875305, 37.957209856594865 ], [ -87.574099776714064, 37.962105852554004 ], [ -87.575330496076489, 37.966389525527447 ], [ -87.575728793624975, 37.967775850167634 ], [ -87.579180800077467, 37.971530851261349 ], [ -87.584544800241076, 37.974654855023438 ], [ -87.588144628881608, 37.975190430928514 ], [ -87.590022792072133, 37.975469860611426 ], [ -87.596170777820063, 37.974857867950156 ], [ -87.600705479463286, 37.971872783440105 ], [ -87.601572755814033, 37.971301876394698 ], [ -87.603297739826374, 37.967284880978426 ], [ -87.603305286968407, 37.966927561946385 ], [ -87.603445717517175, 37.960278885779047 ], [ -87.605589682071724, 37.950141894760563 ], [ -87.607904668432823, 37.946971899275034 ], [ -87.61060652581331, 37.944829004255375 ], [ -87.615227639169234, 37.941163910640007 ], [ -87.619048625462412, 37.938514916244813 ], [ -87.617614623326958, 37.937059915677921 ], [ -87.618733612424464, 37.933925918774612 ], [ -87.621410600927987, 37.931312923104834 ], [ -87.623389192117472, 37.930445272909083 ], [ -87.625273590598482, 37.929618928033001 ], [ -87.627891566119814, 37.922250935072952 ], [ -87.625591551337607, 37.916025936563216 ], [ -87.622444543844125, 37.912112935904553 ], [ -87.620794532820128, 37.907673937056856 ], [ -87.616996442731121, 37.90502877980316 ], [ -87.666281036498248, 37.881362908945775 ], [ -87.664381435161957, 37.886733988934211 ], [ -87.664330440690691, 37.889067987715137 ], [ -87.665258448725567, 37.892848986658635 ], [ -87.666839454022906, 37.895760986652348 ], [ -87.671761458418104, 37.899799989216497 ], [ -87.679130457776836, 37.902948994594603 ], [ -87.683399454656211, 37.903596998298504 ], [ -87.684636193544648, 37.903410929226716 ], [ -87.687048449666008, 37.90304800196494 ], [ -87.700711364273488, 37.897755406371324 ], [ -87.710674408846756, 37.893896027586862 ], [ -87.723634393866291, 37.892056040055635 ], [ -87.727811539774066, 37.893044901773706 ], [ -87.733299388410671, 37.894344048092641 ], [ -87.738124384374288, 37.89469605239308 ], [ -87.755916323218941, 37.891817030669372 ], [ -87.762590378870655, 37.890737055246063 ], [ -87.763697493299574, 37.890047413406485 ], [ -87.902462022007967, 37.950150619827724 ] ] ] } },
{ "type": "Feature", "properties": { "hex_id": 6, "area_km2": 995.66582125249738 }, "geometry": { "type": "Polygon", "coordinates": [ [ [ -87.508549166097595, 37.956979623853471 ], [ -87.513068291211127, 38.137076310296166 ], [ -87.317613638500333, 38.230071091173791 ], [ -87.11806848407717, 38.142622644037438 ], [ -87.114515088742152, 37.962490098783057 ], [ -87.278857961980364, 37.884452361522712 ], [ -87.280415400038251, 37.885639566758961 ], [ -87.298314432046553, 37.89592058700898 ], [ -87.302943293908385, 37.897704257323717 ], [ -87.304397441909401, 37.898264593873549 ], [ -87.319753471285736, 37.905521610358086 ], [ -87.333538491866491, 37.908335625762206 ], [ -87.335855492209845, 37.907400628821463 ], [ -87.344932510869299, 37.91116163809528 ], [ -87.352737531902505, 37.916088645178398 ], [ -87.356335545429388, 37.919719647773988 ], [ -87.357764548842411, 37.920364649122277 ], [ -87.361367554462959, 37.920813653014434 ], [ -87.363673561109067, 37.92223865498628 ], [ -87.37052158621357, 37.928231659868104 ], [ -87.373409598238581, 37.931155661647544 ], [ -87.373441614430376, 37.931958986966364 ], [ -87.373452601309751, 37.93223466117071 ], [ -87.385433634028459, 37.937667671404554 ], [ -87.39117063251642, 37.939059401430868 ], [ -87.39142550775334, 37.939121231237209 ], [ -87.39578865696582, 37.940179681112021 ], [ -87.396826535244614, 37.940582182618535 ], [ -87.402237674581443, 37.942680686515004 ], [ -87.403421591937146, 37.942897566059187 ], [ -87.404375721559717, 37.943072351228032 ], [ -87.413324698330527, 37.94471169695862 ], [ -87.414073795034113, 37.944684296887459 ], [ -87.42321157906882, 37.944350059767253 ], [ -87.424150713841499, 37.944315708584135 ], [ -87.428306722874638, 37.945044712456699 ], [ -87.437800734712638, 37.944220722997194 ], [ -87.447785743412439, 37.94242473483753 ], [ -87.450457743762854, 37.941448738402698 ], [ -87.451170341535402, 37.941081412533933 ], [ -87.460795809977512, 37.936120082305429 ], [ -87.508549166097595, 37.956979623853471 ] ] ] } },
{ "type": "Feature", "properties": { "hex_id": 7, "area_km2": 911.86275203836044 }, "geometry": { "type": "Polygon", "coordinates": [ [ [ -87.114515088742152, 37.962490098783057 ], [ -87.11806848407717, 38.142622644037438 ], [ -86.922076569437493, 38.234969306449081 ], [ -86.722973363877429, 38.146841125830996 ], [ -86.720386603288802, 37.966681511314526 ], [ -86.771304394149467, 37.942777591606166 ], [ -86.774028729884179, 37.947075609290586 ], [ -86.774704675174874, 37.948142162266159 ], [ -86.775506886546893, 37.949407946552938 ], [ -86.776186247493968, 37.950340890294065 ], [ -86.777173510636018, 37.951696665858144 ], [ -86.779913897798977, 37.95545994822006 ], [ -86.77856789895911, 37.957295951272606 ], [ -86.779259101491135, 37.958375983848143 ], [ -86.781333906646466, 37.961617952823872 ], [ -86.787166920389822, 37.968798954223928 ], [ -86.790507937032288, 37.980043961914888 ], [ -86.793798947712659, 37.986538965061747 ], [ -86.795508952676826, 37.989450966249116 ], [ -86.800135445122308, 37.991287236978316 ], [ -86.803132962518816, 37.992476961923145 ], [ -86.804924450056106, 37.993552681201173 ], [ -86.805058466885015, 37.993633153146156 ], [ -86.810911974440216, 37.997147959035907 ], [ -86.813483685205014, 37.998168017016418 ], [ -86.814676662382283, 37.998641206267884 ], [ -86.815265980007723, 37.998874956562112 ], [ -86.820069984456126, 37.999389952490148 ], [ -86.82348998663376, 37.998936948800363 ], [ -86.835159989742635, 37.993747932697261 ], [ -86.849025996458025, 37.990017915917605 ], [ -86.855948998832616, 37.987289906707282 ], [ -86.863222999115806, 37.982492895171909 ], [ -86.869027997332793, 37.976891884260915 ], [ -86.875872995864071, 37.97076787186105 ], [ -86.879362997009849, 37.969265867099928 ], [ -86.886478995790313, 37.963066854375143 ], [ -86.890288992522727, 37.957423845327547 ], [ -86.901981989906901, 37.94644582366859 ], [ -86.907259593259312, 37.943324583324085 ], [ -86.909316991249511, 37.94210781253733 ], [ -86.917947993167971, 37.937237799667919 ], [ -86.9258239975468, 37.935106790149391 ], [ -86.933356003816954, 37.934936782841902 ], [ -86.944632011956458, 37.933531770797735 ], [ -86.964784028033051, 37.932381750581456 ], [ -86.968003031453321, 37.932993748115486 ], [ -86.978832958194374, 37.930229154046359 ], [ -86.97895603791369, 37.930197735047024 ], [ -87.003300052859302, 37.922392705226713 ], [ -87.012372062463498, 37.918705695312674 ], [ -87.013671104814975, 37.91796403793164 ], [ -87.114515088742152, 37.962490098783057 ] ] ] } },
{ "type": "Feature", "properties": { "hex_id": 8, "area_km2": 697.43295107286929 }, "geometry": { "type": "Polygon", "coordinates": [ [ [ -86.327808494656495, 38.14973056232386 ], [ -86.327664373035532, 38.13375801922939 ], [ -86.329109525429359, 38.131997292659847 ], [ -86.333663531681765, 38.129233289250713 ], [ -86.340554540662694, 38.127735285360856 ], [ -86.352464555973114, 38.128457280346879 ], [ -86.375322585900335, 38.130627271353333 ], [ -86.37977359135914, 38.129272268501907 ], [ -86.387806600201955, 38.12439026165702 ], [ -86.391838602740549, 38.117146254911603 ], [ -86.396144604095383, 38.107150245973081 ], [ -86.401877609344425, 38.104327241043144 ], [ -86.405066613527055, 38.105799240423032 ], [ -86.417331528838929, 38.116343895831861 ], [ -86.418199634387122, 38.117090242071498 ], [ -86.426539654245104, 38.123112844993976 ], [ -86.429539653227735, 38.125279242965441 ], [ -86.439686667574819, 38.127410240006242 ], [ -86.449791680360491, 38.127221235241571 ], [ -86.457113687440184, 38.124529229581107 ], [ -86.461032403111091, 38.121172791928856 ], [ -86.463246690455776, 38.119276222116035 ], [ -86.466079689469879, 38.114435216462105 ], [ -86.46621568260646, 38.106779209597939 ], [ -86.463856674918134, 38.101175205876942 ], [ -86.458831665040407, 38.096004204068372 ], [ -86.449992652692316, 38.0920292055579 ], [ -86.447453649945004, 38.091792206777541 ], [ -86.434044633049936, 38.086761210272925 ], [ -86.431352628293268, 38.083464209222001 ], [ -86.430089624003628, 38.078636206176576 ], [ -86.432787618860075, 38.067169195494635 ], [ -86.433234590568105, 38.066615711355432 ], [ -86.438234618579514, 38.060424186620281 ], [ -86.452190621251034, 38.05048816913623 ], [ -86.462083625480602, 38.04753015983443 ], [ -86.471901630794179, 38.046216151902065 ], [ -86.480391635739181, 38.045576145443398 ], [ -86.490768021377988, 38.045670622618324 ], [ -86.500049648854471, 38.045755132019856 ], [ -86.511758662167935, 38.044446126022528 ], [ -86.517287667097591, 38.042632122105815 ], [ -86.519402668190935, 38.041239119975103 ], [ -86.521823667947587, 38.038325116343628 ], [ -86.524683338923793, 38.028821952298301 ], [ -86.52487174270864, 38.028195855084753 ], [ -86.52496766009034, 38.027877105621663 ], [ -86.524383648789708, 38.018607097368495 ], [ -86.524654642645913, 38.012892092070189 ], [ -86.525669637455309, 38.007143086534192 ], [ -86.525842628123669, 37.998383078297202 ], [ -86.524886612015223, 37.98183206114502 ], [ -86.525172600189663, 37.968226046760464 ], [ -86.523829593045519, 37.962167040730293 ], [ -86.520501581933033, 37.954436033433872 ], [ -86.518573577163096, 37.951796031136453 ], [ -86.512586565392752, 37.946948027517088 ], [ -86.509388557519543, 37.942490023598836 ], [ -86.507041549362555, 37.936437017772555 ], [ -86.506618543890852, 37.930717011820832 ], [ -86.507829543730637, 37.928827009526564 ], [ -86.511003545233592, 37.926118005894011 ], [ -86.519238551722182, 37.922160999736448 ], [ -86.526147300796453, 37.919451459383247 ], [ -86.528277559438507, 37.918615993844405 ], [ -86.534154565030519, 37.917004990753803 ], [ -86.54072057277584, 37.916868989049462 ], [ -86.548505583014659, 37.917839988210524 ], [ -86.566254608488265, 37.922161988461632 ], [ -86.580320626441207, 37.923142986099712 ], [ -86.586540633101691, 37.922282983720905 ], [ -86.58857963443468, 37.92115698207423 ], [ -86.596123636553756, 37.914286973224485 ], [ -86.597742638879922, 37.9119743443039 ], [ -86.720386603288802, 37.966681511314526 ], [ -86.722973363877429, 38.146841125830996 ], [ -86.526456662224717, 38.238534930803674 ], [ -86.377533637291563, 38.172012091097869 ], [ -86.377432598398613, 38.171377296121683 ], [ -86.37173858778921, 38.164181293571026 ], [ -86.366053578511114, 38.161529293971498 ], [ -86.35754956526678, 38.159905296076914 ], [ -86.349111714896466, 38.159280675777048 ], [ -86.327808494656495, 38.14973056232386 ] ] ] } },
{ "type": "Feature", "properties": { "hex_id": 9, "area_km2": 640.70047674505872 }, "geometry": { "type": "MultiPolygon", "coordinates": [ [ [ [ -86.130779385531937, 38.240766783881242 ], [ -85.932599899440717, 38.151290560436948 ], [ -85.932108039616054, 38.01535963437771 ], [ -85.9396068871945, 38.009819453769175 ], [ -85.942213891528638, 38.007265449274449 ], [ -85.947111898926096, 38.005083443240558 ], [ -85.954635909356824, 38.004655436639482 ], [ -85.972915935326029, 38.00257241972718 ], [ -85.977420941121096, 38.003386416722748 ], [ -85.999005069421685, 37.999981197135149 ], [ -86.004042983121593, 37.999186392238833 ], [ -86.018449014787791, 37.996526381769407 ], [ -86.025559030388365, 37.994503375354434 ], [ -86.029507039073536, 37.992638370501062 ], [ -86.030710754212805, 37.991605103717134 ], [ -86.032466045640035, 37.990098364879941 ], [ -86.035101051689253, 37.984356353837143 ], [ -86.03543005259661, 37.981358348505793 ], [ -86.033576049543413, 37.970229330034982 ], [ -86.03426531803629, 37.965252762337862 ], [ -86.034353051565191, 37.964619319986475 ], [ -86.036011055157303, 37.961701314203914 ], [ -86.038188059717044, 37.959586309575684 ], [ -86.04230506813191, 37.95816930529012 ], [ -86.046734077069488, 37.958993304758522 ], [ -86.050027083717211, 37.960498305923707 ], [ -86.057995099997612, 37.967669314957298 ], [ -86.064857114421017, 37.975616325925671 ], [ -86.067998600337731, 37.98066015268963 ], [ -86.06989712539638, 37.983708338011169 ], [ -86.075930139091824, 37.995491356270627 ], [ -86.075461138208354, 37.997181359448042 ], [ -86.079387146564997, 38.00062336322538 ], [ -86.079402416013806, 38.00063282095401 ], [ -86.08633915888953, 38.0049293631212 ], [ -86.099061901360173, 38.010422126798801 ], [ -86.104165192562604, 38.012625360227318 ], [ -86.117521219670877, 38.015439355973164 ], [ -86.128298242539231, 38.016190351591135 ], [ -86.133307781149625, 38.015821479018392 ], [ -86.147895286019761, 38.01474734213209 ], [ -86.152483297159179, 38.013014339257886 ], [ -86.165311327174507, 38.009865332190493 ], [ -86.16936562285089, 38.009996218632388 ], [ -86.176555351339658, 38.010228327494474 ], [ -86.18847517940371, 38.015377813243873 ], [ -86.190925378170249, 38.016436323751478 ], [ -86.196462163785171, 38.018618760350982 ], [ -86.201322419685269, 38.020534528969456 ], [ -86.206109399677246, 38.022421414361602 ], [ -86.220709434303856, 38.028176314316745 ], [ -86.223326437556381, 38.031514314157121 ], [ -86.233446454584211, 38.038178311287197 ], [ -86.233337453299981, 38.039623311775564 ], [ -86.24692847890617, 38.044677306341832 ], [ -86.252727344806843, 38.047752214226527 ], [ -86.25925448717895, 38.051213300225768 ], [ -86.267201489358925, 38.056796296593397 ], [ -86.271381489508471, 38.061955295506117 ], [ -86.272626583078875, 38.065058697609864 ], [ -86.273582488184601, 38.067441295898959 ], [ -86.277702483709319, 38.082479298454921 ], [ -86.279023562565342, 38.099771720089088 ], [ -86.279098475659154, 38.100752303967241 ], [ -86.277905772788202, 38.105012584806893 ], [ -86.275360464416337, 38.114104310440297 ], [ -86.27026744932833, 38.129781317987991 ], [ -86.270603446304719, 38.135777319766895 ], [ -86.272845446487182, 38.140833320459286 ], [ -86.277127305208339, 38.145968064629002 ], [ -86.287108458495268, 38.157937320833696 ], [ -86.295738469195243, 38.164067320081067 ], [ -86.296330748162589, 38.164312018500937 ], [ -86.130779385531937, 38.240766783881242 ] ] ], [ [ [ -86.327808494656495, 38.14973056232386 ], [ -86.323582515459293, 38.151688991211586 ], [ -86.321189512154149, 38.147003303190488 ], [ -86.323845517414654, 38.138410298041187 ], [ -86.327664373035532, 38.13375801922939 ], [ -86.327808494656495, 38.14973056232386 ] ] ] ] } },
{ "type": "Feature", "properties": { "hex_id": 10, "area_km2": 27.699175036894626 }, "geometry": { "type": "Polygon", "coordinates": [ [ [ -85.932599899440717, 38.151290560436948 ], [ -85.907537707484835, 38.16278800164325 ], [ -85.907962820194641, 38.161471624735739 ], [ -85.909130823766432, 38.144385607269491 ], [ -85.908749825259548, 38.13379159755943 ], [ -85.906080131030123, 38.116884260810217 ], [ -85.905161825972726, 38.111068579361017 ], [ -85.904223826795075, 38.099800569463277 ], [ -85.905263829354482, 38.088931558075998 ], [ -85.906408950794614, 38.086292511761513 ], [ -85.907717460484378, 38.083276921058548 ], [ -85.912003838630966, 38.073398537053976 ], [ -85.913836840798965, 38.07195953401834 ], [ -85.915363624260593, 38.06515499343827 ], [ -85.916312845607848, 38.060924521355098 ], [ -85.918909852689509, 38.041193500482457 ], [ -85.921272857961938, 38.03031848823408 ], [ -85.925651865514311, 38.021782476526063 ], [ -85.931218874241992, 38.016016466478661 ], [ -85.932108039616054, 38.01535963437771 ], [ -85.932599899440717, 38.151290560436948 ] ] ] } },
{ "type": "Feature", "properties": { "hex_id": 11, "area_km2": 382.9370913851867 }, "geometry": { "type": "Polygon", "coordinates": [ [ [ -87.718110709547418, 38.403907605897402 ], [ -87.71304154707876, 38.223840950527389 ], [ -87.907946135040646, 38.13020296233725 ], [ -87.93135193830409, 38.140285642184985 ], [ -87.929422796689536, 38.140724325103548 ], [ -87.926626795878775, 38.142543324059091 ], [ -87.925499798794945, 38.14624831542266 ], [ -87.926894803414996, 38.149179305375853 ], [ -87.928269806689158, 38.150890298739043 ], [ -87.925890806473674, 38.15290929648242 ], [ -87.923652804412427, 38.153116299018762 ], [ -87.916844079543125, 38.15686997883649 ], [ -87.91518380078017, 38.157785297757144 ], [ -87.9114278011414, 38.161737291865137 ], [ -87.910622805505696, 38.166601279340099 ], [ -87.912552811974166, 38.170756265111081 ], [ -87.915665818005067, 38.173319253787675 ], [ -87.919058822302844, 38.173983247411428 ], [ -87.920651388764398, 38.173695158439919 ], [ -87.92290082560308, 38.173288244211747 ], [ -87.925288824871856, 38.170313249240877 ], [ -87.925895821307037, 38.166470259035442 ], [ -87.924512815009834, 38.162022273203839 ], [ -87.92638781346821, 38.1588372794333 ], [ -87.931210815696417, 38.156345279653621 ], [ -87.934298818991834, 38.156456275087692 ], [ -87.935250822493217, 38.158732267546462 ], [ -87.933758827166841, 38.16434825420766 ], [ -87.936442837737118, 38.171352231417551 ], [ -87.940490845956447, 38.174899216334431 ], [ -87.958922875933453, 38.184043167347305 ], [ -87.969864896679226, 38.191783132572233 ], [ -87.975818910239255, 38.197831109008952 ], [ -87.978196010230377, 38.2011174568512 ], [ -87.983972932549392, 38.209104069249008 ], [ -87.985164105235398, 38.215503495526981 ], [ -87.985626944964906, 38.217990044062063 ], [ -87.984869956630348, 38.228520017548682 ], [ -87.983700565848906, 38.230350493339138 ], [ -87.980468959735944, 38.23540900475686 ], [ -87.979628964830297, 38.24054699228347 ], [ -87.982399977706493, 38.248692967797126 ], [ -87.983520739084199, 38.250042963117259 ], [ -87.988036991110036, 38.25548295757568 ], [ -87.987721029028322, 38.256911955434845 ], [ -87.987617992407664, 38.257377957901355 ], [ -87.984704989448048, 38.257949961145144 ], [ -87.981867984630497, 38.256440964470414 ], [ -87.972258963836651, 38.247035983697387 ], [ -87.969946956830171, 38.243350996081638 ], [ -87.970642954490756, 38.240647002427117 ], [ -87.968967948748485, 38.237386012999714 ], [ -87.964278942054491, 38.236294021374157 ], [ -87.960224938308443, 38.237115023922726 ], [ -87.957991939133464, 38.240093018559342 ], [ -87.95888294770414, 38.246662999958602 ], [ -87.95760995006647, 38.250042992482122 ], [ -87.954031948385733, 38.253028996247885 ], [ -87.946064940812178, 38.255316005031929 ], [ -87.943029939206482, 38.257787008208005 ], [ -87.942066940094506, 38.260298009035175 ], [ -87.946613947620108, 38.262746003660865 ], [ -87.950650955949641, 38.266815998712524 ], [ -87.952197963156081, 38.273098996358847 ], [ -87.950297963882122, 38.276788998122498 ], [ -87.942332955990636, 38.279399006760102 ], [ -87.939211954879028, 38.282920009875617 ], [ -87.937518960027717, 38.292043010795176 ], [ -87.933555957903522, 38.295893014776233 ], [ -87.922832946312255, 38.299195026275868 ], [ -87.916488938040914, 38.299369033270445 ], [ -87.909535926451795, 38.296058041361455 ], [ -87.907993921761005, 38.292328043526709 ], [ -87.917085924537403, 38.28007503487823 ], [ -87.919469923422852, 38.274544032859261 ], [ -87.917614917783709, 38.270075035460074 ], [ -87.911109908249145, 38.268028043006723 ], [ -87.906840904128458, 38.269631047604207 ], [ -87.897802899685615, 38.279479056484007 ], [ -87.892328795245618, 38.282678061337819 ], [ -87.887848890892641, 38.285296066821871 ], [ -87.883586891794252, 38.295218070215491 ], [ -87.880082893595855, 38.30535007269706 ], [ -87.875663890496554, 38.309928076923974 ], [ -87.87053688492702, 38.312217082233786 ], [ -87.8642708755021, 38.310700089340109 ], [ -87.861119869566636, 38.307823093232471 ], [ -87.860452865962472, 38.303110094670259 ], [ -87.864811867253579, 38.295386090993716 ], [ -87.866247865942981, 38.289977090192529 ], [ -87.863031856070378, 38.280169095215086 ], [ -87.859650849805988, 38.276708099507893 ], [ -87.851129838219933, 38.275117109283343 ], [ -87.843449830194658, 38.278169117394711 ], [ -87.838978826672687, 38.282324121721189 ], [ -87.833933824349913, 38.29061112598756 ], [ -87.830952824737281, 38.299362127847516 ], [ -87.830848827635947, 38.30560512692719 ], [ -87.833401836518334, 38.316647122297923 ], [ -87.83198183962034, 38.326970122148886 ], [ -87.827683836941674, 38.33402312565255 ], [ -87.823410836390821, 38.345965128264069 ], [ -87.81379082573693, 38.353789137277502 ], [ -87.808889983618272, 38.359728453308755 ], [ -87.806701024771584, 38.362381245966468 ], [ -87.80607481814161, 38.363140143893368 ], [ -87.790250795507859, 38.366699160153523 ], [ -87.783078785328897, 38.36885916739709 ], [ -87.769720768516265, 38.380692179279642 ], [ -87.762592295539648, 38.388937685810674 ], [ -87.759374592773483, 38.392659603277345 ], [ -87.756792507788006, 38.395646301454555 ], [ -87.752700471159415, 38.400379560849352 ], [ -87.752697288035392, 38.400383242769422 ], [ -87.745253745764686, 38.408993199631901 ], [ -87.743771747255096, 38.413112200495206 ], [ -87.743687227901077, 38.414385368318683 ], [ -87.743651868755677, 38.414918016889061 ], [ -87.718110709547418, 38.403907605897402 ] ] ] } },
{ "type": "Feature", "properties": { "hex_id": 12, "area_km2": 1039.2304845413262 }, "geometry": { "type": "Polygon", "coordinates": [ [ [ -87.317613638500333, 38.230071091173791 ], [ -87.513068291211127, 38.137076310296166 ], [ -87.71304154707876, 38.223840950527389 ], [ -87.718110709547418, 38.403907605897402 ], [ -87.522228692820278, 38.497251983118083 ], [ -87.321704619642063, 38.410177970718223 ], [ -87.317613638500333, 38.230071091173791 ] ] ] } },
{ "type": "Feature", "properties": { "hex_id": 13, "area_km2": 1039.2304845413264 }, "geometry": { "type": "Polygon", "coordinates": [ [ [ -86.922076569437493, 38.234969306449081 ], [ -87.11806848407717, 38.142622644037438 ], [ -87.317613638500333, 38.230071091173791 ], [ -87.321704619642063, 38.410177970718223 ], [ -87.125271182346268, 38.502870258465698 ], [ -86.925188025879081, 38.415107855505333 ], [ -86.922076569437493, 38.234969306449081 ] ] ] } },
{ "type": "Feature", "properties": { "hex_id": 14, "area_km2": 1039.2304845413262 }, "geometry": { "type": "Polygon", "coordinates": [ [ [ -86.526456662224717, 38.238534930803674 ], [ -86.722973363877429, 38.146841125830996 ], [ -86.922076569437493, 38.234969306449081 ], [ -86.925188025879081, 38.415107855505333 ], [ -86.728216473811031, 38.507143136133159 ], [ -86.52858799891537, 38.41869634220469 ], [ -86.526456662224717, 38.238534930803674 ] ] ] } },
{ "type": "Feature", "properties": { "hex_id": 15, "area_km2": 1020.0096126358749 }, "geometry": { "type": "MultiPolygon", "coordinates": [ [ [ [ -86.526456662224717, 38.238534930803674 ], [ -86.52858799891537, 38.41869634220469 ], [ -86.331090778520732, 38.51007012285735 ], [ -86.131930350562243, 38.420942753281835 ], [ -86.130779385531937, 38.240766783881242 ], [ -86.296330748162589, 38.164312018500937 ], [ -86.317137500623332, 38.172905316631372 ], [ -86.329670904372676, 38.181700163056348 ], [ -86.333477526111196, 38.184371317110539 ], [ -86.342659181842549, 38.1914489800754 ], [ -86.347734550700608, 38.195361318951484 ], [ -86.357715568963641, 38.198805318340931 ], [ -86.358003858683745, 38.198761074821249 ], [ -86.36750258658509, 38.197303314997221 ], [ -86.373799597172663, 38.193350310947935 ], [ -86.375244784029846, 38.190856285432858 ], [ -86.378149603096091, 38.18584330504315 ], [ -86.378577602032081, 38.17857030030757 ], [ -86.377533637291563, 38.172012091097869 ], [ -86.526456662224717, 38.238534930803674 ] ] ], [ [ [ -86.327808494656495, 38.14973056232386 ], [ -86.349111714896466, 38.159280675777048 ], [ -86.344854545873446, 38.158965300165235 ], [ -86.328026520853399, 38.154784304258783 ], [ -86.323931515164062, 38.152372304652502 ], [ -86.323582515459293, 38.151688991211586 ], [ -86.327808494656495, 38.14973056232386 ] ] ] ] } },
{ "type": "Feature", "properties": { "hex_id": 16, "area_km2": 959.98720637032511 }, "geometry": { "type": "Polygon", "coordinates": [ [ [ -85.932599899440717, 38.151290560436948 ], [ -86.130779385531937, 38.240766783881242 ], [ -86.131930350562243, 38.420942753281835 ], [ -85.933920908859804, 38.511650434365237 ], [ -85.73524200953868, 38.42184665959681 ], [ -85.735099216570106, 38.270637774190128 ], [ -85.7354343744869, 38.270476300755206 ], [ -85.740854870582027, 38.267864900836663 ], [ -85.74467880954316, 38.267252344808881 ], [ -85.7446947730094, 38.267249787624365 ], [ -85.74507484857206, 38.267188903394917 ], [ -85.750653285461595, 38.267893407795427 ], [ -85.751197380212432, 38.267962120649678 ], [ -85.751472827418439, 38.267996906435933 ], [ -85.760930840361056, 38.271975899983346 ], [ -85.76139371031465, 38.272373228388496 ], [ -85.767159856504222, 38.277322898669581 ], [ -85.765895861087486, 38.279080901983029 ], [ -85.765988864601212, 38.280342903231166 ], [ -85.771404876279306, 38.284103901153429 ], [ -85.772265880598084, 38.285585901773715 ], [ -85.777373884479772, 38.286544897044195 ], [ -85.777390336468841, 38.286553593908401 ], [ -85.779512555177519, 38.287675442925369 ], [ -85.781024890739658, 38.288474895005102 ], [ -85.786901892319051, 38.28853188844316 ], [ -85.791076394106824, 38.287760586249881 ], [ -85.793228890559888, 38.287362880050317 ], [ -85.797267886828038, 38.28569587369504 ], [ -85.802392890793527, 38.284808650873678 ], [ -85.802408783240665, 38.284805899628587 ], [ -85.803806885173572, 38.284563865094697 ], [ -85.81739688215481, 38.282385847397094 ], [ -85.817808165815961, 38.28224267867008 ], [ -85.823706149258854, 38.28018957793752 ], [ -85.824529876692921, 38.279902836642904 ], [ -85.829213868003038, 38.276506827651275 ], [ -85.832122840542155, 38.271812774619946 ], [ -85.834031250721907, 38.268733275382274 ], [ -85.836165837192198, 38.265288807544053 ], [ -85.836625357666705, 38.26339106360988 ], [ -85.837629820038487, 38.259242799280479 ], [ -85.837623548859369, 38.258997959610369 ], [ -85.837416297030742, 38.2509064237912 ], [ -85.837392793312802, 38.249988789442348 ], [ -85.838251344213745, 38.244794444255938 ], [ -85.839088791852205, 38.239727776828936 ], [ -85.842899975400798, 38.233473534458007 ], [ -85.844378791787491, 38.231046761898888 ], [ -85.845352902404187, 38.229934781438189 ], [ -85.852355792959429, 38.221940743687384 ], [ -85.856200712878703, 38.219516241461506 ], [ -85.865838244027373, 38.213439076045866 ], [ -85.871942798948595, 38.209589709756258 ], [ -85.880261802228546, 38.203367694565657 ], [ -85.893541808910811, 38.189013666291252 ], [ -85.894889876377803, 38.187072546209947 ], [ -85.899545261341231, 38.180369127417876 ], [ -85.903870815912057, 38.1741406410788 ], [ -85.907537707484835, 38.16278800164325 ], [ -85.932599899440717, 38.151290560436948 ] ] ] } },
{ "type": "Feature", "properties": { "hex_id": 17, "area_km2": 200.91033530672777 }, "geometry": { "type": "Polygon", "coordinates": [ [ [ -85.73524200953868, 38.42184665959681 ], [ -85.53673317866118, 38.511883481003515 ], [ -85.482095086990611, 38.486995850082003 ], [ -85.482895392123638, 38.48570011821483 ], [ -85.488835915232158, 38.478035646679139 ], [ -85.491420433971911, 38.474701096960004 ], [ -85.498864462555716, 38.468241083727634 ], [ -85.50939447319611, 38.463491076306312 ], [ -85.515639574334386, 38.461114925015778 ], [ -85.524785479325573, 38.457635068526301 ], [ -85.538205476166993, 38.455213066844394 ], [ -85.54195914510511, 38.454788003305339 ], [ -85.552405469691635, 38.453605066894809 ], [ -85.562508463247511, 38.453324068444694 ], [ -85.566223461415987, 38.452793068316836 ], [ -85.574910455626508, 38.452574069717414 ], [ -85.586031450059039, 38.450091068047421 ], [ -85.597102444931863, 38.445101062664506 ], [ -85.604455440642354, 38.44081905780665 ], [ -85.609710437805361, 38.434816050023308 ], [ -85.618279429943726, 38.426352039713997 ], [ -85.620562010414247, 38.422590397980144 ], [ -85.62072242731378, 38.422326034484101 ], [ -85.62054142780535, 38.42042703163451 ], [ -85.622111749012319, 38.416813053133538 ], [ -85.624061423239922, 38.412326020863617 ], [ -85.629959413042812, 38.402305008341735 ], [ -85.632935406671095, 38.395664999893476 ], [ -85.632939107842745, 38.395653422038087 ], [ -85.633682951499793, 38.393326560305006 ], [ -85.635088336125506, 38.388930292164602 ], [ -85.635663096174426, 38.387132350464768 ], [ -85.636926999137074, 38.383178658620949 ], [ -85.637230829947143, 38.382228226858466 ], [ -85.637682358250046, 38.380815773453854 ], [ -85.637859393075999, 38.380261979922963 ], [ -85.637861995542622, 38.380245213546196 ], [ -85.638363391049126, 38.377014975539332 ], [ -85.638385406360385, 38.376095804978775 ], [ -85.638395125672062, 38.375690009877175 ], [ -85.638423038910091, 38.374524592411056 ], [ -85.638670299265115, 38.364201117589388 ], [ -85.638676386728861, 38.363946957177625 ], [ -85.642308690310017, 38.35238247490615 ], [ -85.644308364576517, 38.346015934810787 ], [ -85.644349610565143, 38.345926618724143 ], [ -85.645028746945272, 38.344455983451404 ], [ -85.64630602564678, 38.34169010117585 ], [ -85.650963360434261, 38.331604876114746 ], [ -85.651362334502224, 38.330740917570807 ], [ -85.654096153623243, 38.32601921405896 ], [ -85.655353316496573, 38.323847910500156 ], [ -85.659386178196655, 38.319894052498775 ], [ -85.659895297044883, 38.319394907238795 ], [ -85.666870188690496, 38.311778784921259 ], [ -85.66792325964569, 38.310628900597884 ], [ -85.673565229250116, 38.302323893392085 ], [ -85.67579487877417, 38.300794320134699 ], [ -85.676949886308961, 38.300001967484377 ], [ -85.683559180274813, 38.295467891364851 ], [ -85.699371174204259, 38.287850247183243 ], [ -85.703987657177734, 38.285626193073099 ], [ -85.704657929624645, 38.285303280098304 ], [ -85.705118700994632, 38.285081297148324 ], [ -85.716012546751244, 38.279833036551999 ], [ -85.732530942975771, 38.271875069465992 ], [ -85.735099216570106, 38.270637774190128 ], [ -85.73524200953868, 38.42184665959681 ] ] ] } },
{ "type": "Feature", "properties": { "hex_id": 18, "area_km2": 291.29612172887761 }, "geometry": { "type": "Polygon", "coordinates": [ [ [ -87.526870865736853, 38.677330877140399 ], [ -87.522228692820278, 38.497251983118083 ], [ -87.718110709547403, 38.403907605897402 ], [ -87.743651868755677, 38.414918016889061 ], [ -87.743492646936929, 38.417316462989639 ], [ -87.74282775152821, 38.427332198738284 ], [ -87.739766755699179, 38.437974200247602 ], [ -87.730698760806945, 38.442905210126824 ], [ -87.730368762663517, 38.44788120962496 ], [ -87.731973762960678, 38.450777207164606 ], [ -87.740524760359875, 38.454713196063786 ], [ -87.750796757293116, 38.454194183857567 ], [ -87.755930766884717, 38.455873178277223 ], [ -87.756713769467083, 38.460296176562984 ], [ -87.755354767986503, 38.463957177181243 ], [ -87.753839864783117, 38.46583910083497 ], [ -87.744643764660367, 38.477263186492898 ], [ -87.743215205813584, 38.47766497956583 ], [ -87.734853987902099, 38.480016635952857 ], [ -87.7346457713072, 38.480075198461734 ], [ -87.71404678332523, 38.479877224325968 ], [ -87.685920806643495, 38.491840258274593 ], [ -87.67837381553511, 38.498435267232573 ], [ -87.672381832146101, 38.507393281564532 ], [ -87.669810833611535, 38.507175284576618 ], [ -87.663700831201439, 38.50292828850155 ], [ -87.656740834160701, 38.501754296362172 ], [ -87.650091843331055, 38.504603307142752 ], [ -87.645344855608087, 38.510156317468997 ], [ -87.646225862938678, 38.515087320252171 ], [ -87.65012443392618, 38.517545177049023 ], [ -87.655282865539817, 38.520797314042085 ], [ -87.659475871856756, 38.526708314127319 ], [ -87.660977879346547, 38.532142317069109 ], [ -87.669231888168341, 38.5417393164456 ], [ -87.67007089299004, 38.54523431870799 ], [ -87.668449898180128, 38.547738322668103 ], [ -87.66543490401628, 38.54994332776198 ], [ -87.657271725064689, 38.553272728826741 ], [ -87.656394917018829, 38.553630340187141 ], [ -87.650703925732188, 38.556237348067484 ], [ -87.650213929625707, 38.558418350314149 ], [ -87.652744937246737, 38.564456352745182 ], [ -87.651528944181919, 38.568163356921723 ], [ -87.650180948333499, 38.570056359714421 ], [ -87.647247953046005, 38.571471363565493 ], [ -87.642936957944571, 38.572280368173416 ], [ -87.639566963813081, 38.574160372688354 ], [ -87.638072971037445, 38.577825376775507 ], [ -87.639774976380366, 38.581995378393692 ], [ -87.639951251047435, 38.58515486268859 ], [ -87.640209988681931, 38.589792383897965 ], [ -87.637782155043354, 38.592479648823868 ], [ -87.637626995589315, 38.592651388167539 ], [ -87.634822998105392, 38.592689390488161 ], [ -87.628156996365718, 38.588098392753189 ], [ -87.62289699776089, 38.586195395905897 ], [ -87.614508007193592, 38.587507403859227 ], [ -87.61196001232112, 38.589245407072596 ], [ -87.610907016869092, 38.591402409260276 ], [ -87.611350020196809, 38.593608410238367 ], [ -87.613461020748588, 38.595039409408813 ], [ -87.619443015121107, 38.594821404447494 ], [ -87.624143014520158, 38.596952402090665 ], [ -87.627293572963438, 38.605293246250014 ], [ -87.627348025699249, 38.60543740539088 ], [ -87.626602031131668, 38.60831740792807 ], [ -87.62053204303858, 38.612162414931049 ], [ -87.620352044237492, 38.612783415466829 ], [ -87.622759049170469, 38.617081416607604 ], [ -87.621794054240752, 38.619594418940288 ], [ -87.616152065542266, 38.623212425077149 ], [ -87.615736072760384, 38.627289427925746 ], [ -87.618924076570863, 38.631379428522919 ], [ -87.62090008258609, 38.636125430411902 ], [ -87.620120088936616, 38.639486433073742 ], [ -87.617315096117039, 38.642154436409058 ], [ -87.611479805664914, 38.643905835898941 ], [ -87.607896110082535, 38.644981443429288 ], [ -87.605817114721958, 38.646515445471252 ], [ -87.60295012556719, 38.65123344970857 ], [ -87.602863134374033, 38.656360452655925 ], [ -87.600180147474433, 38.66245945735642 ], [ -87.597247155338565, 38.66531146025455 ], [ -87.58768417319223, 38.66997746684995 ], [ -87.579397186102483, 38.672472471507945 ], [ -87.56439225416247, 38.674749434218221 ], [ -87.545538230534092, 38.677610486971957 ], [ -87.54005123907541, 38.679140489486137 ], [ -87.536119132702709, 38.681321902363287 ], [ -87.526870865736853, 38.677330877140399 ] ] ] } },
{ "type": "Feature", "properties": { "hex_id": 19, "area_km2": 1039.2304845413262 }, "geometry": { "type": "Polygon", "coordinates": [ [ [ -87.125271182346268, 38.502870258465698 ], [ -87.321704619642063, 38.410177970718223 ], [ -87.522228692820278, 38.497251983118083 ], [ -87.526870865736853, 38.677330877140399 ], [ -87.329997296009495, 38.770373960911932 ], [ -87.128921483886344, 38.682985184446949 ], [ -87.125271182346268, 38.502870258465698 ] ] ] } },
{ "type": "Feature", "properties": { "hex_id": 20, "area_km2": 1039.2304845413262 }, "geometry": { "type": "Polygon", "coordinates": [ [ [ -86.728216473811031, 38.507143136133159 ], [ -86.925188025879081, 38.415107855505333 ], [ -87.125271182346268, 38.502870258465698 ], [ -87.128921483886344, 38.682985184446949 ], [ -86.931495767293839, 38.775367480375444 ], [ -86.730873612155733, 38.687285620710156 ], [ -86.728216473811031, 38.507143136133159 ] ] ] } },
{ "type": "Feature", "properties": { "hex_id": 21, "area_km2": 1039.2304845413262 }, "geometry": { "type": "Polygon", "coordinates": [ [ [ -86.331090778520732, 38.51007012285735 ], [ -86.52858799891537, 38.41869634220469 ], [ -86.728216473811031, 38.507143136133159 ], [ -86.730873612155733, 38.687285620710156 ], [ -86.532908691313779, 38.779002481169414 ], [ -86.332754336687842, 38.690231555412225 ], [ -86.331090778520732, 38.51007012285735 ] ] ] } },
{ "type": "Feature", "properties": { "hex_id": 22, "area_km2": 1039.2304845413264 }, "geometry": { "type": "Polygon", "coordinates": [ [ [ -85.933920908859804, 38.511650434365237 ], [ -86.131930350562243, 38.420942753281835 ], [ -86.331090778520732, 38.51007012285735 ], [ -86.332754336687842, 38.690231555412225 ], [ -86.134263421489138, 38.781277807444525 ], [ -85.934590387705725, 38.69182184816804 ], [ -85.933920908859804, 38.511650434365237 ] ] ] } },
{ "type": "Feature", "properties": { "hex_id": 23, "area_km2": 1039.2304845413264 }, "geometry": { "type": "Polygon", "coordinates": [ [ [ -85.53673317866118, 38.511883481003515 ], [ -85.73524200953868, 38.42184665959681 ], [ -85.933920908859804, 38.511650434365237 ], [ -85.934590387705725, 38.69182184816804 ], [ -85.735586671785512, 38.782193146270338 ], [ -85.536408331720949, 38.69205626453563 ], [ -85.53673317866118, 38.511883481003515 ] ] ] } },
{ "type": "Feature", "properties": { "hex_id": 24, "area_km2": 266.58334229882979 }, "geometry": { "type": "Polygon", "coordinates": [ [ [ -85.53673317866118, 38.511883481003515 ], [ -85.536408331720949, 38.69205626453563 ], [ -85.33690455158748, 38.781748535476176 ], [ -85.148212443481043, 38.695510210202777 ], [ -85.156155487141234, 38.692250511540976 ], [ -85.173045544233972, 38.688021501391667 ], [ -85.176564554304704, 38.688462502481478 ], [ -85.178631898116208, 38.688311814113405 ], [ -85.180121614202861, 38.688203228942996 ], [ -85.188637592199626, 38.687582500697033 ], [ -85.192111600617963, 38.689092504110334 ], [ -85.201449313189727, 38.691051869665991 ], [ -85.204497634508613, 38.691691509751898 ], [ -85.213254655674618, 38.695445517397424 ], [ -85.221121671537915, 38.700956528130675 ], [ -85.226227679848861, 38.705866537372863 ], [ -85.235084688850492, 38.718001559398019 ], [ -85.24626239931959, 38.731529747092928 ], [ -85.246502702790153, 38.731820582165248 ], [ -85.248740983547492, 38.732890875337922 ], [ -85.258943747464855, 38.737769569496969 ], [ -85.26849279050171, 38.740164549584236 ], [ -85.278761838691267, 38.741644526015151 ], [ -85.28926488916224, 38.742356500476099 ], [ -85.295898848943835, 38.742021440573104 ], [ -85.30532296800132, 38.74154545879901 ], [ -85.333088638267185, 38.73620131197184 ], [ -85.333748107552054, 38.736074381847992 ], [ -85.336401120464728, 38.7349273742402 ], [ -85.337034405836491, 38.734794913110996 ], [ -85.348951180301725, 38.732302341302777 ], [ -85.36338002835322, 38.730674265331857 ], [ -85.365214256753049, 38.730467300592458 ], [ -85.367023265395858, 38.73100629655579 ], [ -85.369851493221418, 38.730705656803266 ], [ -85.369900885373553, 38.730700406432753 ], [ -85.372263289877665, 38.730449283568042 ], [ -85.384337005428762, 38.732891941189699 ], [ -85.397449172245175, 38.735544689098617 ], [ -85.397832413760071, 38.735622223419441 ], [ -85.410236474372581, 38.737134193105533 ], [ -85.419538517326146, 38.735512169893475 ], [ -85.423416534001589, 38.733834160260734 ], [ -85.425349542223785, 38.732982155507706 ], [ -85.436297588290287, 38.728483129184909 ], [ -85.442269604289891, 38.719849116135379 ], [ -85.443180728590349, 38.718937301889042 ], [ -85.450182628395666, 38.711930099652527 ], [ -85.450943627170474, 38.708881098663277 ], [ -85.452050259423061, 38.708343412592491 ], [ -85.452359632321247, 38.708193095721654 ], [ -85.45675362613288, 38.692251090720525 ], [ -85.456479613590801, 38.685068093339098 ], [ -85.455484604896853, 38.682089096112385 ], [ -85.454438285069941, 38.68091178702803 ], [ -85.444813545412913, 38.670082118721552 ], [ -85.438740508049747, 38.659318130866865 ], [ -85.438374857711153, 38.655522936567543 ], [ -85.437736490737691, 38.648897133601814 ], [ -85.438140788030083, 38.645828907038194 ], [ -85.439461479269511, 38.635806132372153 ], [ -85.43972744757113, 38.611492134871355 ], [ -85.439282440816939, 38.60740513588064 ], [ -85.436298420622805, 38.598389140153401 ], [ -85.433991739796525, 38.59478611078309 ], [ -85.428591882231416, 38.586351545339937 ], [ -85.41896934522741, 38.571321156550262 ], [ -85.415819330217474, 38.56355715817287 ], [ -85.415816197338444, 38.562863337065977 ], [ -85.415743313487553, 38.546722156171185 ], [ -85.417045311043438, 38.541725154887196 ], [ -85.422439311756747, 38.532930151614906 ], [ -85.428740316002333, 38.527072148962773 ], [ -85.433247265558691, 38.524681523228473 ], [ -85.438434325505412, 38.52193014592163 ], [ -85.458552346039525, 38.514677141754511 ], [ -85.466862351789786, 38.510839141218717 ], [ -85.467149228865011, 38.510590780710842 ], [ -85.473198491653648, 38.505353701367696 ], [ -85.475122350344691, 38.503688142904224 ], [ -85.479470363727245, 38.494532134469168 ], [ -85.481244382670781, 38.488373123236187 ], [ -85.482095086990611, 38.486995850082003 ], [ -85.53673317866118, 38.511883481003515 ] ] ] } },
{ "type": "Feature", "properties": { "hex_id": 25, "area_km2": 507.28744604619038 }, "geometry": { "type": "Polygon", "coordinates": [ [ [ -87.536281430815777, 39.037470974569182 ], [ -87.334199913289581, 38.950463373990978 ], [ -87.329997296009495, 38.770373960911932 ], [ -87.526870865736853, 38.677330877140399 ], [ -87.536119132702709, 38.681321902363287 ], [ -87.53540991210842, 38.681715328552237 ], [ -87.535341194853473, 38.68175345038042 ], [ -87.531231257367978, 38.684033493847139 ], [ -87.528708496840551, 38.686589746380911 ], [ -87.522039284475227, 38.693347498593994 ], [ -87.521132163382632, 38.695214346021217 ], [ -87.519038299264153, 38.699523500404219 ], [ -87.519188117532437, 38.702927442785168 ], [ -87.519519319170115, 38.710452501857496 ], [ -87.516707333320866, 38.716329503254542 ], [ -87.508515360388728, 38.725765505684208 ], [ -87.505833695812939, 38.73353529297048 ], [ -87.505339381489364, 38.73496750682434 ], [ -87.496520393137857, 38.739333509655509 ], [ -87.496242178518941, 38.741073623811261 ], [ -87.496076398069079, 38.742110510041961 ], [ -87.503318406875039, 38.747077507792852 ], [ -87.504006411057162, 38.749707507942595 ], [ -87.498948456812883, 38.757771524123967 ], [ -87.497702138580465, 38.762585612696405 ], [ -87.496998494928533, 38.765303540216166 ], [ -87.497881863802789, 38.767480024139353 ], [ -87.498216512036763, 38.76830454547234 ], [ -87.502516515170441, 38.769170545920822 ], [ -87.508183498001571, 38.767309541726021 ], [ -87.511969494320013, 38.767535541821523 ], [ -87.514373499795312, 38.769169544758157 ], [ -87.514548513460113, 38.771818549856796 ], [ -87.511798526198632, 38.77355555352738 ], [ -87.504301537619426, 38.773843554956791 ], [ -87.497430559630573, 38.777435564053555 ], [ -87.495199581176138, 38.781976574325306 ], [ -87.495905600229733, 38.785431580782692 ], [ -87.503129640119653, 38.792871592684754 ], [ -87.508211647885801, 38.795713597277349 ], [ -87.521595718682249, 38.813010627515581 ], [ -87.527342736315973, 38.818118635583623 ], [ -87.526463750206801, 38.82053564039272 ], [ -87.523910763267907, 38.822277644453337 ], [ -87.521681789157043, 38.82657365330919 ], [ -87.522212808633071, 38.830480660567424 ], [ -87.524035818294522, 38.832911664559376 ], [ -87.526695843269437, 38.838575674310377 ], [ -87.525893897564686, 38.848792693885692 ], [ -87.528194908573127, 38.851688698387022 ], [ -87.532064435293663, 38.85250115411575 ], [ -87.537248902562894, 38.853589698098638 ], [ -87.552028910623633, 38.860315703808453 ], [ -87.553394918718865, 38.862407706914588 ], [ -87.55206693169977, 38.864508711277018 ], [ -87.545719935657289, 38.863027711570979 ], [ -87.543188946240505, 38.86421171489723 ], [ -87.542606959653796, 38.866638719591528 ], [ -87.54761198031315, 38.872513727794875 ], [ -87.54737099645962, 38.875611733502758 ], [ -87.545204006175766, 38.876727736634074 ], [ -87.536817025365224, 38.877405742213853 ], [ -87.534920036454139, 38.878871745913038 ], [ -87.535537049048301, 38.881552750548153 ], [ -87.53828106555099, 38.885796756884609 ], [ -87.544293070029653, 38.888950759295554 ], [ -87.545131081175398, 38.891464763379219 ], [ -87.544920091663187, 38.893447767095594 ], [ -87.544090101648379, 38.895090770562192 ], [ -87.541629113069419, 38.896378774359988 ], [ -87.539123116690007, 38.896116775364085 ], [ -87.538591114729456, 38.895527774596388 ], [ -87.538412100000954, 38.892579769282264 ], [ -87.537719092875065, 38.890922766631995 ], [ -87.537597086077554, 38.889548764171373 ], [ -87.536265077763943, 38.887422760999137 ], [ -87.535704077728866, 38.887204760908972 ], [ -87.535173082444587, 38.887923762535578 ], [ -87.534364096596505, 38.890373767531038 ], [ -87.534473106468496, 38.892336771107828 ], [ -87.53639911409519, 38.894559774100948 ], [ -87.53659211886135, 38.895563775840799 ], [ -87.533696152297367, 38.900954787557453 ], [ -87.531338161294997, 38.901783790543604 ], [ -87.522510470876909, 38.90239244492966 ], [ -87.518009192865321, 38.902702800484839 ], [ -87.516729202861754, 38.904120804001245 ], [ -87.517733208929528, 38.905669806348321 ], [ -87.524315193092249, 38.905191801305108 ], [ -87.52729619751112, 38.907212803239197 ], [ -87.527888206577572, 38.909198806595782 ], [ -87.526034233203404, 38.91360381609708 ], [ -87.52770325480094, 38.918446824101316 ], [ -87.5260592733094, 38.92135283069863 ], [ -87.520635286387588, 38.921662835030958 ], [ -87.518827298252049, 38.92320283922858 ], [ -87.518790322552434, 38.927841848136708 ], [ -87.517978099991211, 38.929777909586612 ], [ -87.516629354149515, 38.932992859587664 ], [ -87.517356362753887, 38.934940862794051 ], [ -87.521852379604752, 38.940066869209289 ], [ -87.521285390062431, 38.941833873007759 ], [ -87.519577195599695, 38.943120648470249 ], [ -87.516344420530388, 38.945555883971132 ], [ -87.512928452225026, 38.950130895512807 ], [ -87.51218847642329, 38.95441490441862 ], [ -87.51334748207988, 38.955997906534719 ], [ -87.51742392355284, 38.958153349977529 ], [ -87.520615485396362, 38.95984090787362 ], [ -87.524965496067693, 38.963842911788838 ], [ -87.527003517104447, 38.968827919432044 ], [ -87.529497527180268, 38.971922923048602 ], [ -87.542438514973909, 38.97558491825292 ], [ -87.54803551628865, 38.978501918465639 ], [ -87.560280500959934, 38.981363912316816 ], [ -87.576532487629095, 38.98670890634866 ], [ -87.578494497682939, 38.9897469096083 ], [ -87.576985508892491, 38.991267913618486 ], [ -87.573403518590538, 38.991426917333619 ], [ -87.565194525930366, 38.988792920664501 ], [ -87.562044537090543, 38.989466924840364 ], [ -87.560428555870118, 38.992422931564242 ], [ -87.562889559719309, 38.994426932680071 ], [ -87.567086544811701, 38.993541927064364 ], [ -87.57542353838906, 38.996475923945319 ], [ -87.578655545072678, 38.999499925858018 ], [ -87.578890551051217, 39.002410926755182 ], [ -87.573762574378122, 39.008681932632349 ], [ -87.569697601805302, 39.019410938011852 ], [ -87.569805784729766, 39.021642282554389 ], [ -87.536281430815777, 39.037470974569182 ] ] ] } },
{ "type": "Feature", "properties": { "hex_id": 26, "area_km2": 1039.2304845413264 }, "geometry": { "type": "Polygon", "coordinates": [ [ [ -86.931495767293839, 38.775367480375444 ], [ -87.128921483886344, 38.682985184446949 ], [ -87.329997296009495, 38.770373960911932 ], [ -87.334199913289581, 38.950463373990978 ], [ -87.136320748725595, 39.043197950797577 ], [ -86.934692270222584, 38.955488821092416 ], [ -86.931495767293839, 38.775367480375444 ] ] ] } },
{ "type": "Feature", "properties": { "hex_id": 27, "area_km2": 1039.2304845413262 }, "geometry": { "type": "Polygon", "coordinates": [ [ [ -86.532908691313779, 38.779002481169414 ], [ -86.730873612155733, 38.687285620710156 ], [ -86.931495767293839, 38.775367480375444 ], [ -86.934692270222584, 38.955488821092416 ], [ -86.736259941948688, 39.047553826918723 ], [ -86.535098291441543, 38.95914719675428 ], [ -86.532908691313779, 38.779002481169414 ] ] ] } },
{ "type": "Feature", "properties": { "hex_id": 28, "area_km2": 1039.2304845413262 }, "geometry": { "type": "Polygon", "coordinates": [ [ [ -86.134263421489138, 38.781277807444525 ], [ -86.332754336687842, 38.690231555412225 ], [ -86.532908691313779, 38.779002481169414 ], [ -86.535098291441543, 38.95914719675428 ], [ -86.336126141556633, 39.050537465832171 ], [ -86.13544536262954, 38.961436871678096 ], [ -86.134263421489138, 38.781277807444525 ] ] ] } },
{ "type": "Feature", "properties": { "hex_id": 29, "area_km2": 1039.2304845413264 }, "geometry": { "type": "Polygon", "coordinates": [ [ [ -85.735586671785512, 38.782193146270338 ], [ -85.934590387705725, 38.69182184816804 ], [ -86.134263421489138, 38.781277807444525 ], [ -86.13544536262954, 38.961436871678096 ], [ -85.935945809416424, 39.052147738342626 ], [ -85.735761000966804, 38.962357988792874 ], [ -85.735586671785512, 38.782193146270338 ] ] ] } },
{ "type": "Feature", "properties": { "hex_id": 30, "area_km2": 1039.2304845413264 }, "geometry": { "type": "Polygon", "coordinates": [ [ [ -85.33690455158748, 38.781748535476176 ], [ -85.536408331720949, 38.69205626453563 ], [ -85.735586671785512, 38.782193146270338 ], [ -85.735761000966804, 38.962357988792874 ], [ -85.53575054147575, 39.052386080739119 ], [ -85.336072147642639, 38.961910621878374 ], [ -85.33690455158748, 38.781748535476176 ] ] ] } },
{ "type": "Feature", "properties": { "hex_id": 31, "area_km2": 1007.674378357867 }, "geometry": { "type": "Polygon", "coordinates": [ [ [ -85.33690455158748, 38.781748535476176 ], [ -85.336072147642639, 38.961910621878374 ], [ -85.135560357591402, 39.05124992219276 ], [ -84.936404064637514, 38.960094417190923 ], [ -84.938244404006198, 38.779944483521618 ], [ -84.948185383895307, 38.775533394695167 ], [ -84.962252126137045, 38.778177032886219 ], [ -84.979992100851121, 38.779583871359996 ], [ -84.990106639303676, 38.778696257534065 ], [ -84.991924076022585, 38.778536766068072 ], [ -84.993082653139581, 38.777984762085417 ], [ -84.999946046360492, 38.774714697970474 ], [ -85.010983048137604, 38.767031700133828 ], [ -85.02342244223955, 38.762102380406837 ], [ -85.033170203422685, 38.758239665586899 ], [ -85.040935088247039, 38.75516269895359 ], [ -85.052397102294236, 38.748139693446596 ], [ -85.055773397353533, 38.746839654042176 ], [ -85.059674127450862, 38.745337681478134 ], [ -85.063653416222792, 38.744112808875109 ], [ -85.07192516869496, 38.741566664924875 ], [ -85.079534197353155, 38.736901647937721 ], [ -85.094420026121142, 38.729218560922163 ], [ -85.097725263880619, 38.727512614544018 ], [ -85.101402276146715, 38.72655061078639 ], [ -85.106976299319001, 38.721629595379682 ], [ -85.106899300196218, 38.720788593014326 ], [ -85.113770240127579, 38.716320012183438 ], [ -85.125235371164649, 38.708863556771895 ], [ -85.127914723683404, 38.706503253593674 ], [ -85.131987399514998, 38.702915540105529 ], [ -85.13669441735064, 38.700235532669993 ], [ -85.148212443481043, 38.695510210202777 ], [ -85.33690455158748, 38.781748535476176 ] ] ] } },
{ "type": "Feature", "properties": { "hex_id": 32, "area_km2": 202.18097528358319 }, "geometry": { "type": "Polygon", "coordinates": [ [ [ -84.938244404006198, 38.779944483521618 ], [ -84.936404064637514, 38.960094417190923 ], [ -84.848190368461417, 38.999070672842805 ], [ -84.847733934243067, 38.998007812090513 ], [ -84.83982791443961, 38.991289869431363 ], [ -84.837734348558584, 38.98879384196087 ], [ -84.837117905383664, 38.988058895414149 ], [ -84.83347088765376, 38.981521944624944 ], [ -84.830616870123393, 38.974897993520614 ], [ -84.830523742421846, 38.974224240377573 ], [ -84.829854855718537, 38.969385030102046 ], [ -84.832614834703193, 38.9614600702538 ], [ -84.832849043557417, 38.961137814331707 ], [ -84.8336748096918, 38.960001614592201 ], [ -84.835157825109491, 38.957961082983957 ], [ -84.840157815220863, 38.954571085781126 ], [ -84.841051355147542, 38.953767546955874 ], [ -84.841536752119111, 38.95333104118653 ], [ -84.844158804666748, 38.950973092395536 ], [ -84.849314796060213, 38.948265088751263 ], [ -84.853009650956622, 38.943819567528905 ], [ -84.85373978000527, 38.942941101427635 ], [ -84.85660814659083, 38.940840394600116 ], [ -84.864728753441568, 38.934893099955161 ], [ -84.870756734494108, 38.92923110304082 ], [ -84.877759704749479, 38.920357114915532 ], [ -84.879265691094304, 38.916116127960386 ], [ -84.87922944371833, 38.915898246929181 ], [ -84.878814683069024, 38.913405142907223 ], [ -84.877026670734324, 38.909016172506391 ], [ -84.871156296784434, 38.901681906779068 ], [ -84.870568721525373, 38.900947808308622 ], [ -84.870121649115518, 38.900389249791303 ], [ -84.867775646949184, 38.899133268398913 ], [ -84.860756647356311, 38.897654313119382 ], [ -84.860054611345987, 38.897645091464881 ], [ -84.830469666886486, 38.897256476237537 ], [ -84.828646462675266, 38.896961870616025 ], [ -84.816935670664606, 38.89506956268395 ], [ -84.812743673763009, 38.895132584826307 ], [ -84.801081961528979, 38.8913427815964 ], [ -84.800244672987461, 38.891070681097723 ], [ -84.792479668845232, 38.8867437557873 ], [ -84.786403663486681, 38.882220824275819 ], [ -84.785231660495114, 38.880439844588174 ], [ -84.784576649722368, 38.8753208874287 ], [ -84.785796635713041, 38.869496924295163 ], [ -84.788299621785185, 38.864325947676463 ], [ -84.790999610642658, 38.860572958455144 ], [ -84.793711601528798, 38.857788961418009 ], [ -84.794830813266955, 38.857197626473713 ], [ -84.798456590778329, 38.855281948474541 ], [ -84.803244574896851, 38.850723948968998 ], [ -84.817166541394826, 38.843420903389337 ], [ -84.822700363132199, 38.839647086964618 ], [ -84.82336052341995, 38.839196887369745 ], [ -84.827485507372771, 38.834909885099776 ], [ -84.829955493145562, 38.830632893869044 ], [ -84.829952628215651, 38.830424948415747 ], [ -84.829883479582165, 38.825405926961849 ], [ -84.827095465739646, 38.818634990703664 ], [ -84.816503447148676, 38.805321161033994 ], [ -84.811642423661297, 38.792767285862851 ], [ -84.811749414670388, 38.789170309363712 ], [ -84.812874405237793, 38.786088320456066 ], [ -84.81316002756958, 38.78582941274005 ], [ -84.814638398334267, 38.784489315760055 ], [ -84.82137538350824, 38.783112265526768 ], [ -84.828854371252802, 38.783272198519576 ], [ -84.837805360485532, 38.784907109779873 ], [ -84.852863347816424, 38.789382952995553 ], [ -84.861986337802293, 38.791086865306269 ], [ -84.876829911690706, 38.792467598747358 ], [ -84.877218317366854, 38.792503727846309 ], [ -84.887282308246938, 38.794776631783805 ], [ -84.893927294266049, 38.793704580089397 ], [ -84.896435222972173, 38.792731731761563 ], [ -84.903432267018474, 38.790017513931339 ], [ -84.908144334287471, 38.78764886107394 ], [ -84.9152312277688, 38.784086433691677 ], [ -84.926419196400374, 38.780479347053998 ], [ -84.932974174704015, 38.777519297731807 ], [ -84.932975225912884, 38.777519091556762 ], [ -84.938244404006198, 38.779944483521618 ] ] ] } },
{ "type": "Feature", "properties": { "hex_id": 33, "area_km2": 136.2871712398329 }, "geometry": { "type": "Polygon", "coordinates": [ [ [ -87.541049751929663, 39.217531717945313 ], [ -87.536281430815777, 39.037470974569182 ], [ -87.569805784729766, 39.021642282554389 ], [ -87.569876607396154, 39.023102938288865 ], [ -87.575028613828593, 39.034059934476986 ], [ -87.580253611431715, 39.039374929883905 ], [ -87.580208615952174, 39.041937930240152 ], [ -87.572556645751263, 39.050053938921572 ], [ -87.572589657641146, 39.057283939777221 ], [ -87.578703652990214, 39.061695934155679 ], [ -87.583547654504628, 39.06794493002635 ], [ -87.590134772706961, 39.072271313756737 ], [ -87.591516648990776, 39.073178922605265 ], [ -87.595560652367993, 39.078975919204176 ], [ -87.601102647106174, 39.081402913881547 ], [ -87.61069762979281, 39.081231904149824 ], [ -87.615965623215089, 39.082563898969681 ], [ -87.618189593240686, 39.085016738559439 ], [ -87.620979626070124, 39.088093894518465 ], [ -87.620388634287451, 39.091519895505186 ], [ -87.615466651267198, 39.095768900982506 ], [ -87.613947661442239, 39.099533902955535 ], [ -87.614882666349914, 39.102652902362131 ], [ -87.618386664251759, 39.104281898985178 ], [ -87.632656643476111, 39.104905884543413 ], [ -87.638586636545796, 39.105891878620504 ], [ -87.644610623871927, 39.104429872334649 ], [ -87.649167617682693, 39.104800867740408 ], [ -87.652797616969281, 39.106836864265688 ], [ -87.654840950983456, 39.110550515910298 ], [ -87.65504362345807, 39.110918862413619 ], [ -87.654183630702207, 39.113379863550804 ], [ -87.651023642653996, 39.116436867096809 ], [ -87.641589651853408, 39.114539876506996 ], [ -87.635904668655243, 39.118326882716403 ], [ -87.634972673924707, 39.120086883860722 ], [ -87.635101678698248, 39.122295883972463 ], [ -87.637988677270101, 39.12342588114992 ], [ -87.640891671782924, 39.122771878115302 ], [ -87.642171671029701, 39.123209876856485 ], [ -87.642056675407673, 39.12503787717263 ], [ -87.643146682094724, 39.128559876441798 ], [ -87.646169681199353, 39.129883873495608 ], [ -87.651501676437192, 39.130814868145173 ], [ -87.655240675131722, 39.13228086447824 ], [ -87.658746679769664, 39.135994861284175 ], [ -87.658202686374608, 39.138401862094661 ], [ -87.653202706021034, 39.143990867808903 ], [ -87.653264714930728, 39.147711868141428 ], [ -87.651720723626539, 39.15059987003351 ], [ -87.644971739802784, 39.154298877360318 ], [ -87.642176749283777, 39.157094880535034 ], [ -87.637444753543846, 39.156770885362441 ], [ -87.634380749286748, 39.153416888141074 ], [ -87.631572751390692, 39.152983890976657 ], [ -87.628744756517179, 39.1539148939843 ], [ -87.627743762631155, 39.156227895270625 ], [ -87.629368011363582, 39.157529512606722 ], [ -87.630376764469574, 39.1583378927997 ], [ -87.637427758662312, 39.159022885626918 ], [ -87.641413757581091, 39.1603488816734 ], [ -87.642066761819976, 39.162474881233059 ], [ -87.640435773204686, 39.166724883374521 ], [ -87.636491781760341, 39.168830887666822 ], [ -87.625025793587639, 39.169293899529585 ], [ -87.620522799999463, 39.170327904285408 ], [ -87.619405804676035, 39.172063905633152 ], [ -87.61941636671628, 39.172084574378907 ], [ -87.620797809145955, 39.17478790450641 ], [ -87.621398817232077, 39.178865904347234 ], [ -87.620428815572453, 39.185021661000874 ], [ -87.620401831394517, 39.185192906092247 ], [ -87.618552835379546, 39.186401908140304 ], [ -87.61104683656265, 39.184087915632709 ], [ -87.605174844809667, 39.185894921909721 ], [ -87.603046856972526, 39.191301924740188 ], [ -87.600100863220504, 39.193438928039015 ], [ -87.594152870229834, 39.194929934372539 ], [ -87.58659188389683, 39.199623942764894 ], [ -87.584978894957032, 39.205273945116843 ], [ -87.577030909652208, 39.211120954076577 ], [ -87.574559923179621, 39.218401957535427 ], [ -87.576668445162724, 39.232764201499634 ], [ -87.541049751929663, 39.217531717945313 ] ] ] } },
{ "type": "Feature", "properties": { "hex_id": 34, "area_km2": 1039.2304845413262 }, "geometry": { "type": "Polygon", "coordinates": [ [ [ -87.136320748725595, 39.043197950797577 ], [ -87.334199913289581, 38.950463373990978 ], [ -87.536281430815777, 39.037470974569182 ], [ -87.541049751929663, 39.217531717945313 ], [ -87.342718318071888, 39.310623923208929 ], [ -87.140070254491903, 39.223295537713753 ], [ -87.136320748725595, 39.043197950797577 ] ] ] } },
{ "type": "Feature", "properties": { "hex_id": 35, "area_km2": 1039.2304845413262 }, "geometry": { "type": "Polygon", "coordinates": [ [ [ -86.736259941948688, 39.047553826918723 ], [ -86.934692270222584, 38.955488821092416 ], [ -87.136320748725595, 39.043197950797577 ], [ -87.140070254491903, 39.223295537713753 ], [ -86.941171412899664, 39.315714158533133 ], [ -86.738989462479338, 39.227679327376563 ], [ -86.736259941948688, 39.047553826918723 ] ] ] } },
{ "type": "Feature", "properties": { "hex_id": 36, "area_km2": 1039.2304845413262 }, "geometry": { "type": "Polygon", "coordinates": [ [ [ -86.336126141556633, 39.050537465832171 ], [ -86.535098291441543, 38.95914719675428 ], [ -86.736259941948688, 39.047553826918723 ], [ -86.738989462479338, 39.227679327376563 ], [ -86.539536498575885, 39.319419533253175 ], [ -86.337834406310009, 39.230681891416687 ], [ -86.336126141556633, 39.050537465832171 ] ] ] } },
{ "type": "Feature", "properties": { "hex_id": 37, "area_km2": 1039.2304845413264 }, "geometry": { "type": "Polygon", "coordinates": [ [ [ -85.935945809416424, 39.052147738342626 ], [ -86.13544536262954, 38.961436871678096 ], [ -86.336126141556633, 39.050537465832171 ], [ -86.337834406310009, 39.230681891416687 ], [ -86.137838114371206, 39.321737091879491 ], [ -85.936630799618257, 39.23230180183517 ], [ -85.935945809416424, 39.052147738342626 ] ] ] } },
{ "type": "Feature", "properties": { "hex_id": 38, "area_km2": 1039.2304845413264 }, "geometry": { "type": "Polygon", "coordinates": [ [ [ -85.53575054147575, 39.052386080739119 ], [ -85.735761000966804, 38.962357988792874 ], [ -85.935945809416424, 39.052147738342626 ], [ -85.936630799618257, 39.23230180183517 ], [ -85.736112536481997, 39.32267106086961 ], [ -85.535415658676513, 39.232542326833439 ], [ -85.53575054147575, 39.052386080739119 ] ] ] } },
{ "type": "Feature", "properties": { "hex_id": 39, "area_km2": 1039.2304845413262 }, "geometry": { "type": "Polygon", "coordinates": [ [ [ -85.135560357591402, 39.05124992219276 ], [ -85.336072147642639, 38.961910621878374 ], [ -85.53575054147575, 39.052386080739119 ], [ -85.535415658676513, 39.232542326833439 ], [ -85.334382109532015, 39.322217886567984 ], [ -85.134204891939888, 39.231398834871719 ], [ -85.135560357591402, 39.05124992219276 ] ] ] } },
{ "type": "Feature", "properties": { "hex_id": 40, "area_km2": 812.29923310695222 }, "geometry": { "type": "Polygon", "coordinates": [ [ [ -84.936404064637514, 38.960094417190923 ], [ -85.135560357591402, 39.05124992219276 ], [ -85.134204891939888, 39.231398834871719 ], [ -84.932671523275943, 39.320377695205771 ], [ -84.819663446272372, 39.268652167377972 ], [ -84.819701624186706, 39.267383921875279 ], [ -84.819788199988281, 39.26450800682732 ], [ -84.819817248077285, 39.263130141767256 ], [ -84.819984790498154, 39.25518294645434 ], [ -84.819996215103671, 39.254641032549614 ], [ -84.819946947988868, 39.25142035959788 ], [ -84.819942627420858, 39.25113791691323 ], [ -84.819905270522298, 39.248695723772634 ], [ -84.819902865686572, 39.248538502306495 ], [ -84.819829240070092, 39.243725064572345 ], [ -84.820137423037309, 39.230775144385845 ], [ -84.820144277734315, 39.230487108421869 ], [ -84.820089987639534, 39.218709397313354 ], [ -84.820088566340303, 39.21840106018491 ], [ -84.820077623820481, 39.216027186363945 ], [ -84.819826113697857, 39.16146450107837 ], [ -84.819812482491386, 39.158507343024802 ], [ -84.819827835070157, 39.157950103835688 ], [ -84.8201025124647, 39.147980377552649 ], [ -84.82010513676714, 39.145840447690915 ], [ -84.820121285011822, 39.132672715698867 ], [ -84.820136853729849, 39.11997754632128 ], [ -84.820138668768394, 39.118497512989421 ], [ -84.820146629109601, 39.112006427647714 ], [ -84.820154633386252, 39.105479516211844 ], [ -84.825257633498353, 39.103405157251935 ], [ -84.832432649258322, 39.100488527615347 ], [ -84.837253075314322, 39.097103887200689 ], [ -84.844579675368081, 39.09195954696191 ], [ -84.845760601880343, 39.090728173659457 ], [ -84.849822691824599, 39.086492559087361 ], [ -84.851641864796605, 39.085093858101608 ], [ -84.86068671751606, 39.078139573423627 ], [ -84.86802457930537, 39.074515135818622 ], [ -84.872975737001795, 39.072069577913283 ], [ -84.880659744337805, 39.069969575659258 ], [ -84.888870756134693, 39.066375575404052 ], [ -84.893200768202647, 39.062479578818888 ], [ -84.894930174889211, 39.060144798812374 ], [ -84.896908783428472, 39.057473584474465 ], [ -84.896879215309156, 39.056807060717333 ], [ -84.896866794334429, 39.05652706743799 ], [ -84.896775049927143, 39.054458967470062 ], [ -84.896752601554937, 39.053952936866963 ], [ -84.896723795550727, 39.053303592695734 ], [ -84.89316180732429, 39.049040605508246 ], [ -84.889184417359004, 39.042921087057955 ], [ -84.88909997559405, 39.042791166958729 ], [ -84.885656839490878, 39.037493639668675 ], [ -84.879112849236193, 39.033694657958485 ], [ -84.877909853968575, 39.031979663703012 ], [ -84.877362521828758, 39.031599912618994 ], [ -84.871821864975516, 39.027755683383454 ], [ -84.864507053605251, 39.019804450363637 ], [ -84.850604926934125, 39.004692781774388 ], [ -84.848190368461417, 38.999070672842805 ], [ -84.936404064637514, 38.960094417190923 ] ] ] } },
{ "type": "Feature", "properties": { "hex_id": 41, "area_km2": 544.88799691836459 }, "geometry": { "type": "Polygon", "coordinates": [ [ [ -87.347034971666034, 39.490695171203917 ], [ -87.342718318071888, 39.310623923208929 ], [ -87.541049751929663, 39.217531717945313 ], [ -87.576668445162724, 39.232764201499634 ], [ -87.5776109570741, 39.239181956895067 ], [ -87.579320964093483, 39.243549955640027 ], [ -87.578225966477262, 39.244791956935934 ], [ -87.5730759708064, 39.246690962554055 ], [ -87.571334976967847, 39.251378964150319 ], [ -87.573440977357876, 39.254579960449711 ], [ -87.580653975935363, 39.255234952474602 ], [ -87.585181974608588, 39.253135948713357 ], [ -87.587159973068182, 39.249613948172957 ], [ -87.5911119680365, 39.247258943756243 ], [ -87.593487967901027, 39.247449941293361 ], [ -87.598136972026239, 39.254090934504006 ], [ -87.604109868564976, 39.259456186624917 ], [ -87.604128058655732, 39.259472526172239 ], [ -87.604948970641161, 39.260209923823439 ], [ -87.60557597048809, 39.262395921905721 ], [ -87.601502971944569, 39.272239920871392 ], [ -87.601949971880146, 39.275162918746382 ], [ -87.607343969871238, 39.27620391206824 ], [ -87.609439969018638, 39.278532908347202 ], [ -87.609916968745907, 39.281412906129276 ], [ -87.608754969124504, 39.286686904414985 ], [ -87.599908973496696, 39.293580910927133 ], [ -87.597324975038333, 39.296954912167138 ], [ -87.598417974634359, 39.30008390915409 ], [ -87.605349970774398, 39.303214899009397 ], [ -87.614998965305247, 39.300898888647126 ], [ -87.618965962984831, 39.301688883364626 ], [ -87.621177961438107, 39.304159879156089 ], [ -87.620486961521692, 39.30713087817076 ], [ -87.612607966278148, 39.308563887016128 ], [ -87.605921970450055, 39.311073893843037 ], [ -87.600657974138258, 39.31852689627118 ], [ -87.596730977130889, 39.322026899357496 ], [ -87.590229299863111, 39.332063902461989 ], [ -87.58908598419589, 39.333828903051227 ], [ -87.58485398820666, 39.337326906866046 ], [ -87.574081998261903, 39.341420919249103 ], [ -87.560694009057286, 39.338848938279078 ], [ -87.554402015064355, 39.340485945998189 ], [ -87.55026201985558, 39.343345950417621 ], [ -87.549688341730757, 39.346567948151026 ], [ -87.54948002243168, 39.347737949767776 ], [ -87.545884027749736, 39.352144953001869 ], [ -87.544015029889209, 39.352904955289418 ], [ -87.540380033397341, 39.352946960279326 ], [ -87.537273035930909, 39.352086964857428 ], [ -87.532426038229374, 39.34792497290411 ], [ -87.531677349267184, 39.348054887906969 ], [ -87.5316480390225, 39.348059973918296 ], [ -87.531670045566983, 39.359709970037933 ], [ -87.531693051926226, 39.371039966260284 ], [ -87.53142505447876, 39.375034965327643 ], [ -87.531370074652258, 39.410581953692954 ], [ -87.531413901971845, 39.43665885293494 ], [ -87.531415307028595, 39.437494850497302 ], [ -87.531417090403608, 39.438555944396633 ], [ -87.531659990739456, 39.477106946859521 ], [ -87.531679113413233, 39.480141930218203 ], [ -87.531718014662644, 39.48643579281002 ], [ -87.531927534674466, 39.520357923382932 ], [ -87.531945968927033, 39.523343894124579 ], [ -87.531966972032933, 39.535057613019298 ], [ -87.531985520472361, 39.545402328558197 ], [ -87.532026669765941, 39.568351838004432 ], [ -87.532032393611658, 39.569684543541165 ], [ -87.347034971666034, 39.490695171203917 ] ] ] } },
{ "type": "Feature", "properties": { "hex_id": 42, "area_km2": 1039.2304845413264 }, "geometry": { "type": "Polygon", "coordinates": [ [ [ -86.941171412899664, 39.315714158533133 ], [ -87.140070254491903, 39.223295537713753 ], [ -87.342718318071888, 39.310623923208929 ], [ -87.347034971666034, 39.490695171203917 ], [ -87.147669889555203, 39.583472876162077 ], [ -86.944454731995734, 39.495818058984433 ], [ -86.941171412899664, 39.315714158533133 ] ] ] } },
{ "type": "Feature", "properties": { "hex_id": 43, "area_km2": 1039.2304845413262 }, "geometry": { "type": "Polygon", "coordinates": [ [ [ -86.539536498575885, 39.319419533253175 ], [ -86.738989462479338, 39.227679327376563 ], [ -86.941171412899664, 39.315714158533133 ], [ -86.944454731995734, 39.495818058984433 ], [ -86.744521588691214, 39.587913313508551 ], [ -86.541785738477145, 39.499546549385009 ], [ -86.539536498575885, 39.319419533253175 ] ] ] } },
{ "type": "Feature", "properties": { "hex_id": 44, "area_km2": 1039.2304845413262 }, "geometry": { "type": "Polygon", "coordinates": [ [ [ -86.137838114371206, 39.321737091879491 ], [ -86.337834406310009, 39.230681891416687 ], [ -86.539536498575885, 39.319419533253175 ], [ -86.541785738477145, 39.499546549385009 ], [ -86.341296203218278, 39.590953626085195 ], [ -86.139049512467793, 39.501878341719546 ], [ -86.137838114371206, 39.321737091879491 ] ] ] } },
{ "type": "Feature", "properties": { "hex_id": 45, "area_km2": 1039.2304845413264 }, "geometry": { "type": "Polygon", "coordinates": [ [ [ -85.736112536481997, 39.32267106086961 ], [ -85.936630799618257, 39.23230180183517 ], [ -86.137838114371206, 39.321737091879491 ], [ -86.139049512467793, 39.501878341719546 ], [ -85.938020353358368, 39.592594522188371 ], [ -85.736290465123417, 39.502819275533163 ], [ -85.736112536481997, 39.32267106086961 ] ] ] } },
{ "type": "Feature", "properties": { "hex_id": 46, "area_km2": 1039.2304845413264 }, "geometry": { "type": "Polygon", "coordinates": [ [ [ -85.334382109532015, 39.322217886567984 ], [ -85.535415658676513, 39.232542326833439 ], [ -85.736112536481997, 39.32267106086961 ], [ -85.736290465123417, 39.502819275533163 ], [ -85.534735560494468, 39.592837744663257 ], [ -85.333524354939897, 39.502362903883018 ], [ -85.334382109532015, 39.322217886567984 ] ] ] } },
{ "type": "Feature", "properties": { "hex_id": 47, "area_km2": 1039.2304845413262 }, "geometry": { "type": "Polygon", "coordinates": [ [ [ -84.932671523275943, 39.320377695205771 ], [ -85.134204891939888, 39.231398834871719 ], [ -85.334382109532015, 39.322217886567984 ], [ -85.333524354939897, 39.502362903883018 ], [ -85.131455791405727, 39.591679051321918 ], [ -84.930780003375261, 39.500510582265335 ], [ -84.932671523275943, 39.320377695205771 ] ] ] } },
{ "type": "Feature", "properties": { "hex_id": 48, "area_km2": 253.16902667368171 }, "geometry": { "type": "Polygon", "coordinates": [ [ [ -84.932671523275943, 39.320377695205771 ], [ -84.930780003375261, 39.500510582265335 ], [ -84.815151845424126, 39.551162556265439 ], [ -84.815151842766014, 39.548685346775429 ], [ -84.81534284378121, 39.523134375179268 ], [ -84.815362072892384, 39.521948650857325 ], [ -84.815532844108176, 39.511418388280035 ], [ -84.815551017129692, 39.508414865520002 ], [ -84.815726311362354, 39.479448334803152 ], [ -84.815732877094106, 39.478363455932218 ], [ -84.815755116019545, 39.477356327525307 ], [ -84.816734432546511, 39.433006286484861 ], [ -84.817644006483988, 39.391814677953739 ], [ -84.818562750604542, 39.34863976764597 ], [ -84.819235119675611, 39.317042871303407 ], [ -84.819448137803732, 39.305150902114782 ], [ -84.819348156703541, 39.292817933473756 ], [ -84.819543302526768, 39.276513185233725 ], [ -84.819619760501524, 39.270124998901231 ], [ -84.819620191453438, 39.270088992183815 ], [ -84.819663446272372, 39.268652167377972 ], [ -84.932671523275943, 39.320377695205771 ] ] ] } },
{ "type": "Feature", "properties": { "hex_id": 49, "area_km2": 1002.0688921266212 }, "geometry": { "type": "Polygon", "coordinates": [ [ [ -87.355781891981181, 39.850819032215568 ], [ -87.151519823168442, 39.76355250446408 ], [ -87.147669889555203, 39.583472876162077 ], [ -87.347034971666034, 39.490695171203917 ], [ -87.532032393611658, 39.569684543541165 ], [ -87.532069975615272, 39.578427828098384 ], [ -87.532132506051909, 39.592976807199641 ], [ -87.53218888697171, 39.607303789289723 ], [ -87.532302219479789, 39.636102753296413 ], [ -87.532673307253063, 39.664907628260508 ], [ -87.532673320731007, 39.664908674454992 ], [ -87.53267602666557, 39.665118716630396 ], [ -87.532784907787573, 39.694462772645686 ], [ -87.532838175431252, 39.708818686471098 ], [ -87.532919591100054, 39.730760634701809 ], [ -87.533090992777417, 39.768203485098496 ], [ -87.355781891981181, 39.850819032215568 ] ] ] } },
{ "type": "Feature", "properties": { "hex_id": 50, "area_km2": 1039.2304845413262 }, "geometry": { "type": "Polygon", "coordinates": [ [ [ -86.744521588691214, 39.587913313508551 ], [ -86.944454731995734, 39.495818058984433 ], [ -87.147669889555203, 39.583472876162077 ], [ -87.151519823168442, 39.76355250446408 ], [ -86.951107467363229, 39.856008104575579 ], [ -86.747323987884727, 39.768021994533868 ], [ -86.744521588691214, 39.587913313508551 ] ] ] } },
{ "type": "Feature", "properties": { "hex_id": 51, "area_km2": 1039.2304845413262 }, "geometry": { "type": "Polygon", "coordinates": [ [ [ -86.341296203218278, 39.590953626085195 ], [ -86.541785738477145, 39.499546549385009 ], [ -86.744521588691214, 39.587913313508551 ], [ -86.747323987884727, 39.768021994533868 ], [ -86.546342224713655, 39.859784509925554 ], [ -86.343050767284055, 39.771082640310752 ], [ -86.341296203218278, 39.590953626085195 ] ] ] } },
{ "type": "Feature", "properties": { "hex_id": 52, "area_km2": 1039.2304845413264 }, "geometry": { "type": "Polygon", "coordinates": [ [ [ -85.938020353358368, 39.592594522188371 ], [ -86.139049512467793, 39.501878341719546 ], [ -86.341296203218278, 39.590953626085195 ], [ -86.343050767284055, 39.771082640310752 ], [ -86.141512798252322, 39.862149737508645 ], [ -85.938728991516754, 39.772734686284018 ], [ -85.938020353358368, 39.592594522188371 ] ] ] } },
{ "type": "Feature", "properties": { "hex_id": 53, "area_km2": 1039.2304845413264 }, "geometry": { "type": "Polygon", "coordinates": [ [ [ -85.534735560494468, 39.592837744663257 ], [ -85.736290465123417, 39.502819275533163 ], [ -85.938020353358368, 39.592594522188371 ], [ -85.938728991516754, 39.772734686284018 ], [ -85.736652602569905, 39.863099597035337 ], [ -85.534391436625242, 39.772977172825541 ], [ -85.534735560494468, 39.592837744663257 ] ] ] } },
{ "type": "Feature", "properties": { "hex_id": 54, "area_km2": 1039.2304845413262 }, "geometry": { "type": "Polygon", "coordinates": [ [ [ -85.131455791405727, 39.591679051321918 ], [ -85.333524354939897, 39.502362903883018 ], [ -85.534735560494468, 39.592837744663257 ], [ -85.534391436625242, 39.772977172825541 ], [ -85.331787502383136, 39.862636587154867 ], [ -85.130063132664588, 39.771810931424497 ], [ -85.131455791405727, 39.591679051321918 ] ] ] } },
{ "type": "Feature", "properties": { "hex_id": 55, "area_km2": 856.26968035387983 }, "geometry": { "type": "Polygon", "coordinates": [ [ [ -84.930780003375261, 39.500510582265335 ], [ -85.131455791405727, 39.591679051321918 ], [ -85.130063132664588, 39.771810931424497 ], [ -84.926946886171962, 39.860760389878585 ], [ -84.814153159719211, 39.809518048479177 ], [ -84.814221993093426, 39.801666219197365 ], [ -84.814217967531079, 39.793388203957541 ], [ -84.81428494098374, 39.784801188146233 ], [ -84.814350642142642, 39.743558958469407 ], [ -84.814377674869391, 39.726618068350803 ], [ -84.814381834747252, 39.724011152744453 ], [ -84.814607836782471, 39.680234201103126 ], [ -84.814583837374556, 39.668904213624195 ], [ -84.814635554374206, 39.655843440764336 ], [ -84.81464378350455, 39.653765230363518 ], [ -84.814680838518115, 39.644407240713967 ], [ -84.814692089096766, 39.637763346908159 ], [ -84.814707839291856, 39.628462258347767 ], [ -84.814734727848872, 39.624830032059322 ], [ -84.814800373143612, 39.615962372375897 ], [ -84.814950548128778, 39.595676063028797 ], [ -84.815112906162838, 39.573744010645811 ], [ -84.815118808713294, 39.572946667583579 ], [ -84.815152841800526, 39.568349325003531 ], [ -84.814937388160061, 39.567710119164083 ], [ -84.81488184214794, 39.567545325775747 ], [ -84.814966007070822, 39.565146317100428 ], [ -84.814981070331967, 39.564716958965263 ], [ -84.815151842218512, 39.559849334414466 ], [ -84.815151845424126, 39.551162556265439 ], [ -84.930780003375261, 39.500510582265335 ] ] ] } },
{ "type": "Feature", "properties": { "hex_id": 56, "area_km2": 427.77122701237329 }, "geometry": { "type": "Polygon", "coordinates": [ [ [ -87.36021466709434, 40.030871883947853 ], [ -87.355781891981181, 39.850819032215568 ], [ -87.533090992777417, 39.768203485098496 ], [ -87.533148228267876, 39.780660556823676 ], [ -87.533141202761399, 39.796253874911443 ], [ -87.533134569095083, 39.810977486823091 ], [ -87.533129004400095, 39.823328482198669 ], [ -87.533124829644564, 39.832594465992877 ], [ -87.533193796761509, 39.853377233338868 ], [ -87.533255527626892, 39.871979396881734 ], [ -87.533185863513737, 39.882997115128781 ], [ -87.533012886139105, 39.910354315103781 ], [ -87.532999215910849, 39.91251632635678 ], [ -87.532743965756637, 39.945004269926336 ], [ -87.532734461190088, 39.946995717208338 ], [ -87.53272601148322, 39.948766144605301 ], [ -87.532690880679496, 39.956126936067349 ], [ -87.532618763881061, 39.971237224238699 ], [ -87.532429653469933, 39.986044309716839 ], [ -87.532358606493119, 39.991607189032095 ], [ -87.53235614592765, 39.999981194306542 ], [ -87.532352711539446, 40.011831557645372 ], [ -87.532348444807837, 40.026554199573006 ], [ -87.532186335939315, 40.056147227914352 ], [ -87.532166765944481, 40.05879921157868 ], [ -87.531944919750558, 40.08886219815372 ], [ -87.531881183536129, 40.097499267635079 ], [ -87.531831695524559, 40.103389260986923 ], [ -87.531830577911506, 40.103522241701441 ], [ -87.36021466709434, 40.030871883947853 ] ] ] } },
{ "type": "Feature", "properties": { "hex_id": 57, "area_km2": 1039.2304845413264 }, "geometry": { "type": "Polygon", "coordinates": [ [ [ -86.951107467363229, 39.856008104575579 ], [ -87.151519823168442, 39.76355250446408 ], [ -87.355781891981181, 39.850819032215568 ], [ -87.36021466709434, 40.030871883947853 ], [ -87.15932456521557, 40.123693319390021 ], [ -86.954478872839346, 40.0360936810197 ], [ -86.951107467363229, 39.856008104575579 ] ] ] } },
{ "type": "Feature", "properties": { "hex_id": 58, "area_km2": 1039.2304845413262 }, "geometry": { "type": "Polygon", "coordinates": [ [ [ -86.546342224713655, 39.859784509925554 ], [ -86.747323987884727, 39.768021994533868 ], [ -86.951107467363229, 39.856008104575579 ], [ -86.954478872839346, 40.0360936810197 ], [ -86.753004656820238, 40.128218971996745 ], [ -86.548650894521558, 40.0398936239459 ], [ -86.546342224713655, 39.859784509925554 ] ] ] } },
{ "type": "Feature", "properties": { "hex_id": 59, "area_km2": 1039.2304845413262 }, "geometry": { "type": "Polygon", "coordinates": [ [ [ -86.141512798252322, 39.862149737508645 ], [ -86.343050767284055, 39.771082640310752 ], [ -86.546342224713655, 39.859784509925554 ], [ -86.548650894521558, 40.0398936239459 ], [ -86.346606819781485, 40.131318432491163 ], [ -86.142759736646468, 40.042274608970708 ], [ -86.141512798252322, 39.862149737508645 ] ] ] } },
{ "type": "Feature", "properties": { "hex_id": 60, "area_km2": 1039.2304845413264 }, "geometry": { "type": "Polygon", "coordinates": [ [ [ -85.736652602569905, 39.863099597035337 ], [ -85.938728991516754, 39.772734686284018 ], [ -86.141512798252322, 39.862149737508645 ], [ -86.142759736646468, 40.042274608970708 ], [ -85.940160577080945, 40.132993202958978 ], [ -85.736836870176191, 40.043230666069469 ], [ -85.736652602569905, 39.863099597035337 ] ] ] } },
{ "type": "Feature", "properties": { "hex_id": 61, "area_km2": 1039.2304845413264 }, "geometry": { "type": "Polygon", "coordinates": [ [ [ -85.331787502383136, 39.862636587154867 ], [ -85.534391436625242, 39.772977172825541 ], [ -85.736652602569905, 39.863099597035337 ], [ -85.736836870176191, 40.043230666069469 ], [ -85.533695949542405, 40.133238816709962 ], [ -85.330908085053906, 40.042765155250272 ], [ -85.331787502383136, 39.862636587154867 ] ] ] } },
{ "type": "Feature", "properties": { "hex_id": 62, "area_km2": 1039.2304845413262 }, "geometry": { "type": "Polygon", "coordinates": [ [ [ -84.926946886171962, 39.860760389878585 ], [ -85.130063132664588, 39.771810931424497 ], [ -85.331787502383136, 39.862636587154867 ], [ -85.330908085053906, 40.042765155250272 ], [ -85.127241338577193, 40.132058728018123 ], [ -84.925004605130241, 40.040877239440363 ], [ -84.926946886171962, 39.860760389878585 ] ] ] } },
{ "type": "Feature", "properties": { "hex_id": 63, "area_km2": 250.2659687145248 }, "geometry": { "type": "Polygon", "coordinates": [ [ [ -84.926946886171962, 39.860760389878585 ], [ -84.925004605130241, 40.040877239440363 ], [ -84.808799595849877, 40.091360511761529 ], [ -84.80892171092826, 40.085694284139727 ], [ -84.809573541531009, 40.055449669961284 ], [ -84.810091564667474, 40.034336636156134 ], [ -84.810930173039452, 40.005078672585377 ], [ -84.810930206722844, 40.005077497417297 ], [ -84.811209587947062, 39.99532957273081 ], [ -84.811546984987729, 39.972844553966311 ], [ -84.812163393603129, 39.931765457304493 ], [ -84.812292621340802, 39.927317514371552 ], [ -84.812430365506827, 39.922576440650943 ], [ -84.812408348083054, 39.916914430263802 ], [ -84.812641302940023, 39.902204403439256 ], [ -84.812820668023591, 39.891606797105609 ], [ -84.812846265743374, 39.890094381336915 ], [ -84.81308621954696, 39.87507135387817 ], [ -84.813487153577981, 39.853646314673973 ], [ -84.813600142941965, 39.850195308364889 ], [ -84.813686121421853, 39.843217295560919 ], [ -84.813712121066558, 39.843102295355905 ], [ -84.813882310081269, 39.833614253691017 ], [ -84.813893089929579, 39.833013276842841 ], [ -84.813876625692245, 39.830477765257058 ], [ -84.813864776349604, 39.828652952736718 ], [ -84.813839064263945, 39.824693261530832 ], [ -84.81416670763798, 39.814238012786809 ], [ -84.814169244485925, 39.81415706081205 ], [ -84.814184030218996, 39.813685241320556 ], [ -84.814137023045205, 39.811358237032792 ], [ -84.814153159719211, 39.809518048479177 ], [ -84.926946886171962, 39.860760389878585 ] ] ] } },
{ "type": "Feature", "properties": { "hex_id": 64, "area_km2": 969.42565894261804 }, "geometry": { "type": "Polygon", "coordinates": [ [ [ -87.369203386032069, 40.39096032650464 ], [ -87.163280968746335, 40.303755144429608 ], [ -87.15932456521557, 40.123693319390021 ], [ -87.36021466709434, 40.030871883947853 ], [ -87.531830577911506, 40.103522241701448 ], [ -87.531710470545448, 40.117817287180074 ], [ -87.531708454051838, 40.11805728741092 ], [ -87.531645802797584, 40.125513951485637 ], [ -87.531500799142222, 40.142772082599272 ], [ -87.531456997300893, 40.147985316194173 ], [ -87.531454914998193, 40.148124434818492 ], [ -87.531452439424214, 40.148289827886948 ], [ -87.531127722544767, 40.16998415962847 ], [ -87.531019860768396, 40.177190404009387 ], [ -87.530822840039988, 40.190353357360678 ], [ -87.530777555436089, 40.19395546705347 ], [ -87.530708992684794, 40.199409209172806 ], [ -87.53055476107987, 40.211677377991485 ], [ -87.530510263741633, 40.21477533240531 ], [ -87.530205682395774, 40.235980626301853 ], [ -87.530205562454412, 40.235988976756452 ], [ -87.52997562010718, 40.25199841631968 ], [ -87.529710873052082, 40.272287213996869 ], [ -87.529524142499497, 40.286597247079968 ], [ -87.529430644438435, 40.293762440377641 ], [ -87.529274784310147, 40.30359274942127 ], [ -87.529061777144008, 40.317026859722851 ], [ -87.369203386032069, 40.39096032650464 ] ] ] } },
{ "type": "Feature", "properties": { "hex_id": 65, "area_km2": 1039.2304845413262 }, "geometry": { "type": "Polygon", "coordinates": [ [ [ -86.753004656820238, 40.128218971996745 ], [ -86.954478872839346, 40.0360936810197 ], [ -87.15932456521557, 40.123693319390021 ], [ -87.163280968746335, 40.303755144429608 ], [ -86.961315365500369, 40.396247910437992 ], [ -86.755884449657827, 40.308309084960634 ], [ -86.753004656820238, 40.128218971996745 ] ] ] } },
{ "type": "Feature", "properties": { "hex_id": 66, "area_km2": 1039.2304845413262 }, "geometry": { "type": "Polygon", "coordinates": [ [ [ -86.346606819781485, 40.131318432491163 ], [ -86.548650894521558, 40.0398936239459 ], [ -86.753004656820238, 40.128218971996745 ], [ -86.755884449657827, 40.308309084960634 ], [ -86.553334084384758, 40.400096717988276 ], [ -86.348409858802157, 40.31142841952785 ], [ -86.346606819781485, 40.131318432491163 ] ] ] } },
{ "type": "Feature", "properties": { "hex_id": 67, "area_km2": 1039.2304845413264 }, "geometry": { "type": "Polygon", "coordinates": [ [ [ -85.940160577080945, 40.132993202958978 ], [ -86.142759736646468, 40.042274608970708 ], [ -86.346606819781485, 40.131318432491163 ], [ -86.348409858802157, 40.31142841952785 ], [ -86.145288984024887, 40.402506356934822 ], [ -85.940886451846097, 40.313112832514285 ], [ -85.940160577080945, 40.132993202958978 ] ] ] } },
{ "type": "Feature", "properties": { "hex_id": 68, "area_km2": 1039.2304845413264 }, "geometry": { "type": "Polygon", "coordinates": [ [ [ -85.533695949542405, 40.133238816709962 ], [ -85.736836870176191, 40.043230666069469 ], [ -85.940160577080945, 40.132993202958978 ], [ -85.940886451846097, 40.313112832514285 ], [ -85.737209439818756, 40.403475747728145 ], [ -85.53334350617375, 40.313361220790284 ], [ -85.533695949542405, 40.133238816709962 ] ] ] } },
{ "type": "Feature", "properties": { "hex_id": 69, "area_km2": 1039.2304845413262 }, "geometry": { "type": "Polygon", "coordinates": [ [ [ -85.127241338577193, 40.132058728018123 ], [ -85.330908085053906, 40.042765155250272 ], [ -85.533695949542405, 40.133238816709962 ], [ -85.53334350617375, 40.313361220790284 ], [ -85.329124917502625, 40.403004761144061 ], [ -85.125810668750887, 40.312173822564063 ], [ -85.127241338577193, 40.132058728018123 ] ] ] } },
{ "type": "Feature", "properties": { "hex_id": 70, "area_km2": 861.5444648470351 }, "geometry": { "type": "Polygon", "coordinates": [ [ [ -84.925004605130241, 40.040877239440363 ], [ -85.127241338577193, 40.132058728018123 ], [ -85.125810668750887, 40.312173822564063 ], [ -84.921065027382113, 40.401093237373672 ], [ -84.803865108656467, 40.348249697074912 ], [ -84.803836098420589, 40.343555528382751 ], [ -84.803641940683349, 40.312137835445689 ], [ -84.803660964777919, 40.310091765851666 ], [ -84.803731999677638, 40.302451857368183 ], [ -84.804383282913946, 40.267418273067172 ], [ -84.804472243336932, 40.262632948161809 ], [ -84.805379909418718, 40.223773997310694 ], [ -84.8053834799382, 40.223621125612631 ], [ -84.805494356968282, 40.218873928335675 ], [ -84.805665451747842, 40.211586543309018 ], [ -84.805730999566975, 40.208794685883817 ], [ -84.805890707428617, 40.201992299228948 ], [ -84.805972759748258, 40.198497470356166 ], [ -84.805985381041509, 40.197959895530133 ], [ -84.806148319094078, 40.192589597496543 ], [ -84.80619412948225, 40.191079726435909 ], [ -84.806212389744402, 40.190477883866691 ], [ -84.806496464232566, 40.18016584189408 ], [ -84.806520402630284, 40.179296866354278 ], [ -84.807225431792375, 40.153840826380112 ], [ -84.807822457224802, 40.131411790994235 ], [ -84.808458484461127, 40.107187752635113 ], [ -84.808676552330766, 40.0970695171005 ], [ -84.808772024009301, 40.092639680491665 ], [ -84.808799595849877, 40.091360511761529 ], [ -84.925004605130241, 40.040877239440363 ] ] ] } },
{ "type": "Feature", "properties": { "hex_id": 71, "area_km2": 364.60478831473341 }, "geometry": { "type": "Polygon", "coordinates": [ [ [ -87.373759132494428, 40.570995659949638 ], [ -87.369203386032069, 40.39096032650464 ], [ -87.529061777144008, 40.317026859722851 ], [ -87.528847108956455, 40.33056681767242 ], [ -87.528155691355693, 40.374175486153902 ], [ -87.527943354184117, 40.388504540622769 ], [ -87.527936646838512, 40.38895716946476 ], [ -87.527288479224055, 40.432697189019642 ], [ -87.527115733406191, 40.444354525120751 ], [ -87.526594241649804, 40.476873662999395 ], [ -87.526363944015714, 40.491234546629848 ], [ -87.526319763502983, 40.493989552187294 ], [ -87.52636474390377, 40.520245613252627 ], [ -87.526242736198668, 40.564220758437791 ], [ -87.52623428534433, 40.567266693796313 ], [ -87.526203840915827, 40.578239757693574 ], [ -87.526202675576386, 40.578659780170376 ], [ -87.526209430635461, 40.607905815485729 ], [ -87.526215569800172, 40.634980673775026 ], [ -87.373759132494428, 40.570995659949638 ] ] ] } },
{ "type": "Feature", "properties": { "hex_id": 72, "area_km2": 1039.2304845413264 }, "geometry": { "type": "Polygon", "coordinates": [ [ [ -86.961315365500369, 40.396247910437992 ], [ -87.163280968746335, 40.303755144429608 ], [ -87.369203386032069, 40.39096032650464 ], [ -87.373759132494428, 40.570995659949638 ], [ -87.171302227659766, 40.663861657680307 ], [ -86.964780624012207, 40.576316684682887 ], [ -86.961315365500369, 40.396247910437992 ] ] ] } },
{ "type": "Feature", "properties": { "hex_id": 73, "area_km2": 1039.2304845413262 }, "geometry": { "type": "Polygon", "coordinates": [ [ [ -86.553334084384758, 40.400096717988276 ], [ -86.755884449657827, 40.308309084960634 ], [ -86.961315365500369, 40.396247910437992 ], [ -86.964780624012207, 40.576316684682887 ], [ -86.761724057078169, 40.668473136593065 ], [ -86.555707985299321, 40.580189905920165 ], [ -86.553334084384758, 40.400096717988276 ] ] ] } },
{ "type": "Feature", "properties": { "hex_id": 74, "area_km2": 1039.2304845413262 }, "geometry": { "type": "Polygon", "coordinates": [ [ [ -86.145288984024887, 40.402506356934822 ], [ -86.348409858802157, 40.31142841952785 ], [ -86.553334084384758, 40.400096717988276 ], [ -86.555707985299321, 40.580189905920165 ], [ -86.352065576016003, 40.671632198008894 ], [ -86.146570635864293, 40.582614638856121 ], [ -86.145288984024887, 40.402506356934822 ] ] ] } },
{ "type": "Feature", "properties": { "hex_id": 75, "area_km2": 1039.2304845413264 }, "geometry": { "type": "Polygon", "coordinates": [ [ [ -85.737209439818756, 40.403475747728145 ], [ -85.940886451846097, 40.313112832514285 ], [ -86.145288984024887, 40.402506356934822 ], [ -86.146570635864293, 40.582614638856121 ], [ -85.942357161774737, 40.673337727297515 ], [ -85.737398366144689, 40.583590116051525 ], [ -85.737209439818756, 40.403475747728145 ] ] ] } },
{ "type": "Feature", "properties": { "hex_id": 76, "area_km2": 1039.2304845413264 }, "geometry": { "type": "Polygon", "coordinates": [ [ [ -85.329124917502625, 40.403004761144061 ], [ -85.53334350617375, 40.313361220790284 ], [ -85.737209439818756, 40.403475747728145 ], [ -85.737398366144689, 40.583590116051525 ], [ -85.53262848446812, 40.673589224257817 ], [ -85.328220786225543, 40.583116164953864 ], [ -85.329124917502625, 40.403004761144061 ] ] ] } },
{ "type": "Feature", "properties": { "hex_id": 77, "area_km2": 1039.2304845413262 }, "geometry": { "type": "Polygon", "coordinates": [ [ [ -84.921065027382113, 40.401093237373672 ], [ -85.125810668750887, 40.312173822564063 ], [ -85.329124917502625, 40.403004761144061 ], [ -85.328220786225543, 40.583116164953864 ], [ -85.122909437739807, 40.672386873778329 ], [ -84.919068234608531, 40.581192580991534 ], [ -84.921065027382113, 40.401093237373672 ] ] ] } },
{ "type": "Feature", "properties": { "hex_id": 78, "area_km2": 254.93879228878927 }, "geometry": { "type": "Polygon", "coordinates": [ [ [ -84.921065027382113, 40.401093237373672 ], [ -84.919068234608517, 40.581192580991534 ], [ -84.802315769187175, 40.631485905416952 ], [ -84.802411486176723, 40.596937937321869 ], [ -84.802451909557206, 40.582355756100739 ], [ -84.802478766017785, 40.572667656400441 ], [ -84.802480546037614, 40.572210760625801 ], [ -84.802555615444518, 40.552941935183348 ], [ -84.802664788072974, 40.524919495177052 ], [ -84.802763853101482, 40.509179518105313 ], [ -84.802809798830324, 40.501879417673734 ], [ -84.803111409660048, 40.484714627364454 ], [ -84.803451010678458, 40.465388491413798 ], [ -84.803681808577693, 40.447514908766642 ], [ -84.804080361353343, 40.416649964420053 ], [ -84.804127329768491, 40.413012611053205 ], [ -84.804086582136833, 40.402540855115774 ], [ -84.804086256331047, 40.402457126119124 ], [ -84.804065002331726, 40.396995049752718 ], [ -84.804004334104306, 40.381403891994765 ], [ -84.803892862426807, 40.352756736713388 ], [ -84.803892695138643, 40.352713745256651 ], [ -84.803865108656467, 40.348249697074912 ], [ -84.921065027382113, 40.401093237373672 ] ] ] } },
{ "type": "Feature", "properties": { "hex_id": 79, "area_km2": 928.73785018391322 }, "geometry": { "type": "Polygon", "coordinates": [ [ [ -87.382995165204548, 40.931048184461197 ], [ -87.175367653759153, 40.843905896443346 ], [ -87.171302227659766, 40.663861657680307 ], [ -87.373759132494428, 40.570995659949638 ], [ -87.526215569800172, 40.634980673775026 ], [ -87.526219101594663, 40.649776250607161 ], [ -87.526221580346885, 40.660508013992789 ], [ -87.526153649267712, 40.690073924229225 ], [ -87.526047491875318, 40.736277230653037 ], [ -87.52604572333118, 40.736883282652812 ], [ -87.526008203570683, 40.749740709255462 ], [ -87.52592679825409, 40.777663188864672 ], [ -87.525882335611257, 40.792914259843975 ], [ -87.52584156681327, 40.806898311500461 ], [ -87.525839145860189, 40.817248353313033 ], [ -87.52583913069185, 40.817313200978916 ], [ -87.525831066225876, 40.8517903550973 ], [ -87.525830641686042, 40.853605345483523 ], [ -87.52600034221183, 40.86501513364545 ], [ -87.526006136580307, 40.865405099417757 ], [ -87.382995165204548, 40.931048184461197 ] ] ] } },
{ "type": "Feature", "properties": { "hex_id": 80, "area_km2": 1039.2304845413262 }, "geometry": { "type": "Polygon", "coordinates": [ [ [ -86.761724057078169, 40.668473136593065 ], [ -86.964780624012207, 40.576316684682887 ], [ -87.171302227659766, 40.663861657680307 ], [ -87.175367653759153, 40.843905896443346 ], [ -86.97180596395539, 40.936436442500892 ], [ -86.764683612180562, 40.84854647795617 ], [ -86.761724057078169, 40.668473136593065 ] ] ] } },
{ "type": "Feature", "properties": { "hex_id": 81, "area_km2": 1039.2304845413262 }, "geometry": { "type": "Polygon", "coordinates": [ [ [ -86.352065576016003, 40.671632198008894 ], [ -86.555707985299321, 40.580189905920165 ], [ -86.761724057078169, 40.668473136593065 ], [ -86.764683612180562, 40.84854647795617 ], [ -86.560520602128207, 40.940358674481672 ], [ -86.353918370025667, 40.851724678956764 ], [ -86.352065576016003, 40.671632198008894 ] ] ] } },
{ "type": "Feature", "properties": { "hex_id": 82, "area_km2": 1039.2304845413264 }, "geometry": { "type": "Polygon", "coordinates": [ [ [ -85.942357161774737, 40.673337727297515 ], [ -86.146570635864293, 40.582614638856121 ], [ -86.352065576016003, 40.671632198008894 ], [ -86.353918370025667, 40.851724678956764 ], [ -86.14916893394124, 40.942812680428183 ], [ -85.943102553873857, 40.853441625639235 ], [ -85.942357161774737, 40.673337727297515 ] ] ] } },
{ "type": "Feature", "properties": { "hex_id": 83, "area_km2": 1039.2304845413264 }, "geometry": { "type": "Polygon", "coordinates": [ [ [ -85.53262848446812, 40.673589224257817 ], [ -85.737398366144689, 40.583590116051525 ], [ -85.942357161774737, 40.673337727297515 ], [ -85.943102553873857, 40.853441625639235 ], [ -85.737781508449388, 40.943801922470037 ], [ -85.532266308403123, 40.853694839212764 ], [ -85.53262848446812, 40.673589224257817 ] ] ] } },
{ "type": "Feature", "properties": { "hex_id": 84, "area_km2": 1039.2304845413262 }, "geometry": { "type": "Polygon", "coordinates": [ [ [ -85.122909437739807, 40.672386873778329 ], [ -85.328220786225543, 40.583116164953864 ], [ -85.532628484468106, 40.673589224257817 ], [ -85.532266308403123, 40.853694839212764 ], [ -85.326388830531812, 40.943322233565077 ], [ -85.121439721485828, 40.852484967976345 ], [ -85.122909437739807, 40.672386873778329 ] ] ] } },
{ "type": "Feature", "properties": { "hex_id": 85, "area_km2": 852.85229819349286 }, "geometry": { "type": "Polygon", "coordinates": [ [ [ -84.919068234608517, 40.581192580991534 ], [ -85.122909437739807, 40.672386873778329 ], [ -85.121439721485828, 40.852484967976345 ], [ -84.915021402340003, 40.941374464519107 ], [ -84.802743561823306, 40.891146504070775 ], [ -84.802430647092876, 40.834677980713685 ], [ -84.802322185338113, 40.815103142302881 ], [ -84.802242669051509, 40.800752290844102 ], [ -84.802441570546264, 40.771650729043166 ], [ -84.802484680377546, 40.765343267767534 ], [ -84.802159686239463, 40.747176247796695 ], [ -84.802253694416706, 40.729359187428216 ], [ -84.802254933636448, 40.728145177667891 ], [ -84.802264699331005, 40.718578150858328 ], [ -84.802282706439044, 40.702992097997701 ], [ -84.802088711481389, 40.691500058685257 ], [ -84.802299716671143, 40.68054402186025 ], [ -84.802312718179863, 40.677258010734896 ], [ -84.802315477643276, 40.674789947333295 ], [ -84.802331632057417, 40.660341443995911 ], [ -84.80233372675518, 40.658467947028704 ], [ -84.802330766269336, 40.657553322232808 ], [ -84.80228373372924, 40.64302289452084 ], [ -84.802290774888888, 40.640482891572589 ], [ -84.802315769187175, 40.631485905416952 ], [ -84.919068234608517, 40.581192580991534 ] ] ] } },
{ "type": "Feature", "properties": { "hex_id": 86, "area_km2": 318.70760576339268 }, "geometry": { "type": "Polygon", "coordinates": [ [ [ -87.387676508868495, 41.111065153251239 ], [ -87.382995165204548, 40.931048184461197 ], [ -87.526006136580307, 40.865405099417757 ], [ -87.526433707351757, 40.894152374845795 ], [ -87.525965707183687, 40.894364375102036 ], [ -87.526045551244238, 40.906439922314384 ], [ -87.52608122909011, 40.911835809442699 ], [ -87.52608173543004, 40.911912387870878 ], [ -87.526058436108144, 40.937592349930782 ], [ -87.526051788296243, 40.944919411931927 ], [ -87.52628139675052, 40.999756428909123 ], [ -87.526288879327268, 41.0015434553844 ], [ -87.526295712958174, 41.002681462364663 ], [ -87.526341684326667, 41.010337091282679 ], [ -87.526425917664156, 41.024364502591602 ], [ -87.526426969240774, 41.055144566169297 ], [ -87.526510988764386, 41.066788590318531 ], [ -87.526556262058989, 41.087166527617626 ], [ -87.526572467306764, 41.094460664388905 ], [ -87.526632432254644, 41.121451467867573 ], [ -87.526694126729012, 41.149220761020189 ], [ -87.526584925025475, 41.166088887672593 ], [ -87.526584155231603, 41.166207795914097 ], [ -87.526587001750869, 41.168849263114431 ], [ -87.387676508868495, 41.111065153251239 ] ] ] } },
{ "type": "Feature", "properties": { "hex_id": 87, "area_km2": 1039.2304845413264 }, "geometry": { "type": "Polygon", "coordinates": [ [ [ -86.97180596395539, 40.936436442500892 ], [ -87.175367653759153, 40.843905896443346 ], [ -87.382995165204548, 40.931048184461197 ], [ -87.387676508868495, 41.111065153251239 ], [ -87.183610289531472, 41.203975996641418 ], [ -86.975366945539491, 41.116487484460009 ], [ -86.97180596395539, 40.936436442500892 ] ] ] } },
{ "type": "Feature", "properties": { "hex_id": 88, "area_km2": 1039.2304845413262 }, "geometry": { "type": "Polygon", "coordinates": [ [ [ -86.560520602128207, 40.940358674481672 ], [ -86.764683612180562, 40.84854647795617 ], [ -86.97180596395539, 40.936436442500892 ], [ -86.975366945539491, 41.116487484460009 ], [ -86.770683983977648, 41.208675719696458 ], [ -86.562959865844661, 41.120434540516918 ], [ -86.560520602128207, 40.940358674481672 ] ] ] } },
{ "type": "Feature", "properties": { "hex_id": 89, "area_km2": 1039.2304845413262 }, "geometry": { "type": "Polygon", "coordinates": [ [ [ -86.14916893394124, 40.942812680428183 ], [ -86.353918370025667, 40.851724678956764 ], [ -86.560520602128207, 40.940358674481672 ], [ -86.562959865844661, 41.120434540516918 ], [ -86.357674888771399, 41.211894445196549 ], [ -86.150485977323413, 41.122904391468829 ], [ -86.14916893394124, 40.942812680428183 ] ] ] } },
{ "type": "Feature", "properties": { "hex_id": 90, "area_km2": 1039.2304845413264 }, "geometry": { "type": "Polygon", "coordinates": [ [ [ -85.737781508449402, 40.943801922470037 ], [ -85.943102553873857, 40.853441625639235 ], [ -86.14916893394124, 40.942812680428183 ], [ -86.150485977323413, 41.122904391468829 ], [ -85.944614010241025, 41.213632777204197 ], [ -85.737975911585252, 41.123899577170285 ], [ -85.737781508449402, 40.943801922470037 ] ] ] } },
{ "type": "Feature", "properties": { "hex_id": 91, "area_km2": 1039.2304845413264 }, "geometry": { "type": "Polygon", "coordinates": [ [ [ -85.326388830531812, 40.943322233565077 ], [ -85.532266308403123, 40.853694839212764 ], [ -85.737781508449388, 40.943801922470037 ], [ -85.737975911585252, 41.123899577170285 ], [ -85.531531805455757, 41.213889759313162 ], [ -85.325460461095318, 41.123417005362548 ], [ -85.326388830531812, 40.943322233565077 ] ] ] } },
{ "type": "Feature", "properties": { "hex_id": 92, "area_km2": 1039.2304845413262 }, "geometry": { "type": "Polygon", "coordinates": [ [ [ -84.915021402340003, 40.941374464519107 ], [ -85.121439721485828, 40.852484967976345 ], [ -85.326388830531812, 40.943322233565077 ], [ -85.325460461095318, 41.123417005362548 ], [ -85.118460424440684, 41.212664165160021 ], [ -84.912970390921288, 41.121456703850953 ], [ -84.915021402340003, 40.941374464519107 ] ] ] } },
{ "type": "Feature", "properties": { "hex_id": 93, "area_km2": 236.39748820401491 }, "geometry": { "type": "Polygon", "coordinates": [ [ [ -84.915021402340003, 40.941374464519107 ], [ -84.912970390921274, 41.121456703850953 ], [ -84.803490202270225, 41.16821858070751 ], [ -84.803434476939913, 41.164330556303689 ], [ -84.803435065251776, 41.164053840648137 ], [ -84.803440206842026, 41.161635465841954 ], [ -84.803481494611731, 41.14221553821649 ], [ -84.80348631703842, 41.135906543610886 ], [ -84.803497511300819, 41.121261521091562 ], [ -84.80339376041556, 41.096866365384983 ], [ -84.803361536522146, 41.089289494992499 ], [ -84.803348807241264, 41.077479461328856 ], [ -84.803275617857679, 41.009575437360013 ], [ -84.803253859828658, 40.989393407238424 ], [ -84.803252611143606, 40.988235414299673 ], [ -84.802917631388127, 40.922567371212999 ], [ -84.802805040808039, 40.902247380069824 ], [ -84.802743561823306, 40.891146504070775 ], [ -84.915021402340003, 40.941374464519107 ] ] ] } },
{ "type": "Feature", "properties": { "hex_id": 94, "area_km2": 896.26764228789818 }, "geometry": { "type": "Polygon", "coordinates": [ [ [ -87.397165854546671, 41.471080785326208 ], [ -87.187787905919919, 41.384002000180665 ], [ -87.183610289531472, 41.203975996641418 ], [ -87.387676508868495, 41.111065153251239 ], [ -87.526587001750869, 41.168849263114431 ], [ -87.526614835824162, 41.194477454098326 ], [ -87.526630745316794, 41.209136756423696 ], [ -87.526710504590497, 41.282964838069553 ], [ -87.526726710294867, 41.298050990451593 ], [ -87.526726842420388, 41.29817398818787 ], [ -87.526518079202589, 41.341585911751487 ], [ -87.526485445552908, 41.348372007241665 ], [ -87.526473346353896, 41.350888008206375 ], [ -87.526226801810509, 41.385288933455449 ], [ -87.526126200593836, 41.399326029102831 ], [ -87.526081830833263, 41.405517029298039 ], [ -87.526030061938428, 41.412383382665851 ], [ -87.397165854546671, 41.471080785326208 ] ] ] } },
{ "type": "Feature", "properties": { "hex_id": 95, "area_km2": 1039.2304845413262 }, "geometry": { "type": "Polygon", "coordinates": [ [ [ -86.770683983977648, 41.208675719696458 ], [ -86.975366945539491, 41.116487484460009 ], [ -87.183610289531472, 41.203975996641418 ], [ -87.187787905919919, 41.384002000180665 ], [ -86.982586453799755, 41.47657180635693 ], [ -86.773725299096824, 41.388731708743016 ], [ -86.770683983977648, 41.208675719696458 ] ] ] } },
{ "type": "Feature", "properties": { "hex_id": 96, "area_km2": 1039.2304845413262 }, "geometry": { "type": "Polygon", "coordinates": [ [ [ -86.357674888771399, 41.211894445196549 ], [ -86.562959865844661, 41.120434540516918 ], [ -86.770683983977648, 41.208675719696458 ], [ -86.773725299096824, 41.388731708743016 ], [ -86.567905235756655, 41.480569243102423 ], [ -86.35957892988381, 41.391970813485983 ], [ -86.357674888771399, 41.211894445196549 ] ] ] } },
{ "type": "Feature", "properties": { "hex_id": 97, "area_km2": 1039.2304845413264 }, "geometry": { "type": "Polygon", "coordinates": [ [ [ -85.944614010241025, 41.213632777204197 ], [ -86.150485977323413, 41.122904391468829 ], [ -86.357674888771399, 41.211894445196549 ], [ -86.35957892988381, 41.391970813485983 ], [ -86.153156297089794, 41.483070778410678 ], [ -85.94537997343069, 41.393720021257479 ], [ -85.944614010241025, 41.213632777204197 ] ] ] } },
{ "type": "Feature", "properties": { "hex_id": 98, "area_km2": 1039.2304845413264 }, "geometry": { "type": "Polygon", "coordinates": [ [ [ -85.531531805455757, 41.213889759313162 ], [ -85.737975911585252, 41.123899577170285 ], [ -85.944614010241025, 41.213632777204197 ], [ -85.94537997343069, 41.393720021257479 ], [ -85.738369922928015, 41.484077838605181 ], [ -85.531159918196778, 41.393978435165621 ], [ -85.531531805455757, 41.213889759313162 ] ] ] } },
{ "type": "Feature", "properties": { "hex_id": 99, "area_km2": 1039.2304845413262 }, "geometry": { "type": "Polygon", "coordinates": [ [ [ -85.118460424440684, 41.212664165160021 ], [ -85.325460461095318, 41.123417005362548 ], [ -85.531531805455757, 41.213889759313162 ], [ -85.531159918196778, 41.393978435165621 ], [ -85.323578299668782, 41.483589036383023 ], [ -85.116950438007322, 41.392745139614526 ], [ -85.118460424440684, 41.212664165160021 ] ] ] } },
{ "type": "Feature", "properties": { "hex_id": 100, "area_km2": 832.15178124122065 }, "geometry": { "type": "Polygon", "coordinates": [ [ [ -84.912970390921274, 41.121456703850953 ], [ -85.118460424440684, 41.212664165160021 ], [ -85.116950438007322, 41.392745139614526 ], [ -84.908812593815412, 41.481604033178684 ], [ -84.804026024490753, 41.435103223969733 ], [ -84.804058693699247, 41.426050692109264 ], [ -84.803911669948647, 41.411528686688186 ], [ -84.803939557329045, 41.408364497697328 ], [ -84.803972658955644, 41.404608684072166 ], [ -84.803912611626103, 41.375307673082936 ], [ -84.803999596432277, 41.365742669458697 ], [ -84.803964728562761, 41.357755788029934 ], [ -84.803886693215929, 41.339880905045518 ], [ -84.803821472737354, 41.324941412443486 ], [ -84.803589444217721, 41.271792634386188 ], [ -84.803583056128133, 41.271019827515723 ], [ -84.803582335728322, 41.270932676275159 ], [ -84.803581442641601, 41.270824634027882 ], [ -84.803528415148278, 41.253817627684803 ], [ -84.803526669953882, 41.252561588657976 ], [ -84.803433041425805, 41.185063492118914 ], [ -84.803426464205003, 41.180321569374897 ], [ -84.803545470985654, 41.172074562587632 ], [ -84.803490202270225, 41.16821858070751 ], [ -84.912970390921274, 41.121456703850953 ] ] ] } },
{ "type": "Feature", "properties": { "hex_id": 101, "area_km2": 268.31278786376117 }, "geometry": { "type": "Polygon", "coordinates": [ [ [ -87.421902256661099, 41.659308007688431 ], [ -87.432352047704555, 41.656441030419352 ], [ -87.433796696281675, 41.656044686396157 ], [ -87.43703022614369, 41.655157557003363 ], [ -87.437101555689978, 41.654427805561468 ], [ -87.437143219073988, 41.654001559822511 ], [ -87.436413629820876, 41.653817127901554 ], [ -87.435169230837388, 41.653502557888828 ], [ -87.433111285090988, 41.649034583616675 ], [ -87.433100222040508, 41.649010564796221 ], [ -87.429837230491515, 41.646033566231175 ], [ -87.428136807087895, 41.645092191895706 ], [ -87.420826104182197, 41.641044900397638 ], [ -87.42076227243254, 41.641009562382301 ], [ -87.418545293511201, 41.641867556871404 ], [ -87.416722302357527, 41.640901555912741 ], [ -87.411537355313428, 41.643693541497271 ], [ -87.410323358588371, 41.642513541955914 ], [ -87.408389373722329, 41.642635538521439 ], [ -87.405820083987606, 41.641633393177635 ], [ -87.405697388851181, 41.641585536229911 ], [ -87.401689408209364, 41.639322534135665 ], [ -87.401660754364514, 41.639314165850074 ], [ -87.397165854546671, 41.471080785326208 ], [ -87.526030061938428, 41.412383382665851 ], [ -87.525926065206363, 41.426183228873825 ], [ -87.525919915406064, 41.426999152850264 ], [ -87.525855206527226, 41.43558439242878 ], [ -87.525855199629675, 41.435585307556629 ], [ -87.525778450000686, 41.445768045254837 ], [ -87.525753475635554, 41.453695129547761 ], [ -87.52572647165681, 41.462266426416448 ], [ -87.525719115871226, 41.46460121567241 ], [ -87.525701218303624, 41.470282055118531 ], [ -87.52568077153586, 41.471814836460084 ], [ -87.525631781544647, 41.475487345104597 ], [ -87.525580262608315, 41.47934943381096 ], [ -87.525534099029414, 41.482810060249591 ], [ -87.525558905549204, 41.494629016700735 ], [ -87.525558915025059, 41.494633531407452 ], [ -87.525567817628115, 41.498875134914321 ], [ -87.525588239487092, 41.508542933585169 ], [ -87.525607038532357, 41.517435023668142 ], [ -87.525571808466708, 41.522650110339029 ], [ -87.525557704988259, 41.524737840672202 ], [ -87.525533353864958, 41.528342524924462 ], [ -87.525404086526621, 41.54747791413677 ], [ -87.525401762655335, 41.547821915998163 ], [ -87.525396042599468, 41.548668653898481 ], [ -87.525393805024734, 41.548999881332385 ], [ -87.52538506395527, 41.550293818953612 ], [ -87.525341279866424, 41.556775164447288 ], [ -87.525336103625804, 41.557541401941975 ], [ -87.525327277571662, 41.558847920414848 ], [ -87.525336962421903, 41.563468708510889 ], [ -87.525350846153216, 41.570092848067816 ], [ -87.525351229577225, 41.570275785521538 ], [ -87.525365544573205, 41.577105690559947 ], [ -87.525365593554454, 41.577129060259701 ], [ -87.525368561721493, 41.578545218765761 ], [ -87.525374460683324, 41.581359705248111 ], [ -87.525374502497243, 41.581379655329286 ], [ -87.525383433661332, 41.585640853517219 ], [ -87.525368104086112, 41.587439353988223 ], [ -87.525329373367853, 41.591983330322748 ], [ -87.525309185143982, 41.59435185930672 ], [ -87.525254641571294, 41.600751038534142 ], [ -87.525252051851467, 41.601054870560844 ], [ -87.525195422988176, 41.607698703360271 ], [ -87.525180404034373, 41.609460763104209 ], [ -87.525165581406412, 41.611199789597407 ], [ -87.525154438739776, 41.613832871331105 ], [ -87.525147300091177, 41.615519778791025 ], [ -87.52513189217504, 41.619160766565209 ], [ -87.525117307192815, 41.62260729051534 ], [ -87.525115425576345, 41.623051928496771 ], [ -87.525103191656427, 41.625942882061217 ], [ -87.525085149388019, 41.630206386347247 ], [ -87.525073392952649, 41.632984508301014 ], [ -87.525062892991613, 41.635465717578512 ], [ -87.525046744469478, 41.639281719317992 ], [ -87.525011433253567, 41.644634661646428 ], [ -87.524975275664062, 41.650115910089525 ], [ -87.524974528789627, 41.6502291312637 ], [ -87.524844922154671, 41.669876642575211 ], [ -87.524626449300399, 41.691800282274464 ], [ -87.524554359107938, 41.699034502023736 ], [ -87.524536102307408, 41.700866564533669 ], [ -87.524499788712944, 41.701589624073272 ], [ -87.510327855372736, 41.695758116764651 ], [ -87.507996033777616, 41.694105557235254 ], [ -87.507936209599762, 41.694159749921255 ], [ -87.507470202124807, 41.694581897586254 ], [ -87.504030855860165, 41.693166098639637 ], [ -87.504184015659575, 41.692316556555596 ], [ -87.504511011475387, 41.691567559080113 ], [ -87.500279839639589, 41.689199477833654 ], [ -87.498419991693495, 41.688158560097392 ], [ -87.490942021331151, 41.684903559379869 ], [ -87.488891032190296, 41.684420558007211 ], [ -87.485106052659603, 41.683583555287015 ], [ -87.485048278888129, 41.683534636939974 ], [ -87.484023054324169, 41.68266655630422 ], [ -87.485373036170429, 41.681232561927047 ], [ -87.48255604432471, 41.679436562928927 ], [ -87.479914058619329, 41.678807561017905 ], [ -87.478743072672543, 41.679785556867529 ], [ -87.475798081198178, 41.677859557904597 ], [ -87.475482078377937, 41.67703555961274 ], [ -87.476306061710872, 41.675232565432303 ], [ -87.470739086022277, 41.672833563865751 ], [ -87.468010102700788, 41.672430561059549 ], [ -87.464256182507398, 41.676780657103222 ], [ -87.442760348632618, 41.667915964288404 ], [ -87.442764254001247, 41.667828536300753 ], [ -87.441555857724936, 41.666994602476599 ], [ -87.438030269797366, 41.664561536967341 ], [ -87.436887510193003, 41.665492917954559 ], [ -87.421902256661099, 41.659308007688431 ] ] ] } },
{ "type": "Feature", "properties": { "hex_id": 102, "area_km2": 810.17704255098749 }, "geometry": { "type": "Polygon", "coordinates": [ [ [ -86.986245682740247, 41.656604870815734 ], [ -86.982586453799755, 41.47657180635693 ], [ -87.187787905919919, 41.384002000180665 ], [ -87.397165854546671, 41.471080785326208 ], [ -87.401660754364514, 41.639314165850074 ], [ -87.401552204829841, 41.63928246413753 ], [ -87.394769445990008, 41.637301571543247 ], [ -87.394536452630092, 41.637233526242653 ], [ -87.368857617659827, 41.630037495402881 ], [ -87.367029761863478, 41.629624964868924 ], [ -87.362862658457033, 41.628684487222877 ], [ -87.361885648646989, 41.628551517445544 ], [ -87.357785096762697, 41.627993437583754 ], [ -87.347395770339432, 41.626579463345365 ], [ -87.327910916456659, 41.624943431087715 ], [ -87.325607280908699, 41.624610710796638 ], [ -87.318646984443987, 41.623605416320281 ], [ -87.318571976908615, 41.621173419434548 ], [ -87.312103026371076, 41.620690408298181 ], [ -87.311045039198461, 41.622084404593181 ], [ -87.305974079722134, 41.622279395173578 ], [ -87.304429083253851, 41.619492395786452 ], [ -87.299021124862136, 41.619091386357951 ], [ -87.29777214720896, 41.623271379180657 ], [ -87.293489182006297, 41.623675371010606 ], [ -87.290707201870916, 41.622990366772505 ], [ -87.288967214027792, 41.622455364223264 ], [ -87.288811873830312, 41.621274942321392 ], [ -87.288755211149208, 41.620844365606864 ], [ -87.278400874072958, 41.620164463007107 ], [ -87.278079293564787, 41.620143346885108 ], [ -87.261632424466484, 41.620521316526641 ], [ -87.261477637691442, 41.62053579620752 ], [ -87.253968924484923, 41.621238206193503 ], [ -87.222641599718798, 41.624168814426355 ], [ -87.220658627350844, 41.624354318076364 ], [ -87.202783116264612, 41.627222850595167 ], [ -87.187649755364447, 41.629651342711291 ], [ -87.183539361014653, 41.630318215963797 ], [ -87.179593786805157, 41.630958348681133 ], [ -87.177094797695659, 41.631837350138554 ], [ -87.176017806323415, 41.633869349396555 ], [ -87.175699808174343, 41.634175349420538 ], [ -87.174630811689056, 41.634065350444416 ], [ -87.162092859192413, 41.635392360274473 ], [ -87.161694859781491, 41.635054360904206 ], [ -87.161752850931521, 41.631484363840094 ], [ -87.158671861579194, 41.631397366605924 ], [ -87.158527883576681, 41.640235359321942 ], [ -87.158095888405143, 41.641589358561809 ], [ -87.15046791510467, 41.641416365330223 ], [ -87.150495901425813, 41.635888369966288 ], [ -87.147444912292443, 41.635917372600673 ], [ -87.147501935870423, 41.645561364403981 ], [ -87.146977823111499, 41.646141053976535 ], [ -87.146954939315066, 41.646166364366344 ], [ -87.144536571424538, 41.645861998813302 ], [ -87.144511595497988, 41.645858855448886 ], [ -87.142149114203704, 41.645561523547855 ], [ -87.14184595595799, 41.645523369333716 ], [ -87.130146004873183, 41.648368377033059 ], [ -87.128435644355491, 41.646381527916802 ], [ -87.128383006008022, 41.646320380309483 ], [ -87.120392036529495, 41.647100386554214 ], [ -87.120369232065286, 41.647105374232055 ], [ -87.099049125000022, 41.651768400941968 ], [ -87.077062073728911, 41.658477700622321 ], [ -87.067471137942675, 41.661404353330845 ], [ -87.066032270836914, 41.661843420427516 ], [ -87.028775466262118, 41.674361281741476 ], [ -86.986245682740247, 41.656604870815734 ] ] ] } },
{ "type": "Feature", "properties": { "hex_id": 103, "area_km2": 1039.2304845413262 }, "geometry": { "type": "Polygon", "coordinates": [ [ [ -86.567905235756655, 41.480569243102423 ], [ -86.773725299096824, 41.388731708743016 ], [ -86.982586453799755, 41.47657180635693 ], [ -86.986245682740247, 41.656604870815734 ], [ -86.779891236369764, 41.748825666706004 ], [ -86.570411793430409, 41.660627820105823 ], [ -86.567905235756655, 41.480569243102423 ] ] ] } },
{ "type": "Feature", "properties": { "hex_id": 104, "area_km2": 1039.2304845413262 }, "geometry": { "type": "Polygon", "coordinates": [ [ [ -86.153156297089794, 41.483070778410678 ], [ -86.35957892988381, 41.391970813485983 ], [ -86.567905235756655, 41.480569243102423 ], [ -86.570411793430409, 41.660627820105823 ], [ -86.363438799251156, 41.752106768298617 ], [ -86.1545094677968, 41.663145764823163 ], [ -86.153156297089794, 41.483070778410678 ] ] ] } },
{ "type": "Feature", "properties": { "hex_id": 105, "area_km2": 1039.2304845413264 }, "geometry": { "type": "Polygon", "coordinates": [ [ [ -85.738369922928015, 41.484077838605181 ], [ -85.94537997343069, 41.393720021257479 ], [ -86.153156297089794, 41.483070778410678 ], [ -86.1545094677968, 41.663145764823163 ], [ -85.946933219385585, 41.753878034618765 ], [ -85.738569931013856, 41.664158898693387 ], [ -85.738369922928015, 41.484077838605181 ] ] ] } },
{ "type": "Feature", "properties": { "hex_id": 106, "area_km2": 1039.2304845413264 }, "geometry": { "type": "Polygon", "coordinates": [ [ [ -85.323578299668782, 41.483589036383023 ], [ -85.531159918196778, 41.393978435165621 ], [ -85.738369922928015, 41.484077838605181 ], [ -85.738569931013856, 41.664158898693387 ], [ -85.530406150412816, 41.754138847284651 ], [ -85.32262446615853, 41.663666603978136 ], [ -85.323578299668782, 41.483589036383023 ] ] ] } },
{ "type": "Feature", "properties": { "hex_id": 107, "area_km2": 1039.2304845413262 }, "geometry": { "type": "Polygon", "coordinates": [ [ [ -84.908812593815412, 41.481604033178684 ], [ -85.116950438007322, 41.392745139614526 ], [ -85.323578299668782, 41.483589036383023 ], [ -85.32262446615853, 41.663666603978136 ], [ -85.113888892014401, 41.752890027931777 ], [ -84.906705119254156, 41.661668914062034 ], [ -84.908812593815412, 41.481604033178684 ] ] ] } },
{ "type": "Feature", "properties": { "hex_id": 108, "area_km2": 213.50547970546489 }, "geometry": { "type": "Polygon", "coordinates": [ [ [ -84.908812593815412, 41.481604033178684 ], [ -84.906705119254156, 41.661668914062034 ], [ -84.806007854876057, 41.704309597493769 ], [ -84.80600481122184, 41.702737980855588 ], [ -84.805991991870755, 41.696117510490467 ], [ -84.805967991823337, 41.696117510464667 ], [ -84.80604562195397, 41.689063430766133 ], [ -84.806204973198831, 41.674583533673847 ], [ -84.805986070071981, 41.652854175459552 ], [ -84.805857941907107, 41.640135570133765 ], [ -84.805679931138144, 41.628445582496944 ], [ -84.805668912510498, 41.61916001012618 ], [ -84.80566568334666, 41.616438742637428 ], [ -84.805659916109363, 41.611578600516197 ], [ -84.805344723374361, 41.585282756553482 ], [ -84.804824448236872, 41.541877344132573 ], [ -84.80468584146135, 41.530313687288832 ], [ -84.804684125904373, 41.530133705548089 ], [ -84.804570830409503, 41.518247700252189 ], [ -84.804543682403434, 41.512908554207733 ], [ -84.804479814205422, 41.500347719508227 ], [ -84.804335794433328, 41.488152715430765 ], [ -84.804193569401718, 41.465069289052316 ], [ -84.804068612106775, 41.444788451783801 ], [ -84.804019710996272, 41.43685169617769 ], [ -84.804026024490753, 41.435103223969733 ], [ -84.908812593815412, 41.481604033178684 ] ] ] } },
{ "type": "Feature", "properties": { "hex_id": 109, "area_km2": 8.2724995237369967 }, "geometry": { "type": "MultiPolygon", "coordinates": [ [ [ [ -87.524499788712944, 41.701589624073272 ], [ -87.524445131792532, 41.70267790784002 ], [ -87.524162145256952, 41.708312545260341 ], [ -87.521305151496904, 41.710029536231623 ], [ -87.514945109706929, 41.704560540048384 ], [ -87.5170951032229, 41.702960547610658 ], [ -87.516144093017573, 41.70151554988167 ], [ -87.511150060492767, 41.6975225527612 ], [ -87.510859051396721, 41.696134556023132 ], [ -87.510327855372736, 41.695758116764651 ], [ -87.524499788712944, 41.701589624073272 ] ] ], [ [ [ -87.507470202124807, 41.694581897586254 ], [ -87.506530039594907, 41.695433551479312 ], [ -87.505376356756017, 41.694656277759513 ], [ -87.503937023967779, 41.693686552436198 ], [ -87.504030855860165, 41.693166098639637 ], [ -87.507470202124807, 41.694581897586254 ] ] ], [ [ [ -87.464256182507398, 41.676780657103222 ], [ -87.464175155626862, 41.676874544536908 ], [ -87.462652173769285, 41.678175539207281 ], [ -87.462219222460746, 41.678379663658163 ], [ -87.449911295414424, 41.684182507523715 ], [ -87.44680031112766, 41.683210505742281 ], [ -87.442555281193066, 41.672506525094029 ], [ -87.442760348632618, 41.667915964288404 ], [ -87.464256182507398, 41.676780657103222 ] ] ], [ [ [ -87.436887510193003, 41.665492917954559 ], [ -87.433636320265407, 41.668142522420574 ], [ -87.436264318740612, 41.671308518985292 ], [ -87.439333345202058, 41.680129502992784 ], [ -87.424874496006183, 41.690071461792371 ], [ -87.415813547104449, 41.688181454336316 ], [ -87.410870559603225, 41.683990456715662 ], [ -87.407924561403576, 41.680268460489025 ], [ -87.414490493721686, 41.675747478828107 ], [ -87.408733506844257, 41.670283482141414 ], [ -87.421149364338945, 41.659514523065504 ], [ -87.421902256661099, 41.659308007688431 ], [ -87.436887510193003, 41.665492917954559 ] ] ] ] } },
{ "type": "Feature", "properties": { "hex_id": 110, "area_km2": 63.007466257488886 }, "geometry": { "type": "Polygon", "coordinates": [ [ [ -86.779891236369764, 41.748825666706004 ], [ -86.986245682740247, 41.656604870815734 ], [ -87.028775466262118, 41.674361281741476 ], [ -87.027887445230647, 41.67465944138592 ], [ -87.009639274540476, 41.681519443560852 ], [ -86.994407572174538, 41.687245465444107 ], [ -86.963137539061947, 41.69958152187526 ], [ -86.943382513729162, 41.706598558505767 ], [ -86.933490498304195, 41.709275577661337 ], [ -86.932719823133652, 41.709522647944937 ], [ -86.922741482497415, 41.712721598051026 ], [ -86.922194067122831, 41.713951462016794 ], [ -86.921841485399725, 41.714743598247317 ], [ -86.916393476882931, 41.716383608703978 ], [ -86.913337484666741, 41.72256161001738 ], [ -86.910623482584015, 41.724351614403901 ], [ -86.910273286544367, 41.724957543938729 ], [ -86.909129485207472, 41.726936615439904 ], [ -86.890742453436303, 41.732114651301629 ], [ -86.875454366940275, 41.737927817465298 ], [ -86.875428429368696, 41.73793768000823 ], [ -86.858562094714927, 41.74537107306017 ], [ -86.858117764728419, 41.745566899799798 ], [ -86.844531170764782, 41.751554833060105 ], [ -86.837558170607096, 41.754627999048104 ], [ -86.824827287550093, 41.760238800281151 ], [ -86.824280988428114, 41.7602388014949 ], [ -86.823627284542525, 41.760238802947271 ], [ -86.816069265599822, 41.76023881973947 ], [ -86.81059191853862, 41.760238831908879 ], [ -86.804503236611822, 41.76023884543654 ], [ -86.804426236418848, 41.760238845607617 ], [ -86.801577229278379, 41.760238851937459 ], [ -86.800706227095375, 41.760238853872629 ], [ -86.80061022681042, 41.760249854106419 ], [ -86.800460993322346, 41.760249047386985 ], [ -86.78017474104243, 41.76013938490366 ], [ -86.78008672530747, 41.760138921370846 ], [ -86.779891236369764, 41.748825666706004 ] ] ] } },
{ "type": "Feature", "properties": { "hex_id": 111, "area_km2": 208.33255607508258 }, "geometry": { "type": "Polygon", "coordinates": [ [ [ -86.363438799251156, 41.752106768298617 ], [ -86.570411793430409, 41.660627820105823 ], [ -86.779891236369764, 41.748825666706004 ], [ -86.78008672530747, 41.760138921370846 ], [ -86.748095098990035, 41.759965969833857 ], [ -86.746520097174312, 41.759980973032278 ], [ -86.746171777928126, 41.759979819667414 ], [ -86.722296865964637, 41.759900764355294 ], [ -86.699679927056394, 41.759825874473201 ], [ -86.668752507798359, 41.759723466669115 ], [ -86.641362802268418, 41.759632773038163 ], [ -86.641184981620086, 41.759632184232977 ], [ -86.640042980154703, 41.759670186612652 ], [ -86.583249844151624, 41.759564924403129 ], [ -86.572400906687875, 41.759544816633564 ], [ -86.524221712843172, 41.759455519755008 ], [ -86.519316847481946, 41.759446428917656 ], [ -86.501771827328881, 41.759552464463638 ], [ -86.47440592560244, 41.759628239978937 ], [ -86.455232525196152, 41.75968132932428 ], [ -86.42617804981073, 41.75976177838016 ], [ -86.414576939685176, 41.759793900721938 ], [ -86.36352343082379, 41.759935884152853 ], [ -86.363438799251156, 41.752106768298617 ] ] ] } },
{ "type": "Feature", "properties": { "hex_id": 112, "area_km2": 200.5131522763389 }, "geometry": { "type": "Polygon", "coordinates": [ [ [ -85.946933219385585, 41.753878034618765 ], [ -86.1545094677968, 41.663145764823163 ], [ -86.363438799251156, 41.752106768298617 ], [ -86.36352343082379, 41.759935884152853 ], [ -86.360726765143156, 41.759943006453348 ], [ -86.350785354314922, 41.75997053319638 ], [ -86.3410446379917, 41.759997504228956 ], [ -86.331993424028909, 41.760022566094001 ], [ -86.323640744613797, 41.760045693783979 ], [ -86.313038040507095, 41.760075051546977 ], [ -86.303822048709591, 41.760100569643178 ], [ -86.272492965967402, 41.760187316471608 ], [ -86.272425362643702, 41.760187503657825 ], [ -86.265494551133315, 41.760206694311286 ], [ -86.246184470425746, 41.760113164973816 ], [ -86.241113153169977, 41.760088601784041 ], [ -86.226095398094856, 41.760015862504119 ], [ -86.226068509335974, 41.760015732266986 ], [ -86.217588500328034, 41.760015740369674 ], [ -86.217535302626672, 41.760016081848569 ], [ -86.178752149010975, 41.760265032981238 ], [ -86.178672172089037, 41.760265546357388 ], [ -86.171809427931436, 41.760309598677743 ], [ -86.157224593925292, 41.76040321950363 ], [ -86.127842401032638, 41.760591825361445 ], [ -86.125458398728242, 41.760559827681213 ], [ -86.125058398194867, 41.760575828042192 ], [ -86.108463482488915, 41.760563205145559 ], [ -86.108462840751642, 41.760563204657466 ], [ -86.088418167534883, 41.760547957708411 ], [ -86.06257332060423, 41.760528298866788 ], [ -86.04113000749193, 41.760511988045025 ], [ -86.041079262429534, 41.760511949445849 ], [ -86.04102530962345, 41.760511908406741 ], [ -86.004551447472949, 41.760098977216813 ], [ -85.99574959359596, 41.759999325381926 ], [ -85.991377674743617, 41.759949826026528 ], [ -85.991300269385889, 41.759948949634392 ], [ -85.974978269603341, 41.759848952145987 ], [ -85.974899269601408, 41.759848952157476 ], [ -85.974836993805937, 41.759848643233362 ], [ -85.94695856085724, 41.759710912520767 ], [ -85.946933219385585, 41.753878034618765 ] ] ] } },
{ "type": "Feature", "properties": { "hex_id": 113, "area_km2": 192.8148414263928 }, "geometry": { "type": "Polygon", "coordinates": [ [ [ -85.530406150412816, 41.754138847284651 ], [ -85.738569931013856, 41.664158898693387 ], [ -85.946933219385585, 41.753878034618765 ], [ -85.94695856085724, 41.759710912520767 ], [ -85.942322748326632, 41.759687353718704 ], [ -85.926130964098874, 41.759607033080862 ], [ -85.897439405431072, 41.759464706318582 ], [ -85.888823270294822, 41.759421965295012 ], [ -85.888767345421186, 41.759421637713629 ], [ -85.878012049509181, 41.759358638289186 ], [ -85.874995270512983, 41.759340967428216 ], [ -85.872039270289136, 41.759364967824439 ], [ -85.847911106821684, 41.759271064301927 ], [ -85.819080457272904, 41.759158859348744 ], [ -85.791361270635591, 41.759050980061552 ], [ -85.791333112823054, 41.759051145659015 ], [ -85.790924003578397, 41.759053551650247 ], [ -85.775037269622672, 41.759146982299526 ], [ -85.774031142797568, 41.759144648334036 ], [ -85.75046726949121, 41.759089985973326 ], [ -85.749990269456035, 41.75909098603136 ], [ -85.73792122892921, 41.759088128151454 ], [ -85.728150615537089, 41.759085814526024 ], [ -85.724532211887649, 41.759084957708673 ], [ -85.718543207461607, 41.759086411850049 ], [ -85.682569116851909, 41.759095146425516 ], [ -85.677239117838624, 41.759096440559119 ], [ -85.662638659379141, 41.759099985577315 ], [ -85.659748073167307, 41.759100687416925 ], [ -85.650736044755519, 41.759102875554028 ], [ -85.647681037677273, 41.759124872119912 ], [ -85.632712003505844, 41.759163855400203 ], [ -85.624984986555702, 41.759092846911564 ], [ -85.62260598150624, 41.759048844332646 ], [ -85.622239366276716, 41.759052536732902 ], [ -85.608309948054185, 41.759192828197811 ], [ -85.607545947198531, 41.759078827525769 ], [ -85.530394862225307, 41.759455267135046 ], [ -85.530406150412816, 41.754138847284651 ] ] ] } },
{ "type": "Feature", "properties": { "hex_id": 114, "area_km2": 196.72825793662759 }, "geometry": { "type": "Polygon", "coordinates": [ [ [ -85.113888892014401, 41.752890027931777 ], [ -85.32262446615853, 41.663666603978136 ], [ -85.530406150412816, 41.754138847284651 ], [ -85.530394862225307, 41.759455267135046 ], [ -85.525753771498088, 41.759476260118106 ], [ -85.518446751491041, 41.759511765321648 ], [ -85.518248741625413, 41.75951272746223 ], [ -85.515999715968334, 41.75935474418106 ], [ -85.515956737734214, 41.759351725165892 ], [ -85.486636473540841, 41.759468315481591 ], [ -85.432468533622441, 41.759683772670549 ], [ -85.427550521436189, 41.759705777432288 ], [ -85.425603279427193, 41.759712575749319 ], [ -85.420610339336889, 41.759730007373207 ], [ -85.408747448498573, 41.759771423744951 ], [ -85.408746204961986, 41.759771428086459 ], [ -85.379130401951898, 41.759874824407788 ], [ -85.368306395181818, 41.759887169326923 ], [ -85.355021389002559, 41.759902321048749 ], [ -85.35017133100132, 41.759907852603128 ], [ -85.330620282861517, 41.75998187158806 ], [ -85.318126252347227, 41.759982883771599 ], [ -85.308137227431118, 41.760096893402491 ], [ -85.298362203886612, 41.760027903003824 ], [ -85.292175070414132, 41.759962739958681 ], [ -85.292096188874439, 41.759961909176269 ], [ -85.273710144730146, 41.75976992727108 ], [ -85.272948142310355, 41.759910927892591 ], [ -85.272213140168716, 41.759998928533825 ], [ -85.232832039155994, 41.759838935218774 ], [ -85.196770677405439, 41.759735296384115 ], [ -85.196633939608745, 41.759734903405338 ], [ -85.174889158359974, 41.759630646466313 ], [ -85.172226872515068, 41.759617881940805 ], [ -85.123098736691148, 41.759742838634992 ], [ -85.117263720643194, 41.759699833492874 ], [ -85.113830334803751, 41.75971284892664 ], [ -85.113888892014401, 41.752890027931777 ] ] ] } },
{ "type": "Feature", "properties": { "hex_id": 115, "area_km2": 171.82792074334313 }, "geometry": { "type": "Polygon", "coordinates": [ [ [ -84.906705119254156, 41.661668914062034 ], [ -85.113888892014401, 41.752890027931777 ], [ -85.113830334803751, 41.75971284892664 ], [ -85.083971228882135, 41.759821713639333 ], [ -85.058536496991238, 41.759914827427608 ], [ -85.049163272023989, 41.759949141792909 ], [ -85.039432505876931, 41.759984765082336 ], [ -85.037890213655515, 41.75980948198147 ], [ -85.037813501384079, 41.759800763552711 ], [ -85.034153689932594, 41.759776273073349 ], [ -85.019773059055083, 41.759680041727094 ], [ -84.989840927673455, 41.759479738360149 ], [ -84.972799349465006, 41.759365691445709 ], [ -84.9715473474551, 41.759526689794569 ], [ -84.971373769245261, 41.759527123971985 ], [ -84.961558330139184, 41.759551675683404 ], [ -84.960856328795344, 41.759437674609423 ], [ -84.960599458750224, 41.759439964493382 ], [ -84.942463307301068, 41.759601640333038 ], [ -84.932480279836881, 41.759690634639597 ], [ -84.932380188473545, 41.759690913441453 ], [ -84.9323692955697, 41.759690943783362 ], [ -84.91771905030204, 41.759731751649852 ], [ -84.860130681230672, 41.759892162480014 ], [ -84.825192094277497, 41.75998948293531 ], [ -84.825126003821794, 41.759990204055569 ], [ -84.8188690834602, 41.760058474005106 ], [ -84.805879061287968, 41.760215455655413 ], [ -84.805879721883926, 41.76017044179931 ], [ -84.806130033824033, 41.743114460521433 ], [ -84.806070028825147, 41.73760246632046 ], [ -84.806061024644521, 41.732908471316158 ], [ -84.806038013631863, 41.720543484479094 ], [ -84.806014001999671, 41.707484498384744 ], [ -84.806007854876057, 41.704309597493769 ], [ -84.906705119254156, 41.661668914062034 ] ] ] } }
]
}
