{
"type": "FeatureCollection",
"name": "ks_hexgrid_40km",
"crs": { "type": "name", "properties": { "name": "urn:ogc:def:crs:OGC:1.3:CRS84" } },
"features": [
{ "type": "Feature", "properties": { "hex_id": 0, "area_km2": 282.73097145298425 }, "geometry": { "type": "Polygon", "coordinates": [ [ [ -101.853819699522248, 37.112464779475999 ], [ -101.654691200175918, 37.028959101372969 ], [ -101.652974471224724, 36.994859746996084 ], [ -101.70368637233841, 36.994620178346885 ], [ -101.718257694836282, 36.994552662707946 ], [ -101.826555060562256, 36.994051778385355 ], [ -101.862681908042774, 36.993884813514903 ], [ -101.880872124479083, 36.993800744914068 ], [ -101.898978316265016, 36.993717064527033 ], [ -101.902443114986653, 36.993701051444717 ], [ -101.908054334954684, 36.993675164033746 ], [ -101.935219498538444, 36.993549837161844 ], [ -102.000450355823844, 36.993248887912074 ], [ -102.000450355778952, 36.993271888208632 ], [ -102.028210380378098, 36.993124835556969 ], [ -102.04209239270044, 36.993015808856612 ], [ -102.041991391234433, 37.016405477656413 ], [ -101.853819699522248, 37.112464779475999 ] ] ] } },
{ "type": "Feature", "properties": { "hex_id": 1, "area_km2": 324.23131653960024 }, "geometry": { "type": "Polygon", "coordinates": [ [ [ -101.654691200175932, 37.028959101372969 ], [ -101.464603707066999, 37.125065936787223 ], [ -101.265892833655442, 37.0408751983664 ], [ -101.263908935368079, 36.996773900799077 ], [ -101.283209021148352, 36.996666804574936 ], [ -101.357797672183722, 36.996269096736178 ], [ -101.359674659589544, 36.996230102700764 ], [ -101.361128339940365, 36.996224765754121 ], [ -101.378180531762922, 36.996162161451586 ], [ -101.397041197690484, 36.996079776683771 ], [ -101.413868285741046, 36.996006274723776 ], [ -101.415005278387611, 36.995964278330348 ], [ -101.485325795140753, 36.995609501384436 ], [ -101.519065926201435, 36.99554448629641 ], [ -101.555239367783358, 36.995412369269509 ], [ -101.555260671956859, 36.995412246067417 ], [ -101.595197364854471, 36.995181291946523 ], [ -101.600396919383243, 36.995151222877254 ], [ -101.601593934507022, 36.995093218915315 ], [ -101.632506481768871, 36.994949987183759 ], [ -101.652974471224724, 36.994859746996084 ], [ -101.654691200175932, 37.028959101372969 ] ] ] } },
{ "type": "Feature", "properties": { "hex_id": 2, "area_km2": 359.85226680548942 }, "geometry": { "type": "Polygon", "coordinates": [ [ [ -101.265892833655442, 37.0408751983664 ], [ -101.075261371797765, 37.136326958432285 ], [ -100.876972974402037, 37.051452677022482 ], [ -100.874879281263716, 36.998612053899365 ], [ -100.891660232540346, 36.998601301696915 ], [ -100.904216153076035, 36.998741643421972 ], [ -100.904274255277571, 36.998742292849784 ], [ -100.904588257859004, 36.998558293177197 ], [ -100.945469238860227, 36.998150236076469 ], [ -100.94556634150743, 36.998149266837537 ], [ -100.958226862014016, 36.998122414250794 ], [ -100.996502441425264, 36.998041232858611 ], [ -101.012641494892961, 36.998173256668494 ], [ -101.017729623320378, 36.998147297492558 ], [ -101.053589654332441, 36.997964342771915 ], [ -101.066451704293428, 36.997919387470255 ], [ -101.066742705233366, 36.997918370366754 ], [ -101.090050989448883, 36.997790078043423 ], [ -101.211487266951167, 36.997121673729332 ], [ -101.212910273159125, 36.997041676761526 ], [ -101.214918474511506, 36.997030966932876 ], [ -101.263908935368079, 36.996773900799077 ], [ -101.265892833655442, 37.0408751983664 ] ] ] } },
{ "type": "Feature", "properties": { "hex_id": 3, "area_km2": 390.4851719862429 }, "geometry": { "type": "Polygon", "coordinates": [ [ [ -100.876972974402037, 37.051452677022482 ], [ -100.685804491868538, 37.146248395429822 ], [ -100.487948275901346, 37.060692598420545 ], [ -100.485900086164008, 37.000908180377237 ], [ -100.551598427285001, 37.000618478372864 ], [ -100.552218455569559, 37.000684192236811 ], [ -100.552683424376639, 37.000733472081798 ], [ -100.591328332359069, 37.000374261349016 ], [ -100.591413332107379, 37.000397260836067 ], [ -100.629770240406387, 37.000023051003346 ], [ -100.633327232272649, 36.999934031573019 ], [ -100.675320372198087, 36.999687162788213 ], [ -100.675552132097536, 36.99968580032224 ], [ -100.729364909991929, 36.999111466439537 ], [ -100.734516994302041, 36.999056479269925 ], [ -100.756893968111655, 36.99935438883675 ], [ -100.765483985775759, 36.999174383839758 ], [ -100.806116064028899, 36.999088357142881 ], [ -100.814277079671442, 36.999082351734756 ], [ -100.849999946671929, 36.998685860410212 ], [ -100.855634163064707, 36.998623325716501 ], [ -100.868240058092439, 36.998615619285097 ], [ -100.874879281263716, 36.998612053899365 ], [ -100.876972974402037, 37.051452677022482 ] ] ] } },
{ "type": "Feature", "properties": { "hex_id": 4, "area_km2": 415.9612053339427 }, "geometry": { "type": "Polygon", "coordinates": [ [ [ -100.487948275901346, 37.060692598420545 ], [ -100.296249314435471, 37.154830606224202 ], [ -100.09883193272303, 37.068593507372448 ], [ -100.096911024278924, 37.002124883390984 ], [ -100.115722869674585, 37.002206352419542 ], [ -100.124495092005759, 37.002191213126842 ], [ -100.187547724387301, 37.002082395572856 ], [ -100.192371714724402, 37.002036398441902 ], [ -100.193754711671147, 37.002133399362513 ], [ -100.201676695741966, 37.002081404095719 ], [ -100.216075666200098, 37.002021293802656 ], [ -100.269987209348272, 37.001796087418192 ], [ -100.434274823926486, 37.001109050800864 ], [ -100.485900086164008, 37.000908180377237 ], [ -100.487948275901346, 37.060692598420545 ] ] ] } },
{ "type": "Feature", "properties": { "hex_id": 5, "area_km2": 444.64346824758871 }, "geometry": { "type": "Polygon", "coordinates": [ [ [ -100.09883193272303, 37.068593507372448 ], [ -99.906609516623959, 37.162069363606264 ], [ -99.709638335688652, 37.07515205803503 ], [ -99.707880573723543, 37.000475904909521 ], [ -99.72258864314496, 37.000553397281479 ], [ -99.774173756892992, 37.00083662760003 ], [ -99.774256355655695, 37.000837081057682 ], [ -99.774817355033065, 37.000841081555684 ], [ -99.786017342576656, 37.000931091514147 ], [ -99.828645911015997, 37.001278289051278 ], [ -99.875410242814851, 37.001659171372225 ], [ -99.90489835005026, 37.001652304908575 ], [ -99.995202111325526, 37.001631277181509 ], [ -100.001287103235413, 37.001699282353357 ], [ -100.002564100623175, 37.001706283142674 ], [ -100.005707094185496, 37.001726285090896 ], [ -100.08948466262386, 37.002091858852083 ], [ -100.096911024278924, 37.002124883390984 ], [ -100.09883193272303, 37.068593507372448 ] ] ] } },
{ "type": "Feature", "properties": { "hex_id": 6, "area_km2": 473.695705422993 }, "geometry": { "type": "Polygon", "coordinates": [ [ [ -99.709638335688652, 37.07515205803503 ], [ -99.516899338618927, 37.167965025772453 ], [ -99.320381831276165, 37.08036992203801 ], [ -99.318918195200951, 36.999841788413583 ], [ -99.375393549562403, 37.000176476413174 ], [ -99.396676317418212, 36.999774033737914 ], [ -99.407017501664853, 36.999578488646279 ], [ -99.456205423223267, 36.999470509741926 ], [ -99.484335377130165, 36.999625522830854 ], [ -99.500397350718202, 36.999575530290599 ], [ -99.500397350355342, 36.99963653060842 ], [ -99.50266734154124, 36.999644535430185 ], [ -99.504095336008533, 36.999647538452969 ], [ -99.508576318643478, 36.999657547941894 ], [ -99.541118095062103, 36.99957214205515 ], [ -99.5580701283031, 36.999527651427513 ], [ -99.62540086738629, 36.999670794044093 ], [ -99.648653778021398, 36.999603842578672 ], [ -99.657659740081115, 37.0001968643978 ], [ -99.707880573723543, 37.000475904909521 ], [ -99.709638335688652, 37.07515205803503 ] ] ] } },
{ "type": "Feature", "properties": { "hex_id": 7, "area_km2": 492.29682158580886 }, "geometry": { "type": "Polygon", "coordinates": [ [ [ -99.320381831276165, 37.08036992203801 ], [ -99.127132542184043, 37.172518306528268 ], [ -98.931075764197772, 37.084247113325993 ], [ -98.929988469828587, 36.999400252716768 ], [ -98.986053093925449, 36.999478697834874 ], [ -98.994373781379167, 36.999492160652935 ], [ -99.000305691988842, 36.999509470657543 ], [ -99.013670686255921, 36.999548471524605 ], [ -99.029339775862724, 36.999594196060748 ], [ -99.049697774895179, 36.99922021629208 ], [ -99.124885766957689, 36.999419292659674 ], [ -99.129451766502982, 36.999421297287164 ], [ -99.215435795475358, 36.999524996380302 ], [ -99.248122754254439, 36.999564417769541 ], [ -99.277508709802888, 36.999578431780741 ], [ -99.318918195200951, 36.999841788413583 ], [ -99.320381831276165, 37.08036992203801 ] ] ] } },
{ "type": "Feature", "properties": { "hex_id": 8, "area_km2": 505.78816422606553 }, "geometry": { "type": "Polygon", "coordinates": [ [ [ -98.931075764197772, 37.084247113325993 ], [ -98.737323526983417, 37.175729051067407 ], [ -98.54173503132408, 37.086783683530896 ], [ -98.541080665392656, 36.998982485887083 ], [ -98.544662927599859, 36.998995278527744 ], [ -98.544874842786513, 36.998996095998805 ], [ -98.622267864422284, 36.999024770902416 ], [ -98.651844803071498, 36.999035729451926 ], [ -98.714514877392787, 36.999058949322368 ], [ -98.718467877870324, 36.999178945820105 ], [ -98.761599878762055, 36.999423929798972 ], [ -98.791938866570561, 36.999253959984948 ], [ -98.793713865907577, 36.999225961759635 ], [ -98.797454864338349, 36.999227965462538 ], [ -98.811834901535178, 36.999239364370652 ], [ -98.869451834092942, 36.999285036745533 ], [ -98.880011829741662, 36.999262047205534 ], [ -98.880582829380259, 36.999308047771443 ], [ -98.929988469828587, 36.999400252716768 ], [ -98.931075764197772, 37.084247113325993 ] ] ] } },
{ "type": "Feature", "properties": { "hex_id": 9, "area_km2": 516.45427868400895 }, "geometry": { "type": "Polygon", "coordinates": [ [ [ -98.54173503132408, 37.086783683530896 ], [ -98.347486972307266, 37.177597582566321 ], [ -98.152373994069706, 37.087978715131925 ], [ -98.152185863968768, 36.998137001174335 ], [ -98.177598340791064, 36.998007553865087 ], [ -98.177724913525012, 36.998007504611188 ], [ -98.19037036866888, 36.998002583816778 ], [ -98.208220365453485, 36.997995637749057 ], [ -98.219501374977298, 36.997822668578756 ], [ -98.237714389241845, 36.997970718528727 ], [ -98.291794598861458, 36.997965830564041 ], [ -98.346190567063658, 36.9979608990825 ], [ -98.347151544249186, 36.997960778676152 ], [ -98.354075580830553, 36.99795991112407 ], [ -98.408993675508029, 36.998511995407846 ], [ -98.418270691662912, 36.998537009596106 ], [ -98.420211695101045, 36.998515012544324 ], [ -98.476406573258373, 36.998731920608023 ], [ -98.541080665392656, 36.998982485887083 ], [ -98.54173503132408, 37.086783683530896 ] ] ] } },
{ "type": "Feature", "properties": { "hex_id": 10, "area_km2": 517.70485181398055 }, "geometry": { "type": "Polygon", "coordinates": [ [ [ -98.152373994069706, 37.087978715131925 ], [ -97.957637739093016, 37.178122583063747 ], [ -97.763007740007438, 37.087832268645819 ], [ -97.763298571792546, 36.998755119493701 ], [ -97.768706222726422, 36.998747800517776 ], [ -97.783434220551356, 36.998958817203963 ], [ -97.783491220797501, 36.99884481739317 ], [ -97.802300218916002, 36.998710839142696 ], [ -97.802315211391104, 36.998710816702641 ], [ -97.87645303380657, 36.99859985063204 ], [ -97.96529411957296, 36.998466877446965 ], [ -98.030207206758931, 36.998369766777152 ], [ -98.033957224283753, 36.998364159907325 ], [ -98.038753823601695, 36.998350433885214 ], [ -98.03989222910495, 36.998347176206437 ], [ -98.045344233550949, 36.998325191184996 ], [ -98.111987287685679, 36.998131374055959 ], [ -98.128180022676844, 36.998144658593425 ], [ -98.146313539089206, 36.998159535354695 ], [ -98.147454316139914, 36.998160471249882 ], [ -98.152185863968768, 36.998137001174335 ], [ -98.152373994069706, 37.087978715131925 ] ] ] } },
{ "type": "Feature", "properties": { "hex_id": 11, "area_km2": 513.32449597723632 }, "geometry": { "type": "Polygon", "coordinates": [ [ [ -97.763007740007438, 37.087832268645819 ], [ -97.567790526295738, 37.177304521986507 ], [ -97.373650643654472, 37.086344688304344 ], [ -97.374405230755798, 36.998855426228246 ], [ -97.384927594228785, 36.99884020639464 ], [ -97.4009065011941, 36.998807599154496 ], [ -97.414488682306427, 36.998779882758065 ], [ -97.462282485087073, 36.998682352493354 ], [ -97.46234880691766, 36.998682578266319 ], [ -97.472863469950411, 36.998718372326032 ], [ -97.527294408811528, 36.998747462183104 ], [ -97.545902393548971, 36.998706488709992 ], [ -97.546500392958421, 36.998744489511878 ], [ -97.56453837815242, 36.998708515220386 ], [ -97.582379051785267, 36.998696225858318 ], [ -97.606551343524202, 36.998679575026117 ], [ -97.614791910720584, 36.998789504046783 ], [ -97.636846322938837, 36.999083709527852 ], [ -97.637139317295947, 36.999087618067698 ], [ -97.650468306498482, 36.999001637135798 ], [ -97.692182256373968, 36.998842489819417 ], [ -97.697106268406699, 36.998823703697369 ], [ -97.763298571792546, 36.998755119493701 ], [ -97.763007740007438, 37.087832268645819 ] ] ] } },
{ "type": "Feature", "properties": { "hex_id": 12, "area_km2": 504.26245318877602 }, "geometry": { "type": "Polygon", "coordinates": [ [ [ -97.373650643654472, 37.086344688304344 ], [ -97.177959405987551, 37.175143537755361 ], [ -96.984316363105179, 37.083516057381949 ], [ -96.985498420753956, 36.999001214261888 ], [ -97.030084780019763, 36.998925701366943 ], [ -97.039696981726934, 36.998996055051464 ], [ -97.039786780072902, 36.998996712303935 ], [ -97.045908780818394, 36.998996518102288 ], [ -97.100654781345796, 36.99899478145641 ], [ -97.104278781341321, 36.999016785506633 ], [ -97.111409938010453, 36.999014120932443 ], [ -97.120287781691388, 36.999010803705644 ], [ -97.122599781650422, 36.999032806254419 ], [ -97.147723781813596, 36.999107834463963 ], [ -97.156241866042066, 36.999098366984107 ], [ -97.201467899082857, 36.999048100284007 ], [ -97.219886176769549, 36.999027629229893 ], [ -97.255773900029723, 36.998987746084147 ], [ -97.3427403070569, 36.998891152192627 ], [ -97.342759729400797, 36.998891130620144 ], [ -97.364868672629925, 36.998866574082598 ], [ -97.372423611869309, 36.998858182760422 ], [ -97.374405230755798, 36.998855426228246 ], [ -97.373650643654472, 37.086344688304344 ] ] ] } },
{ "type": "Feature", "properties": { "hex_id": 13, "area_km2": 490.354694057004 }, "geometry": { "type": "Polygon", "coordinates": [ [ [ -96.984316363105179, 37.083516057381949 ], [ -96.788158134657763, 37.17164017026861 ], [ -96.595020133062619, 37.079346710164216 ], [ -96.596576341893652, 36.998905445394236 ], [ -96.607362263254871, 36.998931509866132 ], [ -96.624491206826491, 36.998978288149232 ], [ -96.705433928833671, 36.999199338270216 ], [ -96.710484911810426, 36.999267344040824 ], [ -96.731985844337885, 36.999279721330176 ], [ -96.736592824868453, 36.999282373396795 ], [ -96.741272809451075, 36.999235378620448 ], [ -96.749840781801268, 36.998984388105448 ], [ -96.792062780328791, 36.999176435278486 ], [ -96.795201781296015, 36.998856438646975 ], [ -96.822793780123916, 36.999178469529035 ], [ -96.822902801967373, 36.999178554964757 ], [ -96.867471807948078, 36.99921348178642 ], [ -96.8675197797468, 36.999213519379886 ], [ -96.876292779653383, 36.999229529157262 ], [ -96.902085779671893, 36.999151557900952 ], [ -96.903512779713651, 36.999128559492462 ], [ -96.903750934769079, 36.999129436423821 ], [ -96.917095779514341, 36.999178574628615 ], [ -96.921917779547812, 36.999147580006436 ], [ -96.925296782717197, 36.999126078373301 ], [ -96.934644779623142, 36.999066594206184 ], [ -96.967373779387785, 36.999063630698735 ], [ -96.975564779407108, 36.999015639847912 ], [ -96.985498420753956, 36.999001214261888 ], [ -96.984316363105179, 37.083516057381949 ] ] ] } },
{ "type": "Feature", "properties": { "hex_id": 14, "area_km2": 472.07455266143256 }, "geometry": { "type": "Polygon", "coordinates": [ [ [ -96.595020133062619, 37.079346710164216 ], [ -96.398403647300412, 37.166794475167613 ], [ -96.205777268818267, 37.073836827779338 ], [ -96.207625172334048, 36.999042583956864 ], [ -96.217576287033822, 36.999066094315801 ], [ -96.235325388500158, 36.999126807740815 ], [ -96.27637300092583, 36.999267157302192 ], [ -96.279083984095351, 36.999268156708332 ], [ -96.284857947989323, 36.999265599042857 ], [ -96.345288550688068, 36.999238830425853 ], [ -96.380304417845608, 36.999223319671572 ], [ -96.381561337394587, 36.999222762902491 ], [ -96.394276268799146, 36.999217130657492 ], [ -96.415416137547254, 36.999109125217934 ], [ -96.415777717219214, 36.999107122868566 ], [ -96.500291612421663, 36.998639104667816 ], [ -96.525581202098451, 36.998708169514607 ], [ -96.596576341893652, 36.998905445394236 ], [ -96.595020133062619, 37.079346710164216 ] ] ] } },
{ "type": "Feature", "properties": { "hex_id": 15, "area_km2": 448.12160779042466 }, "geometry": { "type": "Polygon", "coordinates": [ [ [ -96.205777268818267, 37.073836827779338 ], [ -96.008708665058151, 37.16060611503854 ], [ -95.81659960829414, 37.066986048204726 ], [ -95.818639210524992, 36.999144181450006 ], [ -95.819372095747653, 36.999145852108342 ], [ -95.866905074202009, 36.99925644923151 ], [ -95.8738886000299, 36.999295119729112 ], [ -95.873950076460645, 36.999295460147991 ], [ -95.875263076861216, 36.999297462136745 ], [ -95.877157077435569, 36.99929946499779 ], [ -95.910186087454306, 36.999331514879358 ], [ -95.928128092400755, 36.999240540957409 ], [ -95.936998095156625, 36.999263554487996 ], [ -95.964276035962769, 36.999089200934712 ], [ -96.000816108617457, 36.998855646470268 ], [ -96.035778039592714, 36.998883857615525 ], [ -96.091284928462443, 36.998928646708549 ], [ -96.141215576446669, 36.998968936282232 ], [ -96.143212569577443, 36.999129942106968 ], [ -96.147148554145886, 36.999017949002983 ], [ -96.149714544485519, 36.999035954470905 ], [ -96.152389534380347, 36.999046960088201 ], [ -96.154022528656981, 36.999156964622536 ], [ -96.184713618998245, 36.999206931044014 ], [ -96.184718429011511, 36.999206938874892 ], [ -96.184773412116215, 36.999207028389833 ], [ -96.200033353456021, 36.999024057794344 ], [ -96.207625172334048, 36.999042583956864 ], [ -96.205777268818267, 37.073836827779338 ] ] ] } },
{ "type": "Feature", "properties": { "hex_id": 16, "area_km2": 418.45270042406747 }, "geometry": { "type": "Polygon", "coordinates": [ [ [ -95.81659960829414, 37.066986048204726 ], [ -95.619084934421309, 37.153076005285094 ], [ -95.427499677361084, 37.05879554343641 ], [ -95.429609495095548, 36.999242931075663 ], [ -95.511582608029229, 36.999230251015319 ], [ -95.522419661160995, 36.999276310588222 ], [ -95.534405745013743, 36.999327253770204 ], [ -95.573602980348753, 36.999305257366608 ], [ -95.588995063801434, 36.999309651779164 ], [ -95.60152220954798, 36.999313228257535 ], [ -95.61214521175522, 36.999316261106628 ], [ -95.615746319977347, 36.999358024455702 ], [ -95.615939234569254, 36.999360261755726 ], [ -95.621016995090514, 36.999357245508492 ], [ -95.624355285098332, 36.999355262526315 ], [ -95.628754919595622, 36.999324544585683 ], [ -95.630084319458703, 36.999315262808459 ], [ -95.637989370750375, 36.999315725548016 ], [ -95.642375044973647, 36.999315982273195 ], [ -95.660425501405385, 36.999317038896642 ], [ -95.664306524927468, 36.999317266081036 ], [ -95.674047506948099, 36.999329140366044 ], [ -95.686457657965576, 36.999344268377577 ], [ -95.696664719011963, 36.999210268416505 ], [ -95.710385801678683, 36.999366270815052 ], [ -95.710512346134081, 36.999363687711437 ], [ -95.714892828556444, 36.999274270594761 ], [ -95.718059847520138, 36.999250270725476 ], [ -95.741913990692865, 36.999239272909378 ], [ -95.746476169751887, 36.999246117759732 ], [ -95.754796451975096, 36.999258607844169 ], [ -95.759911042292487, 36.999266288738518 ], [ -95.768725044747995, 36.999200301472037 ], [ -95.78676805042511, 36.999305329347692 ], [ -95.807986056182287, 36.999119359716488 ], [ -95.818639210524992, 36.999144181450006 ], [ -95.81659960829414, 37.066986048204726 ] ] ] } },
{ "type": "Feature", "properties": { "hex_id": 17, "area_km2": 383.73744640711806 }, "geometry": { "type": "Polygon", "coordinates": [ [ [ -95.427499677361084, 37.05879554343641 ], [ -95.229548030177128, 37.144204197892932 ], [ -95.038495150966028, 37.049265608164212 ], [ -95.040524537518237, 36.999511292570041 ], [ -95.049501721768991, 36.99957519199566 ], [ -95.073511828297967, 36.999504201673012 ], [ -95.14046414103548, 36.999528821040833 ], [ -95.15519019081529, 36.999534236027884 ], [ -95.15537519163604, 36.999535236110205 ], [ -95.158972155359493, 36.999531957060597 ], [ -95.177304288972095, 36.999515245196228 ], [ -95.19531036886066, 36.999560252947873 ], [ -95.267879551036216, 36.999442231841741 ], [ -95.286083554111727, 36.99941261911831 ], [ -95.322568880782342, 36.999353267874035 ], [ -95.328061901135712, 36.999360267375046 ], [ -95.32833090213181, 36.999361267353855 ], [ -95.331213912804614, 36.999375267143051 ], [ -95.377261967776136, 36.999291563997723 ], [ -95.40768719636857, 36.999236258980474 ], [ -95.407737239248448, 36.999236256085545 ], [ -95.429609495095548, 36.999242931075663 ], [ -95.427499677361084, 37.05879554343641 ] ] ] } },
{ "type": "Feature", "properties": { "hex_id": 18, "area_km2": 346.16718794048012 }, "geometry": { "type": "Polygon", "coordinates": [ [ [ -95.038495150966014, 37.049265608164212 ], [ -94.840113994209531, 37.133991853835148 ], [ -94.649600025353706, 37.038397239240503 ], [ -94.651431009322749, 36.998720116637578 ], [ -94.69973626439814, 36.998800643503969 ], [ -94.701798269086567, 36.998809639680388 ], [ -94.711271113157352, 36.998792356159228 ], [ -94.712771293423543, 36.998789619029623 ], [ -94.722420901405982, 36.998738611611962 ], [ -94.731508334324261, 36.998690575813114 ], [ -94.737184346696012, 36.998660572636652 ], [ -94.739325351690866, 36.998682568731184 ], [ -94.74069931147433, 36.998685355155821 ], [ -94.744988445676057, 36.998694053627773 ], [ -94.749682000555808, 36.998703572276412 ], [ -94.777043798449739, 36.99875907192969 ], [ -94.777258498957707, 36.998759507421106 ], [ -94.808971577763216, 36.998787636342307 ], [ -94.831281742409402, 36.998807425052 ], [ -94.831544665231405, 36.998807997051223 ], [ -94.840927785943322, 36.998828410411768 ], [ -94.844369618992602, 36.998845081085136 ], [ -94.849802826138358, 36.998871397068868 ], [ -94.853198841393777, 36.998869391864709 ], [ -94.866891547850827, 36.998932488326723 ], [ -94.904384227797649, 36.999105255897803 ], [ -94.940614060318865, 36.999272204242715 ], [ -94.995295480999403, 36.999524178190818 ], [ -95.007622535854864, 36.999509174104617 ], [ -95.011435552796826, 36.999530175817007 ], [ -95.030326636627507, 36.999512183629378 ], [ -95.034956124159692, 36.999499894337596 ], [ -95.037859670049215, 36.999492186676441 ], [ -95.040524537518237, 36.999511292570041 ], [ -95.038495150966014, 37.049265608164212 ] ] ] } },
{ "type": "Feature", "properties": { "hex_id": 19, "area_km2": 14.869066572362067 }, "geometry": { "type": "Polygon", "coordinates": [ [ [ -94.649600025353706, 37.038397239240503 ], [ -94.617903610856644, 37.051832883355807 ], [ -94.617966136490296, 37.04053285864763 ], [ -94.617973534052012, 37.032750850010508 ], [ -94.617973541667027, 37.032742839273673 ], [ -94.6179752727367, 37.030921806896608 ], [ -94.617993126816984, 37.012139860659786 ], [ -94.617996100332505, 37.009011813308909 ], [ -94.617986392365296, 37.005846639242456 ], [ -94.617965082365885, 36.998900797026678 ], [ -94.625225096961145, 36.998667782688386 ], [ -94.651431009322749, 36.998720116637578 ], [ -94.649600025353706, 37.038397239240503 ] ] ] } },
{ "type": "Feature", "properties": { "hex_id": 20, "area_km2": 479.8619856570939 }, "geometry": { "type": "Polygon", "coordinates": [ [ [ -101.863410745414782, 37.292405561094427 ], [ -101.853819699522248, 37.112464779475999 ], [ -102.041991391234433, 37.016405477656413 ], [ -102.041955381479411, 37.024741765282442 ], [ -102.041953381342537, 37.030804733839005 ], [ -102.041924381283977, 37.03217772675243 ], [ -102.041752381068207, 37.034396715437794 ], [ -102.041923381218311, 37.035082711684538 ], [ -102.04198637968976, 37.106550340996208 ], [ -102.041812379393761, 37.111972312754936 ], [ -102.042095379389622, 37.125020245326368 ], [ -102.042138379433254, 37.125020245370408 ], [ -102.04212490478902, 37.126714489394388 ], [ -102.042005378926504, 37.141743158519972 ], [ -102.041966351462918, 37.258162612304488 ], [ -102.041667230151333, 37.297648685087459 ], [ -102.041820194039147, 37.309488707843244 ], [ -102.041977062079425, 37.352611789162694 ], [ -102.042092061573925, 37.352817789960227 ], [ -102.041742912618503, 37.366535890078822 ], [ -101.863410745414782, 37.292405561094427 ] ] ] } },
{ "type": "Feature", "properties": { "hex_id": 21, "area_km2": 1039.2304845413266 }, "geometry": { "type": "Polygon", "coordinates": [ [ [ -101.464603707066999, 37.125065936787223 ], [ -101.654691200175918, 37.028959101372969 ], [ -101.853819699522248, 37.112464779475999 ], [ -101.863410745414782, 37.292405561094427 ], [ -101.672907766009217, 37.388873808060389 ], [ -101.473229248955818, 37.305038890439754 ], [ -101.464603707066999, 37.125065936787223 ] ] ] } },
{ "type": "Feature", "properties": { "hex_id": 22, "area_km2": 1039.2304845413266 }, "geometry": { "type": "Polygon", "coordinates": [ [ [ -101.075261371797765, 37.136326958432285 ], [ -101.265892833655442, 37.0408751983664 ], [ -101.464603707066999, 37.125065936787223 ], [ -101.473229248955818, 37.305038890439754 ], [ -101.282174589366775, 37.40085119674 ], [ -101.082918329485395, 37.316329394949818 ], [ -101.075261371797765, 37.136326958432285 ] ] ] } },
{ "type": "Feature", "properties": { "hex_id": 23, "area_km2": 1039.2304845413262 }, "geometry": { "type": "Polygon", "coordinates": [ [ [ -100.685804491868538, 37.146248395429822 ], [ -100.876972974402037, 37.051452677022482 ], [ -101.075261371797765, 37.136326958432285 ], [ -101.082918329485395, 37.316329394949818 ], [ -100.891318664214268, 37.411484067511992 ], [ -100.69249288284314, 37.326276680721108 ], [ -100.685804491868538, 37.146248395429822 ] ] ] } },
{ "type": "Feature", "properties": { "hex_id": 24, "area_km2": 1039.2304845413257 }, "geometry": { "type": "Polygon", "coordinates": [ [ [ -100.296249314435471, 37.154830606224202 ], [ -100.487948275901346, 37.060692598420545 ], [ -100.685804491868538, 37.146248395429822 ], [ -100.69249288284314, 37.326276680721108 ], [ -100.500355318040377, 37.420770539845655 ], [ -100.301968173904257, 37.334880195762892 ], [ -100.296249314435471, 37.154830606224202 ] ] ] } },
{ "type": "Feature", "properties": { "hex_id": 25, "area_km2": 1039.2304845413257 }, "geometry": { "type": "Polygon", "coordinates": [ [ [ -99.906609516623959, 37.162069363606264 ], [ -100.09883193272303, 37.068593507372448 ], [ -100.296249314435471, 37.154830606224202 ], [ -100.301968173904257, 37.334880195762892 ], [ -100.109299986591509, 37.428711892145436 ], [ -99.911358578775193, 37.342137665248586 ], [ -99.906609516623959, 37.162069363606264 ] ] ] } },
{ "type": "Feature", "properties": { "hex_id": 26, "area_km2": 1039.2304845413269 }, "geometry": { "type": "Polygon", "coordinates": [ [ [ -99.516899338618927, 37.167965025772453 ], [ -99.709638335688652, 37.07515205803503 ], [ -99.906609516623959, 37.162069363606264 ], [ -99.911358578775193, 37.342137665248586 ], [ -99.718166413313881, 37.435304093754503 ], [ -99.520677929138614, 37.348048410134574 ], [ -99.516899338618927, 37.167965025772453 ] ] ] } },
{ "type": "Feature", "properties": { "hex_id": 27, "area_km2": 1039.2304845413275 }, "geometry": { "type": "Polygon", "coordinates": [ [ [ -99.127132542184043, 37.172518306528268 ], [ -99.320381831276165, 37.08036992203801 ], [ -99.516899338618927, 37.167965025772453 ], [ -99.520677929138614, 37.348048410134574 ], [ -99.326968160779401, 37.440548709352669 ], [ -99.129940216338483, 37.352613231748109 ], [ -99.127132542184043, 37.172518306528268 ] ] ] } },
{ "type": "Feature", "properties": { "hex_id": 28, "area_km2": 1039.2304845413275 }, "geometry": { "type": "Polygon", "coordinates": [ [ [ -98.737323526983417, 37.175729051067407 ], [ -98.931075764197772, 37.084247113325993 ], [ -99.127132542184043, 37.172518306528268 ], [ -99.129940216338483, 37.352613231748109 ], [ -98.935719885527874, 37.444445483540449 ], [ -98.739159804189029, 37.355832086133248 ], [ -98.737323526983417, 37.175729051067407 ] ] ] } },
{ "type": "Feature", "properties": { "hex_id": 29, "area_km2": 1039.2304845413275 }, "geometry": { "type": "Polygon", "coordinates": [ [ [ -98.347486972307266, 37.177597582566321 ], [ -98.54173503132408, 37.086783683530896 ], [ -98.737323526983417, 37.175729051067407 ], [ -98.739159804189043, 37.355832086133248 ], [ -98.544436040491021, 37.446994996650041 ], [ -98.348351929139668, 37.357705492819548 ], [ -98.347486972307266, 37.177597582566321 ] ] ] } },
{ "type": "Feature", "properties": { "hex_id": 30, "area_km2": 1039.2304845413275 }, "geometry": { "type": "Polygon", "coordinates": [ [ [ -97.957637739093002, 37.178122583063747 ], [ -98.152373994069706, 37.087978715131925 ], [ -98.347486972307266, 37.177597582566321 ], [ -98.348351929139668, 37.357705492819548 ], [ -98.153132892006496, 37.44819653760316 ], [ -97.957531634408824, 37.358232011855691 ], [ -97.957637739093002, 37.178122583063747 ] ] ] } },
{ "type": "Feature", "properties": { "hex_id": 31, "area_km2": 1039.2304845413275 }, "geometry": { "type": "Polygon", "coordinates": [ [ [ -97.567790526295738, 37.177304521986507 ], [ -97.763007740007438, 37.087832268645819 ], [ -97.957637739093016, 37.178122583063747 ], [ -97.957531634408824, 37.358232011855691 ], [ -97.761824390062188, 37.448049500734669 ], [ -97.566713188920801, 37.357411886605 ], [ -97.567790526295738, 37.177304521986507 ] ] ] } },
{ "type": "Feature", "properties": { "hex_id": 32, "area_km2": 1039.2304845413275 }, "geometry": { "type": "Polygon", "coordinates": [ [ [ -97.177959405987551, 37.175143537755361 ], [ -97.373650643654472, 37.086344688304344 ], [ -97.567790526295738, 37.177304521986507 ], [ -97.566713188920801, 37.357411886605 ], [ -97.370524548840564, 37.446554408191822 ], [ -97.175910746031207, 37.355245446609814 ], [ -97.177959405987551, 37.175143537755361 ] ] ] } },
{ "type": "Feature", "properties": { "hex_id": 33, "area_km2": 1039.2304845413275 }, "geometry": { "type": "Polygon", "coordinates": [ [ [ -96.788158134657763, 37.17164017026861 ], [ -96.984316363105179, 37.083516057381949 ], [ -97.177959405987551, 37.175143537755361 ], [ -97.175910746031207, 37.355245446609814 ], [ -96.979248281533799, 37.443711333818058 ], [ -96.785138801909142, 37.351733218484895 ], [ -96.788158134657763, 37.17164017026861 ] ] ] } },
{ "type": "Feature", "properties": { "hex_id": 34, "area_km2": 1039.2304845413257 }, "geometry": { "type": "Polygon", "coordinates": [ [ [ -96.398403647300412, 37.166794475167613 ], [ -96.595020133062619, 37.079346710164216 ], [ -96.788158134657763, 37.17164017026861 ], [ -96.785138801909142, 37.351733218484895 ], [ -96.588010884876766, 37.439521062735032 ], [ -96.394413635215798, 37.346875347058379 ], [ -96.398403647300412, 37.166794475167613 ] ] ] } },
{ "type": "Feature", "properties": { "hex_id": 35, "area_km2": 1039.2304845413241 }, "geometry": { "type": "Polygon", "coordinates": [ [ [ -96.008708665058151, 37.16060611503854 ], [ -96.205777268818267, 37.073836827779338 ], [ -96.398403647300412, 37.166794475167613 ], [ -96.394413635215798, 37.346875347058379 ], [ -96.196826294658322, 37.43398342683107 ], [ -96.003748036465311, 37.340671506711743 ], [ -96.008708665058151, 37.16060611503854 ] ] ] } },
{ "type": "Feature", "properties": { "hex_id": 36, "area_km2": 1039.2304845413241 }, "geometry": { "type": "Polygon", "coordinates": [ [ [ -95.619084934421309, 37.153076005285094 ], [ -95.81659960829414, 37.066986048204726 ], [ -96.008708665058151, 37.16060611503854 ], [ -96.003748036465311, 37.340671506711743 ], [ -95.805708651047539, 37.427097869601099 ], [ -95.613154764855409, 37.333122010770808 ], [ -95.619084934421309, 37.153076005285094 ] ] ] } },
{ "type": "Feature", "properties": { "hex_id": 37, "area_km2": 1039.2304845413241 }, "geometry": { "type": "Polygon", "coordinates": [ [ [ -95.229548030177128, 37.144204197892932 ], [ -95.427499677361084, 37.05879554343641 ], [ -95.619084934421309, 37.153076005285094 ], [ -95.613154764855409, 37.333122010770808 ], [ -95.414670166230181, 37.418865115707511 ], [ -95.222648907266233, 37.324227333437953 ], [ -95.229548030177128, 37.144204197892932 ] ] ] } },
{ "type": "Feature", "properties": { "hex_id": 38, "area_km2": 1039.2304845413241 }, "geometry": { "type": "Polygon", "coordinates": [ [ [ -94.840113994209531, 37.133991853835148 ], [ -95.038495150966014, 37.049265608164212 ], [ -95.229548030177128, 37.144204197892932 ], [ -95.222648907266233, 37.324227333437953 ], [ -95.023728616862144, 37.409286156439777 ], [ -94.832246872801647, 37.313988727560989 ], [ -94.840113994209531, 37.133991853835148 ] ] ] } },
{ "type": "Feature", "properties": { "hex_id": 39, "area_km2": 599.61183844156517 }, "geometry": { "type": "Polygon", "coordinates": [ [ [ -94.649600025353706, 37.038397239240503 ], [ -94.840113994209531, 37.133991853835148 ], [ -94.832246872801647, 37.313988727560989 ], [ -94.632898210244605, 37.398361350928198 ], [ -94.617571955327179, 37.390680169958657 ], [ -94.617626490225135, 37.367572552737883 ], [ -94.617627490100716, 37.367441552300619 ], [ -94.617623260130216, 37.367294696302068 ], [ -94.61753848690492, 37.364351541824206 ], [ -94.617539203886821, 37.364163644759259 ], [ -94.617590367483658, 37.350755370006731 ], [ -94.617637462039198, 37.338413455106441 ], [ -94.617696460650322, 37.336838449921487 ], [ -94.617649447720311, 37.32358540546921 ], [ -94.617703704694947, 37.313017524243513 ], [ -94.617965997168568, 37.261929605799615 ], [ -94.618076366466596, 37.240432146023259 ], [ -94.618159363386198, 37.237593142069279 ], [ -94.618124353813428, 37.229330130124318 ], [ -94.618151352478804, 37.228117128417232 ], [ -94.618220329245815, 37.207768099205225 ], [ -94.618306328935518, 37.207333098675321 ], [ -94.618306439490055, 37.20718628766349 ], [ -94.618320307634662, 37.188770071926747 ], [ -94.618506299324054, 37.181180061122582 ], [ -94.618505974059985, 37.181115002984946 ], [ -94.618505860170032, 37.181092223142066 ], [ -94.618474291896661, 37.174778051854013 ], [ -94.618352274882412, 37.160207030758642 ], [ -94.618351993822131, 37.16017896222624 ], [ -94.618281223792096, 37.153111400172151 ], [ -94.618087281433077, 37.133743037035345 ], [ -94.618073242239277, 37.132340990555385 ], [ -94.61807623926947, 37.12975098683031 ], [ -94.618076796720445, 37.129683489308242 ], [ -94.61816564147, 37.11892594989088 ], [ -94.618213220514207, 37.113164962943259 ], [ -94.618152209804279, 37.103963949713332 ], [ -94.618060201218555, 37.096671939260119 ], [ -94.618089197830002, 37.093666934923931 ], [ -94.61809119763106, 37.093489934668305 ], [ -94.618086404410874, 37.089263011101629 ], [ -94.618083189497369, 37.086427924514375 ], [ -94.618121189010154, 37.085929923774479 ], [ -94.618032418205814, 37.0789466142813 ], [ -94.618013785935872, 37.077480874416352 ], [ -94.617983176223689, 37.075072908258896 ], [ -94.617959579729614, 37.071042671803056 ], [ -94.617955424119472, 37.070332901471104 ], [ -94.617895330690374, 37.060069057733955 ], [ -94.617876154976017, 37.056793882103676 ], [ -94.617878462807283, 37.056376822013895 ], [ -94.617903610856644, 37.051832883355807 ], [ -94.649600025353706, 37.038397239240503 ] ] ] } },
{ "type": "Feature", "properties": { "hex_id": 40, "area_km2": 988.3403668178662 }, "geometry": { "type": "Polygon", "coordinates": [ [ [ -101.882735475835091, 37.652324442838001 ], [ -101.682083239827904, 37.568849923076527 ], [ -101.672907766009217, 37.388873808060389 ], [ -101.863410745414782, 37.292405561094427 ], [ -102.041742912618503, 37.366535890078822 ], [ -102.041526992936639, 37.375016829535788 ], [ -102.04158871017178, 37.389189287108969 ], [ -102.041678886228283, 37.409896895406796 ], [ -102.041671810102869, 37.434738941920465 ], [ -102.041757809845308, 37.434853942414776 ], [ -102.041803703778484, 37.469487007423837 ], [ -102.04178858908999, 37.506065075822846 ], [ -102.04201848743071, 37.53526013088139 ], [ -102.041901466599739, 37.541185141579753 ], [ -102.041896407968991, 37.557976172844235 ], [ -102.041820590143246, 37.571679499691321 ], [ -101.882735475835091, 37.652324442838001 ] ] ] } },
{ "type": "Feature", "properties": { "hex_id": 41, "area_km2": 1039.2304845413266 }, "geometry": { "type": "Polygon", "coordinates": [ [ [ -101.282174589366775, 37.40085119674 ], [ -101.473229248955818, 37.305038890439754 ], [ -101.672907766009217, 37.388873808060389 ], [ -101.682083239827904, 37.568849923076527 ], [ -101.490606173330875, 37.665021553082141 ], [ -101.290375680130794, 37.580857934317919 ], [ -101.282174589366775, 37.40085119674 ] ] ] } },
{ "type": "Feature", "properties": { "hex_id": 42, "area_km2": 1039.2304845413262 }, "geometry": { "type": "Polygon", "coordinates": [ [ [ -100.891318664214268, 37.411484067511992 ], [ -101.082918329485395, 37.316329394949818 ], [ -101.282174589366775, 37.40085119674 ], [ -101.290375680130794, 37.580857934317919 ], [ -101.098346431750741, 37.676370968162878 ], [ -100.898545224493034, 37.591518328744733 ], [ -100.891318664214268, 37.411484067511992 ] ] ] } },
{ "type": "Feature", "properties": { "hex_id": 43, "area_km2": 1039.2304845413257 }, "geometry": { "type": "Polygon", "coordinates": [ [ [ -100.500355318040377, 37.420770539845655 ], [ -100.69249288284314, 37.326276680721108 ], [ -100.891318664214268, 37.411484067511992 ], [ -100.898545224493034, 37.591518328744733 ], [ -100.705970324635061, 37.686369511216697 ], [ -100.506605911105467, 37.600828731526846 ], [ -100.500355318040377, 37.420770539845655 ] ] ] } },
{ "type": "Feature", "properties": { "hex_id": 44, "area_km2": 1039.2304845413257 }, "geometry": { "type": "Polygon", "coordinates": [ [ [ -100.109299986591509, 37.428711892145436 ], [ -100.301968173904257, 37.334880195762892 ], [ -100.500355318040377, 37.420770539845655 ], [ -100.506605911105467, 37.600828731526846 ], [ -100.313492401597372, 37.695015764816446 ], [ -100.114573535200748, 37.608789343806791 ], [ -100.109299986591509, 37.428711892145436 ] ] ] } },
{ "type": "Feature", "properties": { "hex_id": 45, "area_km2": 1039.2304845413257 }, "geometry": { "type": "Polygon", "coordinates": [ [ [ -99.718166413313881, 37.435304093754503 ], [ -99.911358578775193, 37.342137665248586 ], [ -100.109299986591509, 37.428711892145436 ], [ -100.114573535200748, 37.608789343806791 ], [ -99.920928383500922, 37.702309962456958 ], [ -99.722462476170278, 37.615398589699687 ], [ -99.718166413313881, 37.435304093754503 ] ] ] } },
{ "type": "Feature", "properties": { "hex_id": 46, "area_km2": 1039.2304845413269 }, "geometry": { "type": "Polygon", "coordinates": [ [ [ -99.326968160779401, 37.440548709352669 ], [ -99.520677929138614, 37.348048410134574 ], [ -99.718166413313881, 37.435304093754503 ], [ -99.722462476170278, 37.615398589699687 ], [ -99.528292165483123, 37.70825136771505 ], [ -99.330286269871991, 37.620656798181606 ], [ -99.326968160779401, 37.440548709352669 ] ] ] } },
{ "type": "Feature", "properties": { "hex_id": 47, "area_km2": 1039.2304845413275 }, "geometry": { "type": "Polygon", "coordinates": [ [ [ -98.935719885527874, 37.444445483540449 ], [ -99.129940216338483, 37.352613231748109 ], [ -99.326968160779401, 37.440548709352669 ], [ -99.330286269871991, 37.620656798181606 ], [ -99.135598229909974, 37.712840070643892 ], [ -98.938059682536036, 37.624563859896007 ], [ -98.935719885527874, 37.444445483540449 ] ] ] } },
{ "type": "Feature", "properties": { "hex_id": 48, "area_km2": 1039.2304845413275 }, "geometry": { "type": "Polygon", "coordinates": [ [ [ -98.544436040491021, 37.446994996650041 ], [ -98.739159804189043, 37.355832086133248 ], [ -98.935719885527874, 37.444445483540449 ], [ -98.938059682536036, 37.624563859896007 ], [ -98.742860816654215, 37.716075793459758 ], [ -98.545797283074819, 37.627119895677893 ], [ -98.544436040491021, 37.446994996650041 ] ] ] } },
{ "type": "Feature", "properties": { "hex_id": 49, "area_km2": 1039.2304845413275 }, "geometry": { "type": "Polygon", "coordinates": [ [ [ -98.153132892006496, 37.44819653760316 ], [ -98.348351929139668, 37.357705492819548 ], [ -98.544436040491021, 37.446994996650041 ], [ -98.545797283074819, 37.627119895677893 ], [ -98.350095673811637, 37.717958551844177 ], [ -98.153515533491557, 37.628324390004252 ], [ -98.153132892006496, 37.44819653760316 ] ] ] } },
{ "type": "Feature", "properties": { "hex_id": 50, "area_km2": 1039.2304845413275 }, "geometry": { "type": "Polygon", "coordinates": [ [ [ -97.761824390062188, 37.448049500734669 ], [ -97.957531634408824, 37.358232011855691 ], [ -98.153132892006496, 37.44819653760316 ], [ -98.153515533491557, 37.628324390004252 ], [ -97.957318191745003, 37.718487700271005 ], [ -97.761228278612734, 37.628176941253621 ], [ -97.761824390062188, 37.448049500734669 ] ] ] } },
{ "type": "Feature", "properties": { "hex_id": 51, "area_km2": 1039.2304845413275 }, "geometry": { "type": "Polygon", "coordinates": [ [ [ -97.370524548840564, 37.446554408191822 ], [ -97.566713188920801, 37.357411886605 ], [ -97.761824390062188, 37.448049500734669 ], [ -97.761228278612734, 37.628176941253621 ], [ -97.564542301074212, 37.717663350633202 ], [ -97.368949781869205, 37.626678027451788 ], [ -97.370524548840564, 37.446554408191822 ] ] ] } },
{ "type": "Feature", "properties": { "hex_id": 52, "area_km2": 1039.2304845413275 }, "geometry": { "type": "Polygon", "coordinates": [ [ [ -96.979248281533799, 37.443711333818058 ], [ -97.175910746031207, 37.355245446609814 ], [ -97.370524548840564, 37.446554408191822 ], [ -97.368949781869205, 37.626678027451788 ], [ -97.171782885168597, 37.715485921967179 ], [ -96.976695606934896, 37.623827700920181 ], [ -96.979248281533799, 37.443711333818058 ] ] ] } },
{ "type": "Feature", "properties": { "hex_id": 53, "area_km2": 1039.2304845413257 }, "geometry": { "type": "Polygon", "coordinates": [ [ [ -96.588010884876766, 37.439521062735032 ], [ -96.785138801909142, 37.351733218484895 ], [ -96.979248281533799, 37.443711333818058 ], [ -96.976695606934896, 37.623827700920181 ], [ -96.779055361411594, 37.711955534469624 ], [ -96.584480105251572, 37.619626670156066 ], [ -96.588010884876766, 37.439521062735032 ] ] ] } },
{ "type": "Feature", "properties": { "hex_id": 54, "area_km2": 1039.2304845413241 }, "geometry": { "type": "Polygon", "coordinates": [ [ [ -96.196826294658322, 37.43398342683107 ], [ -96.394413635215798, 37.346875347058379 ], [ -96.588010884876766, 37.439521062735032 ], [ -96.584480105251572, 37.619626670156066 ], [ -96.386374059071144, 37.707073129500287 ], [ -96.192317629514818, 37.614075142838828 ], [ -96.196826294658322, 37.43398342683107 ] ] ] } },
{ "type": "Feature", "properties": { "hex_id": 55, "area_km2": 1039.2304845413241 }, "geometry": { "type": "Polygon", "coordinates": [ [ [ -95.805708651047553, 37.427097869601099 ], [ -96.003748036465311, 37.340671506711743 ], [ -96.196826294658322, 37.43398342683107 ], [ -96.192317629514818, 37.614075142838828 ], [ -95.993752549785313, 37.700838368072226 ], [ -95.800221987765184, 37.607172361431701 ], [ -95.805708651047553, 37.427097869601099 ] ] ] } },
{ "type": "Feature", "properties": { "hex_id": 56, "area_km2": 1039.2304845413241 }, "geometry": { "type": "Polygon", "coordinates": [ [ [ -95.414670166230181, 37.418865115707511 ], [ -95.613154764855409, 37.333122010770808 ], [ -95.805708651047539, 37.427097869601099 ], [ -95.800221987765184, 37.607172361431701 ], [ -95.601204776590563, 37.693250481747263 ], [ -95.408207213288463, 37.598918589953442 ], [ -95.414670166230181, 37.418865115707511 ] ] ] } },
{ "type": "Feature", "properties": { "hex_id": 57, "area_km2": 1039.2304845413241 }, "geometry": { "type": "Polygon", "coordinates": [ [ [ -95.023728616862144, 37.409286156439777 ], [ -95.222648907266233, 37.324227333437953 ], [ -95.414670166230181, 37.418865115707511 ], [ -95.408207213288463, 37.598918589953442 ], [ -95.208746938418685, 37.68431000707708 ], [ -95.016289942930342, 37.589314964604689 ], [ -95.023728616862144, 37.409286156439777 ] ] ] } },
{ "type": "Feature", "properties": { "hex_id": 58, "area_km2": 1039.2304845413241 }, "geometry": { "type": "Polygon", "coordinates": [ [ [ -94.632898210244605, 37.398361350928198 ], [ -94.832246872801647, 37.313988727560989 ], [ -95.023728616862144, 37.409286156439777 ], [ -95.016289942930342, 37.589314964604689 ], [ -94.816394262287233, 37.674018598783931 ], [ -94.624484592309472, 37.578362081959767 ], [ -94.632898210244605, 37.398361350928198 ] ] ] } },
{ "type": "Feature", "properties": { "hex_id": 59, "area_km2": 21.135391218625323 }, "geometry": { "type": "Polygon", "coordinates": [ [ [ -94.632898210244605, 37.398361350928198 ], [ -94.624484592309472, 37.578362081959767 ], [ -94.61732110839543, 37.581375819921639 ], [ -94.617284583286278, 37.571893106087749 ], [ -94.61731658354104, 37.571496105511365 ], [ -94.617272935726618, 37.570659328632694 ], [ -94.617084946028427, 37.567055358286588 ], [ -94.617082585189394, 37.567010098393162 ], [ -94.617113902075403, 37.563163104994203 ], [ -94.617131639139927, 37.56098426869864 ], [ -94.617161589965633, 37.557305083588318 ], [ -94.617186484627979, 37.553644868796503 ], [ -94.617187591838459, 37.553482077751575 ], [ -94.617173769063484, 37.552205106341795 ], [ -94.617166844352496, 37.551565389792735 ], [ -94.616909603404366, 37.527801038067011 ], [ -94.616790606107386, 37.52150702828375 ], [ -94.616881123915249, 37.506907323604679 ], [ -94.616976207795901, 37.491569181271466 ], [ -94.617024601163521, 37.483761941146788 ], [ -94.617092555441587, 37.477772954747707 ], [ -94.617184587920335, 37.469661894095061 ], [ -94.617181583598267, 37.465199879144066 ], [ -94.617223579128961, 37.460472863359243 ], [ -94.617206578988174, 37.460369862993787 ], [ -94.617202573577615, 37.454784844279828 ], [ -94.61713461760182, 37.440044430618897 ], [ -94.61713355893562, 37.439814794045496 ], [ -94.617266154741429, 37.425574705622815 ], [ -94.617266545442689, 37.425532746371161 ], [ -94.617511709291378, 37.410954611113695 ], [ -94.617512531879498, 37.410905697700862 ], [ -94.617558517927989, 37.396371649087691 ], [ -94.617571955327179, 37.390680169958657 ], [ -94.632898210244605, 37.398361350928198 ] ] ] } },
{ "type": "Feature", "properties": { "hex_id": 60, "area_km2": 380.88513433813665 }, "geometry": { "type": "Polygon", "coordinates": [ [ [ -101.892470907244387, 37.832298377993837 ], [ -101.882735475835091, 37.652324442838001 ], [ -102.041820590143246, 37.571679499691321 ], [ -102.041620233367325, 37.60786726502748 ], [ -102.041587106141932, 37.644281332795046 ], [ -102.041584070467991, 37.654494351819203 ], [ -102.041696031590305, 37.665680372956956 ], [ -102.041575979854571, 37.680435400140105 ], [ -102.041877828714973, 37.723874481840333 ], [ -102.041991743595347, 37.73854013781358 ], [ -102.042159743453325, 37.760163503171199 ], [ -102.042669759368309, 37.788757425852062 ], [ -102.042954767464053, 37.803534386120894 ], [ -102.0430347782534, 37.824145329801929 ], [ -102.043220801029562, 37.867928210383006 ], [ -102.043507625637446, 37.894603198337016 ], [ -101.892470907244387, 37.832298377993837 ] ] ] } },
{ "type": "Feature", "properties": { "hex_id": 61, "area_km2": 1039.2304845413266 }, "geometry": { "type": "Polygon", "coordinates": [ [ [ -101.490606173330875, 37.665021553082141 ], [ -101.682083239827904, 37.568849923076527 ], [ -101.882735475835091, 37.652324442838001 ], [ -101.892470907244387, 37.832298377993837 ], [ -101.700573360739327, 37.9288312926342 ], [ -101.499360480434078, 37.845028314071875 ], [ -101.490606173330875, 37.665021553082141 ] ] ] } },
{ "type": "Feature", "properties": { "hex_id": 62, "area_km2": 1039.2304845413266 }, "geometry": { "type": "Polygon", "coordinates": [ [ [ -101.098346431750741, 37.676370968162878 ], [ -101.290375680130794, 37.580857934317919 ], [ -101.490606173330875, 37.665021553082141 ], [ -101.499360480434078, 37.845028314071875 ], [ -101.306902735522613, 37.940900663466387 ], [ -101.106118808145169, 37.856406575871105 ], [ -101.098346431750741, 37.676370968162878 ] ] ] } },
{ "type": "Feature", "properties": { "hex_id": 63, "area_km2": 1039.2304845413262 }, "geometry": { "type": "Polygon", "coordinates": [ [ [ -100.705970324635061, 37.686369511216697 ], [ -100.898545224493034, 37.591518328744733 ], [ -101.098346431750741, 37.676370968162878 ], [ -101.106118808145169, 37.856406575871105 ], [ -100.913107217855199, 37.951615017989766 ], [ -100.712759687961551, 37.866430142032904 ], [ -100.705970324635061, 37.686369511216697 ] ] ] } },
{ "type": "Feature", "properties": { "hex_id": 64, "area_km2": 1039.2304845413257 }, "geometry": { "type": "Polygon", "coordinates": [ [ [ -100.313492401597372, 37.695015764816446 ], [ -100.506605911105467, 37.600828731526846 ], [ -100.705970324635061, 37.686369511216697 ], [ -100.712759687961551, 37.866430142032904 ], [ -100.519201514478993, 37.960972744162696 ], [ -100.319298090558647, 37.875098444610657 ], [ -100.313492401597372, 37.695015764816446 ] ] ] } },
{ "type": "Feature", "properties": { "hex_id": 65, "area_km2": 1039.2304845413257 }, "geometry": { "type": "Polygon", "coordinates": [ [ [ -99.920928383500922, 37.702309962456958 ], [ -100.114573535200748, 37.608789343806791 ], [ -100.313492401597372, 37.695015764816446 ], [ -100.319298090558647, 37.875098444610657 ], [ -100.125200407274306, 37.968973390349092 ], [ -99.925749375188261, 37.882411037189854 ], [ -99.920928383500922, 37.702309962456958 ] ] ] } },
{ "type": "Feature", "properties": { "hex_id": 66, "area_km2": 1039.2304845413269 }, "geometry": { "type": "Polygon", "coordinates": [ [ [ -99.528292165483123, 37.70825136771505 ], [ -99.722462476170278, 37.615398589699687 ], [ -99.920928383500922, 37.702309962456958 ], [ -99.925749375188261, 37.882411037189854 ], [ -99.731119366359394, 37.975616339345095 ], [ -99.5321279950183, 37.888367637951745 ], [ -99.528292165483123, 37.70825136771505 ] ] ] } },
{ "type": "Feature", "properties": { "hex_id": 67, "area_km2": 1039.2304845413275 }, "geometry": { "type": "Polygon", "coordinates": [ [ [ -99.135598229909974, 37.712840070643892 ], [ -99.330286269871991, 37.620656798181606 ], [ -99.528292165483123, 37.70825136771505 ], [ -99.5321279950183, 37.888367637951745 ], [ -99.336972454987006, 37.980901773736313 ], [ -99.138448533713643, 37.892968299465885 ], [ -99.135598229909974, 37.712840070643892 ] ] ] } },
{ "type": "Feature", "properties": { "hex_id": 68, "area_km2": 1039.2304845413275 }, "geometry": { "type": "Polygon", "coordinates": [ [ [ -98.742860816654215, 37.716075793459758 ], [ -98.938059682536036, 37.624563859896007 ], [ -99.135598229909974, 37.712840070643892 ], [ -99.138448533713643, 37.892968299465885 ], [ -98.942774764676926, 37.984829387581414 ], [ -98.744725538554192, 37.896212524490231 ], [ -98.742860816654215, 37.716075793459758 ] ] ] } },
{ "type": "Feature", "properties": { "hex_id": 69, "area_km2": 1039.2304845413275 }, "geometry": { "type": "Polygon", "coordinates": [ [ [ -98.350095673811637, 37.717958551844177 ], [ -98.545797283074819, 37.627119895677893 ], [ -98.742860816654215, 37.716075793459758 ], [ -98.744725538554192, 37.896212524490231 ], [ -98.548541177913151, 37.987398689067618 ], [ -98.350974626490498, 37.898100061637813 ], [ -98.350095673811637, 37.717958551844177 ] ] ] } },
{ "type": "Feature", "properties": { "hex_id": 70, "area_km2": 1039.2304845413275 }, "geometry": { "type": "Polygon", "coordinates": [ [ [ -97.957318191745003, 37.718487700271005 ], [ -98.153515533491557, 37.628324390004252 ], [ -98.350095673811637, 37.717958551844177 ], [ -98.350974626490498, 37.898100061637813 ], [ -98.154287078341298, 37.988609219375455 ], [ -97.957210828381349, 37.898630618331154 ], [ -97.957318191745003, 37.718487700271005 ] ] ] } },
{ "type": "Feature", "properties": { "hex_id": 71, "area_km2": 1039.2304845413275 }, "geometry": { "type": "Polygon", "coordinates": [ [ [ -97.564542301074212, 37.717663350633202 ], [ -97.761228278612734, 37.628176941253621 ], [ -97.957318191745003, 37.718487700271005 ], [ -97.957210828381349, 37.898630618331154 ], [ -97.760027362734604, 37.988461284158404 ], [ -97.563448726074199, 37.897804234009456 ], [ -97.564542301074212, 37.717663350633202 ] ] ] } },
{ "type": "Feature", "properties": { "hex_id": 72, "area_km2": 1039.2304845413275 }, "geometry": { "type": "Polygon", "coordinates": [ [ [ -97.171782885168597, 37.715485921967179 ], [ -97.368949781869205, 37.626678027451788 ], [ -97.564542301074212, 37.717663350633202 ], [ -97.563448726074199, 37.897804234009456 ], [ -97.365776654309116, 37.98695460212091 ], [ -97.169703427759842, 37.895621457496595 ], [ -97.171782885168597, 37.715485921967179 ] ] ] } },
{ "type": "Feature", "properties": { "hex_id": 73, "area_km2": 1039.2304845413275 }, "geometry": { "type": "Polygon", "coordinates": [ [ [ -96.779055361411594, 37.711955534469624 ], [ -96.976695606934896, 37.623827700920181 ], [ -97.171782885168597, 37.715485921967179 ], [ -97.169703427759842, 37.895621457496595 ], [ -96.971550986942233, 37.984090531437936 ], [ -96.775989844203394, 37.892082051628925 ], [ -96.779055361411594, 37.711955534469624 ] ] ] } },
{ "type": "Feature", "properties": { "hex_id": 74, "area_km2": 1039.2304845413257 }, "geometry": { "type": "Polygon", "coordinates": [ [ [ -96.386374059071144, 37.707073129500287 ], [ -96.584480105251572, 37.619626670156066 ], [ -96.779055361411594, 37.711955534469624 ], [ -96.775989844203394, 37.892082051628925 ], [ -96.577362967788474, 37.979867127697936 ], [ -96.382322398857809, 37.88718692956143 ], [ -96.386374059071144, 37.707073129500287 ] ] ] } },
{ "type": "Feature", "properties": { "hex_id": 75, "area_km2": 1039.2304845413241 }, "geometry": { "type": "Polygon", "coordinates": [ [ [ -95.993752549785313, 37.700838368072226 ], [ -96.192317629514818, 37.614075142838828 ], [ -96.386374059071144, 37.707073129500287 ], [ -96.382322398857809, 37.88718692956143 ], [ -96.183229872749322, 37.974287364343027 ], [ -95.988716062851211, 37.880936512683427 ], [ -95.993752549785313, 37.700838368072226 ] ] ] } },
{ "type": "Feature", "properties": { "hex_id": 76, "area_km2": 1039.2304845413241 }, "geometry": { "type": "Polygon", "coordinates": [ [ [ -95.601204776590563, 37.693250481747263 ], [ -95.800221987765184, 37.607172361431701 ], [ -95.993752549785299, 37.700838368072226 ], [ -95.988716062851211, 37.880936512683427 ], [ -95.789165001177423, 37.967350478101061 ], [ -95.595184406187357, 37.873329628795886 ], [ -95.601204776590563, 37.693250481747263 ] ] ] } },
{ "type": "Feature", "properties": { "hex_id": 77, "area_km2": 1039.2304845413241 }, "geometry": { "type": "Polygon", "coordinates": [ [ [ -95.208746938418685, 37.68431000707708 ], [ -95.408207213288463, 37.598918589953442 ], [ -95.601204776590563, 37.693250481747263 ], [ -95.595184406187357, 37.873329628795886 ], [ -95.395183179515328, 37.959054162108288 ], [ -95.201743304726207, 37.864365993874692 ], [ -95.208746938418685, 37.68431000707708 ] ] ] } },
{ "type": "Feature", "properties": { "hex_id": 78, "area_km2": 1039.2304845413241 }, "geometry": { "type": "Polygon", "coordinates": [ [ [ -94.816394262287233, 37.674018598783931 ], [ -95.016289942930342, 37.589314964604689 ], [ -95.208746938418685, 37.68431000707708 ], [ -95.201743304726207, 37.864365993874692 ], [ -95.001299871681084, 37.949400845265949 ], [ -94.808408044443141, 37.854048105450367 ], [ -94.816394262287233, 37.674018598783931 ] ] ] } },
{ "type": "Feature", "properties": { "hex_id": 79, "area_km2": 516.2195589597012 }, "geometry": { "type": "Polygon", "coordinates": [ [ [ -94.624484592309472, 37.578362081959767 ], [ -94.816394262287233, 37.674018598783931 ], [ -94.808408044443127, 37.854048105450367 ], [ -94.614805437698877, 37.935346585545297 ], [ -94.614779241718011, 37.934197547433847 ], [ -94.615182267124169, 37.915941530999383 ], [ -94.615393215074633, 37.906437520985939 ], [ -94.61539428043605, 37.906389522391862 ], [ -94.615470286859875, 37.901772518201064 ], [ -94.615707307644783, 37.886840504630271 ], [ -94.615922319554173, 37.87832849697007 ], [ -94.615921938998753, 37.878303032388907 ], [ -94.615835327550982, 37.872507491492698 ], [ -94.616001340646449, 37.863123482969414 ], [ -94.616124296209676, 37.857973500961336 ], [ -94.61627530541017, 37.851648495257265 ], [ -94.616427365656406, 37.84527946685369 ], [ -94.616451376371174, 37.837557459719818 ], [ -94.616863401788578, 37.819453443318523 ], [ -94.617668967955112, 37.775862363558936 ], [ -94.617722467072326, 37.772967400923342 ], [ -94.617724521334821, 37.771946571014254 ], [ -94.617746067497123, 37.761239581881377 ], [ -94.617757638690762, 37.755489479526972 ], [ -94.617803794181057, 37.732545410315716 ], [ -94.617809508790216, 37.729704348545738 ], [ -94.61784261275767, 37.728211530085012 ], [ -94.617976512596456, 37.722173337139957 ], [ -94.617806527716297, 37.690175287944712 ], [ -94.617652528702308, 37.687668283966666 ], [ -94.617688529239288, 37.686650282437419 ], [ -94.61788653164399, 37.682211275806345 ], [ -94.617735535776816, 37.673124261741926 ], [ -94.617735360106607, 37.673102628575187 ], [ -94.617577544835171, 37.653668231769217 ], [ -94.617576978379063, 37.653573809188735 ], [ -94.617519476556339, 37.643988829273781 ], [ -94.617478552549031, 37.637167206375828 ], [ -94.617475375687476, 37.636688399241059 ], [ -94.617301564948448, 37.610492165301039 ], [ -94.617429565647058, 37.609519163932795 ], [ -94.61732110839543, 37.581375819921639 ], [ -94.624484592309472, 37.578362081959767 ] ] ] } },
{ "type": "Feature", "properties": { "hex_id": 80, "area_km2": 928.78322859090508 }, "geometry": { "type": "Polygon", "coordinates": [ [ [ -101.912089113097082, 38.192267031003965 ], [ -101.709888346692551, 38.108832648443197 ], [ -101.700573360739327, 37.9288312926342 ], [ -101.892470907244387, 37.832298377993837 ], [ -102.043507625637446, 37.894603198337016 ], [ -102.043716354325966, 37.914002844061677 ], [ -102.043846830808462, 37.926134053818053 ], [ -102.043845831807189, 37.928101048436332 ], [ -102.044541285867695, 38.030194469860845 ], [ -102.044645715877593, 38.045531058166326 ], [ -102.04425649205885, 38.11301035515578 ], [ -102.044590451847952, 38.125012409764231 ], [ -102.044579039359888, 38.125578513064248 ], [ -101.912089113097082, 38.192267031003965 ] ] ] } },
{ "type": "Feature", "properties": { "hex_id": 81, "area_km2": 1039.2304845413266 }, "geometry": { "type": "Polygon", "coordinates": [ [ [ -101.306902735522613, 37.940900663466387 ], [ -101.499360480434078, 37.845028314071875 ], [ -101.700573360739341, 37.9288312926342 ], [ -101.709888346692551, 38.108832648443197 ], [ -101.517001891865021, 38.205063125716762 ], [ -101.315228681443003, 38.120932932222047 ], [ -101.306902735522613, 37.940900663466387 ] ] ] } },
{ "type": "Feature", "properties": { "hex_id": 82, "area_km2": 1039.2304845413262 }, "geometry": { "type": "Polygon", "coordinates": [ [ [ -100.913107217855199, 37.951615017989766 ], [ -101.106118808145169, 37.856406575871105 ], [ -101.306902735522613, 37.940900663466387 ], [ -101.315228681443003, 38.120932932222047 ], [ -101.121780937157425, 38.216498550135434 ], [ -100.920443082181933, 38.131674329575354 ], [ -100.913107217855199, 37.951615017989766 ] ] ] } },
{ "type": "Feature", "properties": { "hex_id": 83, "area_km2": 1039.2304845413257 }, "geometry": { "type": "Polygon", "coordinates": [ [ [ -100.519201514478993, 37.960972744162696 ], [ -100.712759687961551, 37.866430142032904 ], [ -100.913107217855199, 37.951615017989766 ], [ -100.920443082181933, 38.131674329575354 ], [ -100.726441025914966, 38.226572901987154 ], [ -100.52554665355467, 38.141055736216842 ], [ -100.519201514478993, 37.960972744162696 ] ] ] } },
{ "type": "Feature", "properties": { "hex_id": 84, "area_km2": 1039.2304845413257 }, "geometry": { "type": "Polygon", "coordinates": [ [ [ -100.125200407274306, 37.968973390349092 ], [ -100.319298090558647, 37.875098444610657 ], [ -100.519201514478993, 37.960972744162696 ], [ -100.52554665355467, 38.141055736216842 ], [ -100.330997100471578, 38.235284898386219 ], [ -100.130553963273087, 38.149076498916557 ], [ -100.125200407274306, 37.968973390349092 ] ] ] } },
{ "type": "Feature", "properties": { "hex_id": 85, "area_km2": 1039.2304845413257 }, "geometry": { "type": "Polygon", "coordinates": [ [ [ -99.731119366359394, 37.975616339345095 ], [ -99.925749375188261, 37.882411037189854 ], [ -100.125200407274306, 37.968973390349092 ], [ -100.130553963273087, 38.149076498916557 ], [ -99.935464419880077, 38.24263454907117 ], [ -99.735480711557855, 38.155736388211579 ], [ -99.731119366359394, 37.975616339345095 ] ] ] } },
{ "type": "Feature", "properties": { "hex_id": 86, "area_km2": 1039.2304845413269 }, "geometry": { "type": "Polygon", "coordinates": [ [ [ -99.336972454987006, 37.980901773736313 ], [ -99.5321279950183, 37.888367637951745 ], [ -99.731119366359394, 37.975616339345095 ], [ -99.735480711557855, 38.155736388211579 ], [ -99.539858080794801, 38.248621758011026 ], [ -99.340341099128608, 38.161035491455884 ], [ -99.336972454987006, 37.980901773736313 ] ] ] } },
{ "type": "Feature", "properties": { "hex_id": 87, "area_km2": 1039.2304845413275 }, "geometry": { "type": "Polygon", "coordinates": [ [ [ -98.942774764676926, 37.984829387581414 ], [ -99.138448533713643, 37.892968299465885 ], [ -99.336972454987006, 37.980901773736313 ], [ -99.340341099128608, 38.161035491455884 ], [ -99.144192720316511, 38.253246208884789 ], [ -98.94515035761593, 38.164973283646646 ], [ -98.942774764676926, 37.984829387581414 ] ] ] } },
{ "type": "Feature", "properties": { "hex_id": 88, "area_km2": 1039.2304845413275 }, "geometry": { "type": "Polygon", "coordinates": [ [ [ -98.548541177913151, 37.987398689067618 ], [ -98.744725538554192, 37.896212524490231 ], [ -98.942774764676926, 37.984829387581414 ], [ -98.94515035761593, 38.164973283646646 ], [ -98.748483475744621, 38.256507274256833 ], [ -98.549923512529062, 38.167549146007822 ], [ -98.548541177913151, 37.987398689067618 ] ] ] } },
{ "type": "Feature", "properties": { "hex_id": 89, "area_km2": 1039.2304845413275 }, "geometry": { "type": "Polygon", "coordinates": [ [ [ -98.154287078341298, 37.988609219375455 ], [ -98.350974626490498, 37.898100061637813 ], [ -98.548541177913151, 37.987398689067618 ], [ -98.549923512529062, 38.167549146007822 ], [ -98.352745845281433, 38.258404458031272 ], [ -98.154675878509721, 38.168762827652735 ], [ -98.154287078341298, 37.988609219375455 ] ] ] } },
{ "type": "Feature", "properties": { "hex_id": 90, "area_km2": 1039.2304845413275 }, "geometry": { "type": "Polygon", "coordinates": [ [ [ -97.760027362734604, 37.988461284158404 ], [ -97.957210828381349, 37.898630618331154 ], [ -98.154287078341298, 37.988609219375455 ], [ -98.154675878509721, 38.168762827652735 ], [ -97.956994687860998, 38.258937862516156 ], [ -97.759422277521637, 38.168614368833673 ], [ -97.760027362734604, 37.988461284158404 ] ] ] } },
{ "type": "Feature", "properties": { "hex_id": 91, "area_km2": 1039.2304845413275 }, "geometry": { "type": "Polygon", "coordinates": [ [ [ -97.365776654309116, 37.98695460212091 ], [ -97.563448726074199, 37.897804234009456 ], [ -97.760027362734604, 37.988461284158404 ], [ -97.759422277521637, 38.168614368833673 ], [ -97.561245204623106, 38.258107187551587 ], [ -97.364178215031387, 38.167103945388504 ], [ -97.365776654309116, 37.98695460212091 ] ] ] } },
{ "type": "Feature", "properties": { "hex_id": 92, "area_km2": 1039.2304845413275 }, "geometry": { "type": "Polygon", "coordinates": [ [ [ -96.971550986942233, 37.984090531437936 ], [ -97.169703427759842, 37.895621457496595 ], [ -97.365776654309116, 37.98695460212091 ], [ -97.364178215031387, 38.167103945388504 ], [ -97.165512809580861, 38.255913397447941 ], [ -96.96895863507639, 38.164232553544814 ], [ -96.971550986942233, 37.984090531437936 ] ] ] } },
{ "type": "Feature", "properties": { "hex_id": 93, "area_km2": 1039.2304845413257 }, "geometry": { "type": "Polygon", "coordinates": [ [ [ -96.577362967788474, 37.979867127697936 ], [ -96.775989844203394, 37.892082051628925 ], [ -96.971550986942233, 37.984090531437936 ], [ -96.96895863507639, 38.164232553544814 ], [ -96.769812003942576, 38.25235646750329 ], [ -96.573777435676988, 38.159998766535999 ], [ -96.577362967788474, 37.979867127697936 ] ] ] } },
{ "type": "Feature", "properties": { "hex_id": 94, "area_km2": 1039.2304845413241 }, "geometry": { "type": "Polygon", "coordinates": [ [ [ -96.183229872749322, 37.974287364343027 ], [ -96.382322398857809, 37.88718692956143 ], [ -96.577362967788474, 37.979867127697936 ], [ -96.573777435676988, 38.159998766535999 ], [ -96.374157563259502, 38.247436099990459 ], [ -96.178650989480658, 38.154404506498594 ], [ -96.183229872749322, 37.974287364343027 ] ] ] } },
{ "type": "Feature", "properties": { "hex_id": 95, "area_km2": 1039.2304845413241 }, "geometry": { "type": "Polygon", "coordinates": [ [ [ -95.789165001177437, 37.967350478101061 ], [ -95.988716062851211, 37.880936512683427 ], [ -96.183229872749322, 37.974287364343027 ], [ -96.178650989480658, 38.154404506498594 ], [ -95.978565859133326, 38.241153459711001 ], [ -95.783594118403755, 38.147449876042465 ], [ -95.789165001177437, 37.967350478101061 ] ] ] } },
{ "type": "Feature", "properties": { "hex_id": 96, "area_km2": 1039.2304845413241 }, "geometry": { "type": "Polygon", "coordinates": [ [ [ -95.395183179515328, 37.959054162108288 ], [ -95.595184406187357, 37.873329628795886 ], [ -95.789165001177423, 37.967350478101061 ], [ -95.783594118403755, 38.147449876042465 ], [ -95.58305181596603, 38.233507630358282 ], [ -95.388621632842842, 38.139132253799531 ], [ -95.395183179515328, 37.959054162108288 ] ] ] } },
{ "type": "Feature", "properties": { "hex_id": 97, "area_km2": 1039.2304845413241 }, "geometry": { "type": "Polygon", "coordinates": [ [ [ -95.001299871681084, 37.949400845265949 ], [ -95.201743304726207, 37.864365993874692 ], [ -95.395183179515328, 37.959054162108288 ], [ -95.388621632842842, 38.139132253799531 ], [ -95.187629865519696, 38.224498370126398 ], [ -94.993748130220141, 38.12945444984824 ], [ -95.001299871681084, 37.949400845265949 ] ] ] } },
{ "type": "Feature", "properties": { "hex_id": 98, "area_km2": 1019.4010265861222 }, "geometry": { "type": "Polygon", "coordinates": [ [ [ -94.808408044443141, 37.854048105450367 ], [ -95.001299871681084, 37.949400845265949 ], [ -94.993748130220141, 38.12945444984824 ], [ -94.792314724182532, 38.214127634591357 ], [ -94.613916490165863, 38.125828169477224 ], [ -94.613919977677725, 38.124426339893652 ], [ -94.613935972720355, 38.117999159248839 ], [ -94.61406204435842, 38.067340649842698 ], [ -94.614090046636335, 38.065898648959333 ], [ -94.614056055816548, 38.060085645260273 ], [ -94.614055953076516, 38.060053503655112 ], [ -94.613982438672807, 38.037054974935963 ], [ -94.613982092351932, 38.036946630584382 ], [ -94.614213161148214, 37.992459600586841 ], [ -94.614466167651884, 37.987796596585717 ], [ -94.614467880306933, 37.98748463648127 ], [ -94.614558190801347, 37.971034581213608 ], [ -94.614563217729483, 37.951514563189477 ], [ -94.614595219865819, 37.94997556180428 ], [ -94.614613227621078, 37.94435955663694 ], [ -94.614623858239796, 37.944090581308402 ], [ -94.614755232641443, 37.940766553476912 ], [ -94.614836238293975, 37.93669754980737 ], [ -94.614805437698877, 37.935346585545297 ], [ -94.808408044443141, 37.854048105450367 ] ] ] } },
{ "type": "Feature", "properties": { "hex_id": 99, "area_km2": 295.71771461647234 }, "geometry": { "type": "Polygon", "coordinates": [ [ [ -101.921972349198398, 38.372258307417447 ], [ -101.912089113097082, 38.192267031003965 ], [ -102.044579039359888, 38.125578513064248 ], [ -102.044252396439333, 38.141777482627106 ], [ -102.044298162919929, 38.1755584776934 ], [ -102.044399036638822, 38.25001496263269 ], [ -102.044511114442017, 38.262411552011379 ], [ -102.044568412250257, 38.268749088752358 ], [ -102.044569044063024, 38.268818971584828 ], [ -102.044614061447177, 38.312323991368878 ], [ -102.044945090808795, 38.38441902451342 ], [ -102.044443102451794, 38.415802037919299 ], [ -102.044937105070161, 38.419680040363559 ], [ -102.044970480143476, 38.422602983199724 ], [ -101.921972349198398, 38.372258307417447 ] ] ] } },
{ "type": "Feature", "properties": { "hex_id": 100, "area_km2": 1039.2304845413266 }, "geometry": { "type": "Polygon", "coordinates": [ [ [ -101.517001891865021, 38.205063125716762 ], [ -101.709888346692551, 38.108832648443197 ], [ -101.912089113097082, 38.192267031003965 ], [ -101.921972349198398, 38.372258307417447 ], [ -101.728658881391738, 38.468848181668832 ], [ -101.525889104863452, 38.385087077441256 ], [ -101.517001891865021, 38.205063125716762 ] ] ] } },
{ "type": "Feature", "properties": { "hex_id": 101, "area_km2": 1039.2304845413266 }, "geometry": { "type": "Polygon", "coordinates": [ [ [ -101.121780937157425, 38.216498550135434 ], [ -101.315228681443003, 38.120932932222047 ], [ -101.517001891865021, 38.205063125716762 ], [ -101.525889104863452, 38.385087077441256 ], [ -101.332006518769646, 38.481010185610451 ], [ -101.129671279679769, 38.396551284358189 ], [ -101.121780937157425, 38.216498550135434 ] ] ] } },
{ "type": "Feature", "properties": { "hex_id": 102, "area_km2": 1039.2304845413262 }, "geometry": { "type": "Polygon", "coordinates": [ [ [ -100.726441025914966, 38.226572901987154 ], [ -100.920443082181933, 38.131674329575354 ], [ -101.121780937157425, 38.216498550135434 ], [ -101.129671279679769, 38.396551284358189 ], [ -100.93522621632205, 38.491805497211786 ], [ -100.733333511250962, 38.406651047453025 ], [ -100.726441025914966, 38.226572901987154 ] ] ] } },
{ "type": "Feature", "properties": { "hex_id": 103, "area_km2": 1039.2304845413257 }, "geometry": { "type": "Polygon", "coordinates": [ [ [ -100.330997100471578, 38.235284898386219 ], [ -100.52554665355467, 38.141055736216842 ], [ -100.726441025914966, 38.226572901987154 ], [ -100.733333511250962, 38.406651047453025 ], [ -100.538333042273393, 38.501234734089984 ], [ -100.336890738378898, 38.415385289588883 ], [ -100.330997100471578, 38.235284898386219 ] ] ] } },
{ "type": "Feature", "properties": { "hex_id": 104, "area_km2": 1039.2304845413257 }, "geometry": { "type": "Polygon", "coordinates": [ [ [ -99.935464419880077, 38.24263454907117 ], [ -100.130553963273087, 38.149076498916557 ], [ -100.330997100471578, 38.235284898386219 ], [ -100.336890738378898, 38.415385289588883 ], [ -100.141342196193605, 38.509296322742777 ], [ -99.940358810145725, 38.42275368620971 ], [ -99.935464419880077, 38.24263454907117 ] ] ] } },
{ "type": "Feature", "properties": { "hex_id": 105, "area_km2": 1039.2304845413269 }, "geometry": { "type": "Polygon", "coordinates": [ [ [ -99.539858080794801, 38.248621758011026 ], [ -99.735480711557855, 38.155736388211579 ], [ -99.935464419880077, 38.24263454907117 ], [ -99.940358810145725, 38.42275368620971 ], [ -99.744269658495384, 38.515990192567791 ], [ -99.543752500227029, 38.428756037072354 ], [ -99.539858080794801, 38.248621758011026 ] ] ] } },
{ "type": "Feature", "properties": { "hex_id": 106, "area_km2": 1039.2304845413275 }, "geometry": { "type": "Polygon", "coordinates": [ [ [ -99.144192720316511, 38.253246208884789 ], [ -99.340341099128608, 38.161035491455884 ], [ -99.539858080794801, 38.248621758011026 ], [ -99.543752500227029, 38.428756037072354 ], [ -99.347129666303942, 38.521316336000226 ], [ -99.147086746227885, 38.433392323797101 ], [ -99.144192720316511, 38.253246208884789 ] ] ] } },
{ "type": "Feature", "properties": { "hex_id": 107, "area_km2": 1039.2304845413275 }, "geometry": { "type": "Polygon", "coordinates": [ [ [ -98.748483475744621, 38.256507274256833 ], [ -98.94515035761593, 38.164973283646646 ], [ -99.144192720316511, 38.253246208884789 ], [ -99.147086746227885, 38.433392323797101 ], [ -98.949937772300103, 38.525274283091854 ], [ -98.750376882470633, 38.436661795722202 ], [ -98.748483475744621, 38.256507274256833 ] ] ] } },
{ "type": "Feature", "properties": { "hex_id": 108, "area_km2": 1039.2304845413275 }, "geometry": { "type": "Polygon", "coordinates": [ [ [ -98.352745845281433, 38.258404458031272 ], [ -98.549923512529062, 38.167549146007822 ], [ -98.748483475744621, 38.256507274256833 ], [ -98.750376882470633, 38.436661795722202 ], [ -98.552709306498912, 38.527863447839522 ], [ -98.353638305716316, 38.438563919676668 ], [ -98.352745845281433, 38.258404458031272 ] ] ] } },
{ "type": "Feature", "properties": { "hex_id": 109, "area_km2": 1039.2304845413275 }, "geometry": { "type": "Polygon", "coordinates": [ [ [ -97.956994687860998, 38.258937862516156 ], [ -98.154675878509721, 38.168762827652735 ], [ -98.352745845281433, 38.258404458031272 ], [ -98.353638305716316, 38.438563919676668 ], [ -98.155459607108298, 38.529083352794331 ], [ -97.956886032595591, 38.439098401100765 ], [ -97.956994687860998, 38.258937862516156 ] ] ] } },
{ "type": "Feature", "properties": { "hex_id": 110, "area_km2": 1039.2304845413275 }, "geometry": { "type": "Polygon", "coordinates": [ [ [ -97.561245204623106, 38.258107187551587 ], [ -97.759422277521637, 38.168614368833673 ], [ -97.956994687860998, 38.258937862516156 ], [ -97.956886032595591, 38.439098401100765 ], [ -97.758203552757706, 38.528933981207267 ], [ -97.560135239903317, 38.438265921018761 ], [ -97.561245204623106, 38.258107187551587 ] ] ] } },
{ "type": "Feature", "properties": { "hex_id": 111, "area_km2": 1039.2304845413275 }, "geometry": { "type": "Polygon", "coordinates": [ [ [ -97.165512809580846, 38.255913397447941 ], [ -97.364178215031387, 38.167103945388504 ], [ -97.561245204623106, 38.258107187551587 ], [ -97.560135239903317, 38.438265921018761 ], [ -97.360957229514923, 38.527416358895657 ], [ -97.16340199209634, 38.436066675199669 ], [ -97.165512809580846, 38.255913397447941 ] ] ] } },
{ "type": "Feature", "properties": { "hex_id": 112, "area_km2": 1039.2304845413275 }, "geometry": { "type": "Polygon", "coordinates": [ [ [ -96.769812003942576, 38.25235646750329 ], [ -96.96895863507639, 38.164232553544814 ], [ -97.165512809580861, 38.255913397447941 ], [ -97.16340199209634, 38.436066675199669 ], [ -96.963735984096886, 38.524530159751421 ], [ -96.766700600733301, 38.432500615019627 ], [ -96.769812003942576, 38.25235646750329 ] ] ] } },
{ "type": "Feature", "properties": { "hex_id": 113, "area_km2": 1039.2304845413257 }, "geometry": { "type": "Polygon", "coordinates": [ [ [ -96.374157563259502, 38.247436099990459 ], [ -96.573777435676988, 38.159998766535999 ], [ -96.769812003942576, 38.25235646750329 ], [ -96.766700600733301, 38.432500615019627 ], [ -96.566553737580662, 38.520275198962132 ], [ -96.370045915086337, 38.427567735929792 ], [ -96.374157563259502, 38.247436099990459 ] ] ] } },
{ "type": "Feature", "properties": { "hex_id": 114, "area_km2": 1039.2304845413241 }, "geometry": { "type": "Polygon", "coordinates": [ [ [ -95.978565859133326, 38.241153459711001 ], [ -96.178650989480658, 38.154404506498594 ], [ -96.374157563259502, 38.247436099990459 ], [ -96.370045915086337, 38.427567735929792 ], [ -96.16942663315541, 38.514651840831284 ], [ -95.973454169604011, 38.421268649188384 ], [ -95.978565859133326, 38.241153459711001 ] ] ] } },
{ "type": "Feature", "properties": { "hex_id": 115, "area_km2": 1039.2304845413241 }, "geometry": { "type": "Polygon", "coordinates": [ [ [ -95.58305181596603, 38.233507630358282 ], [ -95.783594118403755, 38.147449876042465 ], [ -95.978565859133326, 38.241153459711001 ], [ -95.973454169604011, 38.421268649188384 ], [ -95.772370259797242, 38.507660635373789 ], [ -95.576940352580607, 38.413603050295841 ], [ -95.58305181596603, 38.233507630358282 ] ] ] } },
{ "type": "Feature", "properties": { "hex_id": 116, "area_km2": 1039.2304845413241 }, "geometry": { "type": "Polygon", "coordinates": [ [ [ -95.187629865519696, 38.224498370126398 ], [ -95.388621632842842, 38.139132253799531 ], [ -95.58305181596603, 38.233507630358282 ], [ -95.576940352580607, 38.413603050295841 ], [ -95.375399247641724, 38.499300923696048 ], [ -95.180519578080364, 38.404571116285851 ], [ -95.187629865519696, 38.224498370126398 ] ] ] } },
{ "type": "Feature", "properties": { "hex_id": 117, "area_km2": 1039.2304845413241 }, "geometry": { "type": "Polygon", "coordinates": [ [ [ -94.792314724182532, 38.214127634591357 ], [ -94.993748130220141, 38.12945444984824 ], [ -95.187629865519696, 38.224498370126398 ], [ -95.180519578080364, 38.404571116285851 ], [ -94.97853010587589, 38.489574415483105 ], [ -94.784207134773993, 38.394174212357129 ], [ -94.792314724182532, 38.214127634591357 ] ] ] } },
{ "type": "Feature", "properties": { "hex_id": 118, "area_km2": 442.76071232394332 }, "geometry": { "type": "Polygon", "coordinates": [ [ [ -94.792314724182532, 38.214127634591357 ], [ -94.784207134773993, 38.394174212357129 ], [ -94.612947462301165, 38.465535416029745 ], [ -94.613158432199171, 38.434188724274357 ], [ -94.613342183673012, 38.406889807395125 ], [ -94.613365540637062, 38.403419795613942 ], [ -94.613333306594626, 38.39987478798249 ], [ -94.613265556195628, 38.392423793407403 ], [ -94.613275965135529, 38.388716160533164 ], [ -94.613329588198454, 38.369615788855448 ], [ -94.613312595540293, 38.364404787812298 ], [ -94.613000636025419, 38.335798782058284 ], [ -94.612825652210816, 38.3243847797538 ], [ -94.612788658204892, 38.320139778899815 ], [ -94.612673665757939, 38.314829777822517 ], [ -94.612673668168028, 38.313113783065674 ], [ -94.612673683040128, 38.302524775359764 ], [ -94.612690053453107, 38.301461847476062 ], [ -94.612844698504503, 38.291420773161299 ], [ -94.612849700620629, 38.289911772860087 ], [ -94.612825052290802, 38.286846677876888 ], [ -94.612708801886697, 38.272390586126583 ], [ -94.612692999225899, 38.270425477208448 ], [ -94.61269272815673, 38.270391768931468 ], [ -94.612614776108856, 38.237763757044966 ], [ -94.612614984277585, 38.237656993118392 ], [ -94.612635793061855, 38.226984750184563 ], [ -94.612659805224922, 38.219248745264657 ], [ -94.612659382291667, 38.218569492481599 ], [ -94.612659380577497, 38.218566739478035 ], [ -94.612658807747167, 38.217646744244249 ], [ -94.61272397420916, 38.212191355087086 ], [ -94.612822829278542, 38.20391573555878 ], [ -94.612848834311166, 38.200711733530355 ], [ -94.613073850212487, 38.190549727160104 ], [ -94.61342157282111, 38.167990891328948 ], [ -94.613422885763356, 38.167905712957754 ], [ -94.613748897124907, 38.160630708524103 ], [ -94.613856914238099, 38.149766701719464 ], [ -94.613916490165863, 38.125828169477224 ], [ -94.792314724182532, 38.214127634591357 ] ] ] } },
{ "type": "Feature", "properties": { "hex_id": 119, "area_km2": 858.41569001354219 }, "geometry": { "type": "Polygon", "coordinates": [ [ [ -101.941889800354389, 38.732244958330512 ], [ -101.738115878976743, 38.648858379253923 ], [ -101.728658881391738, 38.468848181668832 ], [ -101.921972349198398, 38.372258307417447 ], [ -102.044970480143476, 38.422602983199724 ], [ -102.045325119873809, 38.453647056088812 ], [ -102.045264133337682, 38.505395075987742 ], [ -102.045263133197906, 38.505532075967267 ], [ -102.045113114570739, 38.523784073217399 ], [ -102.04522409499107, 38.543797070431175 ], [ -102.045190080048187, 38.55873206825347 ], [ -102.045212057341416, 38.581609064981521 ], [ -102.045288839667293, 38.61516850178365 ], [ -102.045289023981312, 38.61524906021274 ], [ -102.045074969727594, 38.669617052189004 ], [ -102.045102964448148, 38.674946051448877 ], [ -102.045160964193883, 38.67522105146552 ], [ -102.045145391510786, 38.680648365197776 ], [ -101.941889800354389, 38.732244958330512 ] ] ] } },
{ "type": "Feature", "properties": { "hex_id": 120, "area_km2": 1039.2304845413266 }, "geometry": { "type": "Polygon", "coordinates": [ [ [ -101.332006518769646, 38.481010185610451 ], [ -101.525889104863452, 38.385087077441256 ], [ -101.728658881391738, 38.468848181668832 ], [ -101.738115878976743, 38.648858379253923 ], [ -101.543798937382505, 38.745138876542029 ], [ -101.340459007035065, 38.661051204667856 ], [ -101.332006518769646, 38.481010185610451 ] ] ] } },
{ "type": "Feature", "properties": { "hex_id": 121, "area_km2": 1039.2304845413262 }, "geometry": { "type": "Polygon", "coordinates": [ [ [ -100.93522621632205, 38.491805497211786 ], [ -101.129671279679769, 38.396551284358189 ], [ -101.332006518769646, 38.481010185610451 ], [ -101.340459007035065, 38.661051204667856 ], [ -101.145571532803302, 38.756661651746164 ], [ -100.942673554517583, 38.671874390199108 ], [ -100.93522621632205, 38.491805497211786 ] ] ] } },
{ "type": "Feature", "properties": { "hex_id": 122, "area_km2": 1039.2304845413257 }, "geometry": { "type": "Polygon", "coordinates": [ [ [ -100.538333042273393, 38.501234734089984 ], [ -100.733333511250962, 38.406651047453025 ], [ -100.93522621632205, 38.491805497211786 ], [ -100.942673554517583, 38.671874390199108 ], [ -100.747222917733581, 38.766812868742079 ], [ -100.544774931555111, 38.681327585524542 ], [ -100.538333042273393, 38.501234734089984 ] ] ] } },
{ "type": "Feature", "properties": { "hex_id": 123, "area_km2": 1039.2304845413257 }, "geometry": { "type": "Polygon", "coordinates": [ [ [ -100.141342196193605, 38.509296322742777 ], [ -100.336890738378898, 38.415385289588883 ], [ -100.538333042273393, 38.501234734089984 ], [ -100.544774931555111, 38.681327585524542 ], [ -100.348767986560205, 38.77559162796782 ], [ -100.146777278274783, 38.689409416113165 ], [ -100.141342196193605, 38.509296322742777 ] ] ] } },
{ "type": "Feature", "properties": { "hex_id": 124, "area_km2": 1039.2304845413257 }, "geometry": { "type": "Polygon", "coordinates": [ [ [ -99.744269658495384, 38.515990192567791 ], [ -99.940358810145725, 38.42275368620971 ], [ -100.141342196193605, 38.509296322742777 ], [ -100.146777278274783, 38.689409416113165 ], [ -99.950221884995003, 38.782997185638557 ], [ -99.748697362214003, 38.696120198484671 ], [ -99.744269658495384, 38.515990192567791 ] ] ] } },
{ "type": "Feature", "properties": { "hex_id": 125, "area_km2": 1039.2304845413269 }, "geometry": { "type": "Polygon", "coordinates": [ [ [ -99.347129666303942, 38.521316336000226 ], [ -99.543752500227029, 38.428756037072354 ], [ -99.744269658495384, 38.515990192567791 ], [ -99.748697362214003, 38.696120198484671 ], [ -99.551600474832, 38.78903024589841 ], [ -99.350549805869917, 38.701460021571982 ], [ -99.347129666303942, 38.521316336000226 ] ] ] } },
{ "type": "Feature", "properties": { "hex_id": 126, "area_km2": 1039.2304845413275 }, "geometry": { "type": "Polygon", "coordinates": [ [ [ -98.949937772300103, 38.525274283091854 ], [ -99.147086746227885, 38.433392323797101 ], [ -99.347129666303942, 38.521316336000226 ], [ -99.350549805869917, 38.701460021571982 ], [ -99.15291893892595, 38.79369013357163 ], [ -98.952349638780831, 38.705427915197113 ], [ -98.949937772300103, 38.525274283091854 ] ] ] } },
{ "type": "Feature", "properties": { "hex_id": 127, "area_km2": 1039.2304845413275 }, "geometry": { "type": "Polygon", "coordinates": [ [ [ -98.552709306498912, 38.527863447839522 ], [ -98.750376882470633, 38.436661795722202 ], [ -98.949937772300103, 38.525274283091854 ], [ -98.952349638780831, 38.705427915197113 ], [ -98.754192001751605, 38.796975964244766 ], [ -98.554112485885213, 38.708023538318038 ], [ -98.552709306498912, 38.527863447839522 ] ] ] } },
{ "type": "Feature", "properties": { "hex_id": 128, "area_km2": 1039.2304845413275 }, "geometry": { "type": "Polygon", "coordinates": [ [ [ -98.155459607108298, 38.529083352794331 ], [ -98.353638305716316, 38.438563919676668 ], [ -98.552709306498912, 38.527863447839522 ], [ -98.554112485885213, 38.708023538318038 ], [ -98.355436241150045, 38.798887794023415 ], [ -98.155854175649623, 38.709246666959004 ], [ -98.155459607108298, 38.529083352794331 ] ] ] } },
{ "type": "Feature", "properties": { "hex_id": 129, "area_km2": 1039.2304845413275 }, "geometry": { "type": "Polygon", "coordinates": [ [ [ -97.758203552757706, 38.528933981207267 ], [ -97.956886032595591, 38.439098401100765 ], [ -98.155459607108298, 38.529083352794331 ], [ -98.155854175649623, 38.709246666959004 ], [ -97.956666790732882, 38.79942519076149 ], [ -97.757590036019224, 38.709096729952762 ], [ -97.758203552757706, 38.528933981207267 ] ] ] } },
{ "type": "Feature", "properties": { "hex_id": 130, "area_km2": 1039.2304845413275 }, "geometry": { "type": "Polygon", "coordinates": [ [ [ -97.360957229514923, 38.527416358895657 ], [ -97.560135239903317, 38.438265921018761 ], [ -97.758203552757706, 38.528933981207267 ], [ -97.757590036019224, 38.709096729952762 ], [ -97.557898881818431, 38.798588566673644 ], [ -97.359334600543633, 38.707575696300431 ], [ -97.360957229514923, 38.527416358895657 ] ] ] } },
{ "type": "Feature", "properties": { "hex_id": 131, "area_km2": 1039.2304845413275 }, "geometry": { "type": "Polygon", "coordinates": [ [ [ -96.963735984096886, 38.524530159751421 ], [ -97.16340199209634, 38.436066675199669 ], [ -97.360957229514923, 38.527416358895657 ], [ -97.359334600543633, 38.707575696300431 ], [ -97.159148061844022, 38.796378638108578 ], [ -96.961104792093792, 38.704682297363121 ], [ -96.963735984096886, 38.524530159751421 ] ] ] } },
{ "type": "Feature", "properties": { "hex_id": 132, "area_km2": 1039.2304845413257 }, "geometry": { "type": "Polygon", "coordinates": [ [ [ -96.566553737580662, 38.520275198962132 ], [ -96.766700600733301, 38.432500615019627 ], [ -96.963735984096886, 38.524530159751421 ], [ -96.961104792093792, 38.704682297363121 ], [ -96.760430261365073, 38.792794284905831 ], [ -96.562914537150689, 38.700416265224035 ], [ -96.566553737580662, 38.520275198962132 ] ] ] } },
{ "type": "Feature", "properties": { "hex_id": 133, "area_km2": 1039.2304845413241 }, "geometry": { "type": "Polygon", "coordinates": [ [ [ -96.16942663315541, 38.514651840831284 ], [ -96.370045915086337, 38.427567735929792 ], [ -96.566553737580662, 38.520275198962132 ], [ -96.562914537150689, 38.700416265224035 ], [ -96.36176015420665, 38.787836153372361 ], [ -96.164780066008007, 38.694778732540485 ], [ -96.16942663315541, 38.514651840831284 ] ] ] } },
{ "type": "Feature", "properties": { "hex_id": 134, "area_km2": 1039.2304845413241 }, "geometry": { "type": "Polygon", "coordinates": [ [ [ -95.772370259797242, 38.507660635373789 ], [ -95.973454169604011, 38.421268649188384 ], [ -96.16942663315541, 38.514651840831284 ], [ -96.164780066008007, 38.694778732540485 ], [ -95.963153462832764, 38.781504701826123 ], [ -95.766716588537278, 38.687769189875162 ], [ -95.772370259797242, 38.507660635373789 ] ] ] } },
{ "type": "Feature", "properties": { "hex_id": 135, "area_km2": 1039.2304845413241 }, "geometry": { "type": "Polygon", "coordinates": [ [ [ -95.375399247641724, 38.499300923696048 ], [ -95.576940352580607, 38.413603050295841 ], [ -95.772370259797242, 38.507660635373789 ], [ -95.766716588537278, 38.687769189875162 ], [ -95.564625347622226, 38.773799573684556 ], [ -95.368738538648572, 38.679388536156324 ], [ -95.375399247641724, 38.499300923696048 ] ] ] } },
{ "type": "Feature", "properties": { "hex_id": 136, "area_km2": 1039.2304845413241 }, "geometry": { "type": "Polygon", "coordinates": [ [ [ -94.97853010587589, 38.489574415483105 ], [ -95.180519578080364, 38.404571116285851 ], [ -95.375399247641724, 38.499300923696048 ], [ -95.368738538648572, 38.679388536156324 ], [ -95.166191610593287, 38.7647219547056 ], [ -94.970863365873399, 38.66963724485182 ], [ -94.97853010587589, 38.489574415483105 ] ] ] } },
{ "type": "Feature", "properties": { "hex_id": 137, "area_km2": 973.54215308748167 }, "geometry": { "type": "Polygon", "coordinates": [ [ [ -94.784207134773993, 38.394174212357129 ], [ -94.97853010587589, 38.489574415483105 ], [ -94.970863365873399, 38.66963724485182 ], [ -94.767868892845271, 38.754272526947737 ], [ -94.61075304574787, 38.677071319603861 ], [ -94.610843636821102, 38.672622615112068 ], [ -94.611602463835467, 38.635381934634836 ], [ -94.611465459721487, 38.625008925452008 ], [ -94.611847998123665, 38.620603373968969 ], [ -94.611855171812294, 38.620520757286215 ], [ -94.611858457134815, 38.62048292145851 ], [ -94.611908452355024, 38.609269911538185 ], [ -94.611906013092991, 38.605887913164565 ], [ -94.611887440195275, 38.580136885759231 ], [ -94.611902440159682, 38.58010788573408 ], [ -94.612176438243566, 38.576543882589945 ], [ -94.612168605906234, 38.565531872012791 ], [ -94.612157427115406, 38.549814858938987 ], [ -94.612272426158427, 38.547914857262164 ], [ -94.612453546910828, 38.520514660229892 ], [ -94.612465170918654, 38.518756164532981 ], [ -94.612547232368172, 38.506341797698987 ], [ -94.612616676589766, 38.495837331428014 ], [ -94.612643067171248, 38.491846030762723 ], [ -94.612644417462946, 38.491641813208624 ], [ -94.612726427585912, 38.484364811756215 ], [ -94.612696429325098, 38.483151811511945 ], [ -94.612865482205294, 38.477600164531957 ], [ -94.612866436968019, 38.477568810403746 ], [ -94.61287923966448, 38.475666785764922 ], [ -94.61288484083326, 38.474834651604368 ], [ -94.612947462301165, 38.465535416029745 ], [ -94.784207134773993, 38.394174212357129 ] ] ] } },
{ "type": "Feature", "properties": { "hex_id": 138, "area_km2": 214.16138899393499 }, "geometry": { "type": "Polygon", "coordinates": [ [ [ -101.951924121868913, 38.912237205860173 ], [ -101.941889800354389, 38.732244958330512 ], [ -102.045145391510786, 38.680648365197776 ], [ -102.045127952755465, 38.686725049777763 ], [ -102.045156950940139, 38.688555049542813 ], [ -102.045212941979145, 38.697567048301366 ], [ -102.04537587631873, 38.754339044789752 ], [ -102.045287872750393, 38.755528045756165 ], [ -102.045371828005656, 38.770064058782189 ], [ -102.045448786807412, 38.783453070782947 ], [ -102.045334737697701, 38.799463084909029 ], [ -102.045388694865792, 38.813392097367007 ], [ -102.046081390132741, 38.950472421389286 ], [ -101.951924121868913, 38.912237205860173 ] ] ] } },
{ "type": "Feature", "properties": { "hex_id": 139, "area_km2": 1039.2304845413266 }, "geometry": { "type": "Polygon", "coordinates": [ [ [ -101.543798937382505, 38.745138876542029 ], [ -101.738115878976743, 38.648858379253923 ], [ -101.941889800354389, 38.732244958330512 ], [ -101.951924121868913, 38.912237205860173 ], [ -101.757174339821574, 39.008875700392728 ], [ -101.552822469737663, 38.925163732120218 ], [ -101.543798937382505, 38.745138876542029 ] ] ] } },
{ "type": "Feature", "properties": { "hex_id": 140, "area_km2": 1039.2304845413266 }, "geometry": { "type": "Polygon", "coordinates": [ [ [ -101.145571532803302, 38.756661651746164 ], [ -101.340459007035065, 38.661051204667856 ], [ -101.543798937382505, 38.745138876542029 ], [ -101.552822469737663, 38.925163732120218 ], [ -101.357493819111781, 39.021130477935635 ], [ -101.153582652063918, 38.936715679320606 ], [ -101.145571532803302, 38.756661651746164 ] ] ] } },
{ "type": "Feature", "properties": { "hex_id": 141, "area_km2": 1039.2304845413262 }, "geometry": { "type": "Polygon", "coordinates": [ [ [ -100.747222917733581, 38.766812868742079 ], [ -100.942673554517583, 38.671874390199108 ], [ -101.145571532803302, 38.756661651746164 ], [ -101.153582652063918, 38.936715679320606 ], [ -100.957682764545481, 39.032008766101463 ], [ -100.754220739287163, 38.946892718578262 ], [ -100.747222917733581, 38.766812868742079 ] ] ] } },
{ "type": "Feature", "properties": { "hex_id": 142, "area_km2": 1039.2304845413257 }, "geometry": { "type": "Polygon", "coordinates": [ [ [ -100.348767986560205, 38.77559162796782 ], [ -100.544774931555111, 38.681327585524542 ], [ -100.747222917733581, 38.766812868742079 ], [ -100.754220739287163, 38.946892718578262 ], [ -100.557756781989127, 39.041509958142925 ], [ -100.354751972682564, 38.95569376579612 ], [ -100.348767986560205, 38.77559162796782 ] ] ] } },
{ "type": "Feature", "properties": { "hex_id": 143, "area_km2": 1039.2304845413257 }, "geometry": { "type": "Polygon", "coordinates": [ [ [ -99.950221884995003, 38.782997185638557 ], [ -100.146777278274783, 38.689409416113165 ], [ -100.348767986560205, 38.77559162796782 ], [ -100.354751972682564, 38.95569376579612 ], [ -100.157730992810443, 39.049633243983578 ], [ -99.955191204204866, 38.963118595820937 ], [ -99.950221884995003, 38.782997185638557 ] ] ] } },
{ "type": "Feature", "properties": { "hex_id": 144, "area_km2": 1039.2304845413269 }, "geometry": { "type": "Polygon", "coordinates": [ [ [ -99.551600474832, 38.78903024589841 ], [ -99.748697362214003, 38.696120198484671 ], [ -99.950221884995003, 38.782997185638557 ], [ -99.955191204204866, 38.963118595820937 ], [ -99.75762060861301, 39.056378491543391 ], [ -99.555554448938949, 38.969166846947594 ], [ -99.551600474832, 38.78903024589841 ] ] ] } },
{ "type": "Feature", "properties": { "hex_id": 145, "area_km2": 1039.2304845413275 }, "geometry": { "type": "Polygon", "coordinates": [ [ [ -99.15291893892595, 38.79369013357163 ], [ -99.350549805869917, 38.701460021571982 ], [ -99.551600474832, 38.78903024589841 ], [ -99.555554448938949, 38.969166846947594 ], [ -99.357442069474047, 39.0617451293013 ], [ -99.155857058557999, 38.973838362404877 ], [ -99.15291893892595, 38.79369013357163 ] ] ] } },
{ "type": "Feature", "properties": { "hex_id": 146, "area_km2": 1039.2304845413275 }, "geometry": { "type": "Polygon", "coordinates": [ [ [ -98.754192001751605, 38.796975964244766 ], [ -98.952349638780831, 38.705427915197113 ], [ -99.15291893892595, 38.79369013357163 ], [ -99.155857058557999, 38.973838362404877 ], [ -98.957210047436121, 39.065732958850568 ], [ -98.756114137537324, 38.977132364541944 ], [ -98.754192001751605, 38.796975964244766 ] ] ] } },
{ "type": "Feature", "properties": { "hex_id": 147, "area_km2": 1039.2304845413275 }, "geometry": { "type": "Polygon", "coordinates": [ [ [ -98.355436241150045, 38.798887794023415 ], [ -98.554112485885213, 38.708023538318038 ], [ -98.754192001751605, 38.796975964244766 ], [ -98.756114137537324, 38.977132364541944 ], [ -98.556940579397903, 39.068341513234166 ], [ -98.356342147752926, 38.979048917408129 ], [ -98.355436241150045, 38.798887794023415 ] ] ] } },
{ "type": "Feature", "properties": { "hex_id": 148, "area_km2": 1039.2304845413275 }, "geometry": { "type": "Polygon", "coordinates": [ [ [ -97.956666790732882, 38.79942519076149 ], [ -98.155854175649623, 38.709246666959004 ], [ -98.355436241150045, 38.798887794023415 ], [ -98.356342147752926, 38.979048917408129 ], [ -98.156649662359541, 39.069570827084462 ], [ -97.956556311386493, 38.979587845221559 ], [ -97.956666790732882, 38.79942519076149 ] ] ] } },
{ "type": "Feature", "properties": { "hex_id": 149, "area_km2": 1039.2304845413275 }, "geometry": { "type": "Polygon", "coordinates": [ [ [ -97.557898881818431, 38.798588566673644 ], [ -97.757590036019224, 38.709096729952762 ], [ -97.956666790732882, 38.79942519076149 ], [ -97.956556311386493, 38.979587845221559 ], [ -97.756352687068798, 39.069420693752143 ], [ -97.556772059260425, 38.97874922228106 ], [ -97.557898881818431, 38.798588566673644 ] ] ] } },
{ "type": "Feature", "properties": { "hex_id": 150, "area_km2": 1039.2304845413275 }, "geometry": { "type": "Polygon", "coordinates": [ [ [ -97.159148061844022, 38.796378638108578 ], [ -97.359334600543633, 38.707575696300431 ], [ -97.557898881818431, 38.798588566673644 ], [ -97.556772059260425, 38.97874922228106 ], [ -97.356064777241926, 39.067891753624302 ], [ -97.157005042396023, 38.976533617038569 ], [ -97.159148061844022, 38.796378638108578 ] ] ] } },
{ "type": "Feature", "properties": { "hex_id": 151, "area_km2": 1039.2304845413275 }, "geometry": { "type": "Polygon", "coordinates": [ [ [ -96.760430261365073, 38.792794284905831 ], [ -96.961104792093792, 38.704682297363121 ], [ -97.159148061844022, 38.796378638108578 ], [ -97.157005042396023, 38.976533617038569 ], [ -96.955802502227769, 39.064983666586464 ], [ -96.757271285076186, 38.972940372714802 ], [ -96.760430261365073, 38.792794284905831 ] ] ] } },
{ "type": "Feature", "properties": { "hex_id": 152, "area_km2": 1039.2304845413257 }, "geometry": { "type": "Polygon", "coordinates": [ [ [ -96.36176015420665, 38.787836153372361 ], [ -96.562914537150689, 38.700416265224035 ], [ -96.760430261365073, 38.792794284905831 ], [ -96.757271285076186, 38.972940372714802 ], [ -96.55558108721533, 39.06069602836147 ], [ -96.357585998347702, 38.967969524455974 ], [ -96.36176015420665, 38.787836153372361 ] ] ] } },
{ "type": "Feature", "properties": { "hex_id": 153, "area_km2": 1039.2304845413241 }, "geometry": { "type": "Polygon", "coordinates": [ [ [ -95.963153462832764, 38.781504701826123 ], [ -96.164780066008007, 38.694778732540485 ], [ -96.36176015420665, 38.787836153372361 ], [ -96.357585998347702, 38.967969524455974 ], [ -96.155416213104004, 39.055029615402105 ], [ -95.95796423819877, 38.961621708704051 ], [ -95.963153462832764, 38.781504701826123 ] ] ] } },
{ "type": "Feature", "properties": { "hex_id": 154, "area_km2": 1039.2304845413241 }, "geometry": { "type": "Polygon", "coordinates": [ [ [ -95.564625347622226, 38.773799573684556 ], [ -95.766716588537278, 38.687769189875162 ], [ -95.963153462832764, 38.781504701826123 ], [ -95.957964238198755, 38.961621708704051 ], [ -95.755322894728408, 39.047984438641748 ], [ -95.558421239594381, 38.953897075761432 ], [ -95.564625347622226, 38.773799573684556 ] ] ] } },
{ "type": "Feature", "properties": { "hex_id": 155, "area_km2": 1039.2304845413241 }, "geometry": { "type": "Polygon", "coordinates": [ [ [ -95.166191610593287, 38.7647219547056 ], [ -95.368738538648572, 38.679388536156324 ], [ -95.564625347622226, 38.773799573684556 ], [ -95.558421239594381, 38.953897075761432 ], [ -95.355315978276209, 39.039561008833026 ], [ -95.158973601368913, 38.944796646200324 ], [ -95.166191610593287, 38.7647219547056 ] ] ] } },
{ "type": "Feature", "properties": { "hex_id": 156, "area_km2": 1039.2304845413241 }, "geometry": { "type": "Polygon", "coordinates": [ [ [ -94.767868892845271, 38.754272526947737 ], [ -94.970863365873399, 38.66963724485182 ], [ -95.166191610593287, 38.7647219547056 ], [ -95.158973601368913, 38.944796646200324 ], [ -94.955413950562047, 39.029760284934561 ], [ -94.759638109243056, 38.934320554595196 ], [ -94.767868892845271, 38.754272526947737 ] ] ] } },
{ "type": "Feature", "properties": { "hex_id": 157, "area_km2": 374.71075530970711 }, "geometry": { "type": "Polygon", "coordinates": [ [ [ -94.767868892845271, 38.754272526947737 ], [ -94.759638109243056, 38.934320554595196 ], [ -94.608136490823014, 38.996949506541327 ], [ -94.608188207562236, 38.993004181471996 ], [ -94.608258781885141, 38.987620507387675 ], [ -94.608284870011403, 38.98563040714459 ], [ -94.608301651824974, 38.984350227353858 ], [ -94.608335029548726, 38.981804049110472 ], [ -94.60831953833258, 38.97872264433903 ], [ -94.608299304677942, 38.974697906552329 ], [ -94.608263106143099, 38.967497545261971 ], [ -94.608208968891944, 38.956728937637195 ], [ -94.608208922255557, 38.956719661046087 ], [ -94.608171736707689, 38.94932296801786 ], [ -94.608135269188523, 38.942069099510704 ], [ -94.608134942148254, 38.942004046898781 ], [ -94.608134937750393, 38.940004046785312 ], [ -94.607866932260478, 38.937396046686629 ], [ -94.607927676420516, 38.937109678104967 ], [ -94.607978930997703, 38.936868046635979 ], [ -94.607978953792738, 38.936846007642743 ], [ -94.607978954789942, 38.936845043549887 ], [ -94.607980726544014, 38.935132053584503 ], [ -94.607986821375206, 38.929239370410578 ], [ -94.607996095283454, 38.9202730500431 ], [ -94.607996458803996, 38.919921586386138 ], [ -94.608003698110153, 38.912922385553998 ], [ -94.608010139039237, 38.906695081476599 ], [ -94.608011242418968, 38.905628297297476 ], [ -94.608022961413695, 38.894297982477724 ], [ -94.608026434471469, 38.890940114088842 ], [ -94.608033798401209, 38.883820419981511 ], [ -94.608033814305102, 38.883805043610018 ], [ -94.608033813612153, 38.883489803592006 ], [ -94.608033783403087, 38.86974705614432 ], [ -94.608033782211635, 38.86920504278023 ], [ -94.608033779793644, 38.868105042717701 ], [ -94.607993778013281, 38.867269042674579 ], [ -94.607996672827156, 38.866830041961784 ], [ -94.608033764626171, 38.861205042325516 ], [ -94.608033761713585, 38.859880042250211 ], [ -94.60803375099745, 38.855005041973129 ], [ -94.608033740419458, 38.850192887853432 ], [ -94.608033733851627, 38.847205041529804 ], [ -94.607736928371608, 38.832914036057822 ], [ -94.607711881428756, 38.831708040672197 ], [ -94.607671550451016, 38.829766128061884 ], [ -94.607625691368796, 38.827558040440749 ], [ -94.607626868703548, 38.827511350441277 ], [ -94.6076696668229, 38.825814089606183 ], [ -94.607907149441999, 38.816396152841314 ], [ -94.608040841634065, 38.811094271161359 ], [ -94.608040956439353, 38.811089718285494 ], [ -94.608041654387918, 38.811062039475182 ], [ -94.608463220040235, 38.789756593931699 ], [ -94.608614919646769, 38.782089867814875 ], [ -94.608909344165014, 38.767209984000118 ], [ -94.609039963773796, 38.760608614918745 ], [ -94.609399513781725, 38.742438029333051 ], [ -94.609456512905624, 38.740698027793783 ], [ -94.609499789386959, 38.738574161900459 ], [ -94.609509453845163, 38.738099862413996 ], [ -94.60984341995362, 38.721709917008177 ], [ -94.61075304574787, 38.677071319603861 ], [ -94.767868892845271, 38.754272526947737 ] ] ] } },
{ "type": "Feature", "properties": { "hex_id": 158, "area_km2": 782.28789658235542 }, "geometry": { "type": "Polygon", "coordinates": [ [ [ -101.972147499638595, 39.272210517410862 ], [ -101.766776734267538, 39.18887935319993 ], [ -101.757174339821574, 39.008875700392728 ], [ -101.951924121868913, 38.912237205860173 ], [ -102.046081390132741, 38.950472421389286 ], [ -102.046571148343659, 39.047038300169639 ], [ -102.046765876659876, 39.07562715356346 ], [ -102.047134194345361, 39.129701363180693 ], [ -102.047188805560822, 39.133146928317622 ], [ -102.047250198480299, 39.137020368963505 ], [ -102.047851262664253, 39.220289711537312 ], [ -102.047954520812794, 39.234608753298097 ], [ -101.972147499638595, 39.272210517410862 ] ] ] } },
{ "type": "Feature", "properties": { "hex_id": 159, "area_km2": 1039.2304845413266 }, "geometry": { "type": "Polygon", "coordinates": [ [ [ -101.357493819111781, 39.021130477935635 ], [ -101.552822469737663, 38.925163732120218 ], [ -101.757174339821574, 39.008875700392728 ], [ -101.766776734267538, 39.18887935319993 ], [ -101.571008160464601, 39.285202608682788 ], [ -101.366076769555448, 39.20116532095647 ], [ -101.357493819111781, 39.021130477935635 ] ] ] } },
{ "type": "Feature", "properties": { "hex_id": 160, "area_km2": 1039.2304845413262 }, "geometry": { "type": "Polygon", "coordinates": [ [ [ -100.957682764545481, 39.032008766101463 ], [ -101.153582652063918, 38.936715679320606 ], [ -101.357493819111781, 39.021130477935635 ], [ -101.366076769555448, 39.20116532095647 ], [ -101.169728296012266, 39.296813214998231 ], [ -100.965245309910259, 39.212071112124427 ], [ -100.957682764545481, 39.032008766101463 ] ] ] } },
{ "type": "Feature", "properties": { "hex_id": 161, "area_km2": 1039.2304845413257 }, "geometry": { "type": "Polygon", "coordinates": [ [ [ -100.557756781989127, 39.041509958142925 ], [ -100.754220739287163, 38.946892718578262 ], [ -100.957682764545481, 39.032008766101463 ], [ -100.965245309910259, 39.212071112124427 ], [ -100.768324576223577, 39.307041620326707 ], [ -100.564297812088157, 39.221596174576369 ], [ -100.557756781989127, 39.041509958142925 ] ] ] } },
{ "type": "Feature", "properties": { "hex_id": 162, "area_km2": 1039.2304845413257 }, "geometry": { "type": "Polygon", "coordinates": [ [ [ -100.157730992810443, 39.049633243983578 ], [ -100.354751972682564, 38.95569376579612 ], [ -100.557756781989127, 39.041509958142925 ], [ -100.564297812088157, 39.221596174576369 ], [ -100.366811928957503, 39.315887265302166 ], [ -100.163249854323709, 39.229740122308378 ], [ -100.157730992810443, 39.049633243983578 ] ] ] } },
{ "type": "Feature", "properties": { "hex_id": 163, "area_km2": 1039.2304845413257 }, "geometry": { "type": "Polygon", "coordinates": [ [ [ -99.75762060861301, 39.056378491543391 ], [ -99.955191204204866, 38.963118595820937 ], [ -100.157730992810443, 39.049633243983578 ], [ -100.163249854323709, 39.229740122308378 ], [ -99.965206302101421, 39.323350021659039 ], [ -99.762116800965799, 39.236502588571312 ], [ -99.75762060861301, 39.056378491543391 ] ] ] } },
{ "type": "Feature", "properties": { "hex_id": 164, "area_km2": 1039.2304845413269 }, "geometry": { "type": "Polygon", "coordinates": [ [ [ -99.357442069474047, 39.0617451293013 ], [ -99.555554448938949, 38.969166846947594 ], [ -99.75762060861301, 39.056378491543391 ], [ -99.762116800965799, 39.236502588571312 ], [ -99.563523201946964, 39.329429017500182 ], [ -99.360914622414413, 39.241882799154915 ], [ -99.357442069474047, 39.0617451293013 ] ] ] } },
{ "type": "Feature", "properties": { "hex_id": 165, "area_km2": 1039.2304845413275 }, "geometry": { "type": "Polygon", "coordinates": [ [ [ -98.957210047436121, 39.065732958850568 ], [ -99.155857058557999, 38.973838362404877 ], [ -99.357442069474047, 39.0617451293013 ], [ -99.360914622414413, 39.241882799154915 ], [ -99.161778598190239, 39.334124060529838 ], [ -98.959658903598324, 39.245880539002627 ], [ -98.957210047436121, 39.065732958850568 ] ] ] } },
{ "type": "Feature", "properties": { "hex_id": 166, "area_km2": 1039.2304845413275 }, "geometry": { "type": "Polygon", "coordinates": [ [ [ -98.556940579397903, 39.068341513234166 ], [ -98.756114137537324, 38.977132364541944 ], [ -98.957210047436121, 39.065732958850568 ], [ -98.959658903598324, 39.245880539002627 ], [ -98.759988157589376, 39.337434627015071 ], [ -98.558365662838753, 39.248495728161814 ], [ -98.556940579397903, 39.068341513234166 ] ] ] } },
{ "type": "Feature", "properties": { "hex_id": 167, "area_km2": 1039.2304845413275 }, "geometry": { "type": "Polygon", "coordinates": [ [ [ -98.156649662359541, 39.069570827084462 ], [ -98.356342147752926, 38.979048917408129 ], [ -98.556940579397903, 39.068341513234166 ], [ -98.558365662838753, 39.248495728161814 ], [ -98.358168104061619, 39.339360991119683 ], [ -98.157050506888339, 39.2497283031297 ], [ -98.156649662359541, 39.069570827084462 ] ] ] } },
{ "type": "Feature", "properties": { "hex_id": 168, "area_km2": 1039.2304845413275 }, "geometry": { "type": "Polygon", "coordinates": [ [ [ -97.756352687068798, 39.069420693752143 ], [ -97.956556311386493, 38.979587845221559 ], [ -98.156649662359541, 39.069570827084462 ], [ -98.157050506888339, 39.2497283031297 ], [ -97.956333738009761, 39.339902857199334 ], [ -97.755729277890751, 39.249578001709551 ], [ -97.756352687068798, 39.069420693752143 ] ] ] } },
{ "type": "Feature", "properties": { "hex_id": 169, "area_km2": 1039.2304845413275 }, "geometry": { "type": "Polygon", "coordinates": [ [ [ -97.356064777241926, 39.067891753624302 ], [ -97.556772059260425, 38.97874922228106 ], [ -97.756352687068798, 39.069420693752143 ], [ -97.755729277890751, 39.249578001709551 ], [ -97.554501224089336, 39.339060075531833 ], [ -97.354417386926656, 39.248044972700264 ], [ -97.356064777241926, 39.067891753624302 ] ] ] } },
{ "type": "Feature", "properties": { "hex_id": 170, "area_km2": 1039.2304845413275 }, "geometry": { "type": "Polygon", "coordinates": [ [ [ -96.955802502227769, 39.064983666586464 ], [ -97.157005042396023, 38.976533617038569 ], [ -97.356064777241926, 39.067891753624302 ], [ -97.354417386926656, 39.248044972700264 ], [ -97.152686165894778, 39.336832988690617 ], [ -96.953131112613661, 39.245129473478677 ], [ -96.955802502227769, 39.064983666586464 ] ] ] } },
{ "type": "Feature", "properties": { "hex_id": 171, "area_km2": 1039.2304845413257 }, "geometry": { "type": "Polygon", "coordinates": [ [ [ -96.55558108721533, 39.06069602836147 ], [ -96.757271285076186, 38.972940372714802 ], [ -96.955802502227769, 39.064983666586464 ], [ -96.953131112613661, 39.245129473478677 ], [ -96.750904602289026, 39.333221260856732 ], [ -96.551885944708971, 39.24083099248957 ], [ -96.55558108721533, 39.06069602836147 ] ] ] } },
{ "type": "Feature", "properties": { "hex_id": 172, "area_km2": 1039.2304845413241 }, "geometry": { "type": "Polygon", "coordinates": [ [ [ -96.155416213104004, 39.055029615402105 ], [ -96.357585998347702, 38.967969524455974 ], [ -96.55558108721533, 39.06069602836147 ], [ -96.551885944708971, 39.24083099248957 ], [ -96.349172295103401, 39.328225452869503 ], [ -96.150697748236112, 39.235150184614419 ], [ -96.155416213104004, 39.055029615402105 ] ] ] } },
{ "type": "Feature", "properties": { "hex_id": 173, "area_km2": 1039.2304845413241 }, "geometry": { "type": "Polygon", "coordinates": [ [ [ -95.755322894728408, 39.047984438641748 ], [ -95.95796423819877, 38.961621708704051 ], [ -96.155416213104004, 39.055029615402105 ], [ -96.150697748236112, 39.235150184614419 ], [ -95.94750480110649, 39.321845391315861 ], [ -95.749582060017744, 39.228087295095065 ], [ -95.755322894728408, 39.047984438641748 ] ] ] } },
{ "type": "Feature", "properties": { "hex_id": 174, "area_km2": 1039.2304845413241 }, "geometry": { "type": "Polygon", "coordinates": [ [ [ -95.355315978276209, 39.039561008833026 ], [ -95.558421239594381, 38.953897075761432 ], [ -95.755322894728408, 39.047984438641748 ], [ -95.749582060017744, 39.228087295095065 ], [ -95.545917652651369, 39.314081481007427 ], [ -95.348553454949254, 39.219642026263053 ], [ -95.355315978276209, 39.039561008833026 ] ] ] } },
{ "type": "Feature", "properties": { "hex_id": 175, "area_km2": 1039.2304845413241 }, "geometry": { "type": "Polygon", "coordinates": [ [ [ -94.955413950562047, 39.029760284934561 ], [ -95.158973601368913, 38.944796646200324 ], [ -95.355315978276209, 39.039561008833026 ], [ -95.348553454949254, 39.219642026263053 ], [ -95.144427415260068, 39.304934198887509 ], [ -94.947630935958074, 39.209816176376243 ], [ -94.955413950562047, 39.029760284934561 ] ] ] } },
{ "type": "Feature", "properties": { "hex_id": 176, "area_km2": 745.86367301709379 }, "geometry": { "type": "Polygon", "coordinates": [ [ [ -94.759638109243056, 38.934320554595196 ], [ -94.955413950562047, 39.029760284934561 ], [ -94.947630935958074, 39.209816176376243 ], [ -94.832667264113027, 39.25742002948283 ], [ -94.831472709741163, 39.25627033650386 ], [ -94.827488684020423, 39.249886304697668 ], [ -94.82637400368175, 39.244899689101921 ], [ -94.826353250419871, 39.244806847640234 ], [ -94.825664648723233, 39.241726329823635 ], [ -94.826112635700468, 39.238286339238016 ], [ -94.827792620777572, 39.233998349961617 ], [ -94.834897587284331, 39.223839372879212 ], [ -94.835057574139057, 39.220655381969152 ], [ -94.834966101243822, 39.220481196356516 ], [ -94.83355356084148, 39.217791391548481 ], [ -94.831680551576966, 39.215935398492327 ], [ -94.823792521194918, 39.209871422414395 ], [ -94.820688514225694, 39.208623428486185 ], [ -94.811664500790954, 39.20659144148263 ], [ -94.799664491385528, 39.206015452680575 ], [ -94.78910183306823, 39.207428384049443 ], [ -94.787344488948136, 39.207663458080518 ], [ -94.783839485146501, 39.20715146227726 ], [ -94.781519480708738, 39.206143466833254 ], [ -94.777839470965347, 39.203519476740198 ], [ -94.775539461516971, 39.200599486275287 ], [ -94.771069822148092, 39.191488380234944 ], [ -94.771063659039129, 39.191475817084367 ], [ -94.77093762798556, 39.191218909877499 ], [ -94.770721052671021, 39.190777433284879 ], [ -94.770339430582723, 39.189999518106482 ], [ -94.763139403475847, 39.179900549538722 ], [ -94.752339388259259, 39.173200574016398 ], [ -94.741939375492322, 39.17020060426092 ], [ -94.741926957358885, 39.170198305073185 ], [ -94.73653836903398, 39.169200620743432 ], [ -94.723638358341958, 39.169000654756552 ], [ -94.714138353502648, 39.170400676607557 ], [ -94.696333353948617, 39.178560708652022 ], [ -94.696167207293527, 39.178650942517095 ], [ -94.687237354697245, 39.183500725299524 ], [ -94.680337349823418, 39.184300743379339 ], [ -94.669136335930887, 39.182000778133471 ], [ -94.663836326636911, 39.1791007967512 ], [ -94.659400960377326, 39.174376919704635 ], [ -94.659163314902969, 39.174123815890859 ], [ -94.660316306455954, 39.16804882063726 ], [ -94.661398299045231, 39.162739824757764 ], [ -94.659211289854738, 39.157838836492935 ], [ -94.655788284136705, 39.155677847510354 ], [ -94.65077826929577, 39.154113969048638 ], [ -94.650736278280078, 39.15410086153247 ], [ -94.639780270208163, 39.153704888147935 ], [ -94.62393526308901, 39.156600923712865 ], [ -94.623567188395143, 39.156755424949225 ], [ -94.615835261531601, 39.160000941101117 ], [ -94.608658257509845, 39.161041958271639 ], [ -94.601734250794607, 39.159600976192053 ], [ -94.596034244609797, 39.157700991017812 ], [ -94.590662237741469, 39.154765005080876 ], [ -94.58841423119884, 39.149867011893896 ], [ -94.589899220960163, 39.138977011793436 ], [ -94.592534219248037, 39.135901007105318 ], [ -94.600435215416553, 39.128500993568899 ], [ -94.605735210832876, 39.122201986106575 ], [ -94.608291207022333, 39.117941983530017 ], [ -94.607355201417533, 39.113441987782451 ], [ -94.607332428337216, 39.108918780740261 ], [ -94.607279973072082, 39.098500073786226 ], [ -94.607235716616898, 39.089709819809684 ], [ -94.607235173780211, 39.089602001117512 ], [ -94.607325452947435, 39.082469299692796 ], [ -94.607335164652469, 39.081702005325127 ], [ -94.607335078816163, 39.081688274080506 ], [ -94.607298334224637, 39.075810232520226 ], [ -94.607277343733045, 39.072452378063232 ], [ -94.607276457808197, 39.072310656422701 ], [ -94.60723514611982, 39.06570201426625 ], [ -94.607284874120481, 39.061908881677532 ], [ -94.607344838825952, 39.057334917535577 ], [ -94.607383792570644, 39.054363619004612 ], [ -94.607437912048098, 39.050235514420876 ], [ -94.607487609009979, 39.046444748557974 ], [ -94.607518561380871, 39.04408377533165 ], [ -94.607535159048652, 39.042817744681614 ], [ -94.607561219324623, 39.040829928728513 ], [ -94.607611874382442, 39.036966081054452 ], [ -94.607647831237585, 39.03422337729782 ], [ -94.607647955774141, 39.034213877946605 ], [ -94.607659240720295, 39.03335308895948 ], [ -94.607693067059898, 39.030772895746352 ], [ -94.607724908359216, 39.02834411662873 ], [ -94.60781999169204, 39.021091384043203 ], [ -94.607897672749601, 39.015166055445363 ], [ -94.607897709433942, 39.015163257251508 ], [ -94.607914057351891, 39.013916276407969 ], [ -94.607928991089921, 39.012777165867845 ], [ -94.607993443668704, 39.007860874011648 ], [ -94.608089252514688, 39.00055279883032 ], [ -94.608094153687858, 39.000178948761885 ], [ -94.608094733228057, 39.000134742787864 ], [ -94.608136490823014, 38.996949506541327 ], [ -94.759638109243056, 38.934320554595196 ] ] ] } },
{ "type": "Feature", "properties": { "hex_id": 177, "area_km2": 145.75663474356585 }, "geometry": { "type": "Polygon", "coordinates": [ [ [ -101.982337061663344, 39.452187923780862 ], [ -101.972147499638595, 39.272210517410862 ], [ -102.047954520812794, 39.234608753298097 ], [ -102.048449252200626, 39.303138397099026 ], [ -102.048960239343458, 39.373712316984587 ], [ -102.049101195470911, 39.394062959010391 ], [ -102.049167233733968, 39.403597282696218 ], [ -102.049370230923401, 39.418210265929197 ], [ -102.049369229953555, 39.423333259982705 ], [ -102.049578445037042, 39.4792721201636 ], [ -101.982337061663344, 39.452187923780862 ] ] ] } },
{ "type": "Feature", "properties": { "hex_id": 178, "area_km2": 1039.2304845413266 }, "geometry": { "type": "Polygon", "coordinates": [ [ [ -101.571008160464601, 39.285202608682788 ], [ -101.766776734267538, 39.18887935319993 ], [ -101.972147499638595, 39.272210517410862 ], [ -101.982337061663344, 39.452187923780862 ], [ -101.786129421016881, 39.548867581152514 ], [ -101.580170909855923, 39.465212918660519 ], [ -101.571008160464601, 39.285202608682788 ] ] ] } },
{ "type": "Feature", "properties": { "hex_id": 179, "area_km2": 1039.2304845413266 }, "geometry": { "type": "Polygon", "coordinates": [ [ [ -101.169728296012266, 39.296813214998231 ], [ -101.366076769555448, 39.20116532095647 ], [ -101.571008160464601, 39.285202608682788 ], [ -101.580170909855923, 39.465212918660519 ], [ -101.383374944016495, 39.561215742548377 ], [ -101.177863322100208, 39.47685284123957 ], [ -101.169728296012266, 39.296813214998231 ] ] ] } },
{ "type": "Feature", "properties": { "hex_id": 180, "area_km2": 1039.2304845413262 }, "geometry": { "type": "Polygon", "coordinates": [ [ [ -100.768324576223577, 39.307041620326707 ], [ -100.965245309910259, 39.212071112124427 ], [ -101.169728296012266, 39.296813214998231 ], [ -101.177863322100208, 39.47685284123957 ], [ -100.980486550943368, 39.572176630318246 ], [ -100.775430694512906, 39.487107068348415 ], [ -100.768324576223577, 39.307041620326707 ] ] ] } },
{ "type": "Feature", "properties": { "hex_id": 181, "area_km2": 1039.2304845413257 }, "geometry": { "type": "Polygon", "coordinates": [ [ [ -100.366811928957503, 39.315887265302166 ], [ -100.564297812088157, 39.221596174576369 ], [ -100.768324576223577, 39.307041620326707 ], [ -100.775430694512906, 39.487107068348415 ], [ -100.57748049951978, 39.581749885685333 ], [ -100.372888171725123, 39.495975099265713 ], [ -100.366811928957503, 39.315887265302166 ] ] ] } },
{ "type": "Feature", "properties": { "hex_id": 182, "area_km2": 1039.2304845413257 }, "geometry": { "type": "Polygon", "coordinates": [ [ [ -99.965206302101421, 39.323350021659039 ], [ -100.163249854323709, 39.229740122308378 ], [ -100.366811928957489, 39.315887265302166 ], [ -100.372888171725123, 39.495975099265713 ], [ -100.174372302196275, 39.589935049465581 ], [ -99.970252260270513, 39.503456706683963 ], [ -99.965206302101421, 39.323350021659039 ] ] ] } },
{ "type": "Feature", "properties": { "hex_id": 183, "area_km2": 1039.2304845413269 }, "geometry": { "type": "Polygon", "coordinates": [ [ [ -99.563523201946964, 39.329429017500182 ], [ -99.762116800965799, 39.236502588571312 ], [ -99.965206302101421, 39.323350021659039 ], [ -99.970252260270513, 39.503456706683963 ], [ -99.771178088310805, 39.596731796999691 ], [ -99.567538203918772, 39.509551103502226 ], [ -99.563523201946964, 39.329429017500182 ] ] ] } },
{ "type": "Feature", "properties": { "hex_id": 184, "area_km2": 1039.2304845413275 }, "geometry": { "type": "Polygon", "coordinates": [ [ [ -99.161778598190239, 39.334124060529838 ], [ -99.360914622414413, 39.241882799154915 ], [ -99.563523201946964, 39.329429017500182 ], [ -99.567538203918772, 39.509551103502226 ], [ -99.367913535326579, 39.602139336332378 ], [ -99.164762347521119, 39.51425801279899 ], [ -99.161778598190239, 39.334124060529838 ] ] ] } },
{ "type": "Feature", "properties": { "hex_id": 185, "area_km2": 1039.2304845413275 }, "geometry": { "type": "Polygon", "coordinates": [ [ [ -98.759988157589376, 39.337434627015071 ], [ -98.959658903598324, 39.245880539002627 ], [ -99.161778598190239, 39.334124060529838 ], [ -99.164762347521119, 39.51425801279899 ], [ -98.964594815805341, 39.606157309617039 ], [ -98.761940115200048, 39.517577023445412 ], [ -98.759988157589376, 39.337434627015071 ] ] ] } },
{ "type": "Feature", "properties": { "hex_id": 186, "area_km2": 1039.2304845413275 }, "geometry": { "type": "Polygon", "coordinates": [ [ [ -98.358168104061619, 39.339360991119683 ], [ -98.558365662838753, 39.248495728161814 ], [ -98.759988157589376, 39.337434627015071 ], [ -98.761940115200062, 39.517577023445412 ], [ -98.561237581421224, 39.608785715698886 ], [ -98.359088077652942, 39.519508187640056 ], [ -98.358168104061619, 39.339360991119683 ] ] ] } },
{ "type": "Feature", "properties": { "hex_id": 187, "area_km2": 1039.2304845413275 }, "geometry": { "type": "Polygon", "coordinates": [ [ [ -97.956333738009761, 39.339902857199334 ], [ -98.157050506888339, 39.2497283031297 ], [ -98.358168104061619, 39.339360991119683 ], [ -98.359088077652942, 39.519508187640056 ], [ -98.15785840444255, 39.61002473460681 ], [ -97.956221616410872, 39.520051495165902 ], [ -97.956333738009761, 39.339902857199334 ] ] ] } },
{ "type": "Feature", "properties": { "hex_id": 188, "area_km2": 1039.2304845413275 }, "geometry": { "type": "Polygon", "coordinates": [ [ [ -97.554501224089336, 39.339060075531833 ], [ -97.755729277890751, 39.249578001709551 ], [ -97.956333738009761, 39.339902857199334 ], [ -97.956221616410872, 39.520051495165902 ], [ -97.754472797962535, 39.609873633433075 ], [ -97.553356969494686, 39.51920651333694 ], [ -97.554501224089336, 39.339060075531833 ] ] ] } },
{ "type": "Feature", "properties": { "hex_id": 189, "area_km2": 1039.2304845413275 }, "geometry": { "type": "Polygon", "coordinates": [ [ [ -97.152686165894778, 39.336832988690617 ], [ -97.354417386926656, 39.248044972700264 ], [ -97.554501224089336, 39.339060075531833 ], [ -97.553356969494686, 39.51920651333694 ], [ -97.351096839518618, 39.608332819193741 ], [ -97.150510009390558, 39.516973801307721 ], [ -97.152686165894778, 39.336832988690617 ] ] ] } },
{ "type": "Feature", "properties": { "hex_id": 190, "area_km2": 1039.2304845413275 }, "geometry": { "type": "Polygon", "coordinates": [ [ [ -96.750904602289026, 39.333221260856732 ], [ -96.953131112613661, 39.245129473478677 ], [ -97.152686165894778, 39.336832988690617 ], [ -97.150510009390558, 39.516973801307721 ], [ -96.947746996776232, 39.605402243215003 ], [ -96.747696808367095, 39.513352845861341 ], [ -96.750904602289026, 39.333221260856732 ] ] ] } },
{ "type": "Feature", "properties": { "hex_id": 191, "area_km2": 1039.2304845413257 }, "geometry": { "type": "Polygon", "coordinates": [ [ [ -96.349172295103401, 39.328225452869503 ], [ -96.551885944708971, 39.24083099248957 ], [ -96.750904602289026, 39.333221260856732 ], [ -96.747696808367095, 39.513352845861341 ], [ -96.544438739167632, 39.601082084792239 ], [ -96.344933016784836, 39.508344454002263 ], [ -96.349172295103401, 39.328225452869503 ] ] ] } },
{ "type": "Feature", "properties": { "hex_id": 192, "area_km2": 1039.2304845413241 }, "geometry": { "type": "Polygon", "coordinates": [ [ [ -95.94750480110649, 39.321845391315861 ], [ -96.150697748236112, 39.235150184614419 ], [ -96.349172295103401, 39.328225452869503 ], [ -96.344933016784836, 39.508344454002263 ], [ -96.141188058241653, 39.595372377114899 ], [ -95.942234609513392, 39.501948096895212 ], [ -95.94750480110649, 39.321845391315861 ] ] ] } },
{ "type": "Feature", "properties": { "hex_id": 193, "area_km2": 1039.2304845413241 }, "geometry": { "type": "Polygon", "coordinates": [ [ [ -95.545917652651369, 39.314081481007427 ], [ -95.749582060017744, 39.228087295095065 ], [ -95.94750480110649, 39.321845391315861 ], [ -95.942234609513392, 39.501948096895212 ], [ -95.73801093278945, 39.588273555887277 ], [ -95.539616698289521, 39.494164422146966 ], [ -95.545917652651369, 39.314081481007427 ] ] ] } },
{ "type": "Feature", "properties": { "hex_id": 194, "area_km2": 1039.2304845413241 }, "geometry": { "type": "Polygon", "coordinates": [ [ [ -95.144427415260068, 39.304934198887509 ], [ -95.348553454949254, 39.219642026263053 ], [ -95.545917652651355, 39.314081481007427 ], [ -95.539616698289521, 39.494164422146966 ], [ -95.334922575389172, 39.579785754709214 ], [ -95.13709818452584, 39.484994671239718 ], [ -95.144427415260068, 39.304934198887509 ] ] ] } },
{ "type": "Feature", "properties": { "hex_id": 195, "area_km2": 493.76481265104485 }, "geometry": { "type": "Polygon", "coordinates": [ [ [ -94.947630935958074, 39.209816176376243 ], [ -95.144427415260054, 39.304934198887509 ], [ -95.137098184525826, 39.484994671239718 ], [ -95.072840549397114, 39.511653557419592 ], [ -95.059464252197458, 39.506141123983987 ], [ -95.05638332934447, 39.503970135564586 ], [ -95.052180443346984, 39.499994148479885 ], [ -95.05055545822826, 39.497512148343304 ], [ -95.049848449430257, 39.494413140073263 ], [ -95.048373373263459, 39.480418091793126 ], [ -95.047136355719388, 39.474969076288531 ], [ -95.04571936351924, 39.472457073545002 ], [ -95.040783409067572, 39.466385073985435 ], [ -95.037503448452838, 39.463687079241964 ], [ -95.03341150087978, 39.460874087624767 ], [ -95.02850156894344, 39.458285100504732 ], [ -95.015828749495284, 39.452807136633325 ], [ -95.014926577802598, 39.452598652556524 ], [ -95.000366816932413, 39.449234017033156 ], [ -94.995771944126417, 39.44817219475626 ], [ -94.990175868216468, 39.446190192498335 ], [ -94.982147734578959, 39.440550174156002 ], [ -94.978801661802962, 39.436239155908979 ], [ -94.976609553003854, 39.426699107788586 ], [ -94.97295547426306, 39.421703086110767 ], [ -94.968852035887906, 39.419070980491846 ], [ -94.966069373851838, 39.417286072026712 ], [ -94.954820246603163, 39.413842069184398 ], [ -94.951212198113396, 39.411705062611027 ], [ -94.947867144804434, 39.408602050365666 ], [ -94.946296108211399, 39.405644036408283 ], [ -94.94666506430633, 39.399715003553652 ], [ -94.946230028660366, 39.395645981945769 ], [ -94.945580009404637, 39.393848973019118 ], [ -94.942041948275019, 39.38949695400877 ], [ -94.939699918686486, 39.387947948670892 ], [ -94.938202750138373, 39.387111216193397 ], [ -94.937160888915443, 39.386528944289537 ], [ -94.933654855488427, 39.385543943557515 ], [ -94.923112769946883, 39.384489951772309 ], [ -94.919227745884953, 39.38517196069953 ], [ -94.915861728704897, 39.386345971671695 ], [ -94.909583697832957, 39.388862994006324 ], [ -94.901825662755215, 39.392796026298335 ], [ -94.895124263299337, 39.393547053112123 ], [ -94.894981614209541, 39.393563039816165 ], [ -94.892859197917815, 39.393392382983109 ], [ -94.891847588465581, 39.393311042640363 ], [ -94.888974561379854, 39.392430041584809 ], [ -94.886868566551627, 39.391025877955876 ], [ -94.885028517020743, 39.389799032139933 ], [ -94.882959092418361, 39.386781088991334 ], [ -94.880981456070288, 39.383897004387478 ], [ -94.880231931608463, 39.382078838199533 ], [ -94.879283422826859, 39.379777983464827 ], [ -94.879090400928533, 39.375700960778154 ], [ -94.881362389553601, 39.370380927907519 ], [ -94.885218397298445, 39.366908903442486 ], [ -94.890930419199776, 39.364028879993128 ], [ -94.896834452406964, 39.363132867458027 ], [ -94.899026462435842, 39.362428860740231 ], [ -94.902499472429824, 39.360380844920478 ], [ -94.907299480142143, 39.35673281857428 ], [ -94.909411477525111, 39.354252802154619 ], [ -94.910019470347166, 39.352540791895066 ], [ -94.910166637094051, 39.351548317440368 ], [ -94.910643447249484, 39.348332767776185 ], [ -94.909807377220233, 39.340325680102225 ], [ -94.908700391540705, 39.329724010176108 ], [ -94.908218902993525, 39.325112761733365 ], [ -94.90806727752306, 39.323660633949409 ], [ -94.905985892330634, 39.31475183663845 ], [ -94.905331192389937, 39.31194957204427 ], [ -94.903139148596708, 39.306269542937812 ], [ -94.900866428285909, 39.301794805050719 ], [ -94.90072659863435, 39.301519495692254 ], [ -94.90005110010047, 39.300189512537813 ], [ -94.895219047630832, 39.294205484494746 ], [ -94.889937302845325, 39.289203995841888 ], [ -94.889506462595293, 39.288796016426197 ], [ -94.887057977405306, 39.286477450134491 ], [ -94.882577946796104, 39.283325437261603 ], [ -94.878321922846695, 39.281133429482487 ], [ -94.867569876075663, 39.277838422303908 ], [ -94.857773369343207, 39.274090069318973 ], [ -94.857073830070476, 39.273822410579754 ], [ -94.850620697068422, 39.270615052878398 ], [ -94.846321782215014, 39.268478391324223 ], [ -94.837856741926871, 39.262414365317618 ], [ -94.834902671929214, 39.259571352009445 ], [ -94.832667264113027, 39.25742002948283 ], [ -94.947630935958074, 39.209816176376243 ] ] ] } },
{ "type": "Feature", "properties": { "hex_id": 196, "area_km2": 703.37595174469993 }, "geometry": { "type": "Polygon", "coordinates": [ [ [ -102.002873734550519, 39.812115608981351 ], [ -101.795880494717423, 39.728848706308227 ], [ -101.786129421016881, 39.548867581152514 ], [ -101.982337061663344, 39.452187923780862 ], [ -102.049578445037042, 39.4792721201636 ], [ -102.049679219352853, 39.506183174611976 ], [ -102.04967324014838, 39.536691193371489 ], [ -102.04955424178128, 39.538932194790256 ], [ -102.049764091747477, 39.568180213576149 ], [ -102.049806265501957, 39.57405821633165 ], [ -102.049954277839859, 39.592331227588033 ], [ -102.050422314138217, 39.646048260914299 ], [ -102.050099319664056, 39.653812265576818 ], [ -102.050594334195551, 39.675594279343493 ], [ -102.050899068991185, 39.741794170351916 ], [ -102.051113310038943, 39.788367209250893 ], [ -102.002873734550519, 39.812115608981351 ] ] ] } },
{ "type": "Feature", "properties": { "hex_id": 197, "area_km2": 1039.2304845413264 }, "geometry": { "type": "Polygon", "coordinates": [ [ [ -101.383374944016495, 39.561215742548377 ], [ -101.580170909855923, 39.465212918660519 ], [ -101.786129421016881, 39.548867581152514 ], [ -101.795880494717423, 39.728848706308227 ], [ -101.59863809917438, 39.825206537095504 ], [ -101.392090759017336, 39.74122785241623 ], [ -101.383374944016495, 39.561215742548377 ] ] ] } },
{ "type": "Feature", "properties": { "hex_id": 198, "area_km2": 1039.2304845413262 }, "geometry": { "type": "Polygon", "coordinates": [ [ [ -100.980486550943368, 39.572176630318246 ], [ -101.177863322100208, 39.47685284123957 ], [ -101.383374944016495, 39.561215742548377 ], [ -101.392090759017336, 39.74122785241623 ], [ -101.194258932575408, 39.836905193575816 ], [ -100.988166051712625, 39.752216393382 ], [ -100.980486550943368, 39.572176630318246 ] ] ] } },
{ "type": "Feature", "properties": { "hex_id": 199, "area_km2": 1039.2304845413257 }, "geometry": { "type": "Polygon", "coordinates": [ [ [ -100.57748049951978, 39.581749885685333 ], [ -100.775430694512906, 39.487107068348415 ], [ -100.980486550943368, 39.572176630318246 ], [ -100.988166051712625, 39.752216393382 ], [ -100.789752619780018, 39.847211072564335 ], [ -100.584122805474649, 39.761813739130162 ], [ -100.57748049951978, 39.581749885685333 ] ] ] } },
{ "type": "Feature", "properties": { "hex_id": 200, "area_km2": 1039.2304845413257 }, "geometry": { "type": "Polygon", "coordinates": [ [ [ -100.174372302196275, 39.589935049465581 ], [ -100.372888171725123, 39.495975099265713 ], [ -100.57748049951978, 39.581749885685333 ], [ -100.584122805474649, 39.761813739130162 ], [ -100.38513507339394, 39.856123810568377 ], [ -100.179976683325819, 39.770019561473681 ], [ -100.174372302196275, 39.589935049465581 ] ] ] } },
{ "type": "Feature", "properties": { "hex_id": 201, "area_km2": 1039.2304845413257 }, "geometry": { "type": "Polygon", "coordinates": [ [ [ -99.771178088310805, 39.596731796999691 ], [ -99.970252260270513, 39.503456706683963 ], [ -100.174372302196275, 39.589935049465581 ], [ -100.179976683325819, 39.770019561473681 ], [ -99.980422537230197, 39.863643352221828 ], [ -99.775743843192146, 39.776833518837122 ], [ -99.771178088310805, 39.596731796999691 ] ] ] } },
{ "type": "Feature", "properties": { "hex_id": 202, "area_km2": 1039.2304845413266 }, "geometry": { "type": "Polygon", "coordinates": [ [ [ -99.367913535326579, 39.602139336332378 ], [ -99.567538203918772, 39.509551103502226 ], [ -99.771178088310805, 39.596731796999691 ], [ -99.775743843192146, 39.776833518837122 ], [ -99.575630713134075, 39.869768844853162 ], [ -99.371440125059209, 39.78225485481682 ], [ -99.367913535326579, 39.602139336332378 ] ] ] } },
{ "type": "Feature", "properties": { "hex_id": 203, "area_km2": 1039.2304845413275 }, "geometry": { "type": "Polygon", "coordinates": [ [ [ -98.964594815805341, 39.606157309617039 ], [ -99.164762347521119, 39.51425801279899 ], [ -99.367913535326579, 39.602139336332378 ], [ -99.371440125059209, 39.78225485481682 ], [ -99.170776144851033, 39.874499669169055 ], [ -98.967081952262888, 39.786282945428027 ], [ -98.964594815805341, 39.606157309617039 ] ] ] } },
{ "type": "Feature", "properties": { "hex_id": 204, "area_km2": 1039.2304845413275 }, "geometry": { "type": "Polygon", "coordinates": [ [ [ -98.561237581421224, 39.608785715698886 ], [ -98.761940115200062, 39.517577023445412 ], [ -98.964594815805341, 39.606157309617039 ], [ -98.967081952262888, 39.786282945428027 ], [ -98.76587458809486, 39.877835085749133 ], [ -98.562684817841998, 39.788917958028122 ], [ -98.561237581421224, 39.608785715698886 ] ] ] } },
{ "type": "Feature", "properties": { "hex_id": 205, "area_km2": 1039.2304845413275 }, "geometry": { "type": "Polygon", "coordinates": [ [ [ -98.15785840444255, 39.61002473460681 ], [ -98.359088077652942, 39.519508187640056 ], [ -98.561237581421224, 39.608785715698886 ], [ -98.562684817841998, 39.788917958028122 ], [ -98.360942319481779, 39.879776470954603 ], [ -98.158265382219, 39.790160321842805 ], [ -98.15785840444255, 39.61002473460681 ] ] ] } },
{ "type": "Feature", "properties": { "hex_id": 206, "area_km2": 1039.2304845413275 }, "geometry": { "type": "Polygon", "coordinates": [ [ [ -97.754472797962535, 39.609873633433075 ], [ -97.956221616410872, 39.520051495165902 ], [ -98.15785840444255, 39.61002473460681 ], [ -98.158265382219, 39.790160321842805 ], [ -97.955995469215551, 39.880322617038608 ], [ -97.753839503968578, 39.790008799271249 ], [ -97.754472797962535, 39.609873633433075 ] ] ] } },
{ "type": "Feature", "properties": { "hex_id": 207, "area_km2": 1039.2304845413275 }, "geometry": { "type": "Polygon", "coordinates": [ [ [ -97.351096839518618, 39.608332819193741 ], [ -97.553356969494686, 39.51920651333694 ], [ -97.754472797962535, 39.609873633433075 ], [ -97.753839503968578, 39.790008799271249 ], [ -97.551050509802849, 39.879473361227603 ], [ -97.349423679257498, 39.788464009646084 ], [ -97.351096839518618, 39.608332819193741 ] ] ] } },
{ "type": "Feature", "properties": { "hex_id": 208, "area_km2": 1039.2304845413275 }, "geometry": { "type": "Polygon", "coordinates": [ [ [ -96.947746996776232, 39.605402243215003 ], [ -97.150510009390558, 39.516973801307721 ], [ -97.351096839518618, 39.608332819193741 ], [ -97.349423679257498, 39.788464009646084 ], [ -97.146123721216881, 39.87722902493892 ], [ -96.945033934461563, 39.785525926560382 ], [ -96.947746996776232, 39.605402243215003 ] ] ] } },
{ "type": "Feature", "properties": { "hex_id": 209, "area_km2": 1039.2304845413257 }, "geometry": { "type": "Polygon", "coordinates": [ [ [ -96.544438739167632, 39.601082084792239 ], [ -96.747696808367095, 39.513352845861341 ], [ -96.947746996776232, 39.605402243215003 ], [ -96.945033934461563, 39.785525926560382 ], [ -96.741231361517052, 39.873589726083857 ], [ -96.540686394195475, 39.781194769267032 ], [ -96.544438739167632, 39.601082084792239 ] ] ] } },
{ "type": "Feature", "properties": { "hex_id": 210, "area_km2": 1039.2304845413241 }, "geometry": { "type": "Polygon", "coordinates": [ [ [ -96.141188058241653, 39.595372377114899 ], [ -96.344933016784836, 39.508344454002263 ], [ -96.544438739167632, 39.601082084792239 ], [ -96.540686394195475, 39.781194769267032 ], [ -96.336388818502684, 39.868555686590327 ], [ -96.136396395254565, 39.775470587976777 ], [ -96.141188058241653, 39.595372377114899 ] ] ] } },
{ "type": "Feature", "properties": { "hex_id": 211, "area_km2": 1039.2304845413241 }, "geometry": { "type": "Polygon", "coordinates": [ [ [ -95.73801093278945, 39.588273555887277 ], [ -95.942234609513392, 39.501948096895212 ], [ -96.141188058241653, 39.595372377114899 ], [ -96.136396395254565, 39.775470587976777 ], [ -95.931612574883346, 39.862127090332599 ], [ -95.732180692407667, 39.768353889146795 ], [ -95.73801093278945, 39.588273555887277 ] ] ] } },
{ "type": "Feature", "properties": { "hex_id": 212, "area_km2": 1039.2304845413241 }, "geometry": { "type": "Polygon", "coordinates": [ [ [ -95.334922575389172, 39.579785754709214 ], [ -95.539616698289521, 39.494164422146966 ], [ -95.73801093278945, 39.588273555887277 ], [ -95.732180692407667, 39.768353889146795 ], [ -95.526918697382044, 39.854304605790453 ], [ -95.32805546255608, 39.759845434977393 ], [ -95.334922575389172, 39.579785754709214 ] ] ] } },
{ "type": "Feature", "properties": { "hex_id": 213, "area_km2": 834.34074755938445 }, "geometry": { "type": "Polygon", "coordinates": [ [ [ -95.13709818452584, 39.484994671239718 ], [ -95.334922575389172, 39.579785754709214 ], [ -95.32805546255608, 39.759845434977393 ], [ -95.122324692407531, 39.845089377031407 ], [ -94.924037571887979, 39.749946109607357 ], [ -94.924808050700875, 39.732442677085629 ], [ -94.930006750924861, 39.735369075245757 ], [ -94.939222728049685, 39.7415770845721 ], [ -94.944742720182404, 39.744376088420992 ], [ -94.9486610467563, 39.74557174428476 ], [ -94.94872772084662, 39.745592089519128 ], [ -94.95263172850936, 39.74596008880826 ], [ -94.955287738392599, 39.745688087162364 ], [ -94.960087776116211, 39.743064079340257 ], [ -94.963709657678166, 39.740295076871249 ], [ -94.965319829117945, 39.739064068059285 ], [ -94.97042391173278, 39.732120049806277 ], [ -94.971207941597129, 39.729304042911949 ], [ -94.971080000736009, 39.723145028685494 ], [ -94.96845514178429, 39.707400993694911 ], [ -94.968550497922266, 39.704792391625659 ], [ -94.968983282636572, 39.692952960023469 ], [ -94.969911324721735, 39.689048950381924 ], [ -94.971319357319416, 39.686408943304301 ], [ -94.976327432632829, 39.681368928033962 ], [ -94.981559487907873, 39.67863291781098 ], [ -94.984151509885379, 39.67784891405627 ], [ -94.991835182899621, 39.676803515383327 ], [ -94.991995929566983, 39.676781645067919 ], [ -94.993559574469927, 39.676568904065135 ], [ -95.001381598947049, 39.676477893689473 ], [ -95.00902554074078, 39.675763861919712 ], [ -95.015312501244097, 39.674260833264576 ], [ -95.018320488328484, 39.6728678176637 ], [ -95.021515680648164, 39.670636198606537 ], [ -95.024597473020194, 39.668483780702225 ], [ -95.027646472273872, 39.665452759985207 ], [ -95.037466484330764, 39.65290368361115 ], [ -95.039051494808376, 39.649637667361574 ], [ -95.039969170065589, 39.648759324138574 ], [ -95.044556478551755, 39.644368628194243 ], [ -95.049520473465975, 39.637874586935801 ], [ -95.053369484387858, 39.630345546653189 ], [ -95.054927503967804, 39.624993522938574 ], [ -95.055154524757384, 39.621655511455685 ], [ -95.054304755822727, 39.61860098715497 ], [ -95.053392552817982, 39.615322040054515 ], [ -95.053014606387876, 39.61396349736647 ], [ -95.047913729618941, 39.606286497829601 ], [ -95.046447784931885, 39.601604490646274 ], [ -95.046363801743709, 39.599555484852793 ], [ -95.047167824360386, 39.595115467481996 ], [ -95.04927983581527, 39.589581440197705 ], [ -95.054806806037647, 39.582486390559517 ], [ -95.056899788064314, 39.580565373928749 ], [ -95.059521758218153, 39.579130356050975 ], [ -95.064521695273612, 39.577113324041271 ], [ -95.069317627294097, 39.576216296535584 ], [ -95.072162584122196, 39.576120281625307 ], [ -95.076690510895162, 39.576762260576807 ], [ -95.089517294069537, 39.581026210005511 ], [ -95.095738202222719, 39.580616176979291 ], [ -95.097068178339541, 39.580249123637685 ], [ -95.099097155354485, 39.57968915653673 ], [ -95.103230100010123, 39.577781128431113 ], [ -95.106408060521744, 39.575250102699215 ], [ -95.107456049268777, 39.573841092009189 ], [ -95.112893684333514, 39.559615827217222 ], [ -95.113079007740609, 39.559131006643838 ], [ -95.113559015809116, 39.553938984157632 ], [ -95.109306126922462, 39.54228296298087 ], [ -95.10659819124713, 39.537654960608101 ], [ -95.106315330711993, 39.537326170260002 ], [ -95.102890274369287, 39.533344965368357 ], [ -95.096818747406289, 39.527916018405655 ], [ -95.092706501542793, 39.524238990224617 ], [ -95.082716729359134, 39.51671002164953 ], [ -95.077443849220074, 39.513550041738434 ], [ -95.072840549397114, 39.511653557419592 ], [ -95.13709818452584, 39.484994671239718 ] ] ] } },
{ "type": "Feature", "properties": { "hex_id": 214, "area_km2": 20.064944229560638 }, "geometry": { "type": "Polygon", "coordinates": [ [ [ -94.924037571887979, 39.749946109607357 ], [ -94.868980367756706, 39.77257405804739 ], [ -94.867144443370023, 39.771693158609217 ], [ -94.865244440534184, 39.770093157208201 ], [ -94.863144438391672, 39.767293154258425 ], [ -94.86074443679081, 39.763093149516493 ], [ -94.859444442935157, 39.753693137287101 ], [ -94.860372451598906, 39.74952913111062 ], [ -94.860501398255124, 39.749201454916111 ], [ -94.860573684745816, 39.749017762198477 ], [ -94.860574573298067, 39.749015504230542 ], [ -94.860643299272013, 39.748840859415871 ], [ -94.860646856667458, 39.748831819447048 ], [ -94.862944494286893, 39.742993118528318 ], [ -94.870144563652332, 39.734593100369388 ], [ -94.87564460594561, 39.730493090357697 ], [ -94.881388124755262, 39.727992978270436 ], [ -94.88414465811428, 39.726793079409774 ], [ -94.891745697528535, 39.724893072061604 ], [ -94.898349377299581, 39.72415002579816 ], [ -94.899317730728555, 39.724041066638165 ], [ -94.902613741608207, 39.724201065306822 ], [ -94.910069757134082, 39.725785064776296 ], [ -94.918325763689381, 39.728793066904657 ], [ -94.924808050700875, 39.732442677085629 ], [ -94.924037571887979, 39.749946109607357 ] ] ] } },
{ "type": "Feature", "properties": { "hex_id": 215, "area_km2": 82.438733009138176 }, "geometry": { "type": "Polygon", "coordinates": [ [ [ -102.013221393514868, 39.99206199758401 ], [ -102.002873734550519, 39.812115608981351 ], [ -102.051113310038943, 39.788367209250893 ], [ -102.051254338877953, 39.818992210613764 ], [ -102.051318329419303, 39.833311186685272 ], [ -102.051363322723759, 39.843471169709446 ], [ -102.051569318718478, 39.849805159383479 ], [ -102.051580361333862, 39.85948234583222 ], [ -102.051715909857833, 39.978269956075032 ], [ -102.051744218550922, 40.003077913224161 ], [ -102.040819405375331, 40.003088828275494 ], [ -102.013221393514868, 39.99206199758401 ] ] ] } },
{ "type": "Feature", "properties": { "hex_id": 216, "area_km2": 880.71491247077859 }, "geometry": { "type": "Polygon", "coordinates": [ [ [ -101.59863809917438, 39.825206537095504 ], [ -101.795880494717423, 39.728848706308227 ], [ -102.002873734550519, 39.812115608981351 ], [ -102.013221393514868, 39.99206199758401 ], [ -101.990668361457551, 40.003125962343219 ], [ -101.91669602984139, 40.003141967062206 ], [ -101.904176025413946, 40.003161989581834 ], [ -101.86174070692779, 40.002908062533763 ], [ -101.841025003303898, 40.002784102692402 ], [ -101.832161000105671, 40.002933118763153 ], [ -101.812806124407928, 40.002826390908822 ], [ -101.807686991541004, 40.002798162673677 ], [ -101.804861990568384, 40.002752167724637 ], [ -101.783414580780658, 40.00273628279038 ], [ -101.748481025068088, 40.002710405441839 ], [ -101.627070759594815, 40.002620166441496 ], [ -101.625808757360744, 40.002711165469577 ], [ -101.60781385980772, 40.00268994327957 ], [ -101.59863809917438, 39.825206537095504 ] ] ] } },
{ "type": "Feature", "properties": { "hex_id": 217, "area_km2": 832.87990075876462 }, "geometry": { "type": "Polygon", "coordinates": [ [ [ -101.194258932575408, 39.836905193575816 ], [ -101.392090759017336, 39.74122785241623 ], [ -101.59863809917438, 39.825206537095504 ], [ -101.60781385980772, 40.00268994327957 ], [ -101.597805754413514, 40.002676950225336 ], [ -101.579637037069801, 40.002654750921643 ], [ -101.542272613566709, 40.002609097490399 ], [ -101.53131069856569, 40.002592873260795 ], [ -101.417208397739117, 40.002424017179806 ], [ -101.411041937092264, 40.002364524818219 ], [ -101.409952385266664, 40.002354013113965 ], [ -101.374325323466138, 40.002520993538262 ], [ -101.342858268963539, 40.002579976175667 ], [ -101.324035236244953, 40.002695965841021 ], [ -101.293990184461748, 40.00255894913213 ], [ -101.286554171599391, 40.002558945019253 ], [ -101.248672106726943, 40.00254292248637 ], [ -101.215032064435803, 40.002554864060812 ], [ -101.21026211178318, 40.002541474661292 ], [ -101.201857861475844, 40.002518227702204 ], [ -101.194258932575408, 39.836905193575816 ] ] ] } },
{ "type": "Feature", "properties": { "hex_id": 218, "area_km2": 789.41762598662774 }, "geometry": { "type": "Polygon", "coordinates": [ [ [ -100.789752619780018, 39.847211072564335 ], [ -100.988166051712625, 39.752216393382 ], [ -101.194258932575408, 39.836905193575816 ], [ -101.201857861475844, 40.002518227702204 ], [ -101.192218035875939, 40.002490824403303 ], [ -101.186891027712974, 40.002481681328817 ], [ -101.178804019060323, 40.002467801094767 ], [ -101.168703006232889, 40.002546783584364 ], [ -101.13090595894981, 40.002426717889726 ], [ -101.098028036554169, 40.002370769772 ], [ -101.060315870481261, 40.002306595266063 ], [ -101.02768482958453, 40.002255538593332 ], [ -100.98484290475885, 40.00220277158288 ], [ -100.962266635287321, 40.002174959420174 ], [ -100.937425818579086, 40.002144357517395 ], [ -100.871046099865751, 40.002202569151116 ], [ -100.795966085254221, 40.002280250275149 ], [ -100.789752619780018, 39.847211072564335 ] ] ] } },
{ "type": "Feature", "properties": { "hex_id": 219, "area_km2": 751.11487553371592 }, "geometry": { "type": "Polygon", "coordinates": [ [ [ -100.38513507339394, 39.856123810568377 ], [ -100.584122805474649, 39.761813739130162 ], [ -100.789752619780018, 39.847211072564335 ], [ -100.795966085254221, 40.002280250275149 ], [ -100.758828885457717, 40.002300977918381 ], [ -100.752181888365229, 40.002126963812103 ], [ -100.749621174800581, 40.002146210804106 ], [ -100.738824734667702, 40.002227358787316 ], [ -100.73329488955342, 40.002268922096327 ], [ -100.729902890041316, 40.002109914592467 ], [ -100.721126890485323, 40.002067895128988 ], [ -100.702720059475396, 40.002148429647342 ], [ -100.693158631477246, 40.002190263300932 ], [ -100.683433891703146, 40.002232811484348 ], [ -100.664859029394336, 40.002175136578913 ], [ -100.660228892782541, 40.0021607600153 ], [ -100.645915902423596, 40.001890635334149 ], [ -100.645443893803133, 40.001881727260198 ], [ -100.626832806447865, 40.001891305186064 ], [ -100.6267687184463, 40.001891338167965 ], [ -100.608503854941731, 40.001900737914596 ], [ -100.600943895497807, 40.001904628537822 ], [ -100.598703819974375, 40.001930325788599 ], [ -100.594755895661848, 40.00197561479775 ], [ -100.567236896821896, 40.001887553765542 ], [ -100.551884897416215, 40.001887519708802 ], [ -100.551778926381417, 40.001887392270035 ], [ -100.532914961507657, 40.001864706828876 ], [ -100.514414838308809, 40.001842458936956 ], [ -100.511063899015909, 40.001838429161943 ], [ -100.487157901032191, 40.00176541102249 ], [ -100.477016902276503, 40.001750416072653 ], [ -100.475852902414189, 40.001766416649374 ], [ -100.46877190329252, 40.001722420180577 ], [ -100.462369103914355, 40.001743371652758 ], [ -100.457548292930383, 40.001759146485504 ], [ -100.447070905926211, 40.001793430972725 ], [ -100.439079906909001, 40.001772434952649 ], [ -100.420009633469434, 40.001786065791876 ], [ -100.402449839301752, 40.00179861698831 ], [ -100.390125405798429, 40.001807428544907 ], [ -100.38513507339394, 39.856123810568377 ] ] ] } },
{ "type": "Feature", "properties": { "hex_id": 220, "area_km2": 718.09269390960583 }, "geometry": { "type": "Polygon", "coordinates": [ [ [ -99.980422537230197, 39.863643352221828 ], [ -100.179976683325819, 39.770019561473681 ], [ -100.38513507339394, 39.856123810568377 ], [ -100.390125405798429, 40.001807428544907 ], [ -100.390078912892605, 40.001807459343468 ], [ -100.307188155878507, 40.001710183941256 ], [ -100.290113847233954, 40.001690146597952 ], [ -100.231650948054408, 40.001621534093502 ], [ -100.22947795017204, 40.001691534710496 ], [ -100.215404963994118, 40.001627538577274 ], [ -100.196957982137576, 40.001492543635209 ], [ -100.19358898541887, 40.0015715445833 ], [ -100.190321988620724, 40.001584545487752 ], [ -100.188179990738391, 40.001539546068415 ], [ -100.177822000885129, 40.001591548938308 ], [ -100.177793884148741, 40.001591535406462 ], [ -100.145889067082805, 40.0015761804693 ], [ -100.137249073234202, 40.001572022270942 ], [ -100.131522553600732, 40.001569266249867 ], [ -100.127209095530191, 40.001567190297656 ], [ -100.099188107868372, 40.001553704544627 ], [ -100.080714120658328, 40.001544813508126 ], [ -100.04297419776816, 40.0015266502919 ], [ -100.033416197812883, 40.001522050282084 ], [ -99.990925183690436, 40.001501607617001 ], [ -99.986610187550497, 40.001548612203443 ], [ -99.984345003398971, 40.001564367369049 ], [ -99.980422537230197, 39.863643352221828 ] ] ] } },
{ "type": "Feature", "properties": { "hex_id": 221, "area_km2": 691.97018845749437 }, "geometry": { "type": "Polygon", "coordinates": [ [ [ -99.575630713134075, 39.869768844853162 ], [ -99.775743843192146, 39.776833518837122 ], [ -99.980422537230197, 39.863643352221828 ], [ -99.984345003398971, 40.001564367369049 ], [ -99.957698212101249, 40.001746433391745 ], [ -99.948166222104334, 40.001811653071968 ], [ -99.944416225708551, 40.001582656985256 ], [ -99.930432238426761, 40.001514671801765 ], [ -99.906657259947664, 40.001510697025225 ], [ -99.854600481878037, 40.001448232899541 ], [ -99.850080212260721, 40.001442808923201 ], [ -99.832214808461842, 40.001421371809371 ], [ -99.813400344434683, 40.00139879589365 ], [ -99.775639378426732, 40.001645836138252 ], [ -99.772120381499334, 40.001802839997445 ], [ -99.764213388837547, 40.001549848187295 ], [ -99.756834395662679, 40.001340855842585 ], [ -99.746627402218195, 40.001818863671808 ], [ -99.741159753052457, 40.001821473098552 ], [ -99.731958405269197, 40.001825864426415 ], [ -99.719638407845082, 40.001806865043292 ], [ -99.6283454268561, 40.001864869714055 ], [ -99.628253968972075, 40.0018648310636 ], [ -99.625979427349463, 40.001863869834217 ], [ -99.625323436367452, 40.001864720308468 ], [ -99.609351729521507, 40.00188542718486 ], [ -99.581248554892298, 40.001921862162213 ], [ -99.578620958088379, 40.001925946821501 ], [ -99.575630713134075, 39.869768844853162 ] ] ] } },
{ "type": "Feature", "properties": { "hex_id": 222, "area_km2": 672.30968289059717 }, "geometry": { "type": "Polygon", "coordinates": [ [ [ -99.170776144851033, 39.874499669169055 ], [ -99.371440125059209, 39.78225485481682 ], [ -99.575630713134075, 39.869768844853162 ], [ -99.578620958088379, 40.001925946821501 ], [ -99.517850548982693, 40.002004055842846 ], [ -99.515338506852046, 40.002007312631171 ], [ -99.501791453392315, 40.002024875983537 ], [ -99.498998454697798, 40.001955876191865 ], [ -99.497659455984532, 40.001910876305267 ], [ -99.493464460164489, 40.001935876498372 ], [ -99.480727472792125, 40.001940877153942 ], [ -99.441022551484792, 40.002168705161395 ], [ -99.423610325757409, 40.002268617027319 ], [ -99.423564529681741, 40.002268879806564 ], [ -99.414064535384895, 40.001919155229075 ], [ -99.412644540215283, 40.001866880754235 ], [ -99.404652964303722, 40.001954083978738 ], [ -99.403388549458541, 40.001967881138796 ], [ -99.385054097293121, 40.001964628011429 ], [ -99.366773567725446, 40.001961384451619 ], [ -99.291845702914244, 40.001948089813858 ], [ -99.29090966055594, 40.001947923729539 ], [ -99.290702661122566, 40.001947887001116 ], [ -99.286655665161021, 40.002015887149952 ], [ -99.282966668761446, 40.001877887464971 ], [ -99.254011697526678, 40.002072888793151 ], [ -99.250369701097227, 40.001955889085551 ], [ -99.235274958186878, 40.001982087420117 ], [ -99.216596688406113, 40.002014505271433 ], [ -99.216375741402089, 40.002014888745272 ], [ -99.197804252065225, 40.002031696252502 ], [ -99.197591763704196, 40.002031888557966 ], [ -99.188904774016564, 40.002021888487711 ], [ -99.186961776322022, 40.001975888512547 ], [ -99.179157785588529, 40.001975888441422 ], [ -99.17913378561704, 40.001975888441201 ], [ -99.178964785817712, 40.001975888439652 ], [ -99.172918679058341, 40.001941603903219 ], [ -99.170776144851033, 39.874499669169055 ] ] ] } },
{ "type": "Feature", "properties": { "hex_id": 223, "area_km2": 657.67753558266452 }, "geometry": { "type": "Polygon", "coordinates": [ [ [ -98.765874588094846, 39.877835085749133 ], [ -98.967081952262888, 39.786282945428027 ], [ -99.170776144851033, 39.874499669169055 ], [ -99.172918679058341, 40.001941603903219 ], [ -99.169815796684048, 40.001923888405038 ], [ -99.123032852180458, 40.00216388774772 ], [ -99.113509863470838, 40.002191887632378 ], [ -99.085596896613524, 40.002131887433592 ], [ -99.067021888860097, 40.002169174478702 ], [ -99.0661055747061, 40.002171013866665 ], [ -99.020337973956003, 40.002262886695902 ], [ -99.01870097584505, 40.002331886608964 ], [ -98.992135004010166, 40.002190865383099 ], [ -98.972287018781543, 40.002243811838142 ], [ -98.971721019184798, 40.002266810292525 ], [ -98.961009027140435, 40.002315781384674 ], [ -98.960919027245922, 40.002269781179479 ], [ -98.95388569865041, 40.002251995176728 ], [ -98.952644159502384, 40.002248855550945 ], [ -98.934792046803835, 40.002203710812545 ], [ -98.879575014913954, 40.00229051277865 ], [ -98.842505136562295, 40.002348787192346 ], [ -98.834456121578029, 40.002361440370088 ], [ -98.820590131963513, 40.002317403008014 ], [ -98.777203164322245, 40.002357286109536 ], [ -98.774941166028285, 40.002334280007247 ], [ -98.767243759114223, 40.002317461793709 ], [ -98.765874588094846, 39.877835085749133 ] ] ] } },
{ "type": "Feature", "properties": { "hex_id": 224, "area_km2": 648.00524087658778 }, "geometry": { "type": "Polygon", "coordinates": [ [ [ -98.360942319481779, 39.879776470954603 ], [ -98.562684817841998, 39.788917958028122 ], [ -98.76587458809486, 39.877835085749133 ], [ -98.767243759114237, 40.002317461793709 ], [ -98.729272740326152, 40.002227200574332 ], [ -98.726373584186618, 40.002220407916241 ], [ -98.72629516742407, 40.002220224187518 ], [ -98.710404155841033, 40.002178231838805 ], [ -98.693096143130816, 40.002371240266328 ], [ -98.691443141880796, 40.002503241113594 ], [ -98.690287141024754, 40.002546241687035 ], [ -98.672819128348706, 40.002362250042815 ], [ -98.669724126083253, 40.002408251551188 ], [ -98.653833114512267, 40.002267259170672 ], [ -98.652494113536704, 40.002243259809362 ], [ -98.640710104937511, 40.002491265566391 ], [ -98.616414086627699, 40.002407451324601 ], [ -98.61375508528846, 40.002398278538926 ], [ -98.593342070435, 40.002474288398176 ], [ -98.575219057236268, 40.002478297136136 ], [ -98.560578046455376, 40.002272304166155 ], [ -98.543186033770453, 40.002283312558667 ], [ -98.523053019121363, 40.002334322275608 ], [ -98.504454990532722, 40.002326896615557 ], [ -98.499647067156005, 40.002324977165514 ], [ -98.490533011814733, 40.002321343760194 ], [ -98.415156002258641, 40.002388615950132 ], [ -98.391854117307147, 40.002409412318279 ], [ -98.361578162161251, 40.00244769000092 ], [ -98.360942319481779, 39.879776470954603 ] ] ] } },
{ "type": "Feature", "properties": { "hex_id": 225, "area_km2": 643.22481809944406 }, "geometry": { "type": "Polygon", "coordinates": [ [ [ -97.955995469215551, 39.880322617038608 ], [ -98.158265382219, 39.790160321842805 ], [ -98.360942319481779, 39.879776470954603 ], [ -98.361578162161251, 40.00244769000092 ], [ -98.274015229593189, 40.002514580597058 ], [ -98.268218235413357, 40.00248858696817 ], [ -98.25000825368673, 40.002305607117741 ], [ -98.193483208169681, 40.002612606968547 ], [ -98.179315196699903, 40.002481607197566 ], [ -98.17226919099943, 40.002436607286143 ], [ -98.156844273073332, 40.002443748972929 ], [ -98.142031166608675, 40.002450607392724 ], [ -98.099659132297717, 40.002225607883219 ], [ -98.087237924416584, 40.002264514491713 ], [ -98.076034113268946, 40.002299607881028 ], [ -98.068701107384342, 40.002353607835168 ], [ -98.050057092284504, 40.002276608025994 ], [ -98.047686987194865, 40.002192354106633 ], [ -98.04746909013123, 40.00218460817095 ], [ -98.042768091108883, 40.002189869908428 ], [ -98.014412063466594, 40.002221608261763 ], [ -98.010157059975356, 40.002151608384878 ], [ -98.010142176041327, 40.002151593097658 ], [ -97.988439402283049, 40.002129302872902 ], [ -97.972186046583332, 40.002112609920353 ], [ -97.955918548799957, 40.00208848881168 ], [ -97.955995469215551, 39.880322617038608 ] ] ] } },
{ "type": "Feature", "properties": { "hex_id": 226, "area_km2": 642.41236516230731 }, "geometry": { "type": "Polygon", "coordinates": [ [ [ -97.551050509802849, 39.879473361227603 ], [ -97.753839503968578, 39.790008799271249 ], [ -97.955995469215551, 39.880322617038608 ], [ -97.955918548799957, 40.00208848881168 ], [ -97.931825585055577, 40.002048635111706 ], [ -97.931811039041861, 40.002048612055049 ], [ -97.876261028786459, 40.002100614862464 ], [ -97.87057569478209, 40.002089432482101 ], [ -97.857450025264853, 40.002063615836263 ], [ -97.840264051539208, 40.001923937342198 ], [ -97.838379021585794, 40.001908616814291 ], [ -97.832833488792929, 40.001939680792326 ], [ -97.821598018559584, 40.002002617658292 ], [ -97.821495974990142, 40.002000456519895 ], [ -97.819426018113944, 40.001956617761422 ], [ -97.81926174372191, 40.00195742998956 ], [ -97.777155010471887, 40.002165619987153 ], [ -97.771063226535119, 40.001984175034245 ], [ -97.770776009107124, 40.001975620207602 ], [ -97.769204008832801, 40.001993620297334 ], [ -97.767746008561417, 40.001992620370189 ], [ -97.764940059629339, 40.001991586778985 ], [ -97.707017593950354, 40.001970251328466 ], [ -97.670662075344268, 40.001956860087304 ], [ -97.669236878915797, 40.001956335128106 ], [ -97.623370061431842, 40.001939440453775 ], [ -97.614030057300212, 40.001936000134322 ], [ -97.593724905619084, 40.001928520882018 ], [ -97.550261081746797, 40.001918962277799 ], [ -97.551050509802849, 39.879473361227603 ] ] ] } },
{ "type": "Feature", "properties": { "hex_id": 227, "area_km2": 647.6001594220844 }, "geometry": { "type": "Polygon", "coordinates": [ [ [ -97.146123721216881, 39.87722902493892 ], [ -97.349423679257498, 39.788464009646084 ], [ -97.551050509802849, 39.879473361227603 ], [ -97.550261081746797, 40.001918962277799 ], [ -97.515308017713096, 40.001899636545353 ], [ -97.511381017919462, 40.001897636791263 ], [ -97.510264017871535, 40.001833636511002 ], [ -97.500569825977536, 40.001877383924587 ], [ -97.497287766745117, 40.001892194017103 ], [ -97.481364889024277, 40.001964043971171 ], [ -97.463285058451234, 40.002045626824007 ], [ -97.444662078454741, 40.001956620586412 ], [ -97.435136175110358, 40.002001226363554 ], [ -97.425443099340967, 40.002046614914534 ], [ -97.417826107543505, 40.002022612432917 ], [ -97.415833109671084, 40.001999611727996 ], [ -97.406849166541434, 40.002010951836382 ], [ -97.369199278650711, 40.002058475875629 ], [ -97.369198670317274, 40.002058476643519 ], [ -97.36910316022616, 40.002058597202186 ], [ -97.350896179806881, 40.001928591249431 ], [ -97.350272180513414, 40.001974591130093 ], [ -97.256540077101349, 40.001561652842938 ], [ -97.255926364454453, 40.001558949129013 ], [ -97.245169293746059, 40.001511556152934 ], [ -97.245080293834818, 40.001465556127833 ], [ -97.202310336716323, 40.001440519703564 ], [ -97.20019033884428, 40.001547517782235 ], [ -97.181775357307956, 40.001548502087964 ], [ -97.144600074903138, 40.001496549656665 ], [ -97.146123721216881, 39.87722902493892 ] ] ] } },
{ "type": "Feature", "properties": { "hex_id": 228, "area_km2": 657.62221860790555 }, "geometry": { "type": "Polygon", "coordinates": [ [ [ -96.741231361517052, 39.873589726083857 ], [ -96.945033934461563, 39.785525926560382 ], [ -97.146123721216881, 39.87722902493892 ], [ -97.144600074903138, 40.001496549656665 ], [ -97.144156606559378, 40.00149585906901 ], [ -97.142448396736782, 40.001493468630144 ], [ -97.141892403687422, 40.001532176532379 ], [ -97.137866401343373, 40.001812464398448 ], [ -97.049663489754707, 40.001321389720459 ], [ -97.030947135732291, 40.001340229056076 ], [ -97.03080350866469, 40.001340373626917 ], [ -97.029467803608853, 40.001347841770269 ], [ -97.01309265526551, 40.001439397879082 ], [ -97.010838444861847, 40.001452001535014 ], [ -97.009165530367625, 40.001461355071257 ], [ -96.981118547886538, 40.001474303342093 ], [ -96.930674688609756, 40.00149760387098 ], [ -96.921225708907883, 40.0015019684501 ], [ -96.918454483194381, 40.001503248507277 ], [ -96.916407723443086, 40.001504193926316 ], [ -96.916093726519804, 40.001504338964672 ], [ -96.880459805943147, 40.001446335514899 ], [ -96.878253810851305, 40.001464335280374 ], [ -96.875057817981073, 40.001446334983505 ], [ -96.873812820754566, 40.001448334859084 ], [ -96.805768972442479, 40.001369298894495 ], [ -96.803189090884587, 40.001366302247078 ], [ -96.738922995263977, 40.001303759482347 ], [ -96.741231361517052, 39.873589726083857 ] ] ] } },
{ "type": "Feature", "properties": { "hex_id": 229, "area_km2": 672.58430842912458 }, "geometry": { "type": "Polygon", "coordinates": [ [ [ -96.336388818502684, 39.868555686590327 ], [ -96.540686394195475, 39.781194769267032 ], [ -96.741231361517052, 39.873589726083857 ], [ -96.738922995263977, 40.001303759482347 ], [ -96.694565274691541, 40.001240131102037 ], [ -96.69340881432521, 40.001238787827504 ], [ -96.689922265196401, 40.001234738062607 ], [ -96.67106731378675, 40.001212837291519 ], [ -96.664504312014046, 40.001205214106456 ], [ -96.661688324037442, 40.001201943225666 ], [ -96.633583321035999, 40.001169298163354 ], [ -96.622402206343779, 40.001156310862733 ], [ -96.6144644169853, 40.000973870177717 ], [ -96.610350216919457, 40.000879310167967 ], [ -96.604885221595481, 40.000889309639049 ], [ -96.601325247249775, 40.000900419402413 ], [ -96.596551019254036, 40.000915318538325 ], [ -96.586804221924112, 40.000945735780505 ], [ -96.581789241578605, 40.000961386240512 ], [ -96.580853242132321, 40.000964307253305 ], [ -96.576757222827069, 40.00101551730404 ], [ -96.570855250597234, 40.001089306088097 ], [ -96.563822256683324, 40.001022716443458 ], [ -96.557946627257294, 40.000967084935958 ], [ -96.55786426183866, 40.000966305085555 ], [ -96.550643462062055, 40.000921571126305 ], [ -96.538978278126308, 40.000849303533215 ], [ -96.529783278045983, 40.000988785071883 ], [ -96.527112288150022, 40.001029302065724 ], [ -96.52034131635962, 40.001021602572933 ], [ -96.501388336662501, 40.001000050524084 ], [ -96.469946258519329, 40.000964270525579 ], [ -96.467537254245187, 40.001033268055146 ], [ -96.46371420273195, 40.000966537828802 ], [ -96.463712818963714, 40.000966513675507 ], [ -96.463641247416007, 40.000965264415427 ], [ -96.354779021613723, 40.000733865559354 ], [ -96.35184187617034, 40.000727622325286 ], [ -96.350708509289873, 40.000725213226019 ], [ -96.341790312158921, 40.000706256590469 ], [ -96.333232144033815, 40.000689107374846 ], [ -96.336388818502684, 39.868555686590327 ] ] ] } },
{ "type": "Feature", "properties": { "hex_id": 230, "area_km2": 693.15130485364466 }, "geometry": { "type": "Polygon", "coordinates": [ [ [ -95.931612574883346, 39.862127090332599 ], [ -96.136396395254565, 39.775470587976777 ], [ -96.336388818502684, 39.868555686590327 ], [ -96.333232144033815, 40.000689107374846 ], [ -96.304555966852533, 40.000627110770303 ], [ -96.301066960700027, 40.00063010738188 ], [ -96.239208759830973, 40.000689022371375 ], [ -96.239172878253157, 40.000689056571233 ], [ -96.237164319508423, 40.000694034185628 ], [ -96.22383988900846, 40.000727054817418 ], [ -96.220171891550464, 40.000718054419274 ], [ -96.199342549507136, 40.000646833671148 ], [ -96.172626256802374, 40.000555483956333 ], [ -96.154399643804965, 40.000493162585535 ], [ -96.154365937135154, 40.000493047334025 ], [ -96.154246937160124, 40.000448047370242 ], [ -96.147167942142019, 40.000477046547637 ], [ -96.12611921322106, 40.0004304455206 ], [ -96.125937956917042, 40.000430044226569 ], [ -96.125788957060891, 40.0004650441725 ], [ -96.123897524748386, 40.000467775497988 ], [ -96.08978198226157, 40.000517040096604 ], [ -96.081395988191773, 40.000601039074581 ], [ -96.051692009008605, 40.000725035638268 ], [ -96.024091028244541, 40.000717032570499 ], [ -96.014711385969207, 40.000660384430766 ], [ -96.010679037554141, 40.000636031152347 ], [ -95.972951136467827, 40.000552017068159 ], [ -95.958140052093711, 40.000519036201176 ], [ -95.927502405929729, 40.000501749622572 ], [ -95.931612574883346, 39.862127090332599 ] ] ] } },
{ "type": "Feature", "properties": { "hex_id": 231, "area_km2": 719.72058166394982 }, "geometry": { "type": "Polygon", "coordinates": [ [ [ -95.526918697382044, 39.854304605790453 ], [ -95.732180692407667, 39.768353889146795 ], [ -95.931612574883331, 39.862127090332599 ], [ -95.927502405929729, 40.000501749622572 ], [ -95.901575528552669, 40.000480893462345 ], [ -95.897401145379973, 40.000478078580606 ], [ -95.882581672537725, 40.000468085471518 ], [ -95.882525064978196, 40.000468047299712 ], [ -95.822120083190015, 40.000456550424438 ], [ -95.7881124907708, 40.00045007775983 ], [ -95.788025081101793, 40.000450061123118 ], [ -95.784576081693089, 40.000461061626211 ], [ -95.784499403436243, 40.000460974902843 ], [ -95.673002967965289, 40.000334948636592 ], [ -95.671368924799481, 40.000333102153718 ], [ -95.658696479244455, 40.000318782181232 ], [ -95.56537672376966, 40.000213330054642 ], [ -95.565356875673061, 40.00021330762614 ], [ -95.558156688209323, 40.000205171352356 ], [ -95.521737784947618, 40.000172986909334 ], [ -95.526918697382044, 39.854304605790453 ] ] ] } },
{ "type": "Feature", "properties": { "hex_id": 232, "area_km2": 626.47021298125253 }, "geometry": { "type": "Polygon", "coordinates": [ [ [ -95.122324692407531, 39.845089377031407 ], [ -95.32805546255608, 39.759845434977393 ], [ -95.526918697382044, 39.854304605790453 ], [ -95.521737784947618, 40.000172986909334 ], [ -95.463740809971682, 40.000098542130232 ], [ -95.463070470828654, 40.000097785778927 ], [ -95.462998124983216, 40.000097704150278 ], [ -95.455283812073404, 40.000089000002568 ], [ -95.455242671885983, 40.000088953583663 ], [ -95.452047051212531, 40.000085347928326 ], [ -95.438599897949373, 40.000070175352413 ], [ -95.438506739690993, 40.000070070240859 ], [ -95.436011444696064, 40.000067254771245 ], [ -95.435991728887728, 40.000067232525716 ], [ -95.426400688340479, 40.000056410846426 ], [ -95.426118552859677, 40.000056092509773 ], [ -95.421318670207867, 40.000050676748245 ], [ -95.421307577775877, 40.000050664232546 ], [ -95.414786485819732, 40.00004330641157 ], [ -95.414714701944732, 40.000043225417066 ], [ -95.375257588957254, 39.999998705520461 ], [ -95.368644589759413, 39.999998537279545 ], [ -95.339896598662449, 39.999997805903739 ], [ -95.326449602366679, 39.999997418619877 ], [ -95.308290607337554, 39.999996895626786 ], [ -95.308307949875754, 39.99904765785238 ], [ -95.308404612218183, 39.993756878059756 ], [ -95.307780614902725, 39.990616871135529 ], [ -95.307111616328655, 39.989112868852381 ], [ -95.302507621892275, 39.984355868527487 ], [ -95.289715632943853, 39.977704885426739 ], [ -95.274757645156797, 39.972113910774077 ], [ -95.269886650343494, 39.969394916319985 ], [ -95.261854664108355, 39.960616912773823 ], [ -95.257652673017034, 39.954884907404811 ], [ -95.25025468491225, 39.948642908931518 ], [ -95.241383710878594, 39.944947912890491 ], [ -95.236761723636135, 39.943929917588633 ], [ -95.231114737859741, 39.943782926507879 ], [ -95.220212764068549, 39.944431946315348 ], [ -95.216440774097819, 39.943951951234332 ], [ -95.213737781863841, 39.943204953689587 ], [ -95.204428811238955, 39.93894795793932 ], [ -95.201277826173524, 39.934192950872472 ], [ -95.200690836595911, 39.928153936177708 ], [ -95.202010841612349, 39.922436918927076 ], [ -95.205745842425955, 39.915167893020673 ], [ -95.20632684530014, 39.912119883893496 ], [ -95.206196849359301, 39.909555877369534 ], [ -95.205733852458877, 39.908273874867653 ], [ -95.201935868870976, 39.90405187108702 ], [ -95.199347877878708, 39.902707872613028 ], [ -95.193816895965639, 39.900688878217331 ], [ -95.189565908686902, 39.89995788470204 ], [ -95.181380878768621, 39.900041273252995 ], [ -95.179453936143844, 39.900060904817323 ], [ -95.172296952471683, 39.902024923583177 ], [ -95.159834977897816, 39.906982959338727 ], [ -95.156024987706829, 39.907241967224671 ], [ -95.153186181626708, 39.90666457774406 ], [ -95.149658007124671, 39.905946976503074 ], [ -95.146056019994433, 39.90418197951859 ], [ -95.143803030168456, 39.901916978899067 ], [ -95.142564040626866, 39.897990972722127 ], [ -95.14244604559542, 39.895418967327934 ], [ -95.143404053872942, 39.889354952105947 ], [ -95.142719062040797, 39.885887945910326 ], [ -95.140602075621061, 39.881686941142711 ], [ -95.137093091692776, 39.878349941314696 ], [ -95.134748101154642, 39.876850943081806 ], [ -95.133950177915409, 39.876525153553061 ], [ -95.128167125052641, 39.874163951478714 ], [ -95.121189807408811, 39.872596521417051 ], [ -95.122324692407531, 39.845089377031407 ] ] ] } },
{ "type": "Feature", "properties": { "hex_id": 233, "area_km2": 173.3261233086572 }, "geometry": { "type": "Polygon", "coordinates": [ [ [ -94.924037571887979, 39.749946109607357 ], [ -95.122324692407531, 39.845089377031407 ], [ -95.121189807408811, 39.872596521417051 ], [ -95.105913199120224, 39.869162989610608 ], [ -95.090159257523752, 39.863139013043742 ], [ -95.085004275345781, 39.861882022275474 ], [ -95.081535285917425, 39.861717029735537 ], [ -95.052536365217833, 39.86437309867393 ], [ -95.042143394661949, 39.86480412234566 ], [ -95.037768405711802, 39.865541133095029 ], [ -95.032054415644239, 39.868336149641884 ], [ -95.027932419836077, 39.87152116304712 ], [ -95.025423414310339, 39.876710175532786 ], [ -95.02512040994776, 39.878832179057085 ], [ -95.025948388120142, 39.886746188091216 ], [ -95.025241382827957, 39.889699193555444 ], [ -95.024390381493617, 39.891201197319099 ], [ -95.021898836531719, 39.893923989112857 ], [ -95.018744381766425, 39.897371216852797 ], [ -95.013153390585401, 39.899952231220787 ], [ -95.00844140181178, 39.900595241273201 ], [ -95.003820414921705, 39.900400250094165 ], [ -94.99341167697213, 39.897792495501911 ], [ -94.99028542490197, 39.897009258965006 ], [ -94.986976422577541, 39.89666926039051 ], [ -94.977750411846486, 39.897471266461842 ], [ -94.963346390158321, 39.901135278931392 ], [ -94.959277385320277, 39.90167028186287 ], [ -94.951541380680098, 39.900532284780084 ], [ -94.943868378380657, 39.898129286060318 ], [ -94.934494378392515, 39.893365285256877 ], [ -94.929575381791494, 39.888753282114948 ], [ -94.927898384736395, 39.8861112796735 ], [ -94.927360387963759, 39.883965277239433 ], [ -94.927253394421072, 39.880257272588743 ], [ -94.928467402808067, 39.876343266978211 ], [ -94.931464413194391, 39.87260126066473 ], [ -94.938792432999151, 39.866953249741229 ], [ -94.940744440438181, 39.864409245546497 ], [ -94.942408449157412, 39.861065240510335 ], [ -94.942568458074177, 39.856601234846174 ], [ -94.939768463060048, 39.851929230395761 ], [ -94.937656464011326, 39.849785228751557 ], [ -94.926151461712678, 39.84132122368343 ], [ -94.916919455595874, 39.836137221502931 ], [ -94.909943446773681, 39.834425222623707 ], [ -94.903158436299719, 39.833849225100835 ], [ -94.892678417992883, 39.834377230769121 ], [ -94.889494413143353, 39.834025231819204 ], [ -94.886934410071888, 39.833097231809987 ], [ -94.881014405287004, 39.828921229071142 ], [ -94.878678404159146, 39.826521226972744 ], [ -94.877045404601674, 39.823753224044815 ], [ -94.876590360128276, 39.820877322809167 ], [ -94.876545407475788, 39.820593220063358 ], [ -94.875945415038728, 39.813293210601366 ], [ -94.876345423425732, 39.806893201888478 ], [ -94.88066255377322, 39.797901403147833 ], [ -94.880933444418659, 39.797337187178456 ], [ -94.884085454993979, 39.794233181717232 ], [ -94.890293471743021, 39.791625175645471 ], [ -94.89296647824716, 39.79109717382444 ], [ -94.925606551319916, 39.789753158363048 ], [ -94.929655562805124, 39.788281154799243 ], [ -94.932727573231475, 39.786281150989893 ], [ -94.935207584617345, 39.783129145989001 ], [ -94.93578359382046, 39.778905140433658 ], [ -94.935303598861978, 39.77560913647666 ], [ -94.934263600072256, 39.773641134413083 ], [ -94.931185331009203, 39.770606276825049 ], [ -94.929654597349185, 39.76909713049843 ], [ -94.926230593663618, 39.766489128532143 ], [ -94.916790579735206, 39.760937125097193 ], [ -94.912294571006854, 39.75933712476067 ], [ -94.906245555581208, 39.759417127172995 ], [ -94.899157534984695, 39.76125713227983 ], [ -94.895269522486785, 39.763209136329571 ], [ -94.895042521725898, 39.763349136600681 ], [ -94.8940725184858, 39.763945137757233 ], [ -94.89392051797843, 39.764039137939399 ], [ -94.893725517328832, 39.764159138172346 ], [ -94.893647517069141, 39.764207138265562 ], [ -94.883925485377901, 39.770185149949214 ], [ -94.881461478110765, 39.771257152345484 ], [ -94.881423478019798, 39.771257152360555 ], [ -94.871159757112963, 39.772990742470178 ], [ -94.87114545145549, 39.772993158762205 ], [ -94.86964544800648, 39.772893159226108 ], [ -94.868980367756706, 39.77257405804739 ], [ -94.924037571887979, 39.749946109607357 ] ] ] } },
{ "type": "Feature", "properties": { "hex_id": 234, "area_km2": 2.627297212318251 }, "geometry": { "type": "Polygon", "coordinates": [ [ [ -102.013221393514868, 39.99206199758401 ], [ -102.040819405375331, 40.003088828275494 ], [ -101.990668361457551, 40.003125962343219 ], [ -102.013221393514868, 39.99206199758401 ] ] ] } }
]
}
