{
"type": "FeatureCollection",
"name": "ms_hexgrid_40km",
"crs": { "type": "name", "properties": { "name": "urn:ogc:def:crs:OGC:1.3:CRS84" } },
"features": [
{ "type": "Feature", "properties": { "hex_id": 0, "area_km2": 179.21115372277248 }, "geometry": { "type": "Polygon", "coordinates": [ [ [ -89.475565691424521, 30.265618501122976 ], [ -89.475771233516255, 30.19157413245663 ], [ -89.475825034618566, 30.19155834804338 ], [ -89.480215033284708, 30.193748347602824 ], [ -89.486657938685141, 30.191162554718304 ], [ -89.490735856375053, 30.187952740644217 ], [ -89.492683774383565, 30.183677930087324 ], [ -89.497708716647992, 30.182254060749486 ], [ -89.50525568843284, 30.184007115324583 ], [ -89.515175620699409, 30.184486253205748 ], [ -89.52270754892146, 30.183213404103007 ], [ -89.526482516811441, 30.188680475591333 ], [ -89.52809250743158, 30.188974492622542 ], [ -89.530452522972041, 30.192195446291947 ], [ -89.533352528279664, 30.194795420939538 ], [ -89.538652503566709, 30.195795457589227 ], [ -89.541453483717149, 30.195395493284398 ], [ -89.546953435918979, 30.193095583646087 ], [ -89.549053414086131, 30.191595626160986 ], [ -89.550853386975007, 30.189195681667339 ], [ -89.554653348354094, 30.18579575121878 ], [ -89.562253311333578, 30.182395790364598 ], [ -89.570154297550729, 30.18029576815902 ], [ -89.574454313225033, 30.181695704834706 ], [ -89.580754410160026, 30.186195389224004 ], [ -89.585754468619101, 30.192094215676629 ], [ -89.587354497358433, 30.195194132592071 ], [ -89.588854542451827, 30.20029400240772 ], [ -89.592315393304872, 30.205395659702809 ], [ -89.595643805499947, 30.210302085832417 ], [ -89.596655648878865, 30.211793648848321 ], [ -89.601255687412674, 30.216093502614417 ], [ -89.607655700962127, 30.217093435922923 ], [ -89.610655710010292, 30.218093393045532 ], [ -89.612556720785662, 30.219493348460652 ], [ -89.615856745789287, 30.223192243080625 ], [ -89.616956783880084, 30.225591974017522 ], [ -89.617056794310358, 30.227491928535528 ], [ -89.6158568370751, 30.235291759713856 ], [ -89.614761708424155, 30.239063869836045 ], [ -89.614056871672474, 30.241491644715317 ], [ -89.614156889441531, 30.244591604903192 ], [ -89.616156897061657, 30.247391577115479 ], [ -89.616508307604548, 30.247505672197125 ], [ -89.623856887955611, 30.249891604277021 ], [ -89.626922877827539, 30.251741697290893 ], [ -89.631789877918678, 30.256920692822057 ], [ -89.632225883227449, 30.26013367053444 ], [ -89.631215889608001, 30.261700646290606 ], [ -89.630649892183769, 30.262080636904681 ], [ -89.626197906648784, 30.262332587380115 ], [ -89.625305912066977, 30.263528567495833 ], [ -89.625892915295395, 30.26590955309192 ], [ -89.629608905657506, 30.26730558292542 ], [ -89.630859901370897, 30.267324597306455 ], [ -89.632316898321434, 30.26860060536843 ], [ -89.632369902498226, 30.271507586002453 ], [ -89.630520909045401, 30.276558633889767 ], [ -89.631411907842974, 30.279658623584286 ], [ -89.632589589748733, 30.280672771509629 ], [ -89.637647877398337, 30.285028674982303 ], [ -89.638504872962599, 30.288118670393491 ], [ -89.643440843434533, 30.287678760421787 ], [ -89.647178818857896, 30.289363828131066 ], [ -89.647399817819348, 30.291290824171273 ], [ -89.645324834641272, 30.292552769540116 ], [ -89.640434861755054, 30.295499657949954 ], [ -89.641634655484197, 30.303330940464388 ], [ -89.641635728686921, 30.303337945475164 ], [ -89.641705852528872, 30.303795630010477 ], [ -89.640401851989949, 30.3067515875629 ], [ -89.639872853815888, 30.307277573039748 ], [ -89.634208877271561, 30.308252454652081 ], [ -89.63164387920483, 30.30932840068121 ], [ -89.626221879765453, 30.314251268508233 ], [ -89.626606875122917, 30.315453263244926 ], [ -89.629877853293053, 30.321013269217492 ], [ -89.630399814423612, 30.33292904693392 ], [ -89.629727795079432, 30.339283004317039 ], [ -89.636299834744662, 30.343966162622152 ], [ -89.645199844535014, 30.348122408574746 ], [ -89.645592992141573, 30.351120892624323 ], [ -89.475565691424521, 30.265618501122976 ] ] ] } },
{ "type": "Feature", "properties": { "hex_id": 1, "area_km2": 98.822917143457616 }, "geometry": { "type": "MultiPolygon", "coordinates": [ [ [ [ -89.226339998791914, 30.32054233302507 ], [ -89.240001877453238, 30.316021147649568 ], [ -89.245076872476488, 30.312793180495483 ], [ -89.245315873939902, 30.310953187019152 ], [ -89.249833869522675, 30.310663206252062 ], [ -89.252011866893298, 30.311751210724335 ], [ -89.27183486844153, 30.305487287433891 ], [ -89.279293323179417, 30.304203729552732 ], [ -89.285137854288095, 30.303197932734363 ], [ -89.285745895980369, 30.30309329360691 ], [ -89.291445892561484, 30.303292300210863 ], [ -89.293041887037248, 30.305579909090476 ], [ -89.29444586828464, 30.307592295798962 ], [ -89.293044560871536, 30.309044866359045 ], [ -89.290127872022637, 30.312068265017963 ], [ -89.2903726463624, 30.314351377106959 ], [ -89.290703814621963, 30.31744033023698 ], [ -89.291845792148891, 30.328092218985894 ], [ -89.287845793344559, 30.333192189117725 ], [ -89.287774779959335, 30.333178438531661 ], [ -89.285062162580203, 30.332653184606006 ], [ -89.282329142544498, 30.332123980635682 ], [ -89.281565807696921, 30.331976173629386 ], [ -89.272776796420843, 30.334020159792672 ], [ -89.268735784098283, 30.340584133955314 ], [ -89.269066963629072, 30.340951537192375 ], [ -89.270232825110085, 30.342244917738398 ], [ -89.271069307841884, 30.34317290631305 ], [ -89.226339998791914, 30.32054233302507 ] ] ], [ [ [ -89.475565691424521, 30.265618501122976 ], [ -89.332198143830155, 30.336937979693463 ], [ -89.330833681872633, 30.333216319252504 ], [ -89.329617692856758, 30.32635934255326 ], [ -89.326276701317425, 30.325151345388427 ], [ -89.322441424629915, 30.319433513709928 ], [ -89.322346729327151, 30.319292336938361 ], [ -89.322546750206513, 30.314892340636533 ], [ -89.325876931258549, 30.309492851311635 ], [ -89.326005359015937, 30.309284619727293 ], [ -89.329690065855672, 30.303310281192072 ], [ -89.329947812417998, 30.30289237246069 ], [ -89.343579832548954, 30.294490296085065 ], [ -89.3440948179624, 30.294314326607811 ], [ -89.345131820870478, 30.293959984558054 ], [ -89.358935832376588, 30.289243142713946 ], [ -89.358949215253091, 30.289234806339373 ], [ -89.362107264963228, 30.287267614010535 ], [ -89.365422331653974, 30.28520261290911 ], [ -89.367660227061549, 30.283808596583505 ], [ -89.367694824517699, 30.283787045344418 ], [ -89.372269601130299, 30.27852293396711 ], [ -89.375628679813204, 30.274657693542039 ], [ -89.377092827554193, 30.272972939300317 ], [ -89.379873381055233, 30.271220841100593 ], [ -89.387025796669761, 30.266713932263706 ], [ -89.394547773891503, 30.263571932493434 ], [ -89.400077755578053, 30.262606931263655 ], [ -89.411548781133689, 30.258680496049166 ], [ -89.414214709079005, 30.257767973286477 ], [ -89.419349691228021, 30.254316008428965 ], [ -89.424625667258624, 30.245387083486339 ], [ -89.424494659143548, 30.239088126223248 ], [ -89.42375404321119, 30.238668630929013 ], [ -89.42173166762052, 30.237523129012562 ], [ -89.420137669424975, 30.234476144611161 ], [ -89.420750658511693, 30.22942517852951 ], [ -89.429800780929597, 30.224537883914596 ], [ -89.436546698605127, 30.216489027433145 ], [ -89.449420469371503, 30.203951449959042 ], [ -89.449049365530698, 30.197348652875458 ], [ -89.446845244444702, 30.190487887474863 ], [ -89.447994146324277, 30.186506073320174 ], [ -89.455853979402264, 30.181669390240881 ], [ -89.458107866319125, 30.177811607874048 ], [ -89.46284477652479, 30.175369787411501 ], [ -89.466047769876411, 30.175712807992607 ], [ -89.466372798161814, 30.176870754286949 ], [ -89.462919850626349, 30.178196645498048 ], [ -89.459829986291425, 30.182921380355552 ], [ -89.460781135709539, 30.18990709198923 ], [ -89.46814915417292, 30.193810058008065 ], [ -89.475771233516255, 30.19157413245663 ], [ -89.475565691424521, 30.265618501122976 ] ] ], [ [ [ -89.115787186253556, 30.224614371956733 ], [ -89.132579916713297, 30.227583293145585 ], [ -89.131125976633641, 30.231036206918525 ], [ -89.115748920326354, 30.230576950135507 ], [ -89.115787186253556, 30.224614371956733 ] ] ] ] } },
{ "type": "Feature", "properties": { "hex_id": 2, "area_km2": 8.9955404116232227 }, "geometry": { "type": "MultiPolygon", "coordinates": [ [ [ [ -89.11574892032634, 30.230576950135507 ], [ -89.09836488101962, 30.230055575018088 ], [ -89.077997212099874, 30.229446000761005 ], [ -89.07234418575878, 30.238673875382052 ], [ -89.068262228204262, 30.247153777562357 ], [ -89.065715225654074, 30.245685799577078 ], [ -89.068613179494363, 30.235847915838498 ], [ -89.074617123567691, 30.225831060216098 ], [ -89.078862227104835, 30.220106083930382 ], [ -89.085073120725227, 30.213218242489319 ], [ -89.087661101425624, 30.213129257019297 ], [ -89.088386114208035, 30.214650227561766 ], [ -89.092009104712744, 30.215991216374896 ], [ -89.098514470573306, 30.215414949337532 ], [ -89.104121000620296, 30.214918308158083 ], [ -89.108054956985953, 30.214113353305727 ], [ -89.110434950433387, 30.215007347063743 ], [ -89.110124993175333, 30.217780277567947 ], [ -89.11053905449053, 30.2226111708658 ], [ -89.114576048273818, 30.224400155328187 ], [ -89.115787186253556, 30.224614371956733 ], [ -89.11574892032634, 30.230576950135507 ] ] ], [ [ [ -88.75575777747575, 30.23946380531882 ], [ -88.764438777684447, 30.241409367742929 ], [ -88.764526788933068, 30.243746345047764 ], [ -88.755701336396939, 30.245070130938977 ], [ -88.75575777747575, 30.23946380531882 ] ] ], [ [ [ -88.975645716949032, 30.208331638992647 ], [ -88.979452740910901, 30.209326686837507 ], [ -88.980409753029548, 30.210511695834153 ], [ -88.978407752674968, 30.211520667112481 ], [ -88.971537644884194, 30.212963477456405 ], [ -88.961128592350917, 30.212843342492366 ], [ -88.953926562002508, 30.21358425412777 ], [ -88.951883545182255, 30.212776232622055 ], [ -88.95324753548519, 30.210743255144322 ], [ -88.959509548715403, 30.208447339832411 ], [ -88.975645716949032, 30.208331638992647 ] ] ], [ [ [ -88.902754520352104, 30.227861043699345 ], [ -88.903809531930492, 30.228465055985911 ], [ -88.90389954312343, 30.229517059166465 ], [ -88.891447534861484, 30.236132924721961 ], [ -88.881435526214005, 30.243863787821386 ], [ -88.874226348421857, 30.248086552629637 ], [ -88.872773334126478, 30.247761533572319 ], [ -88.872880325721198, 30.246415540161571 ], [ -88.88125949321909, 30.239813793447517 ], [ -88.89798851549817, 30.22987399665206 ], [ -88.902754520352104, 30.227861043699345 ] ] ] ] } },
{ "type": "Feature", "properties": { "hex_id": 3, "area_km2": 18.137142199167588 }, "geometry": { "type": "MultiPolygon", "coordinates": [ [ [ [ -88.574469774710963, 30.350841489435648 ], [ -88.562775010002781, 30.344843704647026 ], [ -88.563537809573361, 30.344888228227543 ], [ -88.57981636484223, 30.345839194745274 ], [ -88.580140615241504, 30.348069350061397 ], [ -88.574469774710963, 30.350841489435648 ] ] ], [ [ [ -88.755701336396939, 30.245070130938977 ], [ -88.747102841362064, 30.246359265125417 ], [ -88.730220847213303, 30.246070202004752 ], [ -88.721260821646879, 30.251316137124153 ], [ -88.715304814932423, 30.25225709721413 ], [ -88.688310760741373, 30.243791975275013 ], [ -88.678953742765373, 30.242317899219373 ], [ -88.667846850325077, 30.238121162192943 ], [ -88.65680667655532, 30.233949698860279 ], [ -88.646706901336728, 30.232692039331006 ], [ -88.640013680327328, 30.231858579637532 ], [ -88.597435776072558, 30.225932366438617 ], [ -88.595504787848583, 30.224166395001362 ], [ -88.597333783012999, 30.221614434286717 ], [ -88.63374568117753, 30.226335595962574 ], [ -88.646775066300094, 30.227681919129076 ], [ -88.665645671493152, 30.229631832982111 ], [ -88.668084482797056, 30.230129949084841 ], [ -88.687022736040063, 30.233998060349318 ], [ -88.714943796861704, 30.243715173693605 ], [ -88.735465822758854, 30.239340290883558 ], [ -88.752784797484111, 30.238797359978012 ], [ -88.75575777747575, 30.23946380531882 ], [ -88.755701336396939, 30.245070130938977 ] ] ], [ [ [ -88.416379070205494, 30.208600880483889 ], [ -88.413089018703545, 30.206336897131539 ], [ -88.414414052449459, 30.203635891559941 ], [ -88.448866861417699, 30.197438496480046 ], [ -88.453656902665287, 30.196576862232316 ], [ -88.49352587935806, 30.205937963494094 ], [ -88.50275487516123, 30.210498978170115 ], [ -88.506569869379092, 30.214050976922643 ], [ -88.505024866084554, 30.215733964587525 ], [ -88.491640877189027, 30.209561939441681 ], [ -88.476109878552961, 30.205785898618988 ], [ -88.453446904400593, 30.201228837997682 ], [ -88.449132656163385, 30.201659854751668 ], [ -88.442656781354216, 30.20230683341633 ], [ -88.430334562203271, 30.208540842643714 ], [ -88.416379070205494, 30.208600880483889 ] ] ], [ [ [ -88.569702367310143, 30.33906316746631 ], [ -88.569027372326673, 30.337005165808428 ], [ -88.568397382636974, 30.333471162225241 ], [ -88.568228386580401, 30.332192160732479 ], [ -88.568674391429781, 30.331121159381464 ], [ -88.570573397675815, 30.330690159121836 ], [ -88.572481407874861, 30.328980158091731 ], [ -88.57951140778296, 30.329859191055739 ], [ -88.582570409850049, 30.331335195108156 ], [ -88.584527402384907, 30.335613197955016 ], [ -88.584344397865337, 30.337202197838671 ], [ -88.583717394467996, 30.337982197252181 ], [ -88.582296389446896, 30.338676196018426 ], [ -88.581040387366556, 30.338364194950188 ], [ -88.578935381961202, 30.338527193459697 ], [ -88.575336375404618, 30.33775419115614 ], [ -88.570994364500535, 30.341026168666851 ], [ -88.569775362555916, 30.340550168647194 ], [ -88.569702367310143, 30.33906316746631 ] ] ] ] } },
{ "type": "Feature", "properties": { "hex_id": 4, "area_km2": 150.56176476371834 }, "geometry": { "type": "MultiPolygon", "coordinates": [ [ [ [ -89.655328121949736, 30.536530165486056 ], [ -89.655502282830952, 30.356144008299054 ], [ -89.65719184623957, 30.356511776641348 ], [ -89.66027483866273, 30.363483897048415 ], [ -89.662204821914997, 30.371263999492374 ], [ -89.670134707983834, 30.382426505411523 ], [ -89.671072868353477, 30.384870846371804 ], [ -89.67276269282236, 30.389273609386159 ], [ -89.679153624449597, 30.399989106459056 ], [ -89.681540905425152, 30.403086917528267 ], [ -89.683686610946907, 30.405871249312487 ], [ -89.684118611907323, 30.412644264672704 ], [ -89.682320618366504, 30.412989211112773 ], [ -89.681165622416955, 30.411490176609515 ], [ -89.680134626204492, 30.411398144447059 ], [ -89.678514633503696, 30.414010088943424 ], [ -89.680515552324465, 30.42892225085815 ], [ -89.681946545873501, 30.434071268493369 ], [ -89.683521534772325, 30.434957323042696 ], [ -89.68481653113875, 30.439509320200315 ], [ -89.682829560088734, 30.445808145414723 ], [ -89.683410576041013, 30.451791049552359 ], [ -89.689780031036634, 30.459276061238349 ], [ -89.69010256257981, 30.459655077754345 ], [ -89.694562049240517, 30.462450620310431 ], [ -89.695342207580978, 30.462939678895001 ], [ -89.695864552479605, 30.463267121153223 ], [ -89.698396440303654, 30.464054664212149 ], [ -89.701799539585522, 30.465113186256961 ], [ -89.705538587705433, 30.472347958832422 ], [ -89.709551779762137, 30.477850185553933 ], [ -89.710164782114489, 30.478305173757573 ], [ -89.712493768459296, 30.477507239467958 ], [ -89.715886762679403, 30.477794268637421 ], [ -89.71965279783565, 30.483163089838236 ], [ -89.721181831972359, 30.488604908700676 ], [ -89.721435842052415, 30.488848627964206 ], [ -89.724614842877401, 30.491898843651764 ], [ -89.724638843155375, 30.491909098290453 ], [ -89.726154844689887, 30.492556890595562 ], [ -89.734615833811674, 30.494719933186392 ], [ -89.742396825753062, 30.497312955049626 ], [ -89.742816829440699, 30.498700928407612 ], [ -89.746435832885425, 30.502615883971767 ], [ -89.752931817521457, 30.502489951006741 ], [ -89.758133812828845, 30.50540094490227 ], [ -89.758575811989502, 30.505938940032195 ], [ -89.758862826891644, 30.513058822749795 ], [ -89.760570828498331, 30.515757796836986 ], [ -89.768133810829326, 30.515016873123063 ], [ -89.769996821071956, 30.521892787631973 ], [ -89.7707448391009, 30.527815711626562 ], [ -89.77164384320146, 30.530245684763919 ], [ -89.775355868009285, 30.538844556424156 ], [ -89.779565873028019, 30.544341516913043 ], [ -89.780246872929297, 30.544603516886653 ], [ -89.783994869088815, 30.544071536099384 ], [ -89.788542865886527, 30.544460551989786 ], [ -89.791046864640876, 30.545042558309305 ], [ -89.793818862891271, 30.545931564432703 ], [ -89.799693859825524, 30.547061586201128 ], [ -89.803919860312135, 30.549345591406212 ], [ -89.80298686367297, 30.55094357225682 ], [ -89.797981864681574, 30.549114558349686 ], [ -89.793989866676867, 30.548279544192749 ], [ -89.791960869282448, 30.548784529648913 ], [ -89.791664874692771, 30.551520505272133 ], [ -89.794532879338107, 30.556550483288138 ], [ -89.80278987468607, 30.557899520069114 ], [ -89.803831875121389, 30.558884520191405 ], [ -89.803887877548647, 30.560577510281639 ], [ -89.802833881687448, 30.56287549115487 ], [ -89.801494883934438, 30.563699479070848 ], [ -89.800277884926118, 30.563691472183116 ], [ -89.796697885191108, 30.561714463070651 ], [ -89.791254890595553, 30.561365437458189 ], [ -89.787719900368515, 30.566427397812419 ], [ -89.786865904180686, 30.569049384426773 ], [ -89.788610428559181, 30.569893944984873 ], [ -89.789604903570279, 30.570375391281125 ], [ -89.790772803313331, 30.569760507717202 ], [ -89.791397900987334, 30.5694314022758 ], [ -89.791435896006291, 30.565460418065115 ], [ -89.793308892877562, 30.565155428839368 ], [ -89.794335892202128, 30.565324433068621 ], [ -89.79568589146669, 30.565649438350398 ], [ -89.793978894993927, 30.567227423185788 ], [ -89.79449589759821, 30.569649416627154 ], [ -89.799947892772536, 30.569347445828871 ], [ -89.803753888197761, 30.568144472094989 ], [ -89.806182885513351, 30.567539489310764 ], [ -89.808027884745854, 30.567994499017722 ], [ -89.808184885716202, 30.568791496764248 ], [ -89.808066279935829, 30.569078414109924 ], [ -89.806843891029374, 30.572035476709562 ], [ -89.809684891715634, 30.580289540217361 ], [ -89.81292589179516, 30.581651554829605 ], [ -89.815122894963707, 30.584731559390207 ], [ -89.815077896578643, 30.585873556253777 ], [ -89.813735897435166, 30.586034548385836 ], [ -89.812092896752802, 30.584956541987069 ], [ -89.809739897636291, 30.584710529859162 ], [ -89.807762900423455, 30.585821516673704 ], [ -89.807041902579215, 30.587141510005324 ], [ -89.808281902699491, 30.587716515096943 ], [ -89.810795900032133, 30.586871530424506 ], [ -89.811610900809768, 30.587731532767588 ], [ -89.812109905756117, 30.591469526829624 ], [ -89.816396904144881, 30.591642549452562 ], [ -89.818527904460723, 30.592684558684152 ], [ -89.819838907926822, 30.59533655957722 ], [ -89.819696910155074, 30.596781555400092 ], [ -89.814430911608227, 30.596500527843183 ], [ -89.814041914872718, 30.598583521352783 ], [ -89.817202917291979, 30.600887532926556 ], [ -89.819969918310306, 30.602077545013685 ], [ -89.822334921793313, 30.604638552180212 ], [ -89.821514923608419, 30.6056155457551 ], [ -89.818117923475725, 30.604950529290473 ], [ -89.814563926532401, 30.606148508816336 ], [ -89.813920929301062, 30.607717502664205 ], [ -89.815380931167482, 30.608562508421539 ], [ -89.816905930770574, 30.608616515998385 ], [ -89.821216926940082, 30.607579540189484 ], [ -89.823208929051688, 30.608679548578596 ], [ -89.822389938798267, 30.614458533364242 ], [ -89.820868945239809, 30.618250519097767 ], [ -89.82129989617755, 30.619460436930289 ], [ -89.655328121949736, 30.536530165486056 ] ] ], [ [ [ -89.821745883306932, 30.619682804391399 ], [ -89.825271947095374, 30.618268560907605 ], [ -89.828155945755014, 30.617927576625277 ], [ -89.829902943177245, 30.616702588463387 ], [ -89.830825944429293, 30.617645590935982 ], [ -89.830337948095845, 30.619775583565183 ], [ -89.829948952170923, 30.622217576241368 ], [ -89.826248951682715, 30.621255559357941 ], [ -89.825586866417964, 30.621597797965816 ], [ -89.821745883306932, 30.619682804391399 ] ] ] ] } },
{ "type": "Feature", "properties": { "hex_id": 5, "area_km2": 1017.0301153016534 }, "geometry": { "type": "Polygon", "coordinates": [ [ [ -89.655328121949736, 30.536530165486056 ], [ -89.474552907770928, 30.626489873602363 ], [ -89.294290970735446, 30.535767514264371 ], [ -89.295078326140441, 30.366395707421805 ], [ -89.297257756910142, 30.367042138149902 ], [ -89.306051746161344, 30.365812161145232 ], [ -89.308666742292473, 30.361505178236744 ], [ -89.311049737999099, 30.360947184613838 ], [ -89.311904737123768, 30.362878181629139 ], [ -89.309361741969681, 30.368764161918463 ], [ -89.307213743085924, 30.370990150697374 ], [ -89.307987740789471, 30.37337514642703 ], [ -89.31486073271401, 30.376112162268701 ], [ -89.335943668991888, 30.374012205419469 ], [ -89.340948658757782, 30.372892618875376 ], [ -89.348862848395129, 30.37112225798116 ], [ -89.349448644458164, 30.370991218383807 ], [ -89.353249640920325, 30.368791220523686 ], [ -89.357821302210922, 30.36431367426977 ], [ -89.364227643138733, 30.358039212085114 ], [ -89.364406825730441, 30.357453069153504 ], [ -89.364565219222385, 30.356934931645611 ], [ -89.365488648016111, 30.353914207581401 ], [ -89.371440650858958, 30.352287185261627 ], [ -89.373266655456661, 30.349652173158098 ], [ -89.375985614739292, 30.349427151313897 ], [ -89.376103615470242, 30.349110422970853 ], [ -89.378258627616972, 30.343326105852782 ], [ -89.376306642303533, 30.336412071094671 ], [ -89.375342693700802, 30.335675751853998 ], [ -89.372355687830733, 30.333394135060416 ], [ -89.366362677853118, 30.336704183757035 ], [ -89.360573674422952, 30.336676217925458 ], [ -89.360384671909657, 30.336765219764004 ], [ -89.345935661460217, 30.343569271066347 ], [ -89.338848668636317, 30.342991283498037 ], [ -89.332547675691956, 30.337891303939838 ], [ -89.332198143830155, 30.336937979693463 ], [ -89.475565691424521, 30.265618501122976 ], [ -89.645592992141573, 30.351120892624323 ], [ -89.645617843576375, 30.35131042502724 ], [ -89.646700844533498, 30.352496458294226 ], [ -89.652693847575023, 30.355532639992884 ], [ -89.655502282830952, 30.356144008299054 ], [ -89.655328121949736, 30.536530165486056 ] ] ] } },
{ "type": "Feature", "properties": { "hex_id": 6, "area_km2": 848.89952383499826 }, "geometry": { "type": "Polygon", "coordinates": [ [ [ -89.294290970735446, 30.535767514264371 ], [ -89.113190524813433, 30.625222451216214 ], [ -88.933276650893305, 30.534004426202898 ], [ -88.934451497660419, 30.393087163420834 ], [ -88.955866728114785, 30.391870669237058 ], [ -88.967120435198296, 30.391488553030197 ], [ -88.971208706903084, 30.391349738333037 ], [ -88.972727693614743, 30.391153343550855 ], [ -88.9879834362727, 30.389180874380333 ], [ -88.999476596711588, 30.387694900378431 ], [ -89.001263651999707, 30.387368878562238 ], [ -89.016380643541027, 30.384611014966236 ], [ -89.027049500394227, 30.382129514494064 ], [ -89.027499826593228, 30.382024769867776 ], [ -89.028036529992633, 30.381899934114511 ], [ -89.035192662938925, 30.380235433943266 ], [ -89.0487177656738, 30.377089510131878 ], [ -89.05731915942097, 30.375088823723097 ], [ -89.06204162588547, 30.373990323627655 ], [ -89.078087447779893, 30.36997038266265 ], [ -89.085232411264272, 30.366257401948719 ], [ -89.089845415460232, 30.364728413207168 ], [ -89.090126402892508, 30.361718410598101 ], [ -89.094683452231848, 30.360189417717187 ], [ -89.094571441765979, 30.358029416511833 ], [ -89.089616883556943, 30.351155736186467 ], [ -89.088832411657762, 30.350067396443947 ], [ -89.091362987887337, 30.348757412377239 ], [ -89.093333385998278, 30.347737410839173 ], [ -89.094149383344742, 30.347883413629695 ], [ -89.095129562780826, 30.34919161291117 ], [ -89.095352197651792, 30.349488753057184 ], [ -89.095979240320133, 30.350325636747552 ], [ -89.099196409881472, 30.354619431489674 ], [ -89.097907131455173, 30.357391329689303 ], [ -89.09788263244468, 30.35744400158271 ], [ -89.097215448138854, 30.358878424465146 ], [ -89.098805479664648, 30.362549431527924 ], [ -89.101427091483473, 30.36163524601999 ], [ -89.124316054217729, 30.353653601005295 ], [ -89.137513251807832, 30.349051609488289 ], [ -89.144850192518007, 30.345236650514586 ], [ -89.153883116856264, 30.342932691036648 ], [ -89.186841943253839, 30.33119281672305 ], [ -89.196555061891587, 30.328677998899074 ], [ -89.220443899928142, 30.322492982305729 ], [ -89.226339998791914, 30.32054233302507 ], [ -89.271069307841884, 30.34317290631305 ], [ -89.272063778335138, 30.344276135872057 ], [ -89.279819778536208, 30.349786135303699 ], [ -89.28497977192616, 30.35384213976414 ], [ -89.291315763594014, 30.361300137083155 ], [ -89.29250076139509, 30.365631130287962 ], [ -89.295078326140441, 30.366395707421805 ], [ -89.294290970735446, 30.535767514264371 ] ] ] } },
{ "type": "Feature", "properties": { "hex_id": 7, "area_km2": 785.88120458012236 }, "geometry": { "type": "MultiPolygon", "coordinates": [ [ [ [ -88.933276650893305, 30.534004426202898 ], [ -88.751860138141339, 30.622951142835504 ], [ -88.572303243358604, 30.531241214572049 ], [ -88.574469774710977, 30.350841489435648 ], [ -88.580140615241504, 30.348069350061397 ], [ -88.581364343948991, 30.356485194816138 ], [ -88.585197349678864, 30.359032196667624 ], [ -88.583583331673537, 30.365789194270835 ], [ -88.585000331319989, 30.368674194612058 ], [ -88.589177345948826, 30.36801819844943 ], [ -88.592816367332205, 30.361233203008894 ], [ -88.598491383502733, 30.359783210699046 ], [ -88.600443391811751, 30.357673213761771 ], [ -88.604961402166651, 30.356927221918578 ], [ -88.606946454941664, 30.354910178220212 ], [ -88.607132409446535, 30.354721226902587 ], [ -88.611515415226179, 30.356010236113509 ], [ -88.612850405037165, 30.36519623711402 ], [ -88.610955397786654, 30.37167023178214 ], [ -88.611133397566149, 30.373133232049245 ], [ -88.611411332805957, 30.373197805845095 ], [ -88.612265399523196, 30.373396234583897 ], [ -88.61820740887012, 30.37257624932294 ], [ -88.625505384209589, 30.368593291684061 ], [ -88.637699407057468, 30.359841334250639 ], [ -88.64537901934257, 30.360503104578168 ], [ -88.663822446634811, 30.362092416313377 ], [ -88.664388310559772, 30.361862948708666 ], [ -88.664432684308409, 30.361844954386978 ], [ -88.664608326990489, 30.361773728245698 ], [ -88.664623942086266, 30.361767396054745 ], [ -88.664659269522019, 30.361753070169485 ], [ -88.669719008091263, 30.359701259341783 ], [ -88.678252300900795, 30.356240870925596 ], [ -88.679577493686708, 30.355703483308083 ], [ -88.683560088876618, 30.353043597504186 ], [ -88.692166532741709, 30.347295550204063 ], [ -88.700589558388202, 30.34368259117608 ], [ -88.714079593813736, 30.34217964417347 ], [ -88.728895630960423, 30.342664665597713 ], [ -88.746947687456526, 30.347615719472859 ], [ -88.748861933336272, 30.348988353371993 ], [ -88.74905548373161, 30.349127141102418 ], [ -88.771744778609218, 30.365396793246852 ], [ -88.783590300034547, 30.371280791013493 ], [ -88.809190336701917, 30.383997036743267 ], [ -88.809855395727823, 30.384327390271512 ], [ -88.810979045464165, 30.384885538596919 ], [ -88.811690868014921, 30.385239120737083 ], [ -88.811244860405111, 30.386498117418942 ], [ -88.802037821898367, 30.384986030460677 ], [ -88.800902189260228, 30.384696383803778 ], [ -88.795991802019458, 30.383443973835192 ], [ -88.790525780776136, 30.38405891708949 ], [ -88.790027128796723, 30.385636666723453 ], [ -88.789812769811931, 30.386314905104513 ], [ -88.793952438891338, 30.391671919481219 ], [ -88.79409077279638, 30.391850933532293 ], [ -88.799911471253736, 30.391693350098802 ], [ -88.801696795118261, 30.391645022056206 ], [ -88.81022983551307, 30.394692103194053 ], [ -88.823726886254363, 30.402370230459091 ], [ -88.824174005322575, 30.402553662927463 ], [ -88.827993554071384, 30.404120602375357 ], [ -88.841331103464853, 30.409592384547494 ], [ -88.841607548986801, 30.410290810372235 ], [ -88.845668042749068, 30.420549360549966 ], [ -88.85327303489224, 30.423008369102227 ], [ -88.855058390967841, 30.425844852100568 ], [ -88.857788767157544, 30.43018234791576 ], [ -88.865394796609252, 30.427107375978096 ], [ -88.870148947652069, 30.424238410931864 ], [ -88.870862591692941, 30.419465586323476 ], [ -88.871099010297769, 30.417884417416577 ], [ -88.869911104316216, 30.409071416911644 ], [ -88.86887690689295, 30.408801035977557 ], [ -88.867713893250254, 30.408496977568454 ], [ -88.859155198039062, 30.406259399366835 ], [ -88.859227230738881, 30.40076240163723 ], [ -88.861297234817926, 30.398621403363133 ], [ -88.858156229493005, 30.394837417993624 ], [ -88.857672875875934, 30.392684772597413 ], [ -88.85726322970163, 30.390860416620207 ], [ -88.859232244569156, 30.390003408838815 ], [ -88.861780246664097, 30.39183340691142 ], [ -88.866020214069579, 30.391092419274443 ], [ -88.867861805943676, 30.391713786342354 ], [ -88.86929219628945, 30.392196418746295 ], [ -88.881783753944262, 30.393196434254683 ], [ -88.884831721138568, 30.391992446139536 ], [ -88.892127042468545, 30.393114715118685 ], [ -88.892398551160227, 30.393156482313398 ], [ -88.893932628069351, 30.393392474989863 ], [ -88.894430586798848, 30.393399564835658 ], [ -88.902131572053662, 30.393509209523582 ], [ -88.914340916010545, 30.393683041145227 ], [ -88.917298622773771, 30.393725151186199 ], [ -88.922033534565259, 30.393792563557572 ], [ -88.934312232157794, 30.393095062804974 ], [ -88.934451497660419, 30.393087163420834 ], [ -88.933276650893305, 30.534004426202898 ] ] ], [ [ [ -88.821245997495822, 30.364258163977762 ], [ -88.818562992449017, 30.361866147858962 ], [ -88.818819994496693, 30.360918149056705 ], [ -88.820025998431177, 30.360744155547874 ], [ -88.834671108652699, 30.367835227959109 ], [ -88.851702225713623, 30.375141369109055 ], [ -88.866394201789007, 30.381487423997754 ], [ -88.866770201805195, 30.382968425022433 ], [ -88.865501211634523, 30.383486421594938 ], [ -88.853042229928633, 30.378714385656718 ], [ -88.85010423096827, 30.3781493726873 ], [ -88.837921122015118, 30.374082268261528 ], [ -88.836169118839109, 30.374060258955772 ], [ -88.829916101183215, 30.371636214866143 ], [ -88.824377001382487, 30.367901185940248 ], [ -88.821245997495822, 30.364258163977762 ] ] ] ] } },
{ "type": "Feature", "properties": { "hex_id": 8, "area_km2": 429.62494383500911 }, "geometry": { "type": "Polygon", "coordinates": [ [ [ -88.574469774710963, 30.350841489435648 ], [ -88.572303243358604, 30.531241214572049 ], [ -88.406991791826798, 30.61170686946938 ], [ -88.40601105664588, 30.589756051927271 ], [ -88.404677272434071, 30.559907156320914 ], [ -88.404189023815704, 30.548980276198755 ], [ -88.404013621692073, 30.545054792089594 ], [ -88.404009624520427, 30.54497187039043 ], [ -88.404005160148969, 30.544879256578707 ], [ -88.403931625526511, 30.543353772657554 ], [ -88.403547652638693, 30.533094645366507 ], [ -88.402283753710378, 30.510846283392457 ], [ -88.401966262615488, 30.504660955251474 ], [ -88.400404266173581, 30.474233204333764 ], [ -88.400403101052603, 30.474210506804752 ], [ -88.400318612927251, 30.472564603399555 ], [ -88.399581842117655, 30.45821132798287 ], [ -88.395024480908617, 30.369418947003581 ], [ -88.397237517770748, 30.367682892121067 ], [ -88.399063537622993, 30.360737766330978 ], [ -88.397083481650313, 30.354778707375637 ], [ -88.39496543691213, 30.352865709262034 ], [ -88.394552416840355, 30.350084685202585 ], [ -88.402486525320271, 30.345502566596132 ], [ -88.409151647797557, 30.350652554420719 ], [ -88.412375711068719, 30.35801560526534 ], [ -88.417952775239272, 30.358510576544116 ], [ -88.419591782400218, 30.355369533684069 ], [ -88.430914816210162, 30.355554556827848 ], [ -88.437205848375228, 30.358187546682537 ], [ -88.446448889496779, 30.358055943764644 ], [ -88.447672904344117, 30.358038516680381 ], [ -88.449867929817543, 30.354754507678607 ], [ -88.44851894346418, 30.349951501745643 ], [ -88.447367967909329, 30.338987475663661 ], [ -88.453812026578234, 30.329619438077515 ], [ -88.47187711519274, 30.320013260104844 ], [ -88.480119092306552, 30.318338236238652 ], [ -88.504121194536722, 30.320066187065358 ], [ -88.506228188169516, 30.322386201735203 ], [ -88.506336134829382, 30.327391417899598 ], [ -88.513925529575417, 30.332008940701233 ], [ -88.51403103383474, 30.332073131218458 ], [ -88.521947138060611, 30.336889405986518 ], [ -88.522496121153068, 30.340085413022365 ], [ -88.526938177413214, 30.342427306225407 ], [ -88.536216219987608, 30.34329225819102 ], [ -88.536306345132559, 30.34329752262795 ], [ -88.54272327387757, 30.343672354325115 ], [ -88.543099733167097, 30.343694344580872 ], [ -88.550702281431612, 30.344138438877046 ], [ -88.562775010002781, 30.344843704647026 ], [ -88.574469774710963, 30.350841489435648 ] ] ] } },
{ "type": "Feature", "properties": { "hex_id": 9, "area_km2": 3.395710843829606 }, "geometry": { "type": "MultiPolygon", "coordinates": [ [ [ [ -89.835956141850545, 30.65730173005382 ], [ -89.836048005220078, 30.657294541448483 ], [ -89.840989007418244, 30.658511563849196 ], [ -89.851890012070072, 30.661195615542479 ], [ -89.852264015685819, 30.662930610193044 ], [ -89.850551019849121, 30.664777591689997 ], [ -89.848880020859426, 30.665198579965338 ], [ -89.846918018373216, 30.663948574250337 ], [ -89.845643017612545, 30.663565568652345 ], [ -89.843356017779911, 30.663695555168587 ], [ -89.841787925396744, 30.665553065056393 ], [ -89.838805027001115, 30.669086506329471 ], [ -89.837895033036929, 30.672510485601759 ], [ -89.838869035687424, 30.673727484716537 ], [ -89.840598034722746, 30.672876497796352 ], [ -89.841351033209605, 30.671959506210751 ], [ -89.842345029366228, 30.669720522111376 ], [ -89.843817027768452, 30.668757534702319 ], [ -89.845808028379693, 30.668927544977237 ], [ -89.847202030763654, 30.670034547518252 ], [ -89.844966039809648, 30.67468751189449 ], [ -89.836798088415264, 30.690569349538428 ], [ -89.835985926595214, 30.690934481711384 ], [ -89.835956141850545, 30.65730173005382 ] ] ], [ [ [ -89.835993825075548, 30.699843883962938 ], [ -89.838066095130984, 30.704032329027974 ], [ -89.839313095329032, 30.704139333844154 ], [ -89.841731084332466, 30.702709346977816 ], [ -89.843606083740582, 30.702507355506075 ], [ -89.8459270876087, 30.704153363466265 ], [ -89.846193927294081, 30.704995749230289 ], [ -89.846577093016393, 30.706205363604777 ], [ -89.845802095847475, 30.707310358706682 ], [ -89.836258129250467, 30.716181314919954 ], [ -89.836008276586014, 30.716134732799002 ], [ -89.835993825075548, 30.699843883962938 ] ] ], [ [ [ -89.836018055979622, 30.727151265495554 ], [ -89.836332142089674, 30.727193384774584 ], [ -89.836946144337233, 30.728197388251498 ], [ -89.836871155768549, 30.734657391921981 ], [ -89.836025560435075, 30.735600943231571 ], [ -89.836018055979622, 30.727151265495554 ] ] ] ] } },
{ "type": "Feature", "properties": { "hex_id": 10, "area_km2": 1017.99532965912 }, "geometry": { "type": "Polygon", "coordinates": [ [ [ -89.654974945583504, 30.897390177249395 ], [ -89.474039612797156, 30.806918040337283 ], [ -89.474552907770928, 30.626489873602363 ], [ -89.655328121949736, 30.536530165486056 ], [ -89.82129989617755, 30.619460436930289 ], [ -89.821424947552259, 30.619811519399871 ], [ -89.821745883306932, 30.619682804391399 ], [ -89.825586866417964, 30.621597797965816 ], [ -89.823261951765275, 30.622799524126517 ], [ -89.82265271122948, 30.624824120162707 ], [ -89.822280951994642, 30.626059539220279 ], [ -89.820571955990104, 30.628351526194717 ], [ -89.820068962705435, 30.632804516049553 ], [ -89.818081964894532, 30.634015503126712 ], [ -89.813850969348067, 30.636791475786385 ], [ -89.813977971171994, 30.63817647386271 ], [ -89.815788972425025, 30.639211481262496 ], [ -89.82046997057175, 30.63825850801588 ], [ -89.82344897249547, 30.63986752095661 ], [ -89.823418977535951, 30.642837514045407 ], [ -89.820587980327872, 30.644754494535423 ], [ -89.821380982801202, 30.646524494636541 ], [ -89.825744983795886, 30.645269526925546 ], [ -89.824986987106811, 30.649419506632562 ], [ -89.833262005285803, 30.657512525595685 ], [ -89.835956141850545, 30.65730173005382 ], [ -89.835985926595214, 30.690934481711377 ], [ -89.835479087613763, 30.691162342696039 ], [ -89.83579854804313, 30.69840548574086 ], [ -89.835849087393768, 30.699551327162265 ], [ -89.835993825075548, 30.699843883962938 ], [ -89.836008276586014, 30.716134732799002 ], [ -89.83196212353694, 30.715380301404608 ], [ -89.830061123466223, 30.71630629632697 ], [ -89.828062131498967, 30.725014351368625 ], [ -89.833066139045428, 30.726755371364533 ], [ -89.836018055979636, 30.727151265495554 ], [ -89.836025560435075, 30.735600943231571 ], [ -89.835801821922217, 30.735850596185383 ], [ -89.835438157585486, 30.736256387000282 ], [ -89.83381915769813, 30.736968381447941 ], [ -89.827415151218389, 30.736195361007606 ], [ -89.82153613480294, 30.73661437994663 ], [ -89.817481131678861, 30.737301371150526 ], [ -89.816500131803764, 30.737942370010657 ], [ -89.816076134028037, 30.739362371837068 ], [ -89.816765136152995, 30.740072374845369 ], [ -89.819549140375003, 30.740667382269365 ], [ -89.822970142928085, 30.740071388978965 ], [ -89.826352153818249, 30.738361359760145 ], [ -89.827751155132859, 30.738361363420648 ], [ -89.828698157743347, 30.739447366594231 ], [ -89.825102161229111, 30.742075359235283 ], [ -89.825775168512152, 30.74730136306448 ], [ -89.822460163519224, 30.75462441036462 ], [ -89.824228165499434, 30.75515441267882 ], [ -89.826571173288613, 30.753133365190873 ], [ -89.829350174784423, 30.751314369618921 ], [ -89.833168178274846, 30.753310375998829 ], [ -89.832650178316868, 30.755990372879204 ], [ -89.82688117423298, 30.756063365212771 ], [ -89.826122171495328, 30.75901036395183 ], [ -89.829315173285281, 30.760587365170068 ], [ -89.830321746136221, 30.761862335226397 ], [ -89.83240917323802, 30.764506363095489 ], [ -89.83223706694848, 30.765118908833912 ], [ -89.832128591287358, 30.765504985950262 ], [ -89.831538170935687, 30.767606358293119 ], [ -89.828757168931446, 30.768732357513542 ], [ -89.827820166705095, 30.771219355543185 ], [ -89.827657163558698, 30.774811351586379 ], [ -89.830419184555822, 30.779838215614486 ], [ -89.828056177032082, 30.783412229519701 ], [ -89.824396191938803, 30.779625355201937 ], [ -89.820088187182918, 30.782387385976186 ], [ -89.819025182754316, 30.784367399849014 ], [ -89.821131170806083, 30.788605410259539 ], [ -89.821487161533597, 30.791179423336541 ], [ -89.821276437798517, 30.791871503738815 ], [ -89.821079157655944, 30.792519430473693 ], [ -89.819165145483112, 30.795225462528848 ], [ -89.817560141339911, 30.796050479071759 ], [ -89.816419141188135, 30.796050485726116 ], [ -89.813947151063132, 30.793778480438441 ], [ -89.813536158099836, 30.792031469223513 ], [ -89.812611164763041, 30.789872461611505 ], [ -89.812097169190622, 30.788433454184727 ], [ -89.810658169569052, 30.788022457147356 ], [ -89.806764160795268, 30.789065476307414 ], [ -89.805108154600376, 30.79059249268629 ], [ -89.804697150745724, 30.791620501892567 ], [ -89.804902148442537, 30.792545506625409 ], [ -89.80623814629844, 30.793367508987643 ], [ -89.807072144749625, 30.79390451053521 ], [ -89.808602143261311, 30.794909513863463 ], [ -89.810864132772693, 30.797375526152376 ], [ -89.811480129843034, 30.797992529039366 ], [ -89.811172124758016, 30.798917539377555 ], [ -89.810652081882921, 30.799385481323458 ], [ -89.810144119205361, 30.799842553322463 ], [ -89.808177112881793, 30.800558568961822 ], [ -89.804633099790379, 30.802507603214675 ], [ -89.804066095072855, 30.803243613304634 ], [ -89.804253071096426, 30.806930656208724 ], [ -89.800423042735275, 30.810421713569049 ], [ -89.799028035836955, 30.81133572813464 ], [ -89.79742603477797, 30.811450732034462 ], [ -89.797157032532397, 30.811749736286703 ], [ -89.797810021760768, 30.813192754609737 ], [ -89.799674006277129, 30.815168778848875 ], [ -89.800049973780304, 30.819074834070911 ], [ -89.798654958724185, 30.820851862245235 ], [ -89.797491953576213, 30.821474872633743 ], [ -89.796634952320034, 30.821644875708834 ], [ -89.795497960409818, 30.820750862855274 ], [ -89.796147975789822, 30.818933836110173 ], [ -89.796184982787537, 30.818094824051865 ], [ -89.795327989996338, 30.817223812168745 ], [ -89.794526988580486, 30.817401814933859 ], [ -89.793959984392899, 30.817918822277615 ], [ -89.7934859700581, 30.819654846949369 ], [ -89.792760964750556, 30.820293855924362 ], [ -89.791745964088292, 30.82038385663197 ], [ -89.785894998736921, 30.815958788355733 ], [ -89.782404982258313, 30.817971806144836 ], [ -89.781168965356656, 30.820119830508911 ], [ -89.782202956911959, 30.821216848933055 ], [ -89.784529959789964, 30.820899851722796 ], [ -89.786382957163241, 30.821236861053858 ], [ -89.787454945816592, 30.822583882565254 ], [ -89.787493931920878, 30.824189906023157 ], [ -89.785662768635859, 30.825856059985387 ], [ -89.783985866925633, 30.827381914160302 ], [ -89.782256834121966, 30.831257968986954 ], [ -89.782350822852777, 30.832548990045005 ], [ -89.784092818623037, 30.832886001620139 ], [ -89.786837836782539, 30.830638972116947 ], [ -89.789421595534947, 30.83046732226726 ], [ -89.654974945583504, 30.897390177249395 ] ] ] } },
{ "type": "Feature", "properties": { "hex_id": 11, "area_km2": 1039.2304845413241 }, "geometry": { "type": "Polygon", "coordinates": [ [ [ -89.113190524813433, 30.625222451216214 ], [ -89.294290970735446, 30.535767514264371 ], [ -89.474552907770928, 30.626489873602363 ], [ -89.474039612797156, 30.806918040337283 ], [ -89.292591003105599, 30.896616566375151 ], [ -89.112003911598237, 30.805641543877904 ], [ -89.113190524813433, 30.625222451216214 ] ] ] } },
{ "type": "Feature", "properties": { "hex_id": 12, "area_km2": 1039.2304845413241 }, "geometry": { "type": "Polygon", "coordinates": [ [ [ -88.751860138141339, 30.622951142835504 ], [ -88.933276650893305, 30.534004426202898 ], [ -89.113190524813433, 30.625222451216214 ], [ -89.112003911598237, 30.805641543877904 ], [ -88.930230248639361, 30.894828142578753 ], [ -88.750000455599704, 30.80335397472107 ], [ -88.751860138141339, 30.622951142835504 ] ] ] } },
{ "type": "Feature", "properties": { "hex_id": 13, "area_km2": 994.16642177913207 }, "geometry": { "type": "Polygon", "coordinates": [ [ [ -88.572303243358604, 30.531241214572049 ], [ -88.751860138141339, 30.622951142835504 ], [ -88.750000455599704, 30.80335397472107 ], [ -88.567911045452973, 30.892025225200481 ], [ -88.416172489602246, 30.814464572972376 ], [ -88.414811025030275, 30.785608076791586 ], [ -88.412450643110645, 30.735593051769261 ], [ -88.412270053029715, 30.731766436708568 ], [ -88.412209056894071, 30.730390437526637 ], [ -88.411550116421509, 30.712951442263947 ], [ -88.411339124675706, 30.706329450501091 ], [ -88.409571131837168, 30.668726720559825 ], [ -88.409386217471209, 30.664813795361137 ], [ -88.408070249650791, 30.636965664186771 ], [ -88.408066917977337, 30.63693652702716 ], [ -88.408064584709706, 30.6369161214276 ], [ -88.407462277439308, 30.631648623613437 ], [ -88.407484395785801, 30.622731365041968 ], [ -88.407261838391719, 30.617750071688729 ], [ -88.406991791826798, 30.61170686946938 ], [ -88.572303243358604, 30.531241214572049 ] ] ] } },
{ "type": "Feature", "properties": { "hex_id": 14, "area_km2": 124.46296161375848 }, "geometry": { "type": "Polygon", "coordinates": [ [ [ -91.469831061501125, 31.066379153928921 ], [ -91.468620392888241, 30.999005200352361 ], [ -91.487316941460747, 30.999001788935029 ], [ -91.49739196909978, 30.999001628993689 ], [ -91.500117977345369, 30.998686624544501 ], [ -91.538663133916216, 30.999382363929502 ], [ -91.538729101228327, 30.999383554615928 ], [ -91.625119762471115, 30.999162315309821 ], [ -91.636943704243791, 30.999411286972236 ], [ -91.625119773375658, 31.005369306473465 ], [ -91.606491885269264, 31.011211353238277 ], [ -91.590464951513852, 31.017265382881511 ], [ -91.578414983496131, 31.02402539785653 ], [ -91.571696966020255, 31.029777368632274 ], [ -91.564398942850246, 31.03896036609888 ], [ -91.561233919049897, 31.046220360825409 ], [ -91.560366909825376, 31.049503359498569 ], [ -91.559908898698524, 31.05411435783336 ], [ -91.561284889195207, 31.060901355486898 ], [ -91.564151884994445, 31.066825352084582 ], [ -91.567649886478023, 31.070181345982682 ], [ -91.594694943470202, 31.091439279763261 ], [ -91.609524942409848, 31.101552310710606 ], [ -91.614764933060854, 31.104352320513751 ], [ -91.618571922024856, 31.107323334777213 ], [ -91.621536911267455, 31.110252353490761 ], [ -91.625995859336186, 31.116891409369519 ], [ -91.626477852489586, 31.119120426097599 ], [ -91.625708802486557, 31.128758532593746 ], [ -91.625119791038713, 31.131874554111295 ], [ -91.624218797686723, 31.133724560317699 ], [ -91.621672786467713, 31.136865582540203 ], [ -91.620227395826248, 31.138327933005524 ], [ -91.469831061501125, 31.066379153928921 ] ] ] } },
{ "type": "Feature", "properties": { "hex_id": 15, "area_km2": 440.08419298518197 }, "geometry": { "type": "Polygon", "coordinates": [ [ [ -91.469831061501125, 31.066379153928921 ], [ -91.28984325716084, 31.158848405315933 ], [ -91.106925374167915, 31.070708668699119 ], [ -91.105906743692074, 30.99885694631724 ], [ -91.108115245051266, 30.998852528611973 ], [ -91.108292245362961, 30.998875529024897 ], [ -91.17614123158863, 30.9991397599523 ], [ -91.17621047958481, 30.999140029650125 ], [ -91.224069705372557, 30.999179399025294 ], [ -91.224840709651701, 30.999179405025298 ], [ -91.231532785838112, 30.999269465945925 ], [ -91.246491847694401, 30.999470590499818 ], [ -91.347820696282156, 30.999189858009043 ], [ -91.348154187682837, 30.999188933679417 ], [ -91.37489700283588, 30.999114815500366 ], [ -91.396516869317693, 30.999054900768719 ], [ -91.414629820812266, 30.99900471903215 ], [ -91.423622824461262, 30.998979807319579 ], [ -91.42575081495832, 30.999002797323186 ], [ -91.468620392888241, 30.999005200352361 ], [ -91.469831061501125, 31.066379153928921 ] ] ] } },
{ "type": "Feature", "properties": { "hex_id": 16, "area_km2": 454.11266940640235 }, "geometry": { "type": "Polygon", "coordinates": [ [ [ -91.106925374167915, 31.070708668699119 ], [ -90.926557577043738, 31.162681091299703 ], [ -90.743950526556176, 31.074017274895258 ], [ -90.743175127637798, 30.999346846926329 ], [ -90.758776278240276, 30.99957907011736 ], [ -90.769334293987299, 30.999370244323693 ], [ -90.775982347264701, 30.99948756825211 ], [ -90.779859352019528, 30.999453627954281 ], [ -90.783688844635321, 30.999443825856041 ], [ -90.783746354946231, 30.999443678582089 ], [ -90.825830605261316, 30.999356789330161 ], [ -90.826028238883694, 30.999356380139034 ], [ -90.834942648752317, 30.999391308072124 ], [ -90.852552393404551, 30.999460356038867 ], [ -90.89473090960054, 30.999626065032142 ], [ -90.970237546099327, 30.999317305855772 ], [ -90.98029880411039, 30.999275734614351 ], [ -91.0421735997068, 30.999022361747503 ], [ -91.060214204572105, 30.998948537347861 ], [ -91.068271255435846, 30.998915563566602 ], [ -91.080815215689512, 30.998904484401979 ], [ -91.105906743692074, 30.99885694631724 ], [ -91.106925374167915, 31.070708668699119 ] ] ] } },
{ "type": "Feature", "properties": { "hex_id": 17, "area_km2": 463.65667094342444 }, "geometry": { "type": "Polygon", "coordinates": [ [ [ -90.743950526556176, 31.074017274895258 ], [ -90.563211741836412, 31.165488929976338 ], [ -90.380925004597501, 31.076304380479328 ], [ -90.380421212517746, 30.999873673123457 ], [ -90.380536792600623, 30.999868875708309 ], [ -90.422117851441541, 30.999806536717937 ], [ -90.426849930409659, 30.999772206467878 ], [ -90.43735192602567, 30.999726134145984 ], [ -90.441725916524305, 30.999725127173448 ], [ -90.442479914405709, 30.999718127430217 ], [ -90.456982611017537, 30.999753072783651 ], [ -90.456983788922528, 30.999753075628 ], [ -90.463325029881887, 30.999768402637478 ], [ -90.47409470769044, 30.999794498923375 ], [ -90.475928509424563, 30.999737012401031 ], [ -90.477284495792688, 30.999714043095555 ], [ -90.481128698420292, 30.999724411961981 ], [ -90.485876424727934, 30.999737201769868 ], [ -90.486749418577887, 30.999690215231208 ], [ -90.54761613786826, 30.999719853220338 ], [ -90.567195802073968, 30.999729256964809 ], [ -90.583518974751669, 30.999693897508951 ], [ -90.584448981439536, 30.999693883053567 ], [ -90.587374001646822, 30.999599839493619 ], [ -90.588677010565462, 30.999645820134077 ], [ -90.648722212842884, 30.999481370518275 ], [ -90.651194216135551, 30.999505359986095 ], [ -90.667669460256704, 30.999446745069299 ], [ -90.734474245984558, 30.999209699470875 ], [ -90.73455324608554, 30.999217700583184 ], [ -90.743175127637798, 30.999346846926329 ], [ -90.743950526556176, 31.074017274895258 ] ] ] } },
{ "type": "Feature", "properties": { "hex_id": 18, "area_km2": 465.8646825716304 }, "geometry": { "type": "Polygon", "coordinates": [ [ [ -90.380925004597501, 31.076304380479328 ], [ -90.199824318738138, 31.167271418208387 ], [ -90.017867310058278, 31.077569576086489 ], [ -90.017653913236032, 31.001317205181792 ], [ -90.02218555047844, 31.001300351352612 ], [ -90.029202360107149, 31.001194406478177 ], [ -90.029574485559138, 31.001188767951266 ], [ -90.05070653101248, 31.001213653474167 ], [ -90.067545491938361, 31.001176846348621 ], [ -90.073121675295255, 31.001164597695144 ], [ -90.073127570282779, 31.001164584730414 ], [ -90.128406873666592, 31.001043589727669 ], [ -90.131395865727143, 31.000920592059959 ], [ -90.148429700814205, 31.000972957763288 ], [ -90.164278758828175, 31.001021755386574 ], [ -90.164498513851328, 31.00099691116673 ], [ -90.16467675702755, 31.000976760042978 ], [ -90.187344672287622, 31.000899990588135 ], [ -90.194393045797071, 31.000876096851659 ], [ -90.259555301503013, 31.000655079342504 ], [ -90.295040952172187, 31.000533921945117 ], [ -90.346007733923358, 31.000359967893132 ], [ -90.347230737372726, 31.000355958703398 ], [ -90.347305122833049, 31.000355877517674 ], [ -90.355605759142804, 31.000346822534116 ], [ -90.369371788221031, 31.000331825151431 ], [ -90.380421212517746, 30.999873673123457 ], [ -90.380925004597501, 31.076304380479328 ] ] ] } },
{ "type": "Feature", "properties": { "hex_id": 19, "area_km2": 603.71785083558473 }, "geometry": { "type": "Polygon", "coordinates": [ [ [ -90.017867310058278, 31.077569576086489 ], [ -89.836413887990673, 31.168028236519095 ], [ -89.654795954762093, 31.077812635222017 ], [ -89.654974945583504, 30.897390177249395 ], [ -89.789421595534947, 30.83046732226726 ], [ -89.789426836822116, 30.830466974013767 ], [ -89.790432831518814, 30.830981983984916 ], [ -89.790805820747678, 30.832128003979175 ], [ -89.790121767145621, 30.837980108311626 ], [ -89.787500713379885, 30.844109219627928 ], [ -89.789365683008967, 30.847061288287463 ], [ -89.791872663738985, 30.848689332950325 ], [ -89.792470646435433, 30.850383373278678 ], [ -89.791027637615372, 30.851531394036908 ], [ -89.789509641700349, 30.851379383703907 ], [ -89.787440662986086, 30.849517332281039 ], [ -89.785977668796505, 30.849172317056961 ], [ -89.785603684741289, 30.847520280395493 ], [ -89.784717698090759, 30.846227249223467 ], [ -89.782649710233073, 30.845261218428288 ], [ -89.78060071152872, 30.845505210345717 ], [ -89.780228705787849, 30.846232221751823 ], [ -89.780947684018429, 30.84853927192022 ], [ -89.783791645739214, 30.852128366446742 ], [ -89.784416629501465, 30.853741406029407 ], [ -89.784073616126747, 30.855267437386967 ], [ -89.783384610808355, 30.856019448748516 ], [ -89.781643609764203, 30.856610446930844 ], [ -89.778755624721086, 30.855797402090829 ], [ -89.774739677102843, 30.853251220755094 ], [ -89.772587679893974, 30.853657204610016 ], [ -89.771722674848334, 30.854674212193203 ], [ -89.767955621630946, 30.863855318737446 ], [ -89.767789610238935, 30.865574345509589 ], [ -89.768237602761843, 30.866389366395076 ], [ -89.778005469113424, 30.873408797361314 ], [ -89.779194357872584, 30.875183075631199 ], [ -89.778583328865082, 30.878901154941897 ], [ -89.778086433518851, 30.87963823525649 ], [ -89.777110320823013, 30.881086171999733 ], [ -89.77545832875731, 30.881495141195423 ], [ -89.770027420116079, 30.882251837830431 ], [ -89.77201136381251, 30.890238016086105 ], [ -89.773553325813083, 30.896860151126532 ], [ -89.773099324688047, 30.898336155618736 ], [ -89.771986331151965, 30.899125130949759 ], [ -89.770269343922266, 30.899388081397603 ], [ -89.765101390972191, 30.896916898903768 ], [ -89.760701426016254, 30.896303761908786 ], [ -89.75871943798299, 30.897316712153888 ], [ -89.757024446594471, 30.898944674783621 ], [ -89.756671444494714, 30.901066680158543 ], [ -89.75980341172648, 30.906213813429847 ], [ -89.761593397432975, 30.906588872824418 ], [ -89.763622380292915, 30.907729945465871 ], [ -89.764451371389484, 30.910273988394213 ], [ -89.7643146454473, 30.911169026070215 ], [ -89.764202372467651, 30.911903989817731 ], [ -89.762600384471568, 30.913733946586394 ], [ -89.75940340897489, 30.915131847206755 ], [ -89.757417424074106, 30.914990781246324 ], [ -89.754086449470563, 30.912797663854594 ], [ -89.750073479095605, 30.912927534695321 ], [ -89.746718502605404, 30.915802435450576 ], [ -89.744789516324772, 30.918930380490675 ], [ -89.744448519132362, 30.920574372548415 ], [ -89.745161515104499, 30.922413398595811 ], [ -89.748208494826955, 30.923366499338606 ], [ -89.750741477070335, 30.92324358244257 ], [ -89.752812500994722, 30.925410726168803 ], [ -89.752549506213072, 30.928154718615957 ], [ -89.750073522282563, 30.929812637198072 ], [ -89.748851532829136, 30.932813592765974 ], [ -89.748897534015157, 30.933885591524472 ], [ -89.750073530474495, 30.935760623442906 ], [ -89.755835506497959, 30.939540794038386 ], [ -89.75655450675427, 30.941946803698318 ], [ -89.756333510867165, 30.943495785643957 ], [ -89.751196551662815, 30.95143654811752 ], [ -89.743592598650707, 30.958479233594076 ], [ -89.743134603566347, 30.959990200493174 ], [ -89.735686643721792, 30.966569904325944 ], [ -89.73393364989046, 30.966915854570527 ], [ -89.731393656011122, 30.96612680169067 ], [ -89.729327662156109, 30.96623874938275 ], [ -89.728041666178029, 30.966514714832002 ], [ -89.727072670202887, 30.967391680870676 ], [ -89.727086674077583, 30.969703651352877 ], [ -89.728382673469383, 30.971137661168402 ], [ -89.736086660163224, 30.974442788013942 ], [ -89.737149685851165, 30.976077604829566 ], [ -89.736883689156883, 30.977118580646543 ], [ -89.735912693635953, 30.977861547355342 ], [ -89.73216870368465, 30.97808446892849 ], [ -89.730501710802386, 30.979703412369609 ], [ -89.729930716619961, 30.982086366505531 ], [ -89.727698738587691, 30.993325181714876 ], [ -89.728563739061855, 30.994392180059844 ], [ -89.732035734346113, 30.994405228156474 ], [ -89.734227732633741, 30.995598245049159 ], [ -89.735540736803159, 30.999711210268092 ], [ -89.730000744492116, 30.999745134491899 ], [ -89.728126747678047, 31.000952098623596 ], [ -89.728145878742552, 31.002295712211193 ], [ -89.728147749261566, 31.002427082834199 ], [ -89.729616749698025, 31.003923082969141 ], [ -89.732504747901146, 31.00482710683767 ], [ -89.741821730447342, 31.003437258950466 ], [ -89.745215720119774, 31.002248335403774 ], [ -89.747229710491965, 31.000180405391614 ], [ -89.749189703158805, 30.999551455105525 ], [ -89.751481695827366, 30.999686501457145 ], [ -89.752133694647796, 31.000179507349635 ], [ -89.752642696525754, 31.001849490454408 ], [ -89.799783193459618, 31.002021707692698 ], [ -89.816429318098272, 31.002082389066491 ], [ -89.824617274416156, 31.002058563898885 ], [ -89.835542171666845, 31.002057872217055 ], [ -89.835908130874699, 31.002058151914653 ], [ -89.856862146091416, 31.002074032633331 ], [ -89.863698550249623, 31.002013761874441 ], [ -89.892708328188817, 31.001757597187048 ], [ -89.897516347346809, 31.001911550349231 ], [ -89.923119432137923, 31.001444352405436 ], [ -89.927161450256861, 31.001435283982154 ], [ -89.941012708871682, 31.001421543194269 ], [ -89.972802540366345, 31.001390126838483 ], [ -89.975399341476262, 31.001686556375727 ], [ -89.975430539204851, 31.001690117668566 ], [ -90.005332552571971, 31.001362226147261 ], [ -90.017653913236032, 31.001317205181792 ], [ -90.017867310058278, 31.077569576086489 ] ] ] } },
{ "type": "Feature", "properties": { "hex_id": 20, "area_km2": 1039.2304845413257 }, "geometry": { "type": "Polygon", "coordinates": [ [ [ -89.292591003105599, 30.896616566375151 ], [ -89.474039612797156, 30.806918040337283 ], [ -89.654974945583504, 30.897390177249395 ], [ -89.654795954762093, 31.077812635222017 ], [ -89.47299903705354, 31.16775924924633 ], [ -89.291729454803814, 31.07703351437037 ], [ -89.292591003105599, 30.896616566375151 ] ] ] } },
{ "type": "Feature", "properties": { "hex_id": 21, "area_km2": 1039.2304845413241 }, "geometry": { "type": "Polygon", "coordinates": [ [ [ -88.930230248639376, 30.894828142578753 ], [ -89.112003911598237, 30.805641543877904 ], [ -89.292591003105599, 30.896616566375151 ], [ -89.291729454803814, 31.07703351437037 ], [ -89.109598354772928, 31.166464504608079 ], [ -88.928686324760108, 31.075232353016037 ], [ -88.930230248639376, 30.894828142578753 ] ] ] } },
{ "type": "Feature", "properties": { "hex_id": 22, "area_km2": 1039.2304845413241 }, "geometry": { "type": "Polygon", "coordinates": [ [ [ -88.567911045452973, 30.892025225200481 ], [ -88.750000455599704, 30.80335397472107 ], [ -88.930230248639361, 30.894828142578753 ], [ -88.928686324760108, 31.075232353016037 ], [ -88.746230425549996, 31.164144234679188 ], [ -88.565685071901314, 31.072409473576535 ], [ -88.567911045452973, 30.892025225200481 ] ] ] } },
{ "type": "Feature", "properties": { "hex_id": 23, "area_km2": 377.89105728166248 }, "geometry": { "type": "Polygon", "coordinates": [ [ [ -88.567911045452973, 30.892025225200481 ], [ -88.565685071901314, 31.072409473576535 ], [ -88.433178319606768, 31.136533527673006 ], [ -88.432007013730356, 31.114293948444615 ], [ -88.431583632787593, 31.106565661952395 ], [ -88.430419683856996, 31.085319058709633 ], [ -88.425806841457629, 31.001119152027812 ], [ -88.425728839328301, 31.000179151212585 ], [ -88.425635988895493, 30.998297278029831 ], [ -88.419561748013066, 30.87518172107869 ], [ -88.41862972306582, 30.866523706667476 ], [ -88.418476189392834, 30.863270763507582 ], [ -88.418458560776571, 30.862897266230544 ], [ -88.418253469260037, 30.858552042209549 ], [ -88.418126960569694, 30.855872029590234 ], [ -88.416172489602246, 30.814464572972376 ], [ -88.567911045452973, 30.892025225200481 ] ] ] } },
{ "type": "Feature", "properties": { "hex_id": 24, "area_km2": 831.16192943509759 }, "geometry": { "type": "MultiPolygon", "coordinates": [ [ [ [ -91.476381884000403, 31.427046291164519 ], [ -91.292773438803025, 31.339198274709052 ], [ -91.28984325716084, 31.158848405315933 ], [ -91.469831061501125, 31.066379153928921 ], [ -91.620227395826248, 31.138327933005524 ], [ -91.604198711626239, 31.15454071527029 ], [ -91.599733692399937, 31.159587769718485 ], [ -91.59706367640311, 31.163487807677082 ], [ -91.591503637308747, 31.173113901155702 ], [ -91.589047619701375, 31.178581957632403 ], [ -91.588696610394592, 31.181020981980083 ], [ -91.588940579911849, 31.18895506376235 ], [ -91.589452864344224, 31.191136018015101 ], [ -91.590052561041958, 31.193689114384235 ], [ -91.595030525657506, 31.20196520720949 ], [ -91.601617493754617, 31.208569284692558 ], [ -91.625120392149441, 31.226067493089872 ], [ -91.644357323906448, 31.234410575622999 ], [ -91.652020276951333, 31.242687679567439 ], [ -91.654908242480431, 31.250171784824754 ], [ -91.655010236186911, 31.251811809867675 ], [ -91.654028224259349, 31.255749874896129 ], [ -91.651370217941363, 31.259524944703863 ], [ -91.648670215235171, 31.262234997740645 ], [ -91.641254217594394, 31.266914098387456 ], [ -91.6376732242923, 31.267677122108523 ], [ -91.621359267985767, 31.267808171458732 ], [ -91.606673307868434, 31.265897162019463 ], [ -91.587750354222521, 31.262560114045559 ], [ -91.57449437564587, 31.26128607823226 ], [ -91.564193387326014, 31.261630066723821 ], [ -91.553906394153174, 31.263047064665184 ], [ -91.5377353954364, 31.267366072561561 ], [ -91.518579387650121, 31.275280092156528 ], [ -91.515615381270507, 31.27820711379205 ], [ -91.512086365309671, 31.284174169035463 ], [ -91.508859342841092, 31.291641241115645 ], [ -91.50829732784176, 31.29582628778385 ], [ -91.507978262322055, 31.312940493497091 ], [ -91.508661252579685, 31.315128525366411 ], [ -91.510050243774089, 31.31681955680012 ], [ -91.518510204713351, 31.323329704146161 ], [ -91.531658145363338, 31.331798899339287 ], [ -91.533207136502597, 31.333222928848016 ], [ -91.536062107839854, 31.338353018297443 ], [ -91.545618071203137, 31.34376017022004 ], [ -91.548968050591128, 31.347253250502192 ], [ -91.548895016185512, 31.35399635577933 ], [ -91.550869979277167, 31.360572480440666 ], [ -91.551002962874421, 31.363643533314168 ], [ -91.549915879001702, 31.376313779962533 ], [ -91.546607855368691, 31.381196823999034 ], [ -91.546207849135158, 31.382478840910188 ], [ -91.552432831208705, 31.385656978717105 ], [ -91.555541773971171, 31.386379710809504 ], [ -91.534424554257726, 31.397236270827086 ], [ -91.532336826376735, 31.390273768650054 ], [ -91.526950882768588, 31.380853548191094 ], [ -91.521836939816509, 31.375168395824158 ], [ -91.515978985407514, 31.370284255909731 ], [ -91.508076019911869, 31.366274117357761 ], [ -91.504164033865436, 31.364948058372661 ], [ -91.478871087992161, 31.364952756089128 ], [ -91.472466080273222, 31.371323694443262 ], [ -91.471099058179959, 31.376914625014013 ], [ -91.471993033583189, 31.382140654906458 ], [ -91.472019404747684, 31.383701661718547 ], [ -91.472149993273575, 31.391431691364648 ], [ -91.472065974182613, 31.395922709375625 ], [ -91.476926945657013, 31.397793844259684 ], [ -91.480230907219337, 31.404388947716814 ], [ -91.490040842830993, 31.412714208813775 ], [ -91.495700964651661, 31.417129169896651 ], [ -91.476381884000403, 31.427046291164519 ] ] ], [ [ [ -91.563796160754052, 31.382134456954301 ], [ -91.568953875750523, 31.377628026766683 ], [ -91.569468849747693, 31.379216457178217 ], [ -91.563796160754052, 31.382134456954301 ] ] ] ] } },
{ "type": "Feature", "properties": { "hex_id": 25, "area_km2": 1039.2304845413275 }, "geometry": { "type": "Polygon", "coordinates": [ [ [ -90.926557577043738, 31.162681091299703 ], [ -91.106925374167915, 31.070708668699119 ], [ -91.28984325716084, 31.158848405315933 ], [ -91.292773438803039, 31.339198274709052 ], [ -91.112095070878269, 31.43143737274977 ], [ -90.928796909151416, 31.343058116339055 ], [ -90.926557577043738, 31.162681091299703 ] ] ] } },
{ "type": "Feature", "properties": { "hex_id": 26, "area_km2": 1039.2304845413275 }, "geometry": { "type": "Polygon", "coordinates": [ [ [ -90.563211741836412, 31.165488929976338 ], [ -90.743950526556176, 31.074017274895258 ], [ -90.926557577043738, 31.162681091299703 ], [ -90.928796909151416, 31.343058116339055 ], [ -90.747737999732507, 31.434793031965782 ], [ -90.564759748808527, 31.345885850716368 ], [ -90.563211741836412, 31.165488929976338 ] ] ] } },
{ "type": "Feature", "properties": { "hex_id": 27, "area_km2": 1039.2304845413275 }, "geometry": { "type": "Polygon", "coordinates": [ [ [ -90.199824318738138, 31.167271418208387 ], [ -90.380925004597501, 31.076304380479328 ], [ -90.563211741836412, 31.165488929976338 ], [ -90.564759748808527, 31.345885850716368 ], [ -90.383329449673681, 31.437112665317077 ], [ -90.200680671688346, 31.347680969857958 ], [ -90.199824318738138, 31.167271418208387 ] ] ] } },
{ "type": "Feature", "properties": { "hex_id": 28, "area_km2": 1039.2304845413275 }, "geometry": { "type": "Polygon", "coordinates": [ [ [ -89.836413887990673, 31.168028236519095 ], [ -90.017867310058278, 31.077569576086489 ], [ -90.199824318738138, 31.167271418208387 ], [ -90.200680671688346, 31.347680969857958 ], [ -90.018888216119507, 31.438395855515154 ], [ -89.836578404940525, 31.348443151209814 ], [ -89.836413887990673, 31.168028236519095 ] ] ] } },
{ "type": "Feature", "properties": { "hex_id": 29, "area_km2": 1039.2304845413257 }, "geometry": { "type": "Polygon", "coordinates": [ [ [ -89.47299903705354, 31.16775924924633 ], [ -89.654795954762093, 31.077812635222017 ], [ -89.836413887990673, 31.168028236519095 ], [ -89.836578404940525, 31.348443151209814 ], [ -89.654433104844912, 31.438642371680761 ], [ -89.472471683039259, 31.348172257802958 ], [ -89.47299903705354, 31.16775924924633 ] ] ] } },
{ "type": "Feature", "properties": { "hex_id": 30, "area_km2": 1039.2304845413241 }, "geometry": { "type": "Polygon", "coordinates": [ [ [ -89.109598354772928, 31.166464504608079 ], [ -89.291729454803814, 31.07703351437037 ], [ -89.472999037053526, 31.16775924924633 ], [ -89.472471683039259, 31.348172257802958 ], [ -89.289982926023555, 31.437852169455898 ], [ -89.108379241866089, 31.346868338319894 ], [ -89.109598354772928, 31.166464504608079 ] ] ] } },
{ "type": "Feature", "properties": { "hex_id": 31, "area_km2": 1039.2304845413241 }, "geometry": { "type": "Polygon", "coordinates": [ [ [ -88.746230425549996, 31.164144234679188 ], [ -88.928686324760108, 31.075232353016037 ], [ -89.109598354772928, 31.166464504608079 ], [ -89.108379241866089, 31.346868338319894 ], [ -88.925556488265599, 31.436025391025368 ], [ -88.744319812791545, 31.344531627070936 ], [ -88.746230425549996, 31.164144234679188 ] ] ] } },
{ "type": "Feature", "properties": { "hex_id": 32, "area_km2": 911.67776612839521 }, "geometry": { "type": "Polygon", "coordinates": [ [ [ -88.565685071901314, 31.072409473576535 ], [ -88.746230425549996, 31.164144234679188 ], [ -88.744319812791545, 31.344531627070936 ], [ -88.561172592656874, 31.433162365047732 ], [ -88.446213829307553, 31.374735056074218 ], [ -88.445208831046173, 31.355965168758718 ], [ -88.445181830909263, 31.355851168406353 ], [ -88.444156267850246, 31.339319136398561 ], [ -88.443808057386249, 31.333705906497418 ], [ -88.441096376469474, 31.289991479309226 ], [ -88.440387466958398, 31.278563270231675 ], [ -88.439708630002627, 31.267619681423614 ], [ -88.439151240534926, 31.2586341700998 ], [ -88.438780027989154, 31.252649995793657 ], [ -88.438980036572431, 31.246891990345734 ], [ -88.438211050250132, 31.231247974969399 ], [ -88.438104050522114, 31.230055974153192 ], [ -88.433507751074472, 31.142787232777422 ], [ -88.433178319606768, 31.136533527673006 ], [ -88.565685071901314, 31.072409473576535 ] ] ] } },
{ "type": "Feature", "properties": { "hex_id": 33, "area_km2": 69.051752991820578 }, "geometry": { "type": "MultiPolygon", "coordinates": [ [ [ [ -91.479701687624896, 31.607371780210247 ], [ -91.479296903341734, 31.585471363106276 ], [ -91.479418279820663, 31.585465801054973 ], [ -91.48521826142148, 31.586165922104634 ], [ -91.488618251821705, 31.587465974652215 ], [ -91.494118236930561, 31.590165042973414 ], [ -91.502783211931003, 31.595727106267667 ], [ -91.513010159612421, 31.606885045840453 ], [ -91.514815677659115, 31.609389003123344 ], [ -91.516567131538139, 31.611817979335441 ], [ -91.517233121317716, 31.613459949810132 ], [ -91.517921086663861, 31.618641842004184 ], [ -91.516980820872178, 31.625115587863302 ], [ -91.479701687624896, 31.607371780210247 ] ] ], [ [ [ -91.569468849747693, 31.379216457178217 ], [ -91.571234846137727, 31.384663189513443 ], [ -91.573931824098693, 31.390885339701779 ], [ -91.578334851039315, 31.399066604917778 ], [ -91.578246834613495, 31.403858688484025 ], [ -91.57626580880634, 31.410497780937479 ], [ -91.570092717541314, 31.419486810830797 ], [ -91.56517969755555, 31.423446816170074 ], [ -91.554805674223886, 31.428569799805189 ], [ -91.552750667393795, 31.430691799913255 ], [ -91.548465661060675, 31.432667756896219 ], [ -91.54501366032035, 31.433025699387912 ], [ -91.541626665158461, 31.431705614226871 ], [ -91.540647668546626, 31.430757580508047 ], [ -91.53713768685148, 31.424160380408033 ], [ -91.537002690198563, 31.423183362547977 ], [ -91.539504706260189, 31.417909325093476 ], [ -91.53945872003581, 31.414020261988668 ], [ -91.534424554257726, 31.397236270827086 ], [ -91.555541773971171, 31.386379710809504 ], [ -91.555680827650122, 31.386412034401367 ], [ -91.560524837744211, 31.384558060875019 ], [ -91.562555845025173, 31.38321806040565 ], [ -91.563796160754052, 31.382134456954301 ], [ -91.569468849747693, 31.379216457178217 ] ] ], [ [ [ -91.476381884000403, 31.427046291164519 ], [ -91.495700964651661, 31.417129169896651 ], [ -91.500046783488884, 31.420518494718536 ], [ -91.506423727046155, 31.431458715669578 ], [ -91.510356689535413, 31.438926910104318 ], [ -91.51336666239952, 31.444395060234449 ], [ -91.515130642101525, 31.449205172214775 ], [ -91.516999602082393, 31.460573385074639 ], [ -91.518148546911917, 31.483482796297437 ], [ -91.517140504426095, 31.498394024481865 ], [ -91.515157483695276, 31.503380075272947 ], [ -91.514917453162184, 31.510113181057402 ], [ -91.516759448047878, 31.511772232746189 ], [ -91.520579447210679, 31.513207302953649 ], [ -91.522862432225239, 31.517493392461112 ], [ -91.522920421881935, 31.519841427502705 ], [ -91.522536411003415, 31.522078456632538 ], [ -91.521445400314633, 31.523912473418111 ], [ -91.518042488472091, 31.528128968134123 ], [ -91.515810329829364, 31.530894700287199 ], [ -91.513963319220039, 31.532084699580164 ], [ -91.511217309523573, 31.532612681861991 ], [ -91.506719296469242, 31.532966642541066 ], [ -91.500118285296338, 31.532616565591276 ], [ -91.489618264796803, 31.534266452703299 ], [ -91.483918269618286, 31.532566343196823 ], [ -91.481318278832134, 31.530666270219935 ], [ -91.479718280093635, 31.53036623835311 ], [ -91.478288603009531, 31.530814045094104 ], [ -91.476381884000403, 31.427046291164519 ] ] ] ] } },
{ "type": "Feature", "properties": { "hex_id": 34, "area_km2": 992.17049710378137 }, "geometry": { "type": "Polygon", "coordinates": [ [ [ -91.298713340476823, 31.699882027989801 ], [ -91.114714957387477, 31.611793818156361 ], [ -91.112095070878269, 31.43143737274977 ], [ -91.292773438803039, 31.339198274709052 ], [ -91.476381884000403, 31.427046291164519 ], [ -91.478288603009531, 31.530814045094104 ], [ -91.455237700305446, 31.538031338541799 ], [ -91.450432962979093, 31.539535636706809 ], [ -91.450017254317984, 31.539665788283813 ], [ -91.443916304290084, 31.542465530742167 ], [ -91.437616370521781, 31.546165213286031 ], [ -91.426416550805044, 31.554564510449111 ], [ -91.422856871157279, 31.556915986909591 ], [ -91.419869871387178, 31.558889658654738 ], [ -91.419855508607043, 31.558899148969441 ], [ -91.414915967279654, 31.562163000660671 ], [ -91.407916068613531, 31.569362607287115 ], [ -91.407774470502147, 31.569645799857415 ], [ -91.406616085486718, 31.571962540769164 ], [ -91.405416129960628, 31.576462404733388 ], [ -91.404310981416941, 31.586261344929369 ], [ -91.403916125367573, 31.589762365038208 ], [ -91.413016013893539, 31.595361719120529 ], [ -91.417115963348763, 31.596261892209231 ], [ -91.422716890752753, 31.597062147621397 ], [ -91.430716675007289, 31.596462951198234 ], [ -91.436316605782125, 31.594963224152352 ], [ -91.451677485628167, 31.589603044808484 ], [ -91.457517383092195, 31.58756519557588 ], [ -91.466317321147557, 31.586065516117593 ], [ -91.467146736662386, 31.586027556077401 ], [ -91.479296903341748, 31.585471363106276 ], [ -91.479701687624896, 31.607371780210247 ], [ -91.457718296590684, 31.618631465809617 ], [ -91.43671658975731, 31.612663090466363 ], [ -91.429616672894412, 31.611362809156141 ], [ -91.421116861989049, 31.611562113132798 ], [ -91.416498906816969, 31.613129941586603 ], [ -91.401016014238891, 31.620361524878437 ], [ -91.400943543501626, 31.620519886030738 ], [ -91.398315960688407, 31.626261615832526 ], [ -91.396400756973932, 31.637578467581278 ], [ -91.396115886515545, 31.639261755257959 ], [ -91.395715855934483, 31.644161819382944 ], [ -91.396439534126017, 31.649984139044967 ], [ -91.298713340476823, 31.699882027989801 ] ] ] } },
{ "type": "Feature", "properties": { "hex_id": 35, "area_km2": 1039.2304845413275 }, "geometry": { "type": "Polygon", "coordinates": [ [ [ -90.747737999732507, 31.434793031965782 ], [ -90.928796909151416, 31.343058116339055 ], [ -91.112095070878269, 31.43143737274977 ], [ -91.114714957387477, 31.611793818156361 ], [ -90.93333636685513, 31.703796486691694 ], [ -90.749657409185261, 31.61517313612465 ], [ -90.747737999732507, 31.434793031965782 ] ] ] } },
{ "type": "Feature", "properties": { "hex_id": 36, "area_km2": 1039.2304845413275 }, "geometry": { "type": "Polygon", "coordinates": [ [ [ -90.383329449673681, 31.437112665317077 ], [ -90.564759748808527, 31.345885850716368 ], [ -90.747737999732507, 31.434793031965782 ], [ -90.749657409185261, 31.61517313612465 ], [ -90.567897792107644, 31.706664236590843 ], [ -90.384547971672347, 31.617509124809708 ], [ -90.383329449673681, 31.437112665317077 ] ] ] } },
{ "type": "Feature", "properties": { "hex_id": 37, "area_km2": 1039.2304845413275 }, "geometry": { "type": "Polygon", "coordinates": [ [ [ -90.018888216119507, 31.438395855515154 ], [ -90.200680671688346, 31.347680969857958 ], [ -90.383329449673681, 31.437112665317077 ], [ -90.384547971672347, 31.617509124809708 ], [ -90.20241662950778, 31.70848475987523 ], [ -90.019405590052841, 31.618801362904964 ], [ -90.018888216119507, 31.438395855515154 ] ] ] } },
{ "type": "Feature", "properties": { "hex_id": 38, "area_km2": 1039.2304845413275 }, "geometry": { "type": "Polygon", "coordinates": [ [ [ -89.654433104844912, 31.438642371680761 ], [ -89.836578404940525, 31.348443151209814 ], [ -90.018888216119507, 31.438395855515154 ], [ -90.019405590052841, 31.618801362904964 ], [ -89.836911905961813, 31.709257727748785 ], [ -89.654249220042345, 31.619049617307844 ], [ -89.654433104844912, 31.438642371680761 ] ] ] } },
{ "type": "Feature", "properties": { "hex_id": 39, "area_km2": 1039.2304845413257 }, "geometry": { "type": "Polygon", "coordinates": [ [ [ -89.289982926023555, 31.437852169455898 ], [ -89.472471683039259, 31.348172257802958 ], [ -89.654433104844912, 31.438642371680761 ], [ -89.654249220042345, 31.619049617307844 ], [ -89.471402655920443, 31.708983000591729 ], [ -89.289097821820732, 31.618253843233159 ], [ -89.289982926023555, 31.437852169455898 ] ] ] } },
{ "type": "Feature", "properties": { "hex_id": 40, "area_km2": 1039.2304845413241 }, "geometry": { "type": "Polygon", "coordinates": [ [ [ -88.925556488265599, 31.436025391025368 ], [ -89.108379241866089, 31.346868338319894 ], [ -89.289982926023555, 31.437852169455898 ], [ -89.289097821820732, 31.618253843233159 ], [ -89.105907915283979, 31.707660628028737 ], [ -88.923970353981119, 31.616414184234966 ], [ -88.925556488265599, 31.436025391025368 ] ] ] } },
{ "type": "Feature", "properties": { "hex_id": 41, "area_km2": 1039.2304845413241 }, "geometry": { "type": "Polygon", "coordinates": [ [ [ -88.561172592656888, 31.433162365047732 ], [ -88.744319812791545, 31.344531627070936 ], [ -88.925556488265599, 31.436025391025368 ], [ -88.923970353981119, 31.616414184234966 ], [ -88.740446715306319, 31.70529084890471 ], [ -88.558885767480177, 31.613530972136648 ], [ -88.561172592656888, 31.433162365047732 ] ] ] } },
{ "type": "Feature", "properties": { "hex_id": 42, "area_km2": 259.90406192782615 }, "geometry": { "type": "Polygon", "coordinates": [ [ [ -88.561172592656874, 31.433162365047732 ], [ -88.558885767480163, 31.613530972136648 ], [ -88.462021349856244, 31.660131362066906 ], [ -88.460629411119001, 31.638261880564709 ], [ -88.459721562240773, 31.623998901936346 ], [ -88.459477571232611, 31.621648873652497 ], [ -88.457771299648485, 31.589583291989861 ], [ -88.456330362786005, 31.562504468838625 ], [ -88.453609331630247, 31.511371402524507 ], [ -88.453573840986337, 31.510704460688959 ], [ -88.45329042106745, 31.505378401967572 ], [ -88.453012748733443, 31.500160347872622 ], [ -88.45157477951598, 31.481529351581166 ], [ -88.45104481870689, 31.459444360546311 ], [ -88.449569511581615, 31.435831137511538 ], [ -88.449569140649928, 31.435825200682896 ], [ -88.44865992775533, 31.421273338261589 ], [ -88.448685927157513, 31.420884336500105 ], [ -88.446213829307553, 31.374735056074218 ], [ -88.561172592656874, 31.433162365047732 ] ] ] } },
{ "type": "Feature", "properties": { "hex_id": 43, "area_km2": 136.77229710630505 }, "geometry": { "type": "MultiPolygon", "coordinates": [ [ [ [ -91.479701687624896, 31.607371780210247 ], [ -91.516980820872178, 31.625115587863302 ], [ -91.516658978420836, 31.627331305538583 ], [ -91.515461957591029, 31.630371250973838 ], [ -91.512335933338463, 31.634721195893512 ], [ -91.507309920426508, 31.639067165788433 ], [ -91.499277916103253, 31.644657144679606 ], [ -91.497664918782149, 31.645370141687984 ], [ -91.494477937164305, 31.645012134599934 ], [ -91.492747951312765, 31.644278128872017 ], [ -91.490026988173966, 31.640999121332072 ], [ -91.487518028342095, 31.637064118895459 ], [ -91.482618092202159, 31.631564103639793 ], [ -91.479818125207544, 31.628964087807205 ], [ -91.474318189193923, 31.625363994714867 ], [ -91.463817319366058, 31.620363917008877 ], [ -91.457718296590684, 31.618631465809617 ], [ -91.479701687624896, 31.607371780210247 ] ] ], [ [ [ -91.298713340476823, 31.699882027989801 ], [ -91.396439534126017, 31.649984139044967 ], [ -91.398015707998724, 31.662662152221621 ], [ -91.400115524474316, 31.6881615897872 ], [ -91.400015439247952, 31.697861765631764 ], [ -91.397915349999622, 31.709361931864766 ], [ -91.397115338516457, 31.711361950117773 ], [ -91.380915233122479, 31.732462107494321 ], [ -91.380239186084808, 31.733240032033201 ], [ -91.371804263694685, 31.742946038598923 ], [ -91.365034282630177, 31.748181985899059 ], [ -91.356394366367695, 31.74910380634844 ], [ -91.338663529476847, 31.750002451253394 ], [ -91.31981667003005, 31.749986107148427 ], [ -91.31786211538531, 31.7497885041107 ], [ -91.310734743111482, 31.749067940543277 ], [ -91.299494141392046, 31.746814785246645 ], [ -91.298713340476823, 31.699882027989801 ] ] ], [ [ [ -91.299834859644477, 31.767260467606246 ], [ -91.301315658354582, 31.766745053731107 ], [ -91.325973521559575, 31.761507416194416 ], [ -91.355214281750307, 31.758060955576049 ], [ -91.365529132508499, 31.761626254156319 ], [ -91.363713950947485, 31.780361489405781 ], [ -91.359513848470641, 31.799360607246079 ], [ -91.346284750419784, 31.841059916590631 ], [ -91.345713777852779, 31.842859688195954 ], [ -91.343013784635701, 31.846859700145171 ], [ -91.338413800718527, 31.851259709389257 ], [ -91.327913846360573, 31.854759688684435 ], [ -91.307512935723267, 31.856459611134106 ], [ -91.301357604568537, 31.858382877258421 ], [ -91.299834859644477, 31.767260467606246 ] ] ] ] } },
{ "type": "Feature", "properties": { "hex_id": 44, "area_km2": 975.30283303494105 }, "geometry": { "type": "Polygon", "coordinates": [ [ [ -91.120025740047367, 31.9724908045924 ], [ -90.935636815950602, 31.884157796604011 ], [ -90.93333636685513, 31.703796486691694 ], [ -91.114714957387477, 31.611793818156361 ], [ -91.298713340476823, 31.699882027989801 ], [ -91.299494141392046, 31.746814785246645 ], [ -91.291723891579622, 31.745256605214863 ], [ -91.275545971914823, 31.745511406967022 ], [ -91.26340697764266, 31.754464364119716 ], [ -91.259611952157812, 31.761286403242501 ], [ -91.263043897420999, 31.766991514556594 ], [ -91.266279524820732, 31.768241199593476 ], [ -91.273874806712627, 31.771174708614691 ], [ -91.286045719232959, 31.772058893023171 ], [ -91.299834859644477, 31.767260467606246 ], [ -91.301357604568537, 31.858382877258421 ], [ -91.294712976626684, 31.860458607121185 ], [ -91.293412984227331, 31.860158593331093 ], [ -91.289312084355643, 31.846859297928727 ], [ -91.290135168103589, 31.833656042313216 ], [ -91.289412208359565, 31.828658935508589 ], [ -91.287812258855197, 31.824158803332359 ], [ -91.284912322629154, 31.818359653039259 ], [ -91.282212368960984, 31.814759548549059 ], [ -91.280212395035917, 31.813159491953229 ], [ -91.27671243262121, 31.811359412557277 ], [ -91.269212493922396, 31.809159304086233 ], [ -91.262011538050203, 31.809359216233862 ], [ -91.255611551005643, 31.812659200815705 ], [ -91.250111543972181, 31.817759234713524 ], [ -91.247367524400644, 31.822320295088677 ], [ -91.24504746008175, 31.83144448766944 ], [ -91.245624442408015, 31.833162534883037 ], [ -91.261144236297483, 31.846117054932535 ], [ -91.266612161944266, 31.851159244464036 ], [ -91.268112137897717, 31.853059308184164 ], [ -91.268812116992976, 31.855159368366184 ], [ -91.269012087276735, 31.858659459470303 ], [ -91.267712062071908, 31.862658550548186 ], [ -91.266957377988803, 31.863664809550642 ], [ -91.266512055582851, 31.864258580768961 ], [ -91.264412057256479, 31.865458590767449 ], [ -91.248144124952077, 31.869846480025227 ], [ -91.234899134447289, 31.876861545900386 ], [ -91.226951177501505, 31.885103449097993 ], [ -91.208810471921439, 31.900456610550183 ], [ -91.205110492809581, 31.90415655688485 ], [ -91.202810495792747, 31.907956554972596 ], [ -91.201010506025696, 31.909156528257075 ], [ -91.197510539079857, 31.908656432907993 ], [ -91.193810563561058, 31.909556364980794 ], [ -91.192610569102342, 31.910156350509954 ], [ -91.191986072623649, 31.91112779307419 ], [ -91.190810565470898, 31.912956367818087 ], [ -91.189210568228944, 31.91425636333047 ], [ -91.18619645572754, 31.915210802542745 ], [ -91.183210592208241, 31.916156301549851 ], [ -91.181228249429012, 31.91752869472171 ], [ -91.180610593607796, 31.917956303748653 ], [ -91.181110576346981, 31.92005635931493 ], [ -91.18491052907541, 31.923756503880192 ], [ -91.184626057361996, 31.925984232111745 ], [ -91.183710406790823, 31.933155870227782 ], [ -91.184710389156521, 31.935055928166928 ], [ -91.191110360161915, 31.934155989701015 ], [ -91.192910344713027, 31.934956033063884 ], [ -91.193112060319478, 31.935426726812047 ], [ -91.120025740047367, 31.9724908045924 ] ] ] } },
{ "type": "Feature", "properties": { "hex_id": 45, "area_km2": 1039.2304845413275 }, "geometry": { "type": "Polygon", "coordinates": [ [ [ -90.567897792107644, 31.706664236590843 ], [ -90.749657409185261, 31.61517313612465 ], [ -90.93333636685513, 31.703796486691694 ], [ -90.935636815950602, 31.884157796604011 ], [ -90.753548257888056, 31.975917709447664 ], [ -90.569488052141082, 31.887045667981553 ], [ -90.567897792107644, 31.706664236590843 ] ] ] } },
{ "type": "Feature", "properties": { "hex_id": 46, "area_km2": 1039.2304845413275 }, "geometry": { "type": "Polygon", "coordinates": [ [ [ -90.20241662950778, 31.70848475987523 ], [ -90.384547971672347, 31.617509124809708 ], [ -90.567897792107644, 31.706664236590843 ], [ -90.569488052141082, 31.887045667981553 ], [ -90.387018048988693, 31.978286595088218 ], [ -90.203296358157971, 31.888878965551804 ], [ -90.20241662950778, 31.70848475987523 ] ] ] } },
{ "type": "Feature", "properties": { "hex_id": 47, "area_km2": 1039.2304845413275 }, "geometry": { "type": "Polygon", "coordinates": [ [ [ -89.836911905961813, 31.709257727748785 ], [ -90.019405590052841, 31.618801362904964 ], [ -90.20241662950778, 31.70848475987523 ], [ -90.203296358157971, 31.888878965551804 ], [ -90.020454364195302, 31.979597032056141 ], [ -89.837080913815441, 31.889657357352956 ], [ -89.836911905961813, 31.709257727748785 ] ] ] } },
{ "type": "Feature", "properties": { "hex_id": 48, "area_km2": 1039.2304845413257 }, "geometry": { "type": "Polygon", "coordinates": [ [ [ -89.471402655920443, 31.708983000591729 ], [ -89.654249220042345, 31.619049617307844 ], [ -89.836911905961813, 31.709257727748785 ], [ -89.837080913815441, 31.889657357352956 ], [ -89.65387646518289, 31.979848782738273 ], [ -89.470860906585258, 31.889380702420887 ], [ -89.471402655920443, 31.708983000591729 ] ] ] } },
{ "type": "Feature", "properties": { "hex_id": 49, "area_km2": 1039.2304845413241 }, "geometry": { "type": "Polygon", "coordinates": [ [ [ -89.105907915283979, 31.707660628028737 ], [ -89.289097821820732, 31.618253843233159 ], [ -89.471402655920443, 31.708983000591729 ], [ -89.470860906585258, 31.889380702420887 ], [ -89.287303618225494, 31.97904180148279 ], [ -89.104655525410394, 31.88804905085809 ], [ -89.105907915283979, 31.707660628028737 ] ] ] } },
{ "type": "Feature", "properties": { "hex_id": 50, "area_km2": 1039.2304845413241 }, "geometry": { "type": "Polygon", "coordinates": [ [ [ -88.740446715306319, 31.70529084890471 ], [ -88.923970353981119, 31.616414184234966 ], [ -89.105907915283979, 31.707660628028737 ], [ -89.104655525410394, 31.88804905085809 ], [ -88.920755087962519, 31.977176234621616 ], [ -88.738483954517875, 31.885662643809205 ], [ -88.740446715306319, 31.70529084890471 ] ] ] } },
{ "type": "Feature", "properties": { "hex_id": 51, "area_km2": 813.82157885697802 }, "geometry": { "type": "Polygon", "coordinates": [ [ [ -88.558885767480163, 31.613530972136648 ], [ -88.740446715306319, 31.70529084890471 ], [ -88.738483954517875, 31.885662643809205 ], [ -88.554250131166242, 31.974252420398653 ], [ -88.46881726004672, 31.93107953163225 ], [ -88.468874208463916, 31.930322543098196 ], [ -88.468874337690295, 31.930320825398859 ], [ -88.468878953374627, 31.930259472922703 ], [ -88.473226889484067, 31.893852933863954 ], [ -88.472641795927871, 31.875149762760852 ], [ -88.471213703272724, 31.851381533643412 ], [ -88.471105701344399, 31.850945529643464 ], [ -88.469824922443905, 31.819296808216031 ], [ -88.469053011528388, 31.800221079939568 ], [ -88.468668476415374, 31.790717908644645 ], [ -88.468196710625648, 31.781657300362106 ], [ -88.465106664959308, 31.722308414177398 ], [ -88.46442662059161, 31.697948460720067 ], [ -88.464424641170936, 31.697877558390172 ], [ -88.463852528869211, 31.688890717693337 ], [ -88.462021349856244, 31.660131362066906 ], [ -88.558885767480163, 31.613530972136648 ] ] ] } },
{ "type": "Feature", "properties": { "hex_id": 52, "area_km2": 49.179655692505769 }, "geometry": { "type": "MultiPolygon", "coordinates": [ [ [ [ -91.12271701708049, 32.152831309707167 ], [ -91.122314516034876, 32.12596275759816 ], [ -91.131403270631282, 32.126212266083655 ], [ -91.13656627340913, 32.127370275075627 ], [ -91.144400279076365, 32.130389276701521 ], [ -91.155043287805356, 32.132242281463377 ], [ -91.162822295732909, 32.132693281973744 ], [ -91.165452298958385, 32.134289273808776 ], [ -91.171702310733707, 32.144249224620026 ], [ -91.173495312333841, 32.149008203368609 ], [ -91.174552309987718, 32.154977179312105 ], [ -91.173664296103311, 32.16423014780591 ], [ -91.171174939117009, 32.17592090030999 ], [ -91.12271701708049, 32.152831309707167 ] ] ], [ [ [ -91.120025740047367, 31.9724908045924 ], [ -91.193112060319478, 31.935426726812047 ], [ -91.193210338786983, 31.935656052969239 ], [ -91.189510301265997, 31.946356243432287 ], [ -91.188810272774404, 31.953156383742787 ], [ -91.189110253785614, 31.957456477654475 ], [ -91.188310243999496, 31.960956543636765 ], [ -91.184810240492411, 31.965555611978861 ], [ -91.18048551399707, 31.970055728507401 ], [ -91.177410238553321, 31.973255723994729 ], [ -91.170210213783065, 31.979055986667728 ], [ -91.164410216246566, 31.982556018039165 ], [ -91.120238176609718, 31.986785041011679 ], [ -91.120025740047367, 31.9724908045924 ] ] ], [ [ [ -91.121061911218234, 32.042115711547119 ], [ -91.125109329763461, 32.042853713923179 ], [ -91.145110281641578, 32.046554029120173 ], [ -91.15141027324961, 32.049254108985764 ], [ -91.156310269841896, 32.052654166508276 ], [ -91.159010269868475, 32.055954199397149 ], [ -91.161310271327636, 32.059754229198795 ], [ -91.162010272665214, 32.062354243064497 ], [ -91.162010274258392, 32.065353254593596 ], [ -91.161610275353468, 32.067753262351928 ], [ -91.16031027628668, 32.070353267168237 ], [ -91.155810262943078, 32.075553394553701 ], [ -91.148810259020394, 32.080153403198807 ], [ -91.145110257170131, 32.081353399137704 ], [ -91.139309255336272, 32.081753379861404 ], [ -91.134909256153023, 32.080353347075217 ], [ -91.128609262299037, 32.076553267718275 ], [ -91.124109292276373, 32.071853002588369 ], [ -91.121450489422969, 32.068163882842626 ], [ -91.121061911218234, 32.042115711547119 ] ] ] ] } },
{ "type": "Feature", "properties": { "hex_id": 53, "area_km2": 942.95857304745118 }, "geometry": { "type": "Polygon", "coordinates": [ [ [ -90.940299979757697, 32.244864578796886 ], [ -90.755519976299695, 32.15628214469001 ], [ -90.753548257888056, 31.975917709447664 ], [ -90.935636815950602, 31.884157796604011 ], [ -91.120025740047367, 31.9724908045924 ], [ -91.120238176609718, 31.986785041011679 ], [ -91.117409387999331, 31.987055333340901 ], [ -91.104108436892986, 31.990355110452896 ], [ -91.09610846250051, 31.994854990585367 ], [ -91.090105480589386, 32.000154904489683 ], [ -91.075908534003148, 32.0168256591123 ], [ -91.079928512499237, 32.018313758004389 ], [ -91.080808505372588, 32.023453791171619 ], [ -91.082608524668657, 32.028653680165775 ], [ -91.084408513367265, 32.031453735734658 ], [ -91.088108491945917, 32.034452841924058 ], [ -91.095508453054094, 32.037453037352734 ], [ -91.121061911218234, 32.042115711547119 ], [ -91.121450489422969, 32.068163882842633 ], [ -91.114309344429344, 32.05825365450589 ], [ -91.103708397262707, 32.050253344857403 ], [ -91.098708421352171, 32.048353213896007 ], [ -91.082308499940325, 32.047552811697614 ], [ -91.080208509130813, 32.048352766552384 ], [ -91.079108510761102, 32.050252760161605 ], [ -91.081708367356228, 32.07575255857045 ], [ -91.081508360842449, 32.077752596217316 ], [ -91.080008363482719, 32.079152584321712 ], [ -91.066679459290839, 32.085328104952801 ], [ -91.038607578239379, 32.098251590825711 ], [ -91.034707593933916, 32.101050538378111 ], [ -91.030507607015267, 32.108150536598139 ], [ -91.030707098322708, 32.114334509322134 ], [ -91.030907594893662, 32.120549700386086 ], [ -91.030799785346375, 32.120563547555641 ], [ -91.027007615031764, 32.121050617872903 ], [ -91.020006664757602, 32.123550426887753 ], [ -91.017606683203738, 32.12515046081004 ], [ -91.011806704295509, 32.131150430645789 ], [ -91.006406719071833, 32.139949434847999 ], [ -91.005006721380099, 32.142849439660417 ], [ -91.004106721556113, 32.146149454445464 ], [ -91.002906707716733, 32.162049544690404 ], [ -91.016606641743579, 32.160849758770453 ], [ -91.025007586138216, 32.162549953404891 ], [ -91.031907545500019, 32.167849097879653 ], [ -91.041807492405312, 32.174549288964883 ], [ -91.050207460301849, 32.178449412341969 ], [ -91.0583074258263, 32.180949551737022 ], [ -91.058907427411469, 32.171249525068035 ], [ -91.055707446908357, 32.163750443526304 ], [ -91.049707479358673, 32.157350320693766 ], [ -91.048507492461596, 32.150150259884256 ], [ -91.050207489654028, 32.145250256952821 ], [ -91.051207486108339, 32.144150266458411 ], [ -91.053175469529563, 32.124235233568633 ], [ -91.061555448452467, 32.126905346706685 ], [ -91.06908141179278, 32.131476508079665 ], [ -91.077043353317421, 32.133491744389524 ], [ -91.08163033504151, 32.133990819981619 ], [ -91.091656300892907, 32.133602967140909 ], [ -91.101181274906125, 32.1311350929982 ], [ -91.103696268967312, 32.130006125803725 ], [ -91.111294252797308, 32.125035229419453 ], [ -91.113174226948587, 32.125543243704612 ], [ -91.113866250970432, 32.125730244936193 ], [ -91.122314516034876, 32.12596275759816 ], [ -91.12271701708049, 32.152831309707167 ], [ -91.00450737071759, 32.212521169140672 ], [ -91.004507596853188, 32.212513708333169 ], [ -91.002467654950237, 32.195857567277763 ], [ -91.001108668248222, 32.192797526876696 ], [ -90.99854268341177, 32.191575475007546 ], [ -90.99515969676024, 32.192117417024434 ], [ -90.99328969992979, 32.194497395382982 ], [ -90.992822939063117, 32.195244165098835 ], [ -90.98904070322908, 32.20129535711358 ], [ -90.98377171747596, 32.210643329741529 ], [ -90.983434713377562, 32.221302423226 ], [ -90.983379239820849, 32.223170181638615 ], [ -90.940299979757697, 32.244864578796886 ] ] ] } },
{ "type": "Feature", "properties": { "hex_id": 54, "area_km2": 1039.2304845413275 }, "geometry": { "type": "Polygon", "coordinates": [ [ [ -90.387018048988693, 31.978286595088218 ], [ -90.569488052141082, 31.887045667981553 ], [ -90.753548257888056, 31.975917709447664 ], [ -90.755519976299695, 32.15628214469001 ], [ -90.572711619571621, 32.247792924780946 ], [ -90.388269781580576, 32.158667573330824 ], [ -90.387018048988693, 31.978286595088218 ] ] ] } },
{ "type": "Feature", "properties": { "hex_id": 55, "area_km2": 1039.2304845413275 }, "geometry": { "type": "Polygon", "coordinates": [ [ [ -90.020454364195302, 31.979597032056141 ], [ -90.203296358157971, 31.888878965551804 ], [ -90.387018048988693, 31.978286595088218 ], [ -90.388269781580576, 32.158667573330824 ], [ -90.205079630661629, 32.249651918028881 ], [ -90.020985839685451, 32.159987162037098 ], [ -90.020454364195302, 31.979597032056141 ] ] ] } },
{ "type": "Feature", "properties": { "hex_id": 56, "area_km2": 1039.2304845413275 }, "geometry": { "type": "Polygon", "coordinates": [ [ [ -89.65387646518289, 31.979848782738273 ], [ -89.837080913815441, 31.889657357352956 ], [ -90.020454364195302, 31.979597032056141 ], [ -90.020985839685451, 32.159987162037098 ], [ -89.837423504869008, 32.250441220155764 ], [ -89.653687568368852, 32.16024067090779 ], [ -89.65387646518289, 31.979848782738273 ] ] ] } },
{ "type": "Feature", "properties": { "hex_id": 57, "area_km2": 1039.2304845413257 }, "geometry": { "type": "Polygon", "coordinates": [ [ [ -89.287303618225494, 31.97904180148279 ], [ -89.470860906585258, 31.889380702420887 ], [ -89.65387646518289, 31.979848782738273 ], [ -89.653687568368852, 32.16024067090779 ], [ -89.469762741925294, 32.250160687469702 ], [ -89.286394390053744, 32.159428053851499 ], [ -89.287303618225494, 31.97904180148279 ] ] ] } },
{ "type": "Feature", "properties": { "hex_id": 58, "area_km2": 1039.2304845413241 }, "geometry": { "type": "Polygon", "coordinates": [ [ [ -88.920755087962519, 31.977176234621616 ], [ -89.104655525410394, 31.88804905085809 ], [ -89.287303618225494, 31.97904180148279 ], [ -89.286394390053744, 32.159428053851499 ], [ -89.102116843077965, 32.248810371042737 ], [ -88.919125725503733, 32.157549458609182 ], [ -88.920755087962519, 31.977176234621616 ] ] ] } },
{ "type": "Feature", "properties": { "hex_id": 59, "area_km2": 1039.2304845413241 }, "geometry": { "type": "Polygon", "coordinates": [ [ [ -88.554250131166242, 31.974252420398653 ], [ -88.738483954517875, 31.885662643809205 ], [ -88.920755087962519, 31.977176234621616 ], [ -88.919125725503733, 32.157549458609182 ], [ -88.734505304715199, 32.246390516685643 ], [ -88.551900987496779, 32.154605226681326 ], [ -88.554250131166242, 31.974252420398653 ] ] ] } },
{ "type": "Feature", "properties": { "hex_id": 60, "area_km2": 244.1223666046626 }, "geometry": { "type": "Polygon", "coordinates": [ [ [ -88.554250131166242, 31.974252420398653 ], [ -88.551900987496779, 32.154605226681326 ], [ -88.433502337571483, 32.211180141271321 ], [ -88.433836574528698, 32.20868759706584 ], [ -88.435810009281198, 32.193973441051234 ], [ -88.438649347841903, 32.172803061360604 ], [ -88.438709350710042, 32.172075058716239 ], [ -88.441878583572986, 32.146427308272116 ], [ -88.442846274321525, 32.138596004845411 ], [ -88.443049222120308, 32.136953590990643 ], [ -88.453417262061109, 32.05304600330841 ], [ -88.453883068364277, 32.049276340791877 ], [ -88.454958597489806, 32.040572382779182 ], [ -88.455038599466647, 32.039715392299016 ], [ -88.468659949826346, 31.93317050191731 ], [ -88.46881726004672, 31.93107953163225 ], [ -88.554250131166242, 31.974252420398653 ] ] ] } },
{ "type": "Feature", "properties": { "hex_id": 61, "area_km2": 178.02010805857213 }, "geometry": { "type": "MultiPolygon", "coordinates": [ [ [ [ -90.942663031210841, 32.425210016796697 ], [ -90.941619757465574, 32.345787855245824 ], [ -90.942981534064799, 32.345954443584809 ], [ -90.954583475001897, 32.345857672452269 ], [ -90.986672387678183, 32.351759179559551 ], [ -90.99362537245716, 32.354046247026922 ], [ -91.000106363502425, 32.357694286046979 ], [ -91.003506371624752, 32.36214428060412 ], [ -91.004506380355849, 32.364743265358094 ], [ -91.004506395804171, 32.368143230604609 ], [ -91.000606479005398, 32.381642939488408 ], [ -90.99623752384548, 32.388059808298777 ], [ -90.994686549503058, 32.392275735149887 ], [ -90.993780574539386, 32.396776665567756 ], [ -90.994080608619612, 32.403860578042419 ], [ -90.98072367567778, 32.408241332233935 ], [ -90.974461716191271, 32.41199916184523 ], [ -90.971141738818048, 32.414634074697823 ], [ -90.967767765850596, 32.418276973063598 ], [ -90.96625578276003, 32.421024912745509 ], [ -90.96598680029129, 32.424803858491885 ], [ -90.966457833093614, 32.433865764554589 ], [ -90.966869839522829, 32.435496748428079 ], [ -90.968067032220048, 32.437326878029481 ], [ -90.942663031210841, 32.425210016796697 ] ] ], [ [ [ -90.995871502080718, 32.45057894498261 ], [ -90.998974836446564, 32.450163054376908 ], [ -91.004806795042271, 32.445739237561931 ], [ -91.01650673266947, 32.440340539447568 ], [ -91.026306662440106, 32.434440858699404 ], [ -91.029606647304504, 32.433540923142665 ], [ -91.052907611510307, 32.43844119361497 ], [ -91.070207620951152, 32.445140301894405 ], [ -91.081807621003065, 32.450440292118955 ], [ -91.095308660929334, 32.458740209781631 ], [ -91.108808779087312, 32.472039006861571 ], [ -91.112108916463171, 32.476138431265959 ], [ -91.116008963684806, 32.483138348064728 ], [ -91.117309036131672, 32.495037199917157 ], [ -91.116709065509667, 32.500137140596912 ], [ -91.112744099463654, 32.506171043712165 ], [ -90.995871502080718, 32.45057894498261 ] ] ], [ [ [ -91.12271701708049, 32.152831309707167 ], [ -91.171174939117009, 32.17592090030999 ], [ -91.171046271234417, 32.17652508718551 ], [ -91.168073257430208, 32.186634066842068 ], [ -91.164171245862519, 32.196887060467681 ], [ -91.162062243345972, 32.199034062553153 ], [ -91.158026240117096, 32.201955068278878 ], [ -91.133587235010012, 32.213431124993214 ], [ -91.130197235981697, 32.213665131568355 ], [ -91.128495237058715, 32.213168133074298 ], [ -91.124043233937684, 32.211103221920091 ], [ -91.117270242671992, 32.206667212919065 ], [ -91.114084245785548, 32.206696209782123 ], [ -91.11300924708938, 32.206549207672644 ], [ -91.108509250675766, 32.208149201813022 ], [ -91.100409247220526, 32.217849201479503 ], [ -91.092108247125367, 32.22384917136511 ], [ -91.083708225522912, 32.226449114831986 ], [ -91.075108242943415, 32.227049013700416 ], [ -91.071108269310002, 32.226048898821425 ], [ -91.061408333169084, 32.218648759984184 ], [ -91.055107335378466, 32.224748695881921 ], [ -91.053107316724265, 32.227948642199827 ], [ -91.051807307826593, 32.23444766036765 ], [ -91.050383958669627, 32.23776880946442 ], [ -91.050307307442125, 32.237947662532221 ], [ -91.046507315856744, 32.241147632258446 ], [ -91.03900733271621, 32.242347527097131 ], [ -91.034307357057159, 32.241547452596151 ], [ -91.026607400653276, 32.238747307019558 ], [ -91.021507435887017, 32.236147192783818 ], [ -91.009606535993726, 32.226147883022861 ], [ -91.002906580843401, 32.223047773021797 ], [ -91.004337583342775, 32.218122751696328 ], [ -91.00450737071759, 32.212521169140672 ], [ -91.12271701708049, 32.152831309707167 ] ] ], [ [ [ -90.940299979757697, 32.244864578796886 ], [ -90.983379239820849, 32.223170181638615 ], [ -90.983135734088663, 32.23136846977301 ], [ -90.980290715269902, 32.243598615145821 ], [ -90.976139723152869, 32.248089631614327 ], [ -90.970016756141248, 32.251677527915106 ], [ -90.969403754517558, 32.25251753941059 ], [ -90.97134470604199, 32.257739711721513 ], [ -90.979663590912295, 32.265250112456947 ], [ -90.981028572645499, 32.266731172280466 ], [ -90.982985535941509, 32.270292298321458 ], [ -90.984077377457197, 32.279952933326598 ], [ -90.980747309252962, 32.291409192743075 ], [ -90.979475299139978, 32.293701232707441 ], [ -90.976199287443549, 32.296449280339274 ], [ -90.974602275586861, 32.297121354236488 ], [ -90.971643275299812, 32.297496361593424 ], [ -90.964149282760246, 32.296871348485702 ], [ -90.963079286721481, 32.296284337158774 ], [ -90.961171306689366, 32.293287276659861 ], [ -90.955405367421676, 32.286240089499621 ], [ -90.95300839118498, 32.284042014920139 ], [ -90.951351401945075, 32.283197981718843 ], [ -90.947834404243565, 32.283484978363433 ], [ -90.940849465332832, 32.286945254997349 ], [ -90.940299979757697, 32.244864578796886 ] ] ] ] } },
{ "type": "Feature", "properties": { "hex_id": 62, "area_km2": 1016.310498076686 }, "geometry": { "type": "Polygon", "coordinates": [ [ [ -90.942663031210841, 32.425210016796697 ], [ -90.759516713316742, 32.516995228974039 ], [ -90.57434515983438, 32.428158717624122 ], [ -90.572711619571621, 32.247792924780946 ], [ -90.755519976299695, 32.15628214469001 ], [ -90.940299979757697, 32.244864578796886 ], [ -90.940849465332832, 32.286945254997349 ], [ -90.934527108334279, 32.290076740234873 ], [ -90.933991359104766, 32.290342121920347 ], [ -90.923449967333937, 32.297778596807341 ], [ -90.922231291989647, 32.298638301620812 ], [ -90.916157292818397, 32.303581275253691 ], [ -90.906548811912302, 32.314004068850885 ], [ -90.905173397036862, 32.315496030968035 ], [ -90.902558431885311, 32.319585894676088 ], [ -90.901240458862716, 32.323384762251564 ], [ -90.900720669029781, 32.330376850859309 ], [ -90.896364815106693, 32.336754269272589 ], [ -90.887919737310753, 32.349118755708901 ], [ -90.886454837717864, 32.351263533772254 ], [ -90.882530699798693, 32.357008937352205 ], [ -90.882161911358182, 32.357548889142443 ], [ -90.87652239035954, 32.370401465142258 ], [ -90.87563201786746, 32.372430636737477 ], [ -90.878290017973001, 32.374544653123408 ], [ -90.888813376767914, 32.373259241784048 ], [ -90.888947986912385, 32.373242799582997 ], [ -90.890162912492983, 32.372201956333647 ], [ -90.892060971008632, 32.370575867183554 ], [ -90.89776286270596, 32.354357187121202 ], [ -90.907756735243566, 32.343608615860234 ], [ -90.912363639562429, 32.339451826124815 ], [ -90.92117063373334, 32.34207094468276 ], [ -90.93489757433565, 32.344965294338813 ], [ -90.941619757465574, 32.345787855245824 ], [ -90.942663031210841, 32.425210016796697 ] ] ] } },
{ "type": "Feature", "properties": { "hex_id": 63, "area_km2": 1039.2304845413275 }, "geometry": { "type": "Polygon", "coordinates": [ [ [ -90.205079630661629, 32.249651918028881 ], [ -90.388269781580576, 32.158667573330824 ], [ -90.572711619571621, 32.247792924780946 ], [ -90.574345159834394, 32.428158717624122 ], [ -90.390807086816835, 32.519413936166629 ], [ -90.205983303364775, 32.430030633353326 ], [ -90.205079630661629, 32.249651918028881 ] ] ] } },
{ "type": "Feature", "properties": { "hex_id": 64, "area_km2": 1039.2304845413275 }, "geometry": { "type": "Polygon", "coordinates": [ [ [ -89.837423504869008, 32.250441220155764 ], [ -90.020985839685451, 32.159987162037098 ], [ -90.205079630661629, 32.249651918028881 ], [ -90.205983303364775, 32.430030633353326 ], [ -90.022063159528201, 32.520751934894037 ], [ -89.837597112825065, 32.430825422341009 ], [ -89.837423504869008, 32.250441220155764 ] ] ] } },
{ "type": "Feature", "properties": { "hex_id": 65, "area_km2": 1039.2304845413257 }, "geometry": { "type": "Polygon", "coordinates": [ [ [ -89.469762741925294, 32.250160687469702 ], [ -89.653687568368852, 32.16024067090779 ], [ -89.837423504869008, 32.250441220155764 ], [ -89.837597112825065, 32.430825422341009 ], [ -89.653304667720775, 32.521008980612571 ], [ -89.469206247248195, 32.430542939511504 ], [ -89.469762741925294, 32.250160687469702 ] ] ] } },
{ "type": "Feature", "properties": { "hex_id": 66, "area_km2": 1039.2304845413241 }, "geometry": { "type": "Polygon", "coordinates": [ [ [ -89.102116843077965, 32.248810371042737 ], [ -89.286394390053744, 32.159428053851499 ], [ -89.469762741925294, 32.250160687469702 ], [ -89.469206247248181, 32.430542939511504 ], [ -89.284551352475603, 32.520185026338808 ], [ -89.100830367206086, 32.429183236428727 ], [ -89.102116843077965, 32.248810371042737 ] ] ] } },
{ "type": "Feature", "properties": { "hex_id": 67, "area_km2": 1039.2304845413241 }, "geometry": { "type": "Polygon", "coordinates": [ [ [ -88.734505304715199, 32.246390516685643 ], [ -88.919125725503733, 32.157549458609182 ], [ -89.102116843077965, 32.248810371042737 ], [ -89.100830367206086, 32.429183236428727 ], [ -88.915822953163726, 32.518280222672935 ], [ -88.732489128337662, 32.426746561270484 ], [ -88.734505304715199, 32.246390516685643 ] ] ] } },
{ "type": "Feature", "properties": { "hex_id": 68, "area_km2": 924.88582097150072 }, "geometry": { "type": "Polygon", "coordinates": [ [ [ -88.551900987496779, 32.154605226681326 ], [ -88.734505304715199, 32.246390516685643 ], [ -88.732489128337662, 32.426746561270484 ], [ -88.547139200926338, 32.515294917723914 ], [ -88.404560857360892, 32.44358206887069 ], [ -88.41009524072976, 32.39926844749445 ], [ -88.412499095309684, 32.38002186686392 ], [ -88.413818082604919, 32.373918887629003 ], [ -88.414452363791028, 32.368498156735761 ], [ -88.414713439235541, 32.36626694027585 ], [ -88.414917701348998, 32.364521265557038 ], [ -88.42145208471095, 32.308676987232403 ], [ -88.424069618529387, 32.286226546702601 ], [ -88.427940110715511, 32.253029210951048 ], [ -88.428276972026836, 32.2501400455888 ], [ -88.431293063642229, 32.227651679076324 ], [ -88.433502337571483, 32.211180141271321 ], [ -88.551900987496779, 32.154605226681326 ] ] ] } },
{ "type": "Feature", "properties": { "hex_id": 69, "area_km2": 12.057821809574474 }, "geometry": { "type": "Polygon", "coordinates": [ [ [ -91.129303279114382, 32.587465067548322 ], [ -91.135280925653902, 32.591649741758943 ], [ -91.141148894654634, 32.597207764235172 ], [ -91.14407487736122, 32.600611764434078 ], [ -91.146204865941513, 32.60414275070891 ], [ -91.151318838651491, 32.615917677998425 ], [ -91.153556864365825, 32.626179479534457 ], [ -91.153649551495008, 32.627963557704817 ], [ -91.153821870265631, 32.631280436432981 ], [ -91.153744875837859, 32.635226405581065 ], [ -91.15269988999195, 32.640755356483041 ], [ -91.152081896078215, 32.64150634245906 ], [ -91.149753915328901, 32.64403929122291 ], [ -91.144347964344476, 32.648027174473931 ], [ -91.14203898610134, 32.649263124322744 ], [ -91.138713021159163, 32.649772053589032 ], [ -91.137639031745096, 32.650619028356083 ], [ -91.130929096963754, 32.658867871274197 ], [ -91.130414924427953, 32.659906390174307 ], [ -91.129303279114382, 32.587465067548322 ] ] ] } },
{ "type": "Feature", "properties": { "hex_id": 70, "area_km2": 922.43105049186158 }, "geometry": { "type": "Polygon", "coordinates": [ [ [ -90.947452932200221, 32.785884902306357 ], [ -90.761542022539118, 32.697343845249137 ], [ -90.759516713316742, 32.516995228974039 ], [ -90.942663031210841, 32.425210016796697 ], [ -90.968067032220048, 32.437326878029481 ], [ -90.968560847209957, 32.438081739483763 ], [ -90.969590851282646, 32.439487735940517 ], [ -90.978547867865743, 32.447029772482431 ], [ -90.983423867522319, 32.449074816872347 ], [ -90.993863852967607, 32.450847955687891 ], [ -90.995871502080718, 32.45057894498261 ], [ -91.112744099463654, 32.506171043712165 ], [ -91.106986176854747, 32.514931861521951 ], [ -91.101305138742973, 32.525597317785639 ], [ -91.098757154796672, 32.53296634378173 ], [ -91.097950162127532, 32.537212360353969 ], [ -91.097879171375766, 32.54475039882864 ], [ -91.093742198806765, 32.54912628990823 ], [ -91.074818252038924, 32.533464411413163 ], [ -91.07046825065531, 32.528168295191314 ], [ -91.060517248180176, 32.512358074742586 ], [ -91.050908178310465, 32.500136209517116 ], [ -91.045808148466293, 32.49553627656703 ], [ -91.038107115239598, 32.490437345600341 ], [ -91.033907104236434, 32.48853736184364 ], [ -91.024107093506373, 32.48523733022467 ], [ -91.017107088378879, 32.483737301852742 ], [ -91.004207086071915, 32.482137221311341 ], [ -90.999224092115526, 32.482612167032769 ], [ -90.996389101769367, 32.483922115559345 ], [ -90.990704126335032, 32.48774599735183 ], [ -90.988651592812388, 32.490658435732705 ], [ -90.988279145127095, 32.491186919971113 ], [ -90.987580151377173, 32.492383895820751 ], [ -90.987203167599745, 32.495659840694273 ], [ -90.988785192202883, 32.500837770422173 ], [ -90.99486822819442, 32.508607689476548 ], [ -91.00707626449686, 32.516367643341788 ], [ -91.018470286251386, 32.521015642204716 ], [ -91.051169296687092, 32.53088682860362 ], [ -91.061686295525433, 32.536445022481701 ], [ -91.066846123819388, 32.54031652641217 ], [ -91.075374277605306, 32.546715691795541 ], [ -91.080399274180905, 32.556439860900156 ], [ -91.070211362566781, 32.562536836982339 ], [ -91.069355344599941, 32.563049150346451 ], [ -91.049313400490291, 32.573620671758583 ], [ -91.04345231230198, 32.576266310058628 ], [ -91.036171387393296, 32.579552695405511 ], [ -91.030992390892607, 32.583343671589546 ], [ -91.022944373268473, 32.591844734343525 ], [ -91.016232374680598, 32.596949712671019 ], [ -91.013724374653179, 32.598415704076068 ], [ -91.010229376609061, 32.601923694890957 ], [ -91.004600383205727, 32.609776683410232 ], [ -91.002998389575907, 32.614674680123187 ], [ -91.002963402784829, 32.622551676311325 ], [ -91.003501407372511, 32.624841674945841 ], [ -91.006821442938644, 32.631257594756711 ], [ -91.014287469864385, 32.640478595099381 ], [ -91.019116480581786, 32.643841597693488 ], [ -91.025770507717468, 32.646569574689259 ], [ -91.030182509620388, 32.644048580329603 ], [ -91.038416505507158, 32.636439604660744 ], [ -91.040402499548634, 32.632517619716992 ], [ -91.041449484630689, 32.625131648779359 ], [ -91.043264444268445, 32.62077580495108 ], [ -91.048901426216318, 32.613552873257333 ], [ -91.049797414363454, 32.607184896298421 ], [ -91.061355391417365, 32.605369038920323 ], [ -91.079507335728366, 32.600677429043991 ], [ -91.087785291856918, 32.597067629667805 ], [ -91.105705178685739, 32.590877076634222 ], [ -91.112765129738818, 32.590184232020931 ], [ -91.118642076745914, 32.585137425924096 ], [ -91.119855067143234, 32.584793455243222 ], [ -91.125108989299562, 32.585185640585571 ], [ -91.127912970197826, 32.586491677750409 ], [ -91.129303279114382, 32.587465067548322 ], [ -91.130414924427953, 32.659906390174307 ], [ -91.127724127947033, 32.665340813881031 ], [ -91.118259305432971, 32.674072395749022 ], [ -91.104444321465238, 32.682431450154269 ], [ -91.098763356420207, 32.685288361096362 ], [ -91.081146446082585, 32.691124120422892 ], [ -91.076062466865778, 32.693748066207519 ], [ -91.063947493472483, 32.702922988497903 ], [ -91.057044526110573, 32.712572927961979 ], [ -91.054750544633919, 32.719225899778905 ], [ -91.05451518516233, 32.721886932721986 ], [ -91.054482552080657, 32.722255890642657 ], [ -91.057000593937474, 32.725576835880311 ], [ -91.060767593423932, 32.727490846309855 ], [ -91.062733769340085, 32.728094857414668 ], [ -90.947452932200221, 32.785884902306357 ] ] ] } },
{ "type": "Feature", "properties": { "hex_id": 71, "area_km2": 1039.2304845413275 }, "geometry": { "type": "Polygon", "coordinates": [ [ [ -90.390807086816835, 32.519413936166629 ], [ -90.574345159834394, 32.428158717624122 ], [ -90.759516713316742, 32.516995228974039 ], [ -90.761542022539118, 32.697343845249137 ], [ -90.577656347467737, 32.788874552263934 ], [ -90.392092844011231, 32.699779289420313 ], [ -90.390807086816835, 32.519413936166629 ] ] ] } },
{ "type": "Feature", "properties": { "hex_id": 72, "area_km2": 1039.2304845413275 }, "geometry": { "type": "Polygon", "coordinates": [ [ [ -90.022063159528201, 32.520751934894037 ], [ -90.205983303364775, 32.430030633353326 ], [ -90.390807086816835, 32.519413936166629 ], [ -90.392092844011231, 32.699779289420313 ], [ -90.207815050355009, 32.790772465011933 ], [ -90.022609082251861, 32.701126547220284 ], [ -90.022063159528201, 32.520751934894037 ] ] ] } },
{ "type": "Feature", "properties": { "hex_id": 73, "area_km2": 1039.2304845413275 }, "geometry": { "type": "Polygon", "coordinates": [ [ [ -89.653304667720775, 32.521008980612571 ], [ -89.837597112825065, 32.430825422341009 ], [ -90.022063159528201, 32.520751934894037 ], [ -90.022609082251861, 32.701126547220284 ], [ -89.837949016745938, 32.791578292294147 ], [ -89.653110636031244, 32.701385371749844 ], [ -89.653304667720775, 32.521008980612571 ] ] ] } },
{ "type": "Feature", "properties": { "hex_id": 74, "area_km2": 1039.2304845413257 }, "geometry": { "type": "Polygon", "coordinates": [ [ [ -89.284551352475603, 32.520185026338808 ], [ -89.469206247248195, 32.430542939511504 ], [ -89.653304667720775, 32.521008980612571 ], [ -89.653110636031244, 32.701385371749844 ], [ -89.468078230780591, 32.791291886226553 ], [ -89.283617409004137, 32.70055571557301 ], [ -89.284551352475603, 32.520185026338808 ] ] ] } },
{ "type": "Feature", "properties": { "hex_id": 75, "area_km2": 1039.2304845413241 }, "geometry": { "type": "Polygon", "coordinates": [ [ [ -88.915822953163726, 32.518280222672935 ], [ -89.100830367206086, 32.429183236428727 ], [ -89.284551352475603, 32.520185026338808 ], [ -89.283617409004137, 32.70055571557301 ], [ -89.09822267818538, 32.789913299371214 ], [ -88.914149303089147, 32.698637730740614 ], [ -88.915822953163726, 32.518280222672935 ] ] ] } },
{ "type": "Feature", "properties": { "hex_id": 76, "area_km2": 1039.2304845413241 }, "geometry": { "type": "Polygon", "coordinates": [ [ [ -88.547139200926338, 32.515294917723914 ], [ -88.732489128337662, 32.426746561270484 ], [ -88.915822953163726, 32.518280222672935 ], [ -88.914149303089147, 32.698637730740614 ], [ -88.728402339601971, 32.787442784710002 ], [ -88.544726211849508, 32.695631768714478 ], [ -88.547139200926338, 32.515294917723914 ] ] ] } },
{ "type": "Feature", "properties": { "hex_id": 77, "area_km2": 432.58755359781742 }, "geometry": { "type": "Polygon", "coordinates": [ [ [ -88.547139200926338, 32.515294917723914 ], [ -88.544726211849508, 32.695631768714478 ], [ -88.364671352866196, 32.781026390265367 ], [ -88.366609198489272, 32.763431632438255 ], [ -88.368185652774926, 32.749135617994575 ], [ -88.368349054036088, 32.747653816093717 ], [ -88.369055251366007, 32.742581852928261 ], [ -88.373337952481094, 32.71182317304639 ], [ -88.382984727287976, 32.62695221898511 ], [ -88.383038726867824, 32.626677217748799 ], [ -88.385377640930244, 32.607157614953877 ], [ -88.385582062618212, 32.605451601309539 ], [ -88.386175059561907, 32.600502712595812 ], [ -88.388856952005668, 32.578120877866368 ], [ -88.399965347029749, 32.485412382256051 ], [ -88.399969658621998, 32.485372307962329 ], [ -88.403313204587135, 32.454294848933898 ], [ -88.403787983144341, 32.449882157251118 ], [ -88.403787982741477, 32.449767156783167 ], [ -88.403911403245104, 32.448778946276448 ], [ -88.403915363952692, 32.448747233482813 ], [ -88.404560857360892, 32.44358206887069 ], [ -88.547139200926338, 32.515294917723914 ] ] ] } },
{ "type": "Feature", "properties": { "hex_id": 78, "area_km2": 521.19286890912372 }, "geometry": { "type": "Polygon", "coordinates": [ [ [ -90.949880132327905, 32.966214316660647 ], [ -90.947452932200221, 32.785884902306357 ], [ -91.062733769340085, 32.728094857414668 ], [ -91.077177624248705, 32.732530814472064 ], [ -91.090574590395263, 32.736096901661142 ], [ -91.113653443627186, 32.739967216907502 ], [ -91.123153354917321, 32.742795385477002 ], [ -91.131692171200584, 32.743104784921904 ], [ -91.150244970241204, 32.741784170149863 ], [ -91.154461928871655, 32.742337234584994 ], [ -91.158610889955227, 32.743447286857482 ], [ -91.163389847942923, 32.747007321581997 ], [ -91.165328834779828, 32.751299309817618 ], [ -91.165814840771091, 32.757840261441579 ], [ -91.164968858999046, 32.761982215526459 ], [ -91.157614933393106, 32.776031002787242 ], [ -91.156918941387431, 32.780340983298991 ], [ -91.15858393343315, 32.781093992302814 ], [ -91.164397907023201, 32.785819024092355 ], [ -91.163056629271978, 32.792192059793877 ], [ -91.161412938970116, 32.800001990405256 ], [ -91.161516031859094, 32.805000374219688 ], [ -91.161584457791633, 32.808317968000367 ], [ -91.16166994903945, 32.812462996425594 ], [ -91.158336958408682, 32.822302041238878 ], [ -91.157155959453306, 32.82382105315228 ], [ -91.152174959844402, 32.826671155323901 ], [ -91.14970496175242, 32.831218186464071 ], [ -91.145002965097447, 32.842868274202047 ], [ -91.143559968097108, 32.844737283584188 ], [ -91.137890989215421, 32.84897327535753 ], [ -91.127887053732536, 32.855057190625189 ], [ -91.12472626422138, 32.854858731082778 ], [ -91.1160923497346, 32.855638558419066 ], [ -91.10563242720481, 32.858393421420104 ], [ -91.08668442307021, 32.873389540205331 ], [ -91.0706034529899, 32.888656567565654 ], [ -91.068187482231949, 32.891926506744525 ], [ -91.064450518439529, 32.901061415714196 ], [ -91.063810522747119, 32.903706397516281 ], [ -91.063800096405174, 32.903927848028722 ], [ -91.063685519912113, 32.906361393332169 ], [ -91.064855486014494, 32.916517402273222 ], [ -91.064625738670301, 32.917965830429836 ], [ -91.063876508246608, 32.922689326799826 ], [ -91.064212131629617, 32.924052046631154 ], [ -91.064805576797355, 32.92646113453506 ], [ -91.070548571776612, 32.936033157019331 ], [ -91.072076568732967, 32.937829168456702 ], [ -91.080432454331515, 32.94320347934022 ], [ -91.081914457509768, 32.944765473446793 ], [ -91.083085474091519, 32.947906428654214 ], [ -91.081893489997483, 32.949432379929242 ], [ -91.080508500776119, 32.950120345360169 ], [ -91.078905518774704, 32.951815289349945 ], [ -91.080356579687532, 32.962791117557792 ], [ -91.086803660355258, 32.97626291861507 ], [ -91.090888685923701, 32.981170868380239 ], [ -91.094266703074737, 32.984367839161486 ], [ -91.096931714242729, 32.986408822504075 ], [ -91.106582732811432, 32.988934828019062 ], [ -91.11175873438998, 32.988357858602718 ], [ -91.125108722322153, 32.984666006958776 ], [ -91.134415704985841, 32.98053011565932 ], [ -91.135518700101699, 32.979654135106941 ], [ -91.138586616873823, 32.971349373586392 ], [ -91.137525601451998, 32.969547404656865 ], [ -91.133051573075448, 32.966538446981424 ], [ -91.130948548883495, 32.963812492998471 ], [ -91.130722535636664, 32.962254523601722 ], [ -91.13124452474942, 32.960925552701056 ], [ -91.133336510344677, 32.959053598427658 ], [ -91.136629498586714, 32.957346643117155 ], [ -91.137168491888616, 32.956517661249791 ], [ -91.137864459367833, 32.952753739085672 ], [ -91.135508396877071, 32.946161871251554 ], [ -91.131290234953809, 32.930047221701862 ], [ -91.131305202379181, 32.926917293879036 ], [ -91.132116059837017, 32.923120643131782 ], [ -91.134042014202961, 32.917674735077789 ], [ -91.145076959911648, 32.905492783878096 ], [ -91.151690963233506, 32.901933732728047 ], [ -91.159975988165428, 32.899877631736778 ], [ -91.170236041197342, 32.899389465864189 ], [ -91.175406158185552, 32.899996220143194 ], [ -91.181632197932984, 32.901444109331337 ], [ -91.196786275446527, 32.906781878581931 ], [ -91.199776289786854, 32.908509839054879 ], [ -91.208264335470773, 32.915351730231514 ], [ -91.211598363153669, 32.91962168494976 ], [ -91.212838379896951, 32.922101665433978 ], [ -91.21397347964384, 32.92719558147683 ], [ -91.214028501465279, 32.930317569825228 ], [ -91.212821540562175, 32.936073555395481 ], [ -91.210706564625895, 32.939842552584295 ], [ -91.207441591611811, 32.944390548770883 ], [ -91.199416633342679, 32.952311538290928 ], [ -91.201191654644219, 32.954979505542873 ], [ -91.202031672015778, 32.957329480467003 ], [ -91.201843698222802, 32.961209444752541 ], [ -91.199647710571483, 32.96355843065804 ], [ -91.197434715290683, 32.964817425745281 ], [ -91.186984810724525, 32.976191231331306 ], [ -91.182159815170792, 32.978636202467065 ], [ -91.173309805209385, 32.986085111391532 ], [ -91.168974827190794, 32.99212902594676 ], [ -91.166196863618509, 33.002234904434289 ], [ -91.166096870216066, 33.00428788366893 ], [ -91.166283889672556, 33.011327822781979 ], [ -91.166255831379132, 33.011381609192867 ], [ -91.16183989238155, 33.019846751445598 ], [ -91.157516883925226, 33.022720724239981 ], [ -91.149759844495378, 33.026308743778202 ], [ -91.143511836596531, 33.027246732461627 ], [ -91.137440831083921, 33.028732719596469 ], [ -91.128327813810685, 33.034278696771871 ], [ -91.125308804140573, 33.038848686589112 ], [ -91.126157801992079, 33.040945682735682 ], [ -91.1237827937573, 33.045311667666844 ], [ -91.123293076231363, 33.048206280118229 ], [ -90.949880132327905, 32.966214316660647 ] ] ] } },
{ "type": "Feature", "properties": { "hex_id": 79, "area_km2": 1039.2304845413275 }, "geometry": { "type": "Polygon", "coordinates": [ [ [ -90.577656347467737, 32.788874552263934 ], [ -90.761542022539118, 32.697343845249137 ], [ -90.947452932200221, 32.785884902306357 ], [ -90.949880132327905, 32.966214316660647 ], [ -90.765647263775833, 33.058025145599053 ], [ -90.579334237283817, 32.969224562681077 ], [ -90.577656347467737, 32.788874552263934 ] ] ] } },
{ "type": "Feature", "properties": { "hex_id": 80, "area_km2": 1039.2304845413275 }, "geometry": { "type": "Polygon", "coordinates": [ [ [ -90.207815050355009, 32.790772465011933 ], [ -90.392092844011231, 32.699779289420313 ], [ -90.577656347467737, 32.788874552263934 ], [ -90.579334237283817, 32.969224562681077 ], [ -90.394699038341656, 33.06049426276352 ], [ -90.208743258793305, 32.971135551094704 ], [ -90.207815050355009, 32.790772465011933 ] ] ] } },
{ "type": "Feature", "properties": { "hex_id": 81, "area_km2": 1039.2304845413275 }, "geometry": { "type": "Polygon", "coordinates": [ [ [ -89.837949016745938, 32.791578292294147 ], [ -90.022609082251861, 32.701126547220284 ], [ -90.207815050355009, 32.790772465011933 ], [ -90.208743258793305, 32.971135551094704 ], [ -90.02371565322963, 33.061860148841845 ], [ -89.838127338485549, 32.971946930289754 ], [ -89.837949016745938, 32.791578292294147 ] ] ] } },
{ "type": "Feature", "properties": { "hex_id": 82, "area_km2": 1039.2304845413257 }, "geometry": { "type": "Polygon", "coordinates": [ [ [ -89.468078230780591, 32.791291886226553 ], [ -89.653110636031244, 32.701385371749844 ], [ -89.837949016745938, 32.791578292294147 ], [ -89.838127338485549, 32.971946930289754 ], [ -89.652717338861436, 33.06212255215376 ], [ -89.467506626372682, 32.971658550957194 ], [ -89.468078230780591, 32.791291886226553 ] ] ] } },
{ "type": "Feature", "properties": { "hex_id": 83, "area_km2": 1039.2304845413241 }, "geometry": { "type": "Polygon", "coordinates": [ [ [ -89.09822267818538, 32.789913299371214 ], [ -89.283617409004137, 32.70055571557301 ], [ -89.468078230780577, 32.791291886226553 ], [ -89.467506626372682, 32.971658550957194 ], [ -89.281724330694416, 33.061281424344642 ], [ -89.096901274077524, 32.970270466165573 ], [ -89.09822267818538, 32.789913299371214 ] ] ] } },
{ "type": "Feature", "properties": { "hex_id": 84, "area_km2": 1039.2304845413241 }, "geometry": { "type": "Polygon", "coordinates": [ [ [ -88.728402339601971, 32.787442784710002 ], [ -88.914149303089147, 32.698637730740614 ], [ -89.09822267818538, 32.789913299371214 ], [ -89.096901274077524, 32.970270466165573 ], [ -88.91075686239607, 33.05933692040982 ], [ -88.726331428060078, 32.967782931334469 ], [ -88.728402339601971, 32.787442784710002 ] ] ] } },
{ "type": "Feature", "properties": { "hex_id": 85, "area_km2": 1037.3503608125541 }, "geometry": { "type": "Polygon", "coordinates": [ [ [ -88.544726211849508, 32.695631768714478 ], [ -88.728402339601971, 32.787442784710002 ], [ -88.726331428060064, 32.967782931334469 ], [ -88.539835159020029, 33.056289398616663 ], [ -88.355817222848415, 32.964196404106254 ], [ -88.357695099533998, 32.844299769767993 ], [ -88.364671352866196, 32.781026390265367 ], [ -88.544726211849508, 32.695631768714478 ] ] ] } },
{ "type": "Feature", "properties": { "hex_id": 86, "area_km2": 7.8180712965495918 }, "geometry": { "type": "Polygon", "coordinates": [ [ [ -88.355817222848415, 32.964196404106254 ], [ -88.342931705876879, 32.970276360474031 ], [ -88.347850082395823, 32.929075121321077 ], [ -88.354291938789714, 32.875127322792359 ], [ -88.357695099533998, 32.844299769768 ], [ -88.355817222848415, 32.964196404106254 ] ] ] } },
{ "type": "Feature", "properties": { "hex_id": 87, "area_km2": 30.972831221786901 }, "geometry": { "type": "Polygon", "coordinates": [ [ [ -91.136826320611348, 33.072701576721705 ], [ -91.150218743714433, 33.082125682358779 ], [ -91.159311775346055, 33.085309700042103 ], [ -91.164163793072589, 33.086282708408817 ], [ -91.170556815926332, 33.087380718985372 ], [ -91.173143824923216, 33.088685725454809 ], [ -91.174492829545116, 33.090820732730755 ], [ -91.180837852890193, 33.098360766958784 ], [ -91.195954899948603, 33.104557804706879 ], [ -91.200168912734668, 33.106926818029613 ], [ -91.201126915525521, 33.108181823858388 ], [ -91.201463916946764, 33.109634830276661 ], [ -91.201996915859041, 33.123121889432234 ], [ -91.199663885144943, 33.128523943107808 ], [ -91.195746151984082, 33.133246309508813 ], [ -91.192564870448223, 33.137080970866428 ], [ -91.188098861541619, 33.140079976869671 ], [ -91.183663853306427, 33.141687977389275 ], [ -91.169407818967684, 33.142635960496257 ], [ -91.163112803383541, 33.142182951012167 ], [ -91.16029979443104, 33.141212943767478 ], [ -91.152949769508254, 33.134801909875776 ], [ -91.151854763866311, 33.131798895589149 ], [ -91.150363759354335, 33.130691889228949 ], [ -91.143335743092933, 33.129781879015816 ], [ -91.137718207906701, 33.129461376106669 ], [ -91.136826320611348, 33.072701576721705 ] ] ] } },
{ "type": "Feature", "properties": { "hex_id": 88, "area_km2": 959.91575389929324 }, "geometry": { "type": "MultiPolygon", "coordinates": [ [ [ [ -90.954799926251596, 33.326857007089885 ], [ -90.767727498391622, 33.238357798068698 ], [ -90.765647263775833, 33.058025145599053 ], [ -90.949880132327905, 32.966214316660647 ], [ -91.123293076231363, 33.048206280118229 ], [ -91.122808782658282, 33.051068663972906 ], [ -91.120380773681873, 33.054526664566559 ], [ -91.120294771232679, 33.05591766466587 ], [ -91.121196768303577, 33.059162665541351 ], [ -91.124640763075703, 33.064123664469925 ], [ -91.136826320611348, 33.072701576721705 ], [ -91.137718207906701, 33.129461376106669 ], [ -91.128079713344988, 33.128910864283419 ], [ -91.124064703917639, 33.129353862412067 ], [ -91.113207689323502, 33.129201858328457 ], [ -91.099873680488116, 33.131119866277842 ], [ -91.087652641455264, 33.135394868507809 ], [ -91.085708638407866, 33.137185872879449 ], [ -91.082930798776502, 33.148599447516119 ], [ -91.081663642336721, 33.153805914131091 ], [ -91.080049634830189, 33.170305941146566 ], [ -91.080788630310366, 33.182209955542866 ], [ -91.083938635727606, 33.190384970109911 ], [ -91.096026683074399, 33.210471022286413 ], [ -91.100261703501474, 33.219425047589006 ], [ -91.085985663509604, 33.221641028005202 ], [ -91.08287965513253, 33.221618022943929 ], [ -91.080805649848074, 33.222633021308589 ], [ -91.079435646416925, 33.224041021390398 ], [ -91.079364644788384, 33.226335020375743 ], [ -91.077839640714586, 33.227464019615617 ], [ -91.074104630492897, 33.226818010303759 ], [ -91.07069862192489, 33.227299005433878 ], [ -91.07108062247174, 33.230093009887256 ], [ -91.068709615949118, 33.232933009747065 ], [ -91.065630608416356, 33.232979004635929 ], [ -91.063913602877179, 33.23735300731947 ], [ -91.054127576602966, 33.246102001262052 ], [ -91.050408565930965, 33.251199000289262 ], [ -91.047649555134001, 33.259986004518581 ], [ -91.045192547126533, 33.265401005338774 ], [ -91.043986542312993, 33.269832007325853 ], [ -91.043625538971895, 33.274633011169939 ], [ -91.045142540841994, 33.279012022658065 ], [ -91.046752606550072, 33.281035226927798 ], [ -90.954799926251596, 33.326857007089885 ] ] ], [ [ [ -91.089767161755361, 33.259560835530543 ], [ -91.090343662320521, 33.257322091836762 ], [ -91.091490668020228, 33.254835089905143 ], [ -91.094749681640778, 33.25049608878259 ], [ -91.096932694251223, 33.24162507839317 ], [ -91.098707701273682, 33.238505076445712 ], [ -91.10081970847925, 33.238270080090686 ], [ -91.106143725407264, 33.241796095195845 ], [ -91.110562740526873, 33.245927109757339 ], [ -91.111933470986074, 33.248484818812493 ], [ -91.089767161755361, 33.259560835530543 ] ] ] ] } },
{ "type": "Feature", "properties": { "hex_id": 89, "area_km2": 1039.2304845413275 }, "geometry": { "type": "Polygon", "coordinates": [ [ [ -90.394699038341656, 33.06049426276352 ], [ -90.579334237283817, 32.969224562681077 ], [ -90.765647263775833, 33.058025145599053 ], [ -90.767727498391622, 33.238357798068698 ], [ -90.582735227426369, 33.329908692750664 ], [ -90.396019667639663, 33.240843852725888 ], [ -90.394699038341656, 33.06049426276352 ] ] ] } },
{ "type": "Feature", "properties": { "hex_id": 90, "area_km2": 1039.2304845413275 }, "geometry": { "type": "Polygon", "coordinates": [ [ [ -90.02371565322963, 33.061860148841845 ], [ -90.208743258793305, 32.971135551094704 ], [ -90.394699038341656, 33.06049426276352 ], [ -90.396019667639663, 33.240843852725888 ], [ -90.210624687795288, 33.331845989678371 ], [ -90.024276383087638, 33.242219108827989 ], [ -90.02371565322963, 33.061860148841845 ] ] ] } },
{ "type": "Feature", "properties": { "hex_id": 91, "area_km2": 1039.2304845413275 }, "geometry": { "type": "Polygon", "coordinates": [ [ [ -89.652717338861436, 33.06212255215376 ], [ -89.838127338485549, 32.971946930289754 ], [ -90.02371565322963, 33.061860148841845 ], [ -90.024276383087638, 33.242219108827989 ], [ -89.838488787278422, 33.332668539449379 ], [ -89.652518044376592, 33.242483312268405 ], [ -89.652717338861436, 33.06212255215376 ] ] ] } },
{ "type": "Feature", "properties": { "hex_id": 92, "area_km2": 1039.2304845413257 }, "geometry": { "type": "Polygon", "coordinates": [ [ [ -89.281724330694431, 33.061281424344642 ], [ -89.467506626372682, 32.971658550957194 ], [ -89.652717338861436, 33.06212255215376 ], [ -89.652518044376592, 33.242483312268405 ], [ -89.466348014439603, 33.332376189861719 ], [ -89.280765056261075, 33.241636414226299 ], [ -89.281724330694431, 33.061281424344642 ] ] ] } },
{ "type": "Feature", "properties": { "hex_id": 93, "area_km2": 1039.2304845413241 }, "geometry": { "type": "Polygon", "coordinates": [ [ [ -88.91075686239607, 33.05933692040982 ], [ -89.096901274077524, 32.970270466165573 ], [ -89.281724330694416, 33.061281424344642 ], [ -89.280765056261075, 33.241636414226299 ], [ -89.094222859503489, 33.330968995012221 ], [ -88.909037821678126, 33.239678571191313 ], [ -88.91075686239607, 33.05933692040982 ] ] ] } },
{ "type": "Feature", "properties": { "hex_id": 94, "area_km2": 1039.2304845413241 }, "geometry": { "type": "Polygon", "coordinates": [ [ [ -88.539835159020029, 33.056289398616663 ], [ -88.726331428060078, 32.967782931334469 ], [ -88.91075686239607, 33.05933692040982 ], [ -88.909037821678126, 33.239678571191313 ], [ -88.722133807371264, 33.328447215269009 ], [ -88.537356734817848, 33.236610144884516 ], [ -88.539835159020029, 33.056289398616663 ] ] ] } },
{ "type": "Feature", "properties": { "hex_id": 95, "area_km2": 628.63752953539824 }, "geometry": { "type": "Polygon", "coordinates": [ [ [ -88.355817222848415, 32.964196404106254 ], [ -88.539835159020029, 33.056289398616663 ], [ -88.537356734817848, 33.236610144884516 ], [ -88.350101330640868, 33.324811317139876 ], [ -88.302866774334319, 33.301186826809214 ], [ -88.304417127300226, 33.288315890213809 ], [ -88.308090608813401, 33.257819483660768 ], [ -88.311472812241291, 33.229741094404439 ], [ -88.312535267643597, 33.2209210177678 ], [ -88.315235275957036, 33.20332102389974 ], [ -88.317135264482303, 33.184121024515065 ], [ -88.321834088439445, 33.146323590420437 ], [ -88.330934284442023, 33.073122768606787 ], [ -88.3310079348323, 33.072487492889557 ], [ -88.340432324168319, 32.991196509323451 ], [ -88.342931705876879, 32.970276360474031 ], [ -88.355817222848415, 32.964196404106254 ] ] ] } },
{ "type": "Feature", "properties": { "hex_id": 96, "area_km2": 564.56382213521931 }, "geometry": { "type": "Polygon", "coordinates": [ [ [ -90.957292885132489, 33.507170251138717 ], [ -90.954799926251596, 33.326857007089885 ], [ -91.046752606550072, 33.281035226927798 ], [ -91.048151543831565, 33.28279303213165 ], [ -91.052370549594741, 33.285412043336144 ], [ -91.058731560139634, 33.286898058553994 ], [ -91.067036575707817, 33.287177077980679 ], [ -91.072568587879815, 33.285882089845572 ], [ -91.078531603475881, 33.283303109098966 ], [ -91.081245611512571, 33.281247112504673 ], [ -91.083695619968452, 33.278554114055382 ], [ -91.086138632814865, 33.273649109838907 ], [ -91.089767161755361, 33.259560835530543 ], [ -91.111933470986074, 33.248484818812493 ], [ -91.114326745280479, 33.252950128942125 ], [ -91.115220222505073, 33.255273788348696 ], [ -91.117251738504024, 33.260557149744436 ], [ -91.118833739762906, 33.262417156173434 ], [ -91.128079755647363, 33.268499184213354 ], [ -91.125529737335512, 33.274729190342697 ], [ -91.125540724869552, 33.280252201496957 ], [ -91.140058733480856, 33.296615250418036 ], [ -91.140337655188759, 33.29713818554476 ], [ -91.141616732110947, 33.299536257211784 ], [ -91.141476706978906, 33.314315279573535 ], [ -91.143668695712677, 33.328395295404263 ], [ -91.143402502150963, 33.330194201287284 ], [ -91.143354691788488, 33.33051729827622 ], [ -91.141894684530115, 33.332960300784542 ], [ -91.141789497888823, 33.333361712986026 ], [ -91.140969676815104, 33.336490305787031 ], [ -91.142220659570995, 33.348986329273416 ], [ -91.141794656810191, 33.350073330962736 ], [ -91.140193650366015, 33.351449332675472 ], [ -91.130320469896873, 33.357109179462029 ], [ -91.125109609147572, 33.360096329003625 ], [ -91.120410601013219, 33.363806330526856 ], [ -91.106759586343102, 33.381138307405358 ], [ -91.101457571851327, 33.387187301950192 ], [ -91.091068541073554, 33.396211290446431 ], [ -91.08427838428544, 33.400097558978842 ], [ -91.080849357325533, 33.402060123470726 ], [ -91.079802506612012, 33.402659276568478 ], [ -91.074401470946853, 33.407499290338791 ], [ -91.070138079331883, 33.412192597614478 ], [ -91.064445414560879, 33.418459304826065 ], [ -91.059225097346001, 33.426957629732833 ], [ -91.058153360083793, 33.428702344419264 ], [ -91.057711334883052, 33.437107369456655 ], [ -91.058066595301483, 33.446233455850553 ], [ -91.058078310260328, 33.446534394585868 ], [ -91.059829303370918, 33.450254407479747 ], [ -91.064702301720786, 33.453772427065935 ], [ -91.06762430265232, 33.455101436561485 ], [ -91.070743305354625, 33.455848445046406 ], [ -91.075766314562088, 33.455666443201935 ], [ -91.081835327856595, 33.454185452624053 ], [ -91.087035343980375, 33.451287456975393 ], [ -91.090256358139143, 33.448112456256077 ], [ -91.09428038069575, 33.442668450799793 ], [ -91.096724399957466, 33.437600441964968 ], [ -91.097532414088704, 33.433722432628748 ], [ -91.097475420934401, 33.431730426679451 ], [ -91.095047467116601, 33.424148376688663 ], [ -91.09526648962229, 33.417723357225206 ], [ -91.096308506688928, 33.412822345527928 ], [ -91.099536528232733, 33.407206338086354 ], [ -91.107171557998939, 33.399075339202668 ], [ -91.113765577331108, 33.393121345278104 ], [ -91.121240592193558, 33.388417357236833 ], [ -91.141937614989828, 33.380057396848301 ], [ -91.148817625083637, 33.378762406436344 ], [ -91.166305644429727, 33.379706434217525 ], [ -91.171969647875841, 33.38102744449418 ], [ -91.176943641916026, 33.382838471614448 ], [ -91.191128638592204, 33.389631498139856 ], [ -91.193040427724483, 33.390920288419451 ], [ -91.204759626245263, 33.398820516164015 ], [ -91.208114619628446, 33.402004521077949 ], [ -91.209033614999342, 33.403630524389293 ], [ -91.209221605022435, 33.406287531988745 ], [ -91.208703595010761, 33.408716540058414 ], [ -91.205273568758088, 33.414228559106604 ], [ -91.202581555300185, 33.416829567780418 ], [ -91.19935554574289, 33.418318573154743 ], [ -91.191974539947793, 33.417725573409818 ], [ -91.184428526510615, 33.419573574132045 ], [ -91.179369531459983, 33.41714856494675 ], [ -91.176281530103665, 33.416976560991415 ], [ -91.163388511148455, 33.422154537431389 ], [ -91.147664465147102, 33.427169525330306 ], [ -91.144878461443284, 33.427703521862071 ], [ -91.139151460676587, 33.426952509772981 ], [ -91.131886445303792, 33.430060503159105 ], [ -91.130562438121217, 33.431897504935669 ], [ -91.130105430352003, 33.434079509209646 ], [ -91.126398413174101, 33.43863651229394 ], [ -91.118947391526532, 33.446208508016923 ], [ -91.116938372699238, 33.452030516776802 ], [ -91.117712885841044, 33.457548015019142 ], [ -91.117787356437944, 33.458078530250091 ], [ -91.121199334434408, 33.467482552585601 ], [ -91.125920316858469, 33.475130563559659 ], [ -91.132153303692689, 33.481555582019084 ], [ -91.146131289633544, 33.490451615390576 ], [ -91.161615279374985, 33.497475647290351 ], [ -91.164218278467828, 33.498188651976271 ], [ -91.168020278993012, 33.498327657685316 ], [ -91.17167528253384, 33.496994661346498 ], [ -91.174683292276669, 33.492789660465739 ], [ -91.176975301089783, 33.487251661573929 ], [ -91.177440314677185, 33.481637654893561 ], [ -91.176012336895994, 33.472915640029321 ], [ -91.169885389956406, 33.453896603654378 ], [ -91.169810395735169, 33.452008600540935 ], [ -91.176508421693612, 33.444624599387112 ], [ -91.181788438738565, 33.440777597076504 ], [ -91.186980450703587, 33.438589595987622 ], [ -91.194659465723504, 33.436355593522983 ], [ -91.20680848890386, 33.433843584712321 ], [ -91.21027649364224, 33.433793582037666 ], [ -91.217375500157075, 33.434696576718856 ], [ -91.235182519132962, 33.4389695463897 ], [ -91.235929512925949, 33.440608550398949 ], [ -91.234311502907275, 33.442297557137238 ], [ -91.233698867465591, 33.443496604351409 ], [ -91.233423494277432, 33.444035563477364 ], [ -91.232588451327246, 33.453955593526899 ], [ -91.231662437434281, 33.457097603441277 ], [ -91.223339401344589, 33.462761635115626 ], [ -91.220184396878381, 33.463223637902388 ], [ -91.215509387481632, 33.464777643066839 ], [ -91.208536369316391, 33.468603651550346 ], [ -91.206754362472935, 33.470305654485514 ], [ -91.20566235157915, 33.473550660446129 ], [ -91.199594314704143, 33.483122681510324 ], [ -91.195635300411325, 33.488465685671954 ], [ -91.189376289076961, 33.493002684464315 ], [ -91.182601275154767, 33.499182683202747 ], [ -91.183237265471249, 33.503991689171038 ], [ -91.185418258908697, 33.50752869547123 ], [ -91.191938253835445, 33.510690706092184 ], [ -91.205104243358178, 33.518280724705335 ], [ -91.215064242763276, 33.525565729815938 ], [ -91.218715145552807, 33.529380863127791 ], [ -91.219488239145775, 33.530188733037043 ], [ -91.229243218324839, 33.545495742270127 ], [ -91.232524394799938, 33.551761438490715 ], [ -91.198824101178658, 33.568587319846451 ], [ -91.186679185090242, 33.567398732353766 ], [ -91.179949173668462, 33.567206729825799 ], [ -91.171458149533663, 33.568287728877017 ], [ -91.164856132748625, 33.570172723444927 ], [ -91.158237111238819, 33.573364715736759 ], [ -91.150341091654724, 33.57860870321786 ], [ -91.136861010116334, 33.590190668192271 ], [ -91.136065140913658, 33.591114060132142 ], [ -90.957292885132489, 33.507170251138717 ] ] ] } },
{ "type": "Feature", "properties": { "hex_id": 97, "area_km2": 1039.2304845413275 }, "geometry": { "type": "Polygon", "coordinates": [ [ [ -90.582735227426369, 33.329908692750664 ], [ -90.767727498391622, 33.238357798068698 ], [ -90.954799926251596, 33.326857007089885 ], [ -90.957292885132489, 33.507170251138717 ], [ -90.771943967634371, 33.599007030041534 ], [ -90.584458580223398, 33.510242782216885 ], [ -90.582735227426369, 33.329908692750664 ] ] ] } },
{ "type": "Feature", "properties": { "hex_id": 98, "area_km2": 1039.2304845413275 }, "geometry": { "type": "Polygon", "coordinates": [ [ [ -90.210624687795288, 33.331845989678371 ], [ -90.396019667639663, 33.240843852725888 ], [ -90.582735227426369, 33.329908692750664 ], [ -90.584458580223398, 33.510242782216885 ], [ -90.398696480759284, 33.60152716543751 ], [ -90.211578048058158, 33.512193313161724 ], [ -90.210624687795288, 33.331845989678371 ] ] ] } },
{ "type": "Feature", "properties": { "hex_id": 99, "area_km2": 1039.2304845413275 }, "geometry": { "type": "Polygon", "coordinates": [ [ [ -89.838488787278422, 33.332668539449379 ], [ -90.024276383087638, 33.242219108827989 ], [ -90.210624687795288, 33.331845989678371 ], [ -90.211578048058158, 33.512193313161724 ], [ -90.025412939736313, 33.60292127543795 ], [ -89.838671941172493, 33.513021482092171 ], [ -89.838488787278422, 33.332668539449379 ] ] ] } },
{ "type": "Feature", "properties": { "hex_id": 100, "area_km2": 1039.2304845413257 }, "geometry": { "type": "Polygon", "coordinates": [ [ [ -89.466348014439603, 33.332376189861719 ], [ -89.652518044376592, 33.242483312268405 ], [ -89.838488787278422, 33.332668539449379 ], [ -89.838671941172493, 33.513021482092171 ], [ -89.652114089608276, 33.603189101009946 ], [ -89.465760920880129, 33.512727135337983 ], [ -89.466348014439603, 33.332376189861719 ] ] ] } },
{ "type": "Feature", "properties": { "hex_id": 101, "area_km2": 1039.2304845413241 }, "geometry": { "type": "Polygon", "coordinates": [ [ [ -89.094222859503489, 33.330968995012221 ], [ -89.280765056261075, 33.241636414226299 ], [ -89.466348014439603, 33.332376189861719 ], [ -89.465760920880129, 33.512727135337983 ], [ -89.278820680691567, 33.60233059238616 ], [ -89.092865650181508, 33.51131032751784 ], [ -89.094222859503489, 33.330968995012221 ] ] ] } },
{ "type": "Feature", "properties": { "hex_id": 102, "area_km2": 1039.2304845413241 }, "geometry": { "type": "Polygon", "coordinates": [ [ [ -88.722133807371264, 33.328447215269009 ], [ -88.909037821678126, 33.239678571191313 ], [ -89.094222859503489, 33.330968995012221 ], [ -89.092865650181508, 33.51131032751784 ], [ -88.905553461428113, 33.60034590909013 ], [ -88.720006786670794, 33.508771321511574 ], [ -88.722133807371264, 33.328447215269009 ] ] ] } },
{ "type": "Feature", "properties": { "hex_id": 103, "area_km2": 1039.2304845413241 }, "geometry": { "type": "Polygon", "coordinates": [ [ [ -88.350101330640868, 33.324811317139876 ], [ -88.537356734817848, 33.236610144884516 ], [ -88.72213380737125, 33.328447215269009 ], [ -88.720006786670794, 33.508771321511574 ], [ -88.532333171239131, 33.59723541985511 ], [ -88.347204975447937, 33.505110588326666 ], [ -88.350101330640868, 33.324811317139876 ] ] ] } },
{ "type": "Feature", "properties": { "hex_id": 104, "area_km2": 128.95868330532491 }, "geometry": { "type": "Polygon", "coordinates": [ [ [ -88.350101330640868, 33.324811317139876 ], [ -88.347204975447937, 33.505110588326666 ], [ -88.273948455904801, 33.539409317339285 ], [ -88.274140803449342, 33.537859218129654 ], [ -88.27461902565085, 33.534006387538618 ], [ -88.276805041325645, 33.516461395422922 ], [ -88.277421045797098, 33.512434395987434 ], [ -88.278348073959748, 33.504738374420938 ], [ -88.280104386652809, 33.490157792751745 ], [ -88.285948234535681, 33.441643118357071 ], [ -88.293016733916375, 33.382961213450855 ], [ -88.297097219164968, 33.34908529869093 ], [ -88.300498972236312, 33.320843842661951 ], [ -88.300500177025469, 33.32083384058523 ], [ -88.302743860887901, 33.302207057024965 ], [ -88.302866774334305, 33.301186826809221 ], [ -88.350101330640868, 33.324811317139876 ] ] ] } },
{ "type": "Feature", "properties": { "hex_id": 105, "area_km2": 44.100743842113175 }, "geometry": { "type": "MultiPolygon", "coordinates": [ [ [ [ -91.232524394799938, 33.551761438490715 ], [ -91.233411222891206, 33.553454736825145 ], [ -91.234609228668333, 33.558819731222684 ], [ -91.233828081267887, 33.561341117340639 ], [ -91.233393230480061, 33.562744728057439 ], [ -91.229897228870797, 33.566152727147063 ], [ -91.225135224401058, 33.567972728648733 ], [ -91.215450229088503, 33.569268729190526 ], [ -91.207163217003455, 33.569402732883148 ], [ -91.198824101178658, 33.568587319846451 ], [ -91.232524394799938, 33.551761438490715 ] ] ], [ [ [ -91.145746053807187, 33.633292937701214 ], [ -91.15998676676989, 33.642894632318274 ], [ -91.171976835160933, 33.649686670832743 ], [ -91.182485907087425, 33.653502704597095 ], [ -91.193145973086388, 33.655256728193258 ], [ -91.204820041446808, 33.655575745380659 ], [ -91.212227077428224, 33.656953752805194 ], [ -91.218856102745079, 33.660119757282146 ], [ -91.224475115494215, 33.665188764053077 ], [ -91.228963118073992, 33.671257764070567 ], [ -91.230635111119298, 33.677144776286561 ], [ -91.229913090666415, 33.684343789069082 ], [ -91.228285074829259, 33.688276796067584 ], [ -91.223915041136408, 33.69373680843664 ], [ -91.217876006877034, 33.697994809940802 ], [ -91.210659972216803, 33.700396805198984 ], [ -91.200760928625016, 33.701325791880514 ], [ -91.182891845181857, 33.701552755551319 ], [ -91.170924769491862, 33.702431715693344 ], [ -91.163449731622237, 33.704878696199685 ], [ -91.16036771715028, 33.706599688611583 ], [ -91.146698325139695, 33.692232191661795 ], [ -91.145746053807187, 33.633292937701214 ] ] ], [ [ [ -91.147305110369388, 33.729698638757775 ], [ -91.148807706061902, 33.73135769707374 ], [ -91.147449864529335, 33.73862634423606 ], [ -91.147305110369388, 33.729698638757775 ] ] ] ] } },
{ "type": "Feature", "properties": { "hex_id": 106, "area_km2": 937.08940655175832 }, "geometry": { "type": "Polygon", "coordinates": [ [ [ -90.962345858208593, 33.867780458254543 ], [ -90.774080517407555, 33.779323579106439 ], [ -90.771943967634371, 33.599007030041534 ], [ -90.957292885132489, 33.507170251138717 ], [ -91.136065140913658, 33.591114060132142 ], [ -91.132621972109249, 33.59510865048496 ], [ -91.129512921654012, 33.601600631518636 ], [ -91.128680868900076, 33.608472616926825 ], [ -91.131485813108569, 33.617081607198898 ], [ -91.137441682581738, 33.626871563927686 ], [ -91.145687701672173, 33.633253586279615 ], [ -91.145746053807187, 33.633292937701214 ], [ -91.146698325139695, 33.692232191661795 ], [ -91.144188624287239, 33.68959361448907 ], [ -91.133416542362767, 33.676787552080832 ], [ -91.128201441285796, 33.673189495456889 ], [ -91.110014247622019, 33.665446371465343 ], [ -91.098723156417734, 33.660143304299339 ], [ -91.091351102476025, 33.65776126126655 ], [ -91.083878048639846, 33.657476219237658 ], [ -91.076073994025364, 33.659156178998536 ], [ -91.058755812740245, 33.666550063857876 ], [ -91.051793857215486, 33.667938066117479 ], [ -91.046423907565199, 33.668498073562183 ], [ -91.036840049759775, 33.671313112937 ], [ -91.033917113819186, 33.673555136445955 ], [ -91.033617665653907, 33.674153444040819 ], [ -91.030987379467192, 33.67940924673524 ], [ -91.030229428061148, 33.684160275183238 ], [ -91.030402455823719, 33.68776329460718 ], [ -91.031680448063227, 33.68847429564569 ], [ -91.036060413291892, 33.689410292708857 ], [ -91.037468443572592, 33.694033317080141 ], [ -91.041261470731584, 33.699930347300246 ], [ -91.047487501424243, 33.706947385117516 ], [ -91.05556251968784, 33.712483420907766 ], [ -91.06052952809614, 33.715127439599257 ], [ -91.068051518352988, 33.716195453553283 ], [ -91.075520502898655, 33.7141954692176 ], [ -91.08987345285685, 33.707361468897204 ], [ -91.101867455871144, 33.704905490129988 ], [ -91.108070471238491, 33.704971507687823 ], [ -91.11735350160869, 33.705257536018564 ], [ -91.126232572398266, 33.709180585503077 ], [ -91.139859651771971, 33.721476649147831 ], [ -91.147305110369388, 33.729698638757775 ], [ -91.147449864529335, 33.73862634423606 ], [ -91.147212715976849, 33.739895706059031 ], [ -91.143681724464102, 33.748000708987895 ], [ -91.145034730472474, 33.750391714899898 ], [ -91.14155373696083, 33.755954713984863 ], [ -91.140814743016861, 33.760128719038406 ], [ -91.144755754056675, 33.76393372725466 ], [ -91.144963762845109, 33.76807273120474 ], [ -91.142010775647719, 33.773817731171221 ], [ -91.137351779587789, 33.779920686243038 ], [ -91.13475174433907, 33.782266435344688 ], [ -91.133174838802717, 33.783050431707856 ], [ -91.129444796919813, 33.783723681151955 ], [ -91.125091798934434, 33.782582674862965 ], [ -91.120418804808082, 33.780411684223225 ], [ -91.114214799737994, 33.776325670261357 ], [ -91.108427804277582, 33.771709685962435 ], [ -91.100532822996129, 33.772648678836703 ], [ -91.071034903042204, 33.775075651298977 ], [ -91.053386975851012, 33.778280667441216 ], [ -91.034622033753919, 33.76833964863598 ], [ -91.025881057212345, 33.764756640205341 ], [ -91.018371126783421, 33.764128650800266 ], [ -91.012255152237557, 33.765135658571786 ], [ -91.00132318995135, 33.768568679049608 ], [ -90.993843209493562, 33.77359870295922 ], [ -90.991221193286478, 33.776788725858097 ], [ -90.989445197819578, 33.780573740606691 ], [ -90.988467200978249, 33.784527755235104 ], [ -90.989070545664021, 33.787052681332632 ], [ -90.989300202214466, 33.788013766746957 ], [ -90.991748203720022, 33.792594781841267 ], [ -90.996810207837669, 33.796937800988196 ], [ -91.005811211743733, 33.802043826332394 ], [ -91.013071205620363, 33.803534829222585 ], [ -91.019335336850048, 33.804670294811565 ], [ -91.021600196007114, 33.805080833865617 ], [ -91.031935181334248, 33.807786846041239 ], [ -91.041253180240787, 33.811593869099326 ], [ -91.049084175542944, 33.816023884416246 ], [ -91.053709188172462, 33.82176292014578 ], [ -91.054147467004739, 33.822297159132539 ], [ -90.962345858208593, 33.867780458254543 ] ] ] } },
{ "type": "Feature", "properties": { "hex_id": 107, "area_km2": 1039.2304845413275 }, "geometry": { "type": "Polygon", "coordinates": [ [ [ -90.398696480759284, 33.60152716543751 ], [ -90.584458580223398, 33.510242782216885 ], [ -90.771943967634385, 33.599007030041534 ], [ -90.774080517407555, 33.779323579106439 ], [ -90.587951645424738, 33.870894936044529 ], [ -90.400052864710759, 33.78186085928003 ], [ -90.398696480759284, 33.60152716543751 ] ] ] } },
{ "type": "Feature", "properties": { "hex_id": 108, "area_km2": 1039.2304845413275 }, "geometry": { "type": "Polygon", "coordinates": [ [ [ -90.025412939736313, 33.60292127543795 ], [ -90.211578048058158, 33.512193313161724 ], [ -90.398696480759284, 33.60152716543751 ], [ -90.400052864710759, 33.78186085928003 ], [ -90.213510416538512, 33.872872097518119 ], [ -90.025988851514924, 33.783264454002605 ], [ -90.025412939736313, 33.60292127543795 ] ] ] } },
{ "type": "Feature", "properties": { "hex_id": 109, "area_km2": 1039.2304845413275 }, "geometry": { "type": "Polygon", "coordinates": [ [ [ -89.652114089608276, 33.603189101009946 ], [ -89.838671941172493, 33.513021482092171 ], [ -90.025412939736313, 33.60292127543795 ], [ -90.025988851514924, 33.783264454002605 ], [ -89.839043176438011, 33.873711573773662 ], [ -89.651909399117457, 33.783534101740557 ], [ -89.652114089608276, 33.603189101009946 ] ] ] } },
{ "type": "Feature", "properties": { "hex_id": 110, "area_km2": 1039.2304845413257 }, "geometry": { "type": "Polygon", "coordinates": [ [ [ -89.278820680691567, 33.60233059238616 ], [ -89.465760920880129, 33.512727135337983 ], [ -89.652114089608276, 33.603189101009946 ], [ -89.651909399117457, 33.783534101740557 ], [ -89.464570939065808, 33.873413208159398 ], [ -89.277835434171692, 33.782669752246058 ], [ -89.278820680691567, 33.60233059238616 ] ] ] } },
{ "type": "Feature", "properties": { "hex_id": 111, "area_km2": 1039.2304845413241 }, "geometry": { "type": "Polygon", "coordinates": [ [ [ -88.905553461428113, 33.60034590909013 ], [ -89.092865650181508, 33.51131032751784 ], [ -89.278820680691567, 33.60233059238616 ], [ -89.277835434171692, 33.782669752246058 ], [ -89.090114720104225, 33.871977056353735 ], [ -88.903787881427291, 33.780671566582754 ], [ -88.905553461428113, 33.60034590909013 ] ] ] } },
{ "type": "Feature", "properties": { "hex_id": 112, "area_km2": 1039.2304845413241 }, "geometry": { "type": "Polygon", "coordinates": [ [ [ -88.532333171239131, 33.59723541985511 ], [ -88.720006786670794, 33.508771321511574 ], [ -88.905553461428113, 33.60034590909013 ], [ -88.903787881427291, 33.780671566582754 ], [ -88.715695529659129, 33.869403386336728 ], [ -88.529787656472251, 33.777539917043434 ], [ -88.532333171239131, 33.59723541985511 ] ] ] } },
{ "type": "Feature", "properties": { "hex_id": 113, "area_km2": 806.95118172725824 }, "geometry": { "type": "Polygon", "coordinates": [ [ [ -88.347204975447937, 33.505110588326666 ], [ -88.532333171239131, 33.59723541985511 ], [ -88.529787656472251, 33.777539917043434 ], [ -88.341334364948636, 33.865692678252756 ], [ -88.239533036953773, 33.815027209084356 ], [ -88.240054020220612, 33.810877186277779 ], [ -88.24159932950991, 33.802971793555166 ], [ -88.241609471242114, 33.802919911037961 ], [ -88.243025041811862, 33.795678214459016 ], [ -88.244142049462297, 33.781671235574926 ], [ -88.246021881988824, 33.767284635377386 ], [ -88.248937509213619, 33.744971902174917 ], [ -88.252257609082875, 33.719566014349148 ], [ -88.254445700421627, 33.698776955443684 ], [ -88.254622694262224, 33.695777958330503 ], [ -88.256131612777779, 33.682858001449262 ], [ -88.256340080538919, 33.682064420181604 ], [ -88.256343604830747, 33.682051004129995 ], [ -88.262370669074102, 33.632400181610151 ], [ -88.262371245000736, 33.632395437541696 ], [ -88.267004983747483, 33.594227281404429 ], [ -88.267147983913262, 33.591987286334145 ], [ -88.268159985389175, 33.585038301058212 ], [ -88.269075988452357, 33.576927318248757 ], [ -88.269531980404977, 33.572892334404806 ], [ -88.270049982047084, 33.570817337774045 ], [ -88.270781727466783, 33.564921942951472 ], [ -88.271377927680987, 33.560118589427482 ], [ -88.273948455904801, 33.539409317339285 ], [ -88.347204975447937, 33.505110588326666 ] ] ] } },
{ "type": "Feature", "properties": { "hex_id": 114, "area_km2": 140.80410905107189 }, "geometry": { "type": "MultiPolygon", "coordinates": [ [ [ [ -91.13475174433907, 33.782266435344688 ], [ -91.134059790064029, 33.782890685489654 ], [ -91.133174838802717, 33.783050431707856 ], [ -91.13475174433907, 33.782266435344688 ] ] ], [ [ [ -90.962345858208593, 33.867780458254543 ], [ -91.054147467004739, 33.822297159132539 ], [ -91.061223210924723, 33.830920951443993 ], [ -91.06823720931439, 33.840966009497407 ], [ -91.070195207763263, 33.845338038690365 ], [ -91.073146202785608, 33.860153144900877 ], [ -91.072773205340525, 33.867292207599242 ], [ -91.06977821513776, 33.872719263847124 ], [ -91.062747232139372, 33.87858549122123 ], [ -91.046610262531374, 33.88845556158951 ], [ -91.038222115219227, 33.895309068403009 ], [ -91.034607268342342, 33.898262552091744 ], [ -91.026910261527092, 33.9063464977853 ], [ -91.013058239097148, 33.923271225045838 ], [ -91.011054254889942, 33.926825107979958 ], [ -91.010786568354831, 33.928309371213622 ], [ -91.010195255088775, 33.93158807357122 ], [ -91.011861250089368, 33.936606050646468 ], [ -91.016226239526233, 33.940719045249594 ], [ -91.02312322488207, 33.943214061942996 ], [ -91.046726161429788, 33.947404129606262 ], [ -91.078497107876061, 33.954058078773386 ], [ -91.079000481681319, 33.95424865271243 ], [ -91.084580097374385, 33.956361057402219 ], [ -91.087754089169195, 33.95931103347192 ], [ -91.089691083279149, 33.964495998465779 ], [ -91.090485079939427, 33.991415831437607 ], [ -91.089094088380364, 33.999330810561077 ], [ -91.086203089923643, 34.006415788910182 ], [ -91.083291084599807, 34.008907774235595 ], [ -91.074692048138573, 34.009015709873893 ], [ -91.067583044617095, 34.005791707744251 ], [ -91.055132044770374, 33.995904741552003 ], [ -91.048713049382414, 33.99267775628033 ], [ -91.04452305008634, 33.992552753471806 ], [ -91.035797051628037, 33.994266737991005 ], [ -91.018949063650339, 34.003222692752594 ], [ -91.013295103568851, 33.993441756640387 ], [ -91.004982171594207, 33.977008840468272 ], [ -91.002987208599009, 33.970899850516865 ], [ -91.000109226961143, 33.966425864458515 ], [ -90.994857245089975, 33.963115864711142 ], [ -90.986661266100057, 33.960524850405008 ], [ -90.976865277971157, 33.960500821125422 ], [ -90.970857303085978, 33.961865763420441 ], [ -90.966174292680293, 33.964660746585302 ], [ -90.963761091894909, 33.96763664208914 ], [ -90.962345858208593, 33.867780458254543 ] ] ], [ [ [ -90.963979894675148, 33.983031002126353 ], [ -90.970948131306812, 33.991882721468251 ], [ -90.978679112324045, 33.997167721302326 ], [ -90.98015310200249, 33.999686711080763 ], [ -90.988185025823682, 34.019208614284281 ], [ -90.977230991619621, 34.023471600054492 ], [ -90.971082890167906, 34.025565518725251 ], [ -90.964625858670303, 34.026795539523327 ], [ -90.964602836123035, 34.026795336005492 ], [ -90.963979894675148, 33.983031002126353 ] ] ] ] } },
{ "type": "Feature", "properties": { "hex_id": 115, "area_km2": 1001.213155885569 }, "geometry": { "type": "Polygon", "coordinates": [ [ [ -90.778411051367613, 34.139940468760862 ], [ -90.589721620796283, 34.051212971419581 ], [ -90.587951645424738, 33.870894936044529 ], [ -90.774080517407555, 33.779323579106439 ], [ -90.962345858208593, 33.867780458254543 ], [ -90.963761091894909, 33.96763664208914 ], [ -90.963721279067855, 33.967685736118277 ], [ -90.961223201489403, 33.976148745506848 ], [ -90.961549182837942, 33.979942739829852 ], [ -90.963979894675148, 33.983031002126353 ], [ -90.964602836123035, 34.026795336005492 ], [ -90.958203804725457, 34.026738601752989 ], [ -90.930050925040902, 34.021910720965295 ], [ -90.919508972984289, 34.021345744931359 ], [ -90.906035985087556, 34.022754759504437 ], [ -90.896253947698384, 34.025215754370748 ], [ -90.891243955508145, 34.027939755603164 ], [ -90.888378962969156, 34.031824754313341 ], [ -90.886252979836314, 34.039205751053807 ], [ -90.886581997050911, 34.045164749772596 ], [ -90.888695017073815, 34.05174975235586 ], [ -90.887838033624178, 34.055400754466113 ], [ -90.886352056288473, 34.058561754885915 ], [ -90.882116083244554, 34.06390075597028 ], [ -90.874542091937457, 34.072038742956416 ], [ -90.872370121757072, 34.076019775554968 ], [ -90.872161321590426, 34.07685676796018 ], [ -90.871084130092896, 34.0811747775466 ], [ -90.871924144422422, 34.086649786524333 ], [ -90.875908532004885, 34.091975116178368 ], [ -90.778411051367613, 34.139940468760862 ] ] ] } },
{ "type": "Feature", "properties": { "hex_id": 116, "area_km2": 1039.2304845413275 }, "geometry": { "type": "Polygon", "coordinates": [ [ [ -90.213510416538512, 33.872872097518119 ], [ -90.400052864710759, 33.78186085928003 ], [ -90.587951645424738, 33.870894936044529 ], [ -90.589721620796283, 34.051212971419581 ], [ -90.402802098039885, 34.142512251204366 ], [ -90.214489570264192, 34.053203530616045 ], [ -90.213510416538512, 33.872872097518119 ] ] ] } },
{ "type": "Feature", "properties": { "hex_id": 117, "area_km2": 1039.2304845413275 }, "geometry": { "type": "Polygon", "coordinates": [ [ [ -89.839043176438011, 33.873711573773662 ], [ -90.025988851514924, 33.783264454002605 ], [ -90.213510416538512, 33.872872097518119 ], [ -90.214489570264192, 34.053203530616045 ], [ -90.027156158832796, 34.143934933074576 ], [ -89.839231285766473, 34.054048695551678 ], [ -89.839043176438011, 33.873711573773662 ] ] ] } },
{ "type": "Feature", "properties": { "hex_id": 118, "area_km2": 1039.2304845413257 }, "geometry": { "type": "Polygon", "coordinates": [ [ [ -89.464570939065808, 33.873413208159398 ], [ -89.651909399117457, 33.783534101740557 ], [ -89.839043176438011, 33.873711573773662 ], [ -89.839231285766473, 34.054048695551678 ], [ -89.651494514846405, 34.144208247759316 ], [ -89.463967961199018, 34.05374830806101 ], [ -89.464570939065808, 33.873413208159398 ] ] ] } },
{ "type": "Feature", "properties": { "hex_id": 119, "area_km2": 1039.2304845413241 }, "geometry": { "type": "Polygon", "coordinates": [ [ [ -89.090114720104225, 33.871977056353735 ], [ -89.277835434171692, 33.782669752246058 ], [ -89.464570939065808, 33.873413208159398 ], [ -89.463967961199018, 34.05374830806101 ], [ -89.275838452706381, 34.143332144034936 ], [ -89.088720792224834, 34.052302424360498 ], [ -89.090114720104225, 33.871977056353735 ] ] ] } },
{ "type": "Feature", "properties": { "hex_id": 120, "area_km2": 1039.2304845413241 }, "geometry": { "type": "Polygon", "coordinates": [ [ [ -88.715695529659129, 33.869403386336728 ], [ -88.903787881427291, 33.780671566582754 ], [ -89.090114720104225, 33.871977056353735 ], [ -89.088720792224834, 34.052302424360498 ], [ -88.900209257074437, 34.141306786092834 ], [ -88.713510968842797, 34.049711315019501 ], [ -88.715695529659129, 33.869403386336728 ] ] ] } },
{ "type": "Feature", "properties": { "hex_id": 121, "area_km2": 1039.2304845413241 }, "geometry": { "type": "Polygon", "coordinates": [ [ [ -88.341334364948636, 33.865692678252756 ], [ -88.529787656472251, 33.777539917043434 ], [ -88.715695529659115, 33.869403386336728 ], [ -88.713510968842797, 34.049711315019501 ], [ -88.524628203160319, 34.138132553454682 ], [ -88.338359667961569, 34.045975464821176 ], [ -88.341334364948636, 33.865692678252756 ] ] ] } },
{ "type": "Feature", "properties": { "hex_id": 122, "area_km2": 290.88583869703774 }, "geometry": { "type": "Polygon", "coordinates": [ [ [ -88.341334364948636, 33.865692678252756 ], [ -88.338359667961569, 34.045975464821176 ], [ -88.20094671986665, 34.109801633897206 ], [ -88.203784459242129, 34.086552070000998 ], [ -88.206005654964144, 34.068355518281805 ], [ -88.20722932885478, 34.058330815589692 ], [ -88.2107412181645, 34.029196785794845 ], [ -88.211746989471834, 34.021738188524374 ], [ -88.213270084242552, 34.010443294077476 ], [ -88.222135422172926, 33.944700224290003 ], [ -88.226427703456679, 33.912873003837142 ], [ -88.226516706999291, 33.911663008510963 ], [ -88.226516707305208, 33.911549008976635 ], [ -88.228931641276731, 33.894235158768389 ], [ -88.229248846580049, 33.891960966271313 ], [ -88.229252428484386, 33.891935285940328 ], [ -88.229461143366308, 33.890438912591975 ], [ -88.230986795090487, 33.879500832482087 ], [ -88.235492011636225, 33.847201070938524 ], [ -88.239533036953773, 33.815027209084356 ], [ -88.341334364948636, 33.865692678252756 ] ] ] } },
{ "type": "Feature", "properties": { "hex_id": 123, "area_km2": 174.6069338286112 }, "geometry": { "type": "Polygon", "coordinates": [ [ [ -90.778411051367613, 34.139940468760862 ], [ -90.875908532004885, 34.091975116178368 ], [ -90.876607187947741, 34.092908819782579 ], [ -90.882629214251097, 34.09661284929917 ], [ -90.888086230516535, 34.097807874125429 ], [ -90.893527239057661, 34.097792897601067 ], [ -90.901131241130528, 34.094664926233968 ], [ -90.914067246325175, 34.092753976359475 ], [ -90.917278248329566, 34.09263298869427 ], [ -90.921295255414861, 34.093512006235308 ], [ -90.940063333429677, 34.105061125041203 ], [ -90.947690338006993, 34.109572127123393 ], [ -90.955579666060331, 34.118874494023004 ], [ -90.956612903457867, 34.120092791670537 ], [ -90.958605325572307, 34.122442070967992 ], [ -90.961045229768501, 34.130511866276535 ], [ -90.958645224838847, 34.135481835733408 ], [ -90.954301227096821, 34.138495817132245 ], [ -90.936615232776603, 34.149371752127806 ], [ -90.922883257032098, 34.155834768014728 ], [ -90.915531260420735, 34.161262765286509 ], [ -90.913528260718195, 34.163340765381854 ], [ -90.910011260597258, 34.165505766208341 ], [ -90.903578260109626, 34.164329764886126 ], [ -90.89438625311692, 34.160950756896753 ], [ -90.881985246781582, 34.150908742629071 ], [ -90.874531231210696, 34.147248704929027 ], [ -90.868619225981419, 34.142513697017129 ], [ -90.86044720968853, 34.139184682507199 ], [ -90.853472168802341, 34.137508653185186 ], [ -90.847169127187257, 34.136881630052756 ], [ -90.836100034816198, 34.137873590667375 ], [ -90.830285979363936, 34.139810571977094 ], [ -90.822593864104149, 34.144051563749372 ], [ -90.815878783406419, 34.149876544649125 ], [ -90.810884717213597, 34.155900530125848 ], [ -90.807564672030509, 34.161818521871105 ], [ -90.80716464782131, 34.167457522062222 ], [ -90.808685632572136, 34.175875548431414 ], [ -90.809226295638126, 34.176915036131476 ], [ -90.810016634542464, 34.178434554675853 ], [ -90.812374642907614, 34.180764563386049 ], [ -90.816572663311874, 34.183020577335292 ], [ -90.828388756215404, 34.184781613979808 ], [ -90.838205834583547, 34.183801645769542 ], [ -90.847108894975207, 34.186050679335146 ], [ -90.854406944855597, 34.186830704478204 ], [ -90.860866993530692, 34.18590272479149 ], [ -90.863446017436516, 34.184236732025418 ], [ -90.869747063491118, 34.182836751617792 ], [ -90.873831087518397, 34.183217765437043 ], [ -90.877476134447235, 34.185630809873871 ], [ -90.882702165501357, 34.184361823708585 ], [ -90.887562191260145, 34.182411833415948 ], [ -90.908216256519168, 34.192068863364803 ], [ -90.91442627058683, 34.195723862624234 ], [ -90.925543276204706, 34.206986812565425 ], [ -90.931933554743921, 34.214699551164358 ], [ -90.934545299616559, 34.217851792775512 ], [ -90.936411166874649, 34.22454582215191 ], [ -90.936473313556519, 34.224768780978771 ], [ -90.937149369228862, 34.232607743530345 ], [ -90.935549373285028, 34.237844735798141 ], [ -90.929016371965346, 34.244538725568155 ], [ -90.923153424599647, 34.246527734588327 ], [ -90.912397397005392, 34.245929730174453 ], [ -90.906335369878249, 34.244379728913636 ], [ -90.904280358113851, 34.240957734688969 ], [ -90.900079322304279, 34.229618759211725 ], [ -90.896581292533412, 34.225797766035527 ], [ -90.881339132250147, 34.216374801046008 ], [ -90.876797095203955, 34.214386792751952 ], [ -90.864719931938325, 34.211742733239717 ], [ -90.856407866498301, 34.211313709191082 ], [ -90.847149814467244, 34.206127684329317 ], [ -90.839494714473616, 34.216153655844316 ], [ -90.838130688017017, 34.219994649556263 ], [ -90.839953605932266, 34.226800628710038 ], [ -90.840537575230556, 34.238027619961102 ], [ -90.839414553101719, 34.244574613112995 ], [ -90.835012522849055, 34.258632595468328 ], [ -90.834602436528812, 34.263210674511548 ], [ -90.833629587220571, 34.274071608632681 ], [ -90.831773727273287, 34.276933613691746 ], [ -90.829623721604079, 34.278570615697554 ], [ -90.820344606281694, 34.280901597082874 ], [ -90.816736577103768, 34.280646592451241 ], [ -90.797554444911128, 34.276080571861407 ], [ -90.786926164428436, 34.27242103870357 ], [ -90.784543321710828, 34.27160057010893 ], [ -90.78000535834974, 34.271099562166569 ], [ -90.778411051367613, 34.139940468760862 ] ] ] } },
{ "type": "Feature", "properties": { "hex_id": 124, "area_km2": 996.9683791728869 }, "geometry": { "type": "Polygon", "coordinates": [ [ [ -90.404195155892424, 34.322829921607294 ], [ -90.402802098039885, 34.142512251204366 ], [ -90.589721620796283, 34.051212971419581 ], [ -90.778411051367613, 34.139940468760862 ], [ -90.78000535834974, 34.271099562166569 ], [ -90.765623266976206, 34.269510572884506 ], [ -90.760423267933817, 34.270730576432484 ], [ -90.752929283681553, 34.274602590365539 ], [ -90.746684391309557, 34.279762634953073 ], [ -90.738025427611788, 34.289276679947598 ], [ -90.735957442331269, 34.295856709432364 ], [ -90.73515345077594, 34.302557738451149 ], [ -90.736399453882896, 34.312064777445471 ], [ -90.742773452820003, 34.321292810690323 ], [ -90.754145110865807, 34.333209734338645 ], [ -90.67670300561818, 34.371111023299918 ], [ -90.676245187992379, 34.371108883852258 ], [ -90.676159190261643, 34.369555883878974 ], [ -90.681498236923872, 34.352600876873382 ], [ -90.691551305062958, 34.338615860370425 ], [ -90.693686340458044, 34.329677837726699 ], [ -90.693129397917588, 34.322567793544046 ], [ -90.690005396042082, 34.318581771597444 ], [ -90.68600338284466, 34.315768750433477 ], [ -90.678097340567248, 34.313028715353127 ], [ -90.669343177917284, 34.313017651095464 ], [ -90.661395132823472, 34.315395638012305 ], [ -90.657488116439822, 34.322228664382216 ], [ -90.660404149064647, 34.335757795895816 ], [ -90.660874555789675, 34.336690816370108 ], [ -90.666862174979528, 34.348566855218856 ], [ -90.666788175906447, 34.355817873138257 ], [ -90.655346171054788, 34.371843884387552 ], [ -90.658542157637754, 34.375702853411802 ], [ -90.651464173939289, 34.382748846414181 ], [ -90.643775909984257, 34.387201010006947 ], [ -90.640202868333489, 34.388946096820284 ], [ -90.630807222696532, 34.390079822817121 ], [ -90.622384290409812, 34.389467801208752 ], [ -90.613507300342505, 34.390281782145365 ], [ -90.606039307775788, 34.393254765059488 ], [ -90.598014314196348, 34.398184748131747 ], [ -90.591113740100127, 34.404618518239808 ], [ -90.586702208496689, 34.408731644047897 ], [ -90.404195155892424, 34.322829921607294 ] ] ] } },
{ "type": "Feature", "properties": { "hex_id": 125, "area_km2": 1039.2304845413275 }, "geometry": { "type": "Polygon", "coordinates": [ [ [ -90.027156158832796, 34.143934933074576 ], [ -90.214489570264192, 34.053203530616045 ], [ -90.402802098039885, 34.142512251204366 ], [ -90.404195155892424, 34.322829921607294 ], [ -90.216474187980992, 34.41385041077443 ], [ -90.027747642904217, 34.324262206781711 ], [ -90.027156158832796, 34.143934933074576 ] ] ] } },
{ "type": "Feature", "properties": { "hex_id": 126, "area_km2": 1039.2304845413275 }, "geometry": { "type": "Polygon", "coordinates": [ [ [ -89.651494514846405, 34.144208247759316 ], [ -89.839231285766473, 34.054048695551678 ], [ -90.027156158832796, 34.143934933074576 ], [ -90.027747642904217, 34.324262206781711 ], [ -89.839612559152926, 34.414707024414916 ], [ -89.651284289599062, 34.324537366416095 ], [ -89.651494514846405, 34.144208247759316 ] ] ] } },
{ "type": "Feature", "properties": { "hex_id": 127, "area_km2": 1039.2304845413257 }, "geometry": { "type": "Polygon", "coordinates": [ [ [ -89.275838452706381, 34.143332144034936 ], [ -89.463967961199018, 34.05374830806101 ], [ -89.651494514846405, 34.144208247759316 ], [ -89.651284289599062, 34.324537366416095 ], [ -89.462745802882466, 34.414402567813291 ], [ -89.274826566314644, 34.323655348791391 ], [ -89.275838452706381, 34.143332144034936 ] ] ] } },
{ "type": "Feature", "properties": { "hex_id": 128, "area_km2": 1039.2304845413241 }, "geometry": { "type": "Polygon", "coordinates": [ [ [ -88.900209257074437, 34.141306786092834 ], [ -89.088720792224834, 34.052302424360498 ], [ -89.275838452706381, 34.143332144034936 ], [ -89.27482656631463, 34.323655348791391 ], [ -89.085895482265073, 34.412937098278732 ], [ -88.89839594139363, 34.321616319687074 ], [ -88.900209257074437, 34.141306786092834 ] ] ] } },
{ "type": "Feature", "properties": { "hex_id": 129, "area_km2": 1039.2304845413241 }, "geometry": { "type": "Polygon", "coordinates": [ [ [ -88.524628203160319, 34.138132553454682 ], [ -88.713510968842797, 34.049711315019501 ], [ -88.900209257074437, 34.141306786092834 ], [ -88.89839594139363, 34.321616319687074 ], [ -88.709083154551593, 34.410310891639945 ], [ -88.522013873577365, 34.318420662295395 ], [ -88.524628203160319, 34.138132553454682 ] ] ] } },
{ "type": "Feature", "properties": { "hex_id": 130, "area_km2": 960.15619022823546 }, "geometry": { "type": "Polygon", "coordinates": [ [ [ -88.338359667961569, 34.045975464821176 ], [ -88.524628203160319, 34.138132553454682 ], [ -88.522013873577365, 34.318420662295395 ], [ -88.332330363485539, 34.406524442101876 ], [ -88.172798672568746, 34.327522618289628 ], [ -88.17363262915184, 34.321051837153938 ], [ -88.175867667723054, 34.30216882567327 ], [ -88.176889682610962, 34.293855821304 ], [ -88.177106856436808, 34.292236567874134 ], [ -88.177496631126843, 34.28933041245827 ], [ -88.1866677475453, 34.2209497663343 ], [ -88.18762071904186, 34.204775772540344 ], [ -88.190678707437158, 34.190120780685106 ], [ -88.192128677854072, 34.175348794803121 ], [ -88.2001964810309, 34.115945829338884 ], [ -88.20094671986665, 34.109801633897206 ], [ -88.338359667961569, 34.045975464821176 ] ] ] } },
{ "type": "Feature", "properties": { "hex_id": 131, "area_km2": 13.73030169578634 }, "geometry": { "type": "MultiPolygon", "coordinates": [ [ [ [ -90.754145110865807, 34.333209734338645 ], [ -90.755293444413638, 34.334412878529221 ], [ -90.765130448790046, 34.342508888407529 ], [ -90.768691444398314, 34.347779893987905 ], [ -90.769960427906895, 34.35547990425264 ], [ -90.769231418689458, 34.358430909063649 ], [ -90.764393393708914, 34.363672919864655 ], [ -90.757304366395005, 34.367389928636577 ], [ -90.749641349013302, 34.368145934490499 ], [ -90.741583339657907, 34.366082937140362 ], [ -90.733683653268727, 34.364101450349331 ], [ -90.720533304161194, 34.360802914051384 ], [ -90.715803295636803, 34.360332910804956 ], [ -90.711989482469249, 34.360897762805848 ], [ -90.701057255671728, 34.362516900201236 ], [ -90.684826204080451, 34.369064888184475 ], [ -90.678603190864095, 34.371119884828694 ], [ -90.67670300561818, 34.371111023299918 ], [ -90.754145110865807, 34.333209734338645 ] ] ], [ [ [ -90.643775909984257, 34.387201010006947 ], [ -90.640909202345966, 34.388860836671654 ], [ -90.640202868333489, 34.388946096820284 ], [ -90.643775909984257, 34.387201010006947 ] ] ] ] } },
{ "type": "Feature", "properties": { "hex_id": 132, "area_km2": 998.73858216108943 }, "geometry": { "type": "Polygon", "coordinates": [ [ [ -90.407018685971607, 34.683449143638981 ], [ -90.21747980356588, 34.594165831310285 ], [ -90.216474187980992, 34.41385041077443 ], [ -90.404195155892424, 34.322829921607294 ], [ -90.586702208496689, 34.408731644047897 ], [ -90.586232310208388, 34.409169724528532 ], [ -90.584313309815542, 34.412191721500108 ], [ -90.580916312608863, 34.419859717925135 ], [ -90.580057055597436, 34.422823390841195 ], [ -90.577694374379519, 34.430972703629315 ], [ -90.578263383382691, 34.433869708923801 ], [ -90.580700308845877, 34.437740226304435 ], [ -90.582584424325162, 34.440732730643461 ], [ -90.58737744536613, 34.454829768127475 ], [ -90.593104258918814, 34.477319844238792 ], [ -90.593920228896195, 34.484173867687588 ], [ -90.592662193875285, 34.490576894322196 ], [ -90.589711548977107, 34.497073785918801 ], [ -90.581294080716305, 34.515607984311295 ], [ -90.581237455867409, 34.515660811908575 ], [ -90.574703017241177, 34.52175707056518 ], [ -90.567847985235659, 34.523981676979311 ], [ -90.566534003345964, 34.524408092141378 ], [ -90.552948275709838, 34.53129600783825 ], [ -90.545996325865048, 34.536179002370964 ], [ -90.542528356653946, 34.540148004734284 ], [ -90.539623378199664, 34.553923062346328 ], [ -90.540493361618687, 34.557869089973053 ], [ -90.549358260271504, 34.569253187531949 ], [ -90.562988897978158, 34.581923389494015 ], [ -90.573761854317709, 34.592131406054875 ], [ -90.579283445843487, 34.599844557029435 ], [ -90.407018685971607, 34.683449143638981 ] ] ] } },
{ "type": "Feature", "properties": { "hex_id": 133, "area_km2": 1039.2304845413275 }, "geometry": { "type": "Polygon", "coordinates": [ [ [ -89.839612559152926, 34.414707024414916 ], [ -90.027747642904217, 34.324262206781711 ], [ -90.216474187980992, 34.41385041077443 ], [ -90.21747980356588, 34.594165831310285 ], [ -90.02894649779401, 34.684900757119657 ], [ -89.839805752337227, 34.595028205508996 ], [ -89.839612559152926, 34.414707024414916 ] ] ] } },
{ "type": "Feature", "properties": { "hex_id": 134, "area_km2": 1039.2304845413257 }, "geometry": { "type": "Polygon", "coordinates": [ [ [ -89.462745802882466, 34.414402567813291 ], [ -89.651284289599062, 34.324537366416095 ], [ -89.839612559152926, 34.414707024414916 ], [ -89.839805752337227, 34.595028205508996 ], [ -89.650858192580898, 34.685179630035769 ], [ -89.462126529072734, 34.594721701483152 ], [ -89.462745802882466, 34.414402567813291 ] ] ] } },
{ "type": "Feature", "properties": { "hex_id": 135, "area_km2": 1039.2304845413241 }, "geometry": { "type": "Polygon", "coordinates": [ [ [ -89.085895482265073, 34.412937098278732 ], [ -89.27482656631463, 34.323655348791391 ], [ -89.462745802882452, 34.414402567813291 ], [ -89.462126529072734, 34.594721701483152 ], [ -89.272775615743129, 34.684285709661765 ], [ -89.084463884398673, 34.59324637709696 ], [ -89.085895482265073, 34.412937098278732 ] ] ] } },
{ "type": "Feature", "properties": { "hex_id": 136, "area_km2": 1039.2304845413241 }, "geometry": { "type": "Polygon", "coordinates": [ [ [ -88.709083154551593, 34.410310891639945 ], [ -88.89839594139363, 34.321616319687074 ], [ -89.085895482265073, 34.412937098278732 ], [ -89.084463884398673, 34.59324637709696 ], [ -88.894720610632518, 34.682219165003289 ], [ -88.706839563003626, 34.59060251084987 ], [ -88.709083154551593, 34.410310891639945 ] ] ] } },
{ "type": "Feature", "properties": { "hex_id": 137, "area_km2": 1039.2304845413241 }, "geometry": { "type": "Polygon", "coordinates": [ [ [ -88.332330363485539, 34.406524442101876 ], [ -88.522013873577365, 34.318420662295395 ], [ -88.709083154551593, 34.410310891639945 ], [ -88.706839563003626, 34.59060251084987 ], [ -88.516715010691826, 34.678980386708908 ], [ -88.329275295854217, 34.586790601731494 ], [ -88.332330363485539, 34.406524442101876 ] ] ] } },
{ "type": "Feature", "properties": { "hex_id": 138, "area_km2": 487.74634965054838 }, "geometry": { "type": "Polygon", "coordinates": [ [ [ -88.332330363485539, 34.406524442101876 ], [ -88.329275295854217, 34.586790601731494 ], [ -88.138780631614011, 34.674569986865997 ], [ -88.127070010722349, 34.668775004010989 ], [ -88.130807374381831, 34.644811138910612 ], [ -88.134263666578917, 34.622657766176026 ], [ -88.134364859523714, 34.621898258944192 ], [ -88.138719657202031, 34.589212787829005 ], [ -88.139246655607153, 34.587792788494816 ], [ -88.139988643958247, 34.581700797466738 ], [ -88.145727460483741, 34.539993447936141 ], [ -88.152509608867703, 34.490704173409455 ], [ -88.156050651298912, 34.464970100017993 ], [ -88.156292561131394, 34.463212050201193 ], [ -88.156552630267967, 34.460981873535417 ], [ -88.156751608702606, 34.45927556955106 ], [ -88.158666581203804, 34.442854005690975 ], [ -88.159430377881932, 34.436304103863122 ], [ -88.161375439307577, 34.419624320426038 ], [ -88.16563456864148, 34.38309988740194 ], [ -88.165673941830448, 34.382789464562023 ], [ -88.165910566961713, 34.380923885090745 ], [ -88.172798672568746, 34.327522618289628 ], [ -88.332330363485539, 34.406524442101876 ] ] ] } },
{ "type": "Feature", "properties": { "hex_id": 139, "area_km2": 201.46447393152681 }, "geometry": { "type": "Polygon", "coordinates": [ [ [ -90.432138245595226, 34.874849353311518 ], [ -90.430095604055708, 34.871209498026012 ], [ -90.429365601633009, 34.866606498888906 ], [ -90.43558258682134, 34.856247513457319 ], [ -90.449690579068942, 34.839917536574852 ], [ -90.438728568309998, 34.825245499216862 ], [ -90.430172576195005, 34.826217486460799 ], [ -90.41752861659775, 34.825811473375339 ], [ -90.41189304356449, 34.826409493210498 ], [ -90.408155181665961, 34.826806140199714 ], [ -90.407018685971607, 34.683449143638981 ], [ -90.579283445843487, 34.599844557029435 ], [ -90.587200814322941, 34.610901395662829 ], [ -90.591143817592439, 34.619202374540556 ], [ -90.591783818455724, 34.623792365179476 ], [ -90.59093484328514, 34.628745306008348 ], [ -90.587317685299553, 34.641358188782228 ], [ -90.586642858725739, 34.643711286185173 ], [ -90.58317287727499, 34.651961275929303 ], [ -90.580863886811656, 34.655172272920694 ], [ -90.569714930661348, 34.666348288889118 ], [ -90.568406939424705, 34.668876281483655 ], [ -90.567697013808754, 34.679091240394072 ], [ -90.570102041816412, 34.693430205184207 ], [ -90.556234045628784, 34.693574172905755 ], [ -90.555693260297517, 34.693308728321341 ], [ -90.54568905092998, 34.688398157872037 ], [ -90.541511050450765, 34.683088165483774 ], [ -90.540338047444621, 34.68007217502354 ], [ -90.539968041512296, 34.676837188915584 ], [ -90.543734990537189, 34.672025233956141 ], [ -90.552641937738287, 34.65970530469577 ], [ -90.553961922502836, 34.655016324824132 ], [ -90.555103895825511, 34.646234358353006 ], [ -90.554128882009394, 34.640869378663616 ], [ -90.551760870728501, 34.636482396144118 ], [ -90.547613856323778, 34.631654417228773 ], [ -90.541608844381713, 34.62861043267678 ], [ -90.532107837827709, 34.627325440001179 ], [ -90.52448078754604, 34.628502462058663 ], [ -90.517167818404133, 34.630926428946431 ], [ -90.508099900083636, 34.636680345088479 ], [ -90.503414956985978, 34.640713285435112 ], [ -90.499893010050272, 34.644981227156649 ], [ -90.493634074932473, 34.649090152662644 ], [ -90.481500198360294, 34.658014995927608 ], [ -90.468822434051717, 34.670023768358099 ], [ -90.466041435690883, 34.674309733354754 ], [ -90.46367886548164, 34.681461224358742 ], [ -90.462816442299257, 34.684071720467827 ], [ -90.463685401891411, 34.692641682362407 ], [ -90.466666348855199, 34.699997656083923 ], [ -90.466833699607221, 34.700166388251972 ], [ -90.468849326852379, 34.702198654458385 ], [ -90.474166285664026, 34.705274665136344 ], [ -90.483333191638025, 34.704163743021169 ], [ -90.516666106883264, 34.695552971964773 ], [ -90.532444071940972, 34.696235071235535 ], [ -90.542499057253664, 34.699998102801672 ], [ -90.553217047322747, 34.706032126852719 ], [ -90.555454386688041, 34.707756395558569 ], [ -90.559444043105685, 34.710831137016186 ], [ -90.571944050876837, 34.712775168607656 ], [ -90.568611040081464, 34.72138614554342 ], [ -90.568171997749147, 34.727382142916944 ], [ -90.568124704756258, 34.728096201068588 ], [ -90.567777988802774, 34.733331133068425 ], [ -90.563610972993672, 34.737776112111099 ], [ -90.558332956531387, 34.739165086648228 ], [ -90.549999935652622, 34.739720044747898 ], [ -90.545555928190765, 34.738887021393644 ], [ -90.539443871852527, 34.755274964427066 ], [ -90.542630857412149, 34.76439397568096 ], [ -90.545220853109555, 34.770622986729045 ], [ -90.547777781552767, 34.783331040185033 ], [ -90.544166776314242, 34.791665008622935 ], [ -90.540832773171033, 34.795830983428971 ], [ -90.533488753140574, 34.799910935683052 ], [ -90.526395728502379, 34.801666892298705 ], [ -90.521110711840649, 34.801941830072195 ], [ -90.51681770093515, 34.800789284514579 ], [ -90.514070684017341, 34.800051791714758 ], [ -90.511110673425534, 34.798285775509036 ], [ -90.511387675709216, 34.789996779598233 ], [ -90.50305466405527, 34.783330718080016 ], [ -90.492776698205063, 34.772496564125646 ], [ -90.492452729862094, 34.76453855075281 ], [ -90.494392763317322, 34.757428564302458 ], [ -90.499310781724205, 34.754707605768829 ], [ -90.506722814217625, 34.749774671465055 ], [ -90.512767847876063, 34.744294729595616 ], [ -90.52416591998815, 34.731385853453958 ], [ -90.508333032232372, 34.723608787473829 ], [ -90.49999905545306, 34.721663742903139 ], [ -90.491666071179125, 34.721385691261531 ], [ -90.474999102251275, 34.723885539792036 ], [ -90.465004965100292, 34.727307354070739 ], [ -90.45538092428913, 34.732638258708981 ], [ -90.448422897531898, 34.739114213426838 ], [ -90.448246858852059, 34.740114113397041 ], [ -90.448078884619292, 34.741068209381446 ], [ -90.449046840050869, 34.747459213995278 ], [ -90.452669763423685, 34.755671226376109 ], [ -90.457864697974074, 34.762619256695046 ], [ -90.470410600952746, 34.780874469165646 ], [ -90.474768583521879, 34.788958522608851 ], [ -90.476454592937813, 34.793584575608989 ], [ -90.476173580340784, 34.800481589697803 ], [ -90.474659564122575, 34.804206566103488 ], [ -90.469373550385086, 34.812601562821847 ], [ -90.463377539059366, 34.817011550137096 ], [ -90.455378527459374, 34.820782533157235 ], [ -90.461602589786153, 34.831717557208329 ], [ -90.474877647961236, 34.850357596104729 ], [ -90.481954687929147, 34.857802626496095 ], [ -90.484372705492376, 34.863578622056501 ], [ -90.485037712451614, 34.869249613077379 ], [ -90.484347710823727, 34.874922600952686 ], [ -90.48126370088977, 34.881063572034321 ], [ -90.476043679946699, 34.885839555506791 ], [ -90.467058629138236, 34.890403530034689 ], [ -90.465996246129848, 34.890699159312121 ], [ -90.432138245595226, 34.874849353311518 ] ] ] } },
{ "type": "Feature", "properties": { "hex_id": 140, "area_km2": 966.26758364059651 }, "geometry": { "type": "Polygon", "coordinates": [ [ [ -90.219518035058698, 34.954780568554341 ], [ -90.029553960858564, 34.865212008217703 ], [ -90.02894649779401, 34.684900757119657 ], [ -90.21747980356588, 34.594165831310285 ], [ -90.407018685971607, 34.683449143638981 ], [ -90.408155181665961, 34.826806140199714 ], [ -90.407974169871807, 34.826825345441499 ], [ -90.407947544406454, 34.826828170810138 ], [ -90.399755656654591, 34.827697455760116 ], [ -90.38939268507157, 34.830662445867347 ], [ -90.36225779256803, 34.842762399463254 ], [ -90.338448864208061, 34.858514395989083 ], [ -90.328556883911773, 34.849730429927661 ], [ -90.319197934360091, 34.844851517252465 ], [ -90.31131194221247, 34.844220536216817 ], [ -90.307383942332535, 34.846192538502599 ], [ -90.303943939256044, 34.850514533537648 ], [ -90.302668935475523, 34.854363526808221 ], [ -90.303292930954584, 34.858562517968842 ], [ -90.304775750143449, 34.860412308470622 ], [ -90.305777927785186, 34.861662507368713 ], [ -90.314892923686202, 34.863952485196407 ], [ -90.317740911209171, 34.871055463950611 ], [ -90.304477886364324, 34.877782474174481 ], [ -90.289706860191203, 34.883318482931543 ], [ -90.276866839309676, 34.885226495927576 ], [ -90.257857798598835, 34.89338250437148 ], [ -90.249069789181704, 34.900140519109087 ], [ -90.243207784453901, 34.909097529206868 ], [ -90.241333784219322, 34.919030525874092 ], [ -90.24201879496826, 34.931521500082248 ], [ -90.243501936802204, 34.94325210927466 ], [ -90.219518035058698, 34.954780568554341 ] ] ] } },
{ "type": "Feature", "properties": { "hex_id": 141, "area_km2": 1039.2304845413275 }, "geometry": { "type": "Polygon", "coordinates": [ [ [ -89.650858192580898, 34.685179630035769 ], [ -89.839805752337227, 34.595028205508996 ], [ -90.02894649779401, 34.684900757119657 ], [ -90.029553960858564, 34.865212008217703 ], [ -89.84019732601891, 34.955654537639361 ], [ -89.650642288022851, 34.865492749641014 ], [ -89.650858192580898, 34.685179630035769 ] ] ] } },
{ "type": "Feature", "properties": { "hex_id": 142, "area_km2": 1039.2304845413257 }, "geometry": { "type": "Polygon", "coordinates": [ [ [ -89.272775615743129, 34.684285709661765 ], [ -89.462126529072734, 34.594721701483152 ], [ -89.650858192580898, 34.685179630035769 ], [ -89.650642288022866, 34.865492749641014 ], [ -89.460871353893978, 34.95534391254494 ], [ -89.27173639376403, 34.864592839856769 ], [ -89.272775615743129, 34.684285709661765 ] ] ] } },
{ "type": "Feature", "properties": { "hex_id": 143, "area_km2": 1039.2304845413241 }, "geometry": { "type": "Polygon", "coordinates": [ [ [ -88.894720610632518, 34.682219165003289 ], [ -89.084463884398673, 34.59324637709696 ], [ -89.272775615743129, 34.684285709661765 ], [ -89.27173639376403, 34.864592839856769 ], [ -89.081562252203923, 34.953848752262736 ], [ -88.892858312843401, 34.862512449509161 ], [ -88.894720610632518, 34.682219165003289 ] ] ] } },
{ "type": "Feature", "properties": { "hex_id": 144, "area_km2": 1039.2304845413241 }, "geometry": { "type": "Polygon", "coordinates": [ [ [ -88.51671501069184, 34.678980386708908 ], [ -88.706839563003626, 34.59060251084987 ], [ -88.894720610632518, 34.682219165003289 ], [ -88.892858312843401, 34.862512449509161 ], [ -88.702292148339737, 34.951169340718458 ], [ -88.514030069954714, 34.8592519730338 ], [ -88.51671501069184, 34.678980386708908 ] ] ] } },
{ "type": "Feature", "properties": { "hex_id": 145, "area_km2": 1039.2304845413241 }, "geometry": { "type": "Polygon", "coordinates": [ [ [ -88.138780631614011, 34.674569986865997 ], [ -88.329275295854217, 34.586790601731494 ], [ -88.516715010691826, 34.678980386708908 ], [ -88.5140300699547, 34.8592519730338 ], [ -88.32308315552784, 34.947306186622562 ], [ -88.135273671758114, 34.854812028450731 ], [ -88.138780631614011, 34.674569986865997 ] ] ] } },
{ "type": "Feature", "properties": { "hex_id": 146, "area_km2": 45.540852711684479 }, "geometry": { "type": "Polygon", "coordinates": [ [ [ -88.138780631614011, 34.674569986865997 ], [ -88.135273671758114, 34.854812028450731 ], [ -88.100463363076088, 34.870760224370215 ], [ -88.104828667730288, 34.834383024148828 ], [ -88.107560437389921, 34.811625691402071 ], [ -88.113775133810208, 34.76579451285523 ], [ -88.116418481447596, 34.746300676549353 ], [ -88.118407490732963, 34.724289698990262 ], [ -88.120810303586822, 34.708888558537275 ], [ -88.122923378140328, 34.695344546547616 ], [ -88.127070010722349, 34.668775004010989 ], [ -88.138780631614011, 34.674569986865997 ] ] ] } },
{ "type": "Feature", "properties": { "hex_id": 147, "area_km2": 33.221528651018083 }, "geometry": { "type": "MultiPolygon", "coordinates": [ [ [ [ -90.465996246129848, 34.890699159312121 ], [ -90.462271618295873, 34.891735521573956 ], [ -90.453946609185863, 34.890929512005243 ], [ -90.446856609844119, 34.888540505906455 ], [ -90.440057616899281, 34.88544750028624 ], [ -90.436560622245509, 34.882728498216622 ], [ -90.432138245595226, 34.874849353311518 ], [ -90.465996246129848, 34.890699159312121 ] ] ], [ [ [ -90.219518035058698, 34.954780568554341 ], [ -90.243501936802204, 34.94325210927466 ], [ -90.243756791065707, 34.945267470346366 ], [ -90.24593478953426, 34.948718459078457 ], [ -90.248231789137336, 34.950176451818372 ], [ -90.252772789058426, 34.951599440862829 ], [ -90.270705782046576, 34.958754402263274 ], [ -90.275172756246533, 34.961869988430536 ], [ -90.292994755345816, 34.974300363759959 ], [ -90.296056754740576, 34.976468429099889 ], [ -90.301323738773391, 34.981961382056419 ], [ -90.307335683490138, 34.991924166399443 ], [ -90.308360694113702, 34.995691219818177 ], [ -90.302644690482794, 34.995672591321835 ], [ -90.219750095318588, 34.995433289013022 ], [ -90.219518035058698, 34.954780568554341 ] ] ] ] } },
{ "type": "Feature", "properties": { "hex_id": 148, "area_km2": 324.89500304341618 }, "geometry": { "type": "Polygon", "coordinates": [ [ [ -89.84019732601891, 34.955654537639361 ], [ -90.029553960858564, 34.865212008217703 ], [ -90.219518035058698, 34.954780568554341 ], [ -90.219750095318588, 34.995433289013022 ], [ -90.137655846108572, 34.995140507350889 ], [ -90.137450820563345, 34.995139846750355 ], [ -90.127604827331552, 34.995108125007903 ], [ -90.127344832234286, 34.995107287423032 ], [ -90.126944204624138, 34.995105996791416 ], [ -90.096336352554658, 34.995007462896346 ], [ -90.060783599387875, 34.994893137572952 ], [ -90.043035825045152, 34.994836018848844 ], [ -90.031328701204771, 34.994798251464587 ], [ -90.031306095588789, 34.994798178345079 ], [ -90.025071779928112, 34.994777991189942 ], [ -90.025017102282234, 34.994777813947934 ], [ -90.008154410353512, 34.994723160617959 ], [ -90.008136612043643, 34.994723102796961 ], [ -90.002538091442531, 34.994704939022753 ], [ -90.002264570603614, 34.994704052840383 ], [ -89.989906935079475, 34.994664215291266 ], [ -89.989900266332356, 34.994664193782675 ], [ -89.972194784415663, 34.994606620645961 ], [ -89.955897445624927, 34.994553917087764 ], [ -89.936754324834084, 34.994492222541517 ], [ -89.93675181867367, 34.994492214476182 ], [ -89.919040850672317, 34.9944353806371 ], [ -89.91887802290195, 34.994434857349077 ], [ -89.901459876941601, 34.994378875614508 ], [ -89.893401303561674, 34.994352970594669 ], [ -89.883364345501604, 34.994258067621871 ], [ -89.878309150045226, 34.994248261961268 ], [ -89.8713407542092, 34.994234786932161 ], [ -89.861798445400339, 34.99421627427072 ], [ -89.848487474998421, 34.994190438413398 ], [ -89.848384070766002, 34.994190633227433 ], [ -89.840239600292676, 34.994206054900964 ], [ -89.84019732601891, 34.955654537639361 ] ] ] } },
{ "type": "Feature", "properties": { "hex_id": 149, "area_km2": 323.96625365319079 }, "geometry": { "type": "Polygon", "coordinates": [ [ [ -89.460871353893978, 34.95534391254494 ], [ -89.650642288022851, 34.865492749641014 ], [ -89.84019732601891, 34.955654537639361 ], [ -89.840239600292676, 34.994206054900964 ], [ -89.837779019576814, 34.994210606577006 ], [ -89.830764006116368, 34.994223813592626 ], [ -89.830689087435474, 34.994223954618469 ], [ -89.815601194868876, 34.994252412053797 ], [ -89.813128457075919, 34.994257056864555 ], [ -89.795356279613088, 34.994290383657997 ], [ -89.795186789035839, 34.994290701083479 ], [ -89.7596120931629, 34.994890595732471 ], [ -89.741944779729664, 34.995188561259113 ], [ -89.741784749836299, 34.995191260176092 ], [ -89.724324172575891, 34.995208856473511 ], [ -89.706605652251611, 34.995226716213367 ], [ -89.688934693719474, 34.99524452994946 ], [ -89.647269236583725, 34.99528656098704 ], [ -89.644281768916215, 34.995289575792405 ], [ -89.644049749055498, 34.995288636768414 ], [ -89.617940407939656, 34.995182912192071 ], [ -89.591015960283798, 34.99507410564275 ], [ -89.582589977910501, 34.995040090212896 ], [ -89.571776949183075, 34.994996545335226 ], [ -89.565059384285178, 34.994969442275142 ], [ -89.528748137921454, 34.994822904149821 ], [ -89.511152754250134, 34.994752007089375 ], [ -89.511132981455063, 34.994751559691842 ], [ -89.493738803234962, 34.994357895214755 ], [ -89.486896842264372, 34.993971809457186 ], [ -89.484461873253778, 34.993961407260336 ], [ -89.460735961824582, 34.993861858072151 ], [ -89.460871353893978, 34.95534391254494 ] ] ] } },
{ "type": "Feature", "properties": { "hex_id": 150, "area_km2": 325.23267706817722 }, "geometry": { "type": "Polygon", "coordinates": [ [ [ -89.081562252203923, 34.953848752262736 ], [ -89.27173639376403, 34.864592839856769 ], [ -89.460871353893978, 34.95534391254494 ], [ -89.460735961824582, 34.993861858072151 ], [ -89.441017262660807, 34.993775594081896 ], [ -89.434954202811213, 34.993749753584076 ], [ -89.405720349592968, 34.993880757508521 ], [ -89.381128179897061, 34.993990938016935 ], [ -89.352680240999078, 34.994118452342306 ], [ -89.233189950177945, 34.994653648701124 ], [ -89.217432937552914, 34.994724199524136 ], [ -89.198287967303671, 34.994479226696967 ], [ -89.158591030500247, 34.993945150533463 ], [ -89.158585165747922, 34.993945071621461 ], [ -89.156826985511657, 34.993921414765524 ], [ -89.139135975114414, 34.994302377024631 ], [ -89.138996974956413, 34.9943253741883 ], [ -89.081230585674021, 34.994660490764147 ], [ -89.081562252203923, 34.953848752262736 ] ] ] } },
{ "type": "Feature", "properties": { "hex_id": 151, "area_km2": 336.62436589691328 }, "geometry": { "type": "Polygon", "coordinates": [ [ [ -88.702292148339737, 34.951169340718458 ], [ -88.892858312843401, 34.862512449509161 ], [ -89.081562252203923, 34.953848752262736 ], [ -89.081230585674021, 34.994660490764147 ], [ -89.026539966058834, 34.994952427172009 ], [ -89.017127056006743, 34.994942205913681 ], [ -88.993684251752853, 34.994916023412415 ], [ -88.931125248967319, 34.994845146116859 ], [ -88.925241280233834, 34.994838506063182 ], [ -88.893768501032994, 34.995682290714377 ], [ -88.886979401541382, 34.995864298513233 ], [ -88.858233461565248, 34.995237983175393 ], [ -88.851037553536599, 34.99508120615927 ], [ -88.8230514879194, 34.99515361671083 ], [ -88.823049386343754, 34.995153622152863 ], [ -88.786612711394866, 34.995248069090557 ], [ -88.719689266170846, 34.995413289640197 ], [ -88.701727965797687, 34.995458854262495 ], [ -88.702292148339737, 34.951169340718458 ] ] ] } },
{ "type": "Feature", "properties": { "hex_id": 152, "area_km2": 351.55058331916695 }, "geometry": { "type": "Polygon", "coordinates": [ [ [ -88.32308315552784, 34.947306186622562 ], [ -88.5140300699547, 34.8592519730338 ], [ -88.702292148339723, 34.951169340718458 ], [ -88.701727965797687, 34.995458854262495 ], [ -88.684439073018922, 34.995500202369257 ], [ -88.605866109026607, 34.99569375000209 ], [ -88.5849905816697, 34.995745192178724 ], [ -88.563865213806949, 34.995797219705935 ], [ -88.531685875348572, 34.99587681063484 ], [ -88.531046867920026, 34.995878393874634 ], [ -88.528497857405583, 34.995884710435568 ], [ -88.514213704653315, 34.995920198756224 ], [ -88.505408986792034, 34.995942036763857 ], [ -88.504833703121136, 34.995943463715854 ], [ -88.478834390641012, 34.996007969052229 ], [ -88.474158865665018, 34.9960196875642 ], [ -88.46987732158847, 34.996030310904139 ], [ -88.469801321448443, 34.996049311100926 ], [ -88.462819619277909, 34.996014852334163 ], [ -88.380508405918036, 34.995607619303378 ], [ -88.363531307480059, 34.995587192472087 ], [ -88.322246152963004, 34.995548473770008 ], [ -88.32308315552784, 34.947306186622562 ] ] ] } },
{ "type": "Feature", "properties": { "hex_id": 153, "area_km2": 160.82342414878718 }, "geometry": { "type": "Polygon", "coordinates": [ [ [ -88.135273671758114, 34.854812028450731 ], [ -88.32308315552784, 34.947306186622562 ], [ -88.32224615296299, 34.995548473770008 ], [ -88.258111668661272, 34.995460470032604 ], [ -88.253825667250254, 34.995550468503822 ], [ -88.251664801459071, 34.995553722668468 ], [ -88.251657911143084, 34.995553733044041 ], [ -88.200341727194612, 34.995631077720169 ], [ -88.20006472161927, 34.995631495623982 ], [ -88.198811679539943, 34.991189559507028 ], [ -88.187429615551125, 34.974906625589227 ], [ -88.179973600315066, 34.967463638043448 ], [ -88.17610659122424, 34.962516643948184 ], [ -88.172102573855966, 34.955210658773517 ], [ -88.161594539466506, 34.933453665226303 ], [ -88.160136092930671, 34.931140893538704 ], [ -88.154617527165627, 34.9223896611783 ], [ -88.146335513375732, 34.914371665216052 ], [ -88.139721505387669, 34.909628668472322 ], [ -88.136692501019255, 34.907589670697043 ], [ -88.125038490375033, 34.90222467563526 ], [ -88.099999471975423, 34.894092683562462 ], [ -88.097888468038661, 34.892199684816255 ], [ -88.100463363076088, 34.870760224370215 ], [ -88.135273671758114, 34.854812028450731 ] ] ] } }
]
}
