{
"type": "FeatureCollection",
"name": "nv_hexgrid_40km",
"crs": { "type": "name", "properties": { "name": "urn:ogc:def:crs:OGC:1.3:CRS84" } },
"features": [
{ "type": "Feature", "properties": { "hex_id": 0, "area_km2": 171.71070005352689 }, "geometry": { "type": "Polygon", "coordinates": [ [ [ -114.718265951747938, 35.183776293289725 ], [ -114.595483734620473, 35.122344949242155 ], [ -114.5977945053003, 35.121733279494663 ], [ -114.600693928085718, 35.121661160412501 ], [ -114.604015674449002, 35.121578536617761 ], [ -114.612982666853526, 35.121355495197562 ], [ -114.621357523679563, 35.121147182289015 ], [ -114.623662620542959, 35.120290325539486 ], [ -114.632282497080297, 35.117086121417685 ], [ -114.635118286968677, 35.114458450311069 ], [ -114.644352401364557, 35.10590202474782 ], [ -114.646759364208194, 35.101869997476918 ], [ -114.643613315686309, 35.097569863366836 ], [ -114.642831311390751, 35.096500991204557 ], [ -114.635559369097734, 35.093708801760791 ], [ -114.622517234190724, 35.088701045843422 ], [ -114.613132183784728, 35.083095064073525 ], [ -114.608380164897341, 35.078416099439501 ], [ -114.604736113297989, 35.074828068484273 ], [ -114.603010619897958, 35.068936247635783 ], [ -114.602908060842424, 35.068586052342972 ], [ -114.603619023616815, 35.064224032163608 ], [ -114.606693976989376, 35.05893899749487 ], [ -114.617254808687278, 35.051588159023382 ], [ -114.617360982126144, 35.051514257266362 ], [ -114.627123835824719, 35.044718845523605 ], [ -114.630452030602711, 35.040242471117715 ], [ -114.632428765051031, 35.037583790931556 ], [ -114.63689267403312, 35.028364731003528 ], [ -114.638022599440419, 35.020553692716938 ], [ -114.636737964935122, 35.009366128405205 ], [ -114.636673492089201, 35.008804650165111 ], [ -114.633486433848816, 35.00185463728986 ], [ -114.653690614745116, 35.018241690557261 ], [ -114.653752295285571, 35.018291717928605 ], [ -114.675370568586104, 35.035825693887567 ], [ -114.717522037153188, 35.070013543873415 ], [ -114.787878801777779, 35.127250636066776 ], [ -114.808033748019739, 35.143398092501904 ], [ -114.718265951747938, 35.183776293289725 ] ] ] } },
{ "type": "Feature", "properties": { "hex_id": 1, "area_km2": 680.04697543443638 }, "geometry": { "type": "Polygon", "coordinates": [ [ [ -114.901391449039394, 35.457538927213832 ], [ -114.713205227071413, 35.363974442776659 ], [ -114.718265951747938, 35.183776293289725 ], [ -114.808033748019739, 35.143398092501904 ], [ -114.827812257320062, 35.159234735303194 ], [ -114.84903601011402, 35.176158184174383 ], [ -114.849454845214268, 35.176492155973321 ], [ -114.887098902138561, 35.206508873672327 ], [ -114.925482300438446, 35.237051957923796 ], [ -114.947622646798195, 35.254798793642323 ], [ -114.948156221985656, 35.255226490999355 ], [ -114.99466827233411, 35.29250914162337 ], [ -115.04326755175849, 35.330604309750449 ], [ -115.084003120370909, 35.363392463379618 ], [ -115.09398436759453, 35.370720643069568 ], [ -114.901391449039394, 35.457538927213832 ] ] ] } },
{ "type": "Feature", "properties": { "hex_id": 2, "area_km2": 302.61560051135729 }, "geometry": { "type": "Polygon", "coordinates": [ [ [ -114.718265951747938, 35.183776293289725 ], [ -114.713205227071413, 35.363974442776659 ], [ -114.624098239472502, 35.403843136744769 ], [ -114.620889014267718, 35.396866763670694 ], [ -114.617699963147459, 35.380130650198808 ], [ -114.611207914794861, 35.370118593009508 ], [ -114.605749866047844, 35.358453522288954 ], [ -114.595163742159386, 35.324237304958757 ], [ -114.597504685696293, 35.296953105751342 ], [ -114.587130558522091, 35.26237488999287 ], [ -114.582927367985377, 35.232100748680253 ], [ -114.5803132633594, 35.220093712379239 ], [ -114.579964179791631, 35.209638674976759 ], [ -114.574836134214195, 35.205896677994467 ], [ -114.57212008494318, 35.200589667718219 ], [ -114.57194167074833, 35.199530068162112 ], [ -114.571933854078878, 35.199483645060809 ], [ -114.569238946176796, 35.183478615911511 ], [ -114.569393937356779, 35.172200617321998 ], [ -114.569529785851259, 35.162315538930009 ], [ -114.573943652524761, 35.143890455894208 ], [ -114.573493955124107, 35.142442170964877 ], [ -114.572597617086188, 35.139555445366 ], [ -114.578263541148075, 35.128808384046671 ], [ -114.582107161496126, 35.126752502980111 ], [ -114.585317519254289, 35.125035342026948 ], [ -114.595483734620473, 35.122344949242155 ], [ -114.718265951747938, 35.183776293289725 ] ] ] } },
{ "type": "Feature", "properties": { "hex_id": 3, "area_km2": 201.26909304917501 }, "geometry": { "type": "Polygon", "coordinates": [ [ [ -115.468628679322961, 35.736538107990647 ], [ -115.279102540463526, 35.643822845111629 ], [ -115.281731546364696, 35.520852339519529 ], [ -115.303744725909624, 35.53820633537687 ], [ -115.369328953814517, 35.589800234673838 ], [ -115.391518526151415, 35.60725637168273 ], [ -115.391537205772494, 35.607271066606685 ], [ -115.393998227394093, 35.609344094899868 ], [ -115.404539318602758, 35.617605215127149 ], [ -115.406081330575986, 35.618613231521167 ], [ -115.412910404077593, 35.624981322668511 ], [ -115.500835459732698, 35.693383609463744 ], [ -115.523771508372747, 35.711487448330963 ], [ -115.468628679322961, 35.736538107990647 ] ] ] } },
{ "type": "Feature", "properties": { "hex_id": 4, "area_km2": 983.97543004053909 }, "geometry": { "type": "Polygon", "coordinates": [ [ [ -115.279102540463526, 35.643822845111629 ], [ -115.085729563756857, 35.731052537678679 ], [ -114.896689234662233, 35.637750965574313 ], [ -114.901391449039394, 35.457538927213832 ], [ -115.09398436759453, 35.370720643069568 ], [ -115.103264990041936, 35.377532528861671 ], [ -115.12415790525516, 35.394333608780641 ], [ -115.147151878695098, 35.412796697172247 ], [ -115.159944894194851, 35.423063746589939 ], [ -115.1649049120428, 35.427865770562597 ], [ -115.225220549737131, 35.475915663364169 ], [ -115.271343669629218, 35.512659182109516 ], [ -115.281731546364696, 35.520852339519529 ], [ -115.279102540463526, 35.643822845111629 ] ] ] } },
{ "type": "Feature", "properties": { "hex_id": 5, "area_km2": 658.82459098894378 }, "geometry": { "type": "Polygon", "coordinates": [ [ [ -114.713205227071413, 35.363974442776659 ], [ -114.901391449039394, 35.457538927213832 ], [ -114.896689234662233, 35.637750965574313 ], [ -114.702947110237204, 35.724352688974413 ], [ -114.701114928189, 35.723442785510784 ], [ -114.70545028980365, 35.711758690014214 ], [ -114.70541227740047, 35.708288668390963 ], [ -114.701419239144968, 35.701085624996288 ], [ -114.696073205622895, 35.696452598405799 ], [ -114.68266013464789, 35.688572555854648 ], [ -114.680634112031882, 35.684047529258585 ], [ -114.682210096234428, 35.678189492809089 ], [ -114.68322931294405, 35.676531007240783 ], [ -114.690217075692502, 35.665160408625681 ], [ -114.689004018889563, 35.65028131809148 ], [ -114.677617951654, 35.641775274405461 ], [ -114.668589873296668, 35.628056198714411 ], [ -114.666102844925703, 35.622390166825603 ], [ -114.66364983112949, 35.620774159288132 ], [ -114.661177821989256, 35.620478159686279 ], [ -114.659463813073216, 35.619553155683988 ], [ -114.657243796833882, 35.617047142763049 ], [ -114.653408761841604, 35.610790109202036 ], [ -114.654308717459116, 35.597591030225352 ], [ -114.658830060792965, 35.588319978888961 ], [ -114.659240697464739, 35.587477965031319 ], [ -114.661236700294708, 35.586428956620352 ], [ -114.664211708381359, 35.585944950492319 ], [ -114.674975725073764, 35.580664906832432 ], [ -114.675753723347711, 35.579459898666613 ], [ -114.674883716618339, 35.578379893119219 ], [ -114.671569697938267, 35.576217883857005 ], [ -114.668395680694942, 35.574331876178142 ], [ -114.663228630787103, 35.565164827409326 ], [ -114.663116621216119, 35.562593812186563 ], [ -114.661403571299701, 35.55023874062185 ], [ -114.661572555590737, 35.545692713285874 ], [ -114.660519535209275, 35.54098168662685 ], [ -114.657407508363235, 35.536391663622496 ], [ -114.65716549289715, 35.532301639676639 ], [ -114.660544486903774, 35.527466606068337 ], [ -114.663985479467058, 35.522161569356392 ], [ -114.671246494431628, 35.519522542688428 ], [ -114.677158490586365, 35.512870493507641 ], [ -114.678374392395213, 35.501857576850213 ], [ -114.678717447311698, 35.498750403611155 ], [ -114.677708507510204, 35.495192851759633 ], [ -114.675818415666967, 35.488528331846986 ], [ -114.67190938845232, 35.482087290343202 ], [ -114.673166377174155, 35.474814233875492 ], [ -114.665990337464294, 35.467985195659928 ], [ -114.666938322335085, 35.459478130704952 ], [ -114.663882301070387, 35.454657100502523 ], [ -114.663543284918987, 35.447797050229816 ], [ -114.65401622457901, 35.435870980262862 ], [ -114.652754208825826, 35.430818945507099 ], [ -114.626767065774388, 35.409643843512711 ], [ -114.624098239472502, 35.403843136744769 ], [ -114.713205227071413, 35.363974442776659 ] ] ] } },
{ "type": "Feature", "properties": { "hex_id": 6, "area_km2": 552.46819585979961 }, "geometry": { "type": "Polygon", "coordinates": [ [ [ -115.655549731187278, 36.009232340777544 ], [ -115.465161089581159, 35.916797524237168 ], [ -115.468628679322961, 35.736538107990647 ], [ -115.523771508372747, 35.711487448330971 ], [ -115.549830929752488, 35.732041609205062 ], [ -115.621149797841809, 35.788313061039418 ], [ -115.625840134628959, 35.792013798612125 ], [ -115.62738810961747, 35.79384678532989 ], [ -115.647203795236237, 35.808995606032191 ], [ -115.647684787710403, 35.809358601910262 ], [ -115.648022094256604, 35.809630021030785 ], [ -115.669006459584949, 35.826515434760118 ], [ -115.689303156248712, 35.842003294169331 ], [ -115.689544026882459, 35.842188361277486 ], [ -115.750844302984731, 35.889286995830361 ], [ -115.758251558872345, 35.895120010299649 ], [ -115.812422563382697, 35.937799805984874 ], [ -115.655549731187278, 36.009232340777544 ] ] ] } },
{ "type": "Feature", "properties": { "hex_id": 7, "area_km2": 1039.2304845413241 }, "geometry": { "type": "Polygon", "coordinates": [ [ [ -115.085729563756857, 35.731052537678679 ], [ -115.279102540463526, 35.643822845111629 ], [ -115.468628679322961, 35.736538107990647 ], [ -115.465161089581159, 35.916797524237168 ], [ -115.271302999518966, 36.004309483682498 ], [ -115.081397082648976, 35.911276807264237 ], [ -115.085729563756857, 35.731052537678679 ] ] ] } },
{ "type": "Feature", "properties": { "hex_id": 8, "area_km2": 1036.7511438738006 }, "geometry": { "type": "Polygon", "coordinates": [ [ [ -114.702947110237204, 35.724352688974413 ], [ -114.896689234662233, 35.637750965574313 ], [ -115.085729563756857, 35.731052537678679 ], [ -115.081397082648976, 35.911276807264237 ], [ -114.88715825937895, 35.998156922671981 ], [ -114.705394915751612, 35.908321811186291 ], [ -114.700274106954225, 35.901774592068989 ], [ -114.697881587813328, 35.899943186548128 ], [ -114.699228390961437, 35.853407706948261 ], [ -114.703602214913317, 35.852597377967527 ], [ -114.706535230968086, 35.849029363002529 ], [ -114.702296234437455, 35.840794326009217 ], [ -114.699682834341885, 35.837681337595946 ], [ -114.70015664957694, 35.821271557462197 ], [ -114.703713290993264, 35.814587211499919 ], [ -114.709913318916477, 35.810187192888847 ], [ -114.712113333718662, 35.806187175499687 ], [ -114.700980886632109, 35.792693751335733 ], [ -114.702947110237204, 35.724352688974413 ] ] ] } },
{ "type": "Feature", "properties": { "hex_id": 9, "area_km2": 11.485703533794611 }, "geometry": { "type": "MultiPolygon", "coordinates": [ [ [ [ -114.697881587813328, 35.899943186548128 ], [ -114.677987073739473, 35.884709510026362 ], [ -114.672012068846627, 35.87802047937349 ], [ -114.667197060621888, 35.874789464066843 ], [ -114.663217050724825, 35.873694458192929 ], [ -114.66163905106977, 35.871069446557598 ], [ -114.662626057674345, 35.86921543895987 ], [ -114.669690087157136, 35.865086423337644 ], [ -114.682013128085458, 35.863286418963582 ], [ -114.691459165911255, 35.858663401434242 ], [ -114.694373183095124, 35.854465383910508 ], [ -114.697740194898856, 35.853683381316209 ], [ -114.699228390961437, 35.853407706948261 ], [ -114.697881587813328, 35.899943186548128 ] ] ], [ [ [ -114.699682834341885, 35.837681337595946 ], [ -114.696413230357862, 35.833786294288785 ], [ -114.695252229772933, 35.83228728755364 ], [ -114.696180239653899, 35.828743272273847 ], [ -114.70015664957694, 35.821271557462204 ], [ -114.699682834341885, 35.837681337595946 ] ] ], [ [ [ -114.702947110237204, 35.724352688974413 ], [ -114.700980886632109, 35.792693751335733 ], [ -114.698913324686515, 35.790187104403252 ], [ -114.701412374452431, 35.769088012246499 ], [ -114.695712382599282, 35.755987955296163 ], [ -114.697312341656243, 35.733687828196949 ], [ -114.701114928189, 35.723442785510784 ], [ -114.702947110237204, 35.724352688974413 ] ] ] ] } },
{ "type": "Feature", "properties": { "hex_id": 10, "area_km2": 102.54126847772828 }, "geometry": { "type": "Polygon", "coordinates": [ [ [ -116.229426076747799, 36.284757776022218 ], [ -116.037682457034975, 36.19321609453101 ], [ -116.038660194927516, 36.113155251400428 ], [ -116.093600983868072, 36.155806479450639 ], [ -116.097215980098085, 36.158347509612121 ], [ -116.108557993991354, 36.167104602406908 ], [ -116.122076540228193, 36.177542170346065 ], [ -116.123997117094618, 36.179025032349948 ], [ -116.197331772106466, 36.23564595319074 ], [ -116.249189714736914, 36.275685803616582 ], [ -116.229426076747799, 36.284757776022218 ] ] ] } },
{ "type": "Feature", "properties": { "hex_id": 11, "area_km2": 892.24766091983611 }, "geometry": { "type": "Polygon", "coordinates": [ [ [ -116.037682457034947, 36.19321609453101 ], [ -115.843741764722822, 36.281651827901641 ], [ -115.652473539386847, 36.189499866604649 ], [ -115.655549731187278, 36.009232340777544 ], [ -115.812422563382697, 35.937799805984874 ], [ -115.845984199188393, 35.964207239952458 ], [ -115.852908263856037, 35.969659776207671 ], [ -115.892975220869374, 35.999966752722422 ], [ -115.912858158096896, 36.015358849114541 ], [ -115.962506178848258, 36.053938074698095 ], [ -115.97497917783069, 36.063630267874586 ], [ -116.038660194927516, 36.113155251400428 ], [ -116.037682457034947, 36.19321609453101 ] ] ] } },
{ "type": "Feature", "properties": { "hex_id": 12, "area_km2": 1039.2304845413241 }, "geometry": { "type": "Polygon", "coordinates": [ [ [ -115.271302999518966, 36.004309483682498 ], [ -115.465161089581159, 35.916797524237168 ], [ -115.655549731187278, 36.009232340777537 ], [ -115.652473539386847, 36.189499866604649 ], [ -115.458131057466957, 36.277298663227043 ], [ -115.267350070277416, 36.184543415240768 ], [ -115.271302999518966, 36.004309483682498 ] ] ] } },
{ "type": "Feature", "properties": { "hex_id": 13, "area_km2": 1039.2304845413241 }, "geometry": { "type": "Polygon", "coordinates": [ [ [ -114.88715825937895, 35.998156922671981 ], [ -115.081397082648976, 35.911276807264237 ], [ -115.271302999518966, 36.004309483682498 ], [ -115.267350070277416, 36.184543415240768 ], [ -115.072615047306968, 36.271706856902732 ], [ -114.882329032755209, 36.178350941266785 ], [ -114.88715825937895, 35.998156922671981 ] ] ] } },
{ "type": "Feature", "properties": { "hex_id": 14, "area_km2": 596.69051913896431 }, "geometry": { "type": "Polygon", "coordinates": [ [ [ -114.88715825937895, 35.998156922671981 ], [ -114.88232903275518, 36.178350941266785 ], [ -114.687213008578354, 36.264873327923119 ], [ -114.497435304523918, 36.170919553417235 ], [ -114.49884315035878, 36.126616539370964 ], [ -114.498851564794677, 36.126614797891087 ], [ -114.504717586420924, 36.127190824432574 ], [ -114.508469604181556, 36.129915841103809 ], [ -114.509212613048973, 36.133249843513767 ], [ -114.507177612083822, 36.13634283226417 ], [ -114.503215604179047, 36.139244810892443 ], [ -114.500341597177297, 36.140702795340161 ], [ -114.500238601575788, 36.143228793218611 ], [ -114.501051606771952, 36.144518796681965 ], [ -114.508106640734809, 36.149715831809552 ], [ -114.514282663989036, 36.15079786510978 ], [ -114.528852707948175, 36.147753943806627 ], [ -114.532310720351518, 36.148042962460885 ], [ -114.532926724937795, 36.149284966271104 ], [ -114.539235751559559, 36.151767001905263 ], [ -114.543234765511542, 36.151874023935264 ], [ -114.548744782028635, 36.150700053138962 ], [ -114.555375808252009, 36.152374091179446 ], [ -114.561175825145156, 36.150924121248131 ], [ -114.571092859554653, 36.151102175708331 ], [ -114.577062875192624, 36.148848204297636 ], [ -114.579580879178181, 36.1467032138561 ], [ -114.596476925433947, 36.141540291435334 ], [ -114.610641950898923, 36.131561336051298 ], [ -114.615457962733487, 36.129656353667897 ], [ -114.620607984875633, 36.131762385027123 ], [ -114.623840008232236, 36.137147418382725 ], [ -114.628465034800058, 36.141825457657205 ], [ -114.630477042566739, 36.142221469450796 ], [ -114.636865048525252, 36.13555547798159 ], [ -114.640128058531758, 36.135129492603582 ], [ -114.65813409246698, 36.124130533968192 ], [ -114.6621470901826, 36.117745523813703 ], [ -114.664346093918454, 36.116303526941984 ], [ -114.671870117975615, 36.115967558191386 ], [ -114.675109124054316, 36.114114563221982 ], [ -114.679778128799896, 36.109877561899609 ], [ -114.682673136472005, 36.109149570213205 ], [ -114.685082145966177, 36.109774583449898 ], [ -114.688077160099681, 36.111460604866991 ], [ -114.691634174566033, 36.112538625704374 ], [ -114.693658181099465, 36.112485634012472 ], [ -114.696530185429737, 36.110493635096773 ], [ -114.703740203561324, 36.108351652824226 ], [ -114.709774221764675, 36.107745674026013 ], [ -114.717296246274557, 36.107689704493623 ], [ -114.736168299116741, 36.104370759099979 ], [ -114.747082314471896, 36.097008749806754 ], [ -114.749537311426977, 36.093030730169417 ], [ -114.753199319851333, 36.089516691938655 ], [ -114.754801314692131, 36.084707650071394 ], [ -114.751150280011842, 36.07901062493368 ], [ -114.743345229756073, 36.070538548903578 ], [ -114.740558011356569, 36.065794886906289 ], [ -114.736256174662998, 36.058473445737505 ], [ -114.7357041591615, 36.053396409722843 ], [ -114.740378162282667, 36.049261392033991 ], [ -114.742490158629565, 36.04556137075987 ], [ -114.742108141670712, 36.039795329467367 ], [ -114.740021128982704, 36.037470309234173 ], [ -114.735742117560577, 36.038036305074769 ], [ -114.73248710605975, 36.037431294853448 ], [ -114.72760507964216, 36.033102257305714 ], [ -114.723676062807556, 36.031233238454348 ], [ -114.722099051989645, 36.028955221259736 ], [ -114.722862049505594, 36.027168211026755 ], [ -114.729072052198532, 36.021267181647367 ], [ -114.737009585353505, 36.015772638536355 ], [ -114.740525064558852, 36.013339141980822 ], [ -114.742782061955552, 36.009966120736408 ], [ -114.743246053899924, 36.006533096978131 ], [ -114.739858042199998, 35.992110013118406 ], [ -114.743759067786741, 35.985097984135791 ], [ -114.740598077750548, 35.975658939689694 ], [ -114.729944073844848, 35.962185873046529 ], [ -114.729593077985939, 35.959624861424338 ], [ -114.72026208058567, 35.94469478999666 ], [ -114.712547083494229, 35.931863729439627 ], [ -114.707529076203812, 35.928062710337485 ], [ -114.70851911059934, 35.912315641592954 ], [ -114.705394915751612, 35.908321811186291 ], [ -114.88715825937895, 35.998156922671981 ] ] ] } },
{ "type": "Feature", "properties": { "hex_id": 15, "area_km2": 502.41192039733727 }, "geometry": { "type": "Polygon", "coordinates": [ [ [ -114.497435304523918, 36.170919553417235 ], [ -114.301952502672933, 36.256796180010753 ], [ -114.112694263781222, 36.162252809109049 ], [ -114.114386087344386, 36.116102696316396 ], [ -114.11702599625643, 36.114851866996055 ], [ -114.121285008415597, 36.109520868338343 ], [ -114.121034003468012, 36.1038868721933 ], [ -114.115208980496718, 36.099879877438191 ], [ -114.11498966634295, 36.0996125134442 ], [ -114.115287659094435, 36.091466183978959 ], [ -114.119648986159135, 36.085823884682085 ], [ -114.124019992022298, 36.075564889968057 ], [ -114.131213004225813, 36.065766894555253 ], [ -114.136207005128185, 36.053233902337503 ], [ -114.134841992380444, 36.043874909453315 ], [ -114.138260993134821, 36.037191913806616 ], [ -114.144667003543958, 36.034273915111307 ], [ -114.145907997545208, 36.02723092043572 ], [ -114.151391002860848, 36.023134923177295 ], [ -114.164426033373488, 36.026854918875657 ], [ -114.173268050520477, 36.026753918082555 ], [ -114.191222071195114, 36.02002092298472 ], [ -114.211933095551927, 36.014835927239119 ], [ -114.221454110007187, 36.014161927592291 ], [ -114.226460119798801, 36.014607926873865 ], [ -114.233444126403782, 36.012836928691371 ], [ -114.242140148456215, 36.01518892549408 ], [ -114.261404250346075, 36.025455955649612 ], [ -114.265002278443689, 36.028849965208913 ], [ -114.269221324088093, 36.036808971632695 ], [ -114.268897335962407, 36.040941965330028 ], [ -114.270863359877652, 36.045524967334053 ], [ -114.27391237717535, 36.046530977918565 ], [ -114.278167394523393, 36.045820995251816 ], [ -114.280203405637181, 36.046364002485802 ], [ -114.290868467697933, 36.050513038947109 ], [ -114.293436491815783, 36.054502044288434 ], [ -114.295942508383817, 36.056170052119761 ], [ -114.299756529385192, 36.057361065622374 ], [ -114.308477567895281, 36.056987100061811 ], [ -114.311905585500384, 36.057663112677467 ], [ -114.313592597291731, 36.05905011771992 ], [ -114.314428605464826, 36.060525119350494 ], [ -114.314329609453154, 36.06201811730903 ], [ -114.312421613066178, 36.066119105279334 ], [ -114.307486601599138, 36.069674081917995 ], [ -114.304172604686656, 36.075582062188204 ], [ -114.306940637793815, 36.082489065330307 ], [ -114.328778800240386, 36.105503127247033 ], [ -114.334633828850031, 36.106786149444908 ], [ -114.337265850382394, 36.110430156215173 ], [ -114.345023905667048, 36.118474179232621 ], [ -114.358969989286152, 36.127797226516265 ], [ -114.370183074788415, 36.142626257922977 ], [ -114.374492094918565, 36.143661274673377 ], [ -114.375303500805416, 36.143393093745914 ], [ -114.381481117180954, 36.14135130563136 ], [ -114.398375196631704, 36.145801371143378 ], [ -114.409142242859744, 36.147002414513885 ], [ -114.415255262954233, 36.145125441348178 ], [ -114.423116276498988, 36.137352480232117 ], [ -114.443738334530266, 36.125595574028814 ], [ -114.447137349552406, 36.126024587544336 ], [ -114.452073380656984, 36.130960603910204 ], [ -114.456489413916401, 36.138034616668357 ], [ -114.463639446497197, 36.139697644806972 ], [ -114.468676465285427, 36.138891666084277 ], [ -114.483829508781312, 36.129722734547265 ], [ -114.49884315035878, 36.126616539370964 ], [ -114.497435304523918, 36.170919553417235 ] ] ] } },
{ "type": "Feature", "properties": { "hex_id": 16, "area_km2": 15.227824201715013 }, "geometry": { "type": "MultiPolygon", "coordinates": [ [ [ [ -114.112694263781222, 36.162252809109049 ], [ -114.061761167373604, 36.184469317612617 ], [ -114.068222790080739, 36.177688866191183 ], [ -114.081234858344274, 36.150209868665002 ], [ -114.091701903726587, 36.137304868284644 ], [ -114.092753907479022, 36.132357870247439 ], [ -114.096994922339206, 36.120824874041809 ], [ -114.099217930655215, 36.119686873469973 ], [ -114.107419962156854, 36.119402869225134 ], [ -114.114386087344386, 36.116102696316396 ], [ -114.112694263781222, 36.162252809109049 ] ] ], [ [ [ -114.114989666342936, 36.0996125134442 ], [ -114.111900966946109, 36.095846881406992 ], [ -114.115287659094435, 36.091466183978959 ], [ -114.114989666342936, 36.0996125134442 ] ] ] ] } },
{ "type": "Feature", "properties": { "hex_id": 17, "area_km2": 427.34016746498014 }, "geometry": { "type": "Polygon", "coordinates": [ [ [ -116.420279623675341, 36.556290554138734 ], [ -116.227645458419602, 36.465050135796972 ], [ -116.229426076747799, 36.284757776022218 ], [ -116.249189714736914, 36.275685803616589 ], [ -116.250868719806761, 36.276981123750176 ], [ -116.375874329845232, 36.372564333987313 ], [ -116.38033931522699, 36.374957328131067 ], [ -116.42230039391012, 36.407681389967451 ], [ -116.488231845342156, 36.459099056175823 ], [ -116.50088079115811, 36.468225001780155 ], [ -116.541981931252295, 36.499954043563172 ], [ -116.542254220979785, 36.500160598583022 ], [ -116.420279623675341, 36.556290554138734 ] ] ] } },
{ "type": "Feature", "properties": { "hex_id": 18, "area_km2": 1039.2304845413241 }, "geometry": { "type": "Polygon", "coordinates": [ [ [ -115.843741764722822, 36.281651827901641 ], [ -116.037682457034975, 36.19321609453101 ], [ -116.229426076747799, 36.284757776022218 ], [ -116.227645458419602, 36.465050135796972 ], [ -116.033230629357476, 36.553783003204963 ], [ -115.841071072414366, 36.461922770951304 ], [ -115.843741764722822, 36.281651827901641 ] ] ] } },
{ "type": "Feature", "properties": { "hex_id": 19, "area_km2": 1039.2304845413241 }, "geometry": { "type": "Polygon", "coordinates": [ [ [ -115.458131057466957, 36.277298663227043 ], [ -115.652473539386847, 36.189499866604649 ], [ -115.843741764722822, 36.281651827901641 ], [ -115.841071072414366, 36.461922770951304 ], [ -115.646240654099287, 36.550013493415257 ], [ -115.45456989115516, 36.457538926100348 ], [ -115.458131057466957, 36.277298663227043 ] ] ] } },
{ "type": "Feature", "properties": { "hex_id": 20, "area_km2": 1039.2304845413241 }, "geometry": { "type": "Polygon", "coordinates": [ [ [ -115.072615047306968, 36.271706856902732 ], [ -115.267350070277416, 36.184543415240768 ], [ -115.458131057466957, 36.277298663227043 ], [ -115.45456989115516, 36.457538926100348 ], [ -115.259337042205843, 36.544991297023998 ], [ -115.068162772578901, 36.451912367007459 ], [ -115.072615047306968, 36.271706856902732 ] ] ] } },
{ "type": "Feature", "properties": { "hex_id": 21, "area_km2": 1039.2304845413241 }, "geometry": { "type": "Polygon", "coordinates": [ [ [ -114.687213008578354, 36.264873327923119 ], [ -114.882329032755209, 36.178350941266785 ], [ -115.072615047306968, 36.271706856902732 ], [ -115.068162772578901, 36.451912367007459 ], [ -114.872537828728113, 36.538718129830926 ], [ -114.681874503987785, 36.445032207597755 ], [ -114.687213008578354, 36.264873327923119 ] ] ] } },
{ "type": "Feature", "properties": { "hex_id": 22, "area_km2": 1039.2304845413241 }, "geometry": { "type": "Polygon", "coordinates": [ [ [ -114.301952502672933, 36.256796180010753 ], [ -114.497435304523918, 36.170919553417235 ], [ -114.687213008578354, 36.264873327923119 ], [ -114.681874503987785, 36.445032207597755 ], [ -114.485870821770305, 36.531188475470302 ], [ -114.295727230464166, 36.436903634582833 ], [ -114.301952502672933, 36.256796180010753 ] ] ] } },
{ "type": "Feature", "properties": { "hex_id": 23, "area_km2": 724.46788379402642 }, "geometry": { "type": "Polygon", "coordinates": [ [ [ -114.112694263781222, 36.162252809109049 ], [ -114.301952502672933, 36.256796180010753 ], [ -114.295727230464166, 36.436903634582833 ], [ -114.099357571896775, 36.522408537830024 ], [ -114.044837530678365, 36.495180697516112 ], [ -114.043133674628578, 36.469717706289664 ], [ -114.04281966173825, 36.438278728956377 ], [ -114.043196644515376, 36.379406771617525 ], [ -114.044763639026058, 36.331691805265216 ], [ -114.044108629002011, 36.31540181728829 ], [ -114.045453629871091, 36.291714833120977 ], [ -114.045459623525787, 36.27328584612917 ], [ -114.04474461407338, 36.25952385662071 ], [ -114.043965608306053, 36.246990865192913 ], [ -114.043944654248364, 36.193351881229489 ], [ -114.057790731189314, 36.188634870679124 ], [ -114.061761167373604, 36.184469317612624 ], [ -114.112694263781222, 36.162252809109049 ] ] ] } },
{ "type": "Feature", "properties": { "hex_id": 24, "area_km2": 23.354568950483284 }, "geometry": { "type": "Polygon", "coordinates": [ [ [ -116.806916030425825, 36.737843548295032 ], [ -116.807008604674934, 36.700873046825109 ], [ -116.889360173022652, 36.763182102491456 ], [ -116.928003152687182, 36.792464029816884 ], [ -116.934155001370939, 36.797130441150479 ], [ -116.806916030425825, 36.737843548295032 ] ] ] } },
{ "type": "Feature", "properties": { "hex_id": 25, "area_km2": 786.43969370134562 }, "geometry": { "type": "Polygon", "coordinates": [ [ [ -116.806916030425825, 36.737843548295032 ], [ -116.612464506489559, 36.827516326270533 ], [ -116.418926948795374, 36.736581159192255 ], [ -116.420279623675341, 36.556290554138734 ], [ -116.542254220979785, 36.500160598583022 ], [ -116.614602806953357, 36.554982282222063 ], [ -116.710285309864162, 36.627487974536685 ], [ -116.807008604674934, 36.700873046825109 ], [ -116.806916030425825, 36.737843548295032 ] ] ] } },
{ "type": "Feature", "properties": { "hex_id": 26, "area_km2": 1039.2304845413241 }, "geometry": { "type": "Polygon", "coordinates": [ [ [ -116.033230629357476, 36.553783003204963 ], [ -116.227645458419602, 36.465050135796972 ], [ -116.420279623675341, 36.556290554138734 ], [ -116.418926948795374, 36.736581159192255 ], [ -116.224036337327135, 36.825612315027051 ], [ -116.030975072112071, 36.734051302946078 ], [ -116.033230629357476, 36.553783003204963 ] ] ] } },
{ "type": "Feature", "properties": { "hex_id": 27, "area_km2": 1039.2304845413241 }, "geometry": { "type": "Polygon", "coordinates": [ [ [ -115.646240654099287, 36.550013493415257 ], [ -115.841071072414366, 36.461922770951304 ], [ -116.033230629357476, 36.553783003204963 ], [ -116.030975072112071, 36.734051302946078 ], [ -115.835656903770868, 36.822442888293963 ], [ -115.643082732864386, 36.730260617396304 ], [ -115.646240654099287, 36.550013493415257 ] ] ] } },
{ "type": "Feature", "properties": { "hex_id": 28, "area_km2": 1039.2304845413241 }, "geometry": { "type": "Polygon", "coordinates": [ [ [ -115.259337042205843, 36.544991297023998 ], [ -115.45456989115516, 36.457538926100348 ], [ -115.646240654099287, 36.550013493415257 ], [ -115.643082732864386, 36.730260617396304 ], [ -115.447350321982924, 36.818006498619155 ], [ -115.255275412173987, 36.725207323212196 ], [ -115.259337042205843, 36.544991297023998 ] ] ] } },
{ "type": "Feature", "properties": { "hex_id": 29, "area_km2": 1039.2304845413241 }, "geometry": { "type": "Polygon", "coordinates": [ [ [ -114.872537828728113, 36.538718129830926 ], [ -115.068162772578901, 36.451912367007459 ], [ -115.259337042205843, 36.544991297023998 ], [ -115.255275412173987, 36.725207323212196 ], [ -115.059140326989677, 36.812304253445213 ], [ -114.867576655337956, 36.718892707943901 ], [ -114.872537828728113, 36.538718129830926 ] ] ] } },
{ "type": "Feature", "properties": { "hex_id": 30, "area_km2": 1039.2304845413241 }, "geometry": { "type": "Polygon", "coordinates": [ [ [ -114.485870821770305, 36.531188475470302 ], [ -114.681874503987785, 36.445032207597755 ], [ -114.872537828728113, 36.538718129830926 ], [ -114.867576655337956, 36.718892707943901 ], [ -114.671051527748929, 36.80533369032652 ], [ -114.480009903437846, 36.711313939370761 ], [ -114.485870821770305, 36.531188475470302 ] ] ] } },
{ "type": "Feature", "properties": { "hex_id": 31, "area_km2": 1039.2304845413241 }, "geometry": { "type": "Polygon", "coordinates": [ [ [ -114.099357571896775, 36.522408537830024 ], [ -114.295727230464166, 36.436903634582833 ], [ -114.485870821770305, 36.531188475470302 ], [ -114.480009903437832, 36.711313939370761 ], [ -114.283107717093941, 36.79709876303334 ], [ -114.092599549991405, 36.702476302246808 ], [ -114.099357571896775, 36.522408537830024 ] ] ] } },
{ "type": "Feature", "properties": { "hex_id": 32, "area_km2": 97.882261978750904 }, "geometry": { "type": "Polygon", "coordinates": [ [ [ -114.099357571896775, 36.522408537830024 ], [ -114.092599549991405, 36.702476302246808 ], [ -114.049652403570278, 36.721054114559188 ], [ -114.04939662264745, 36.688859283898736 ], [ -114.048173650133478, 36.639584388936171 ], [ -114.047740660459382, 36.620006430556252 ], [ -114.044897696570317, 36.496079688423521 ], [ -114.044837530678365, 36.495180697516112 ], [ -114.099357571896775, 36.522408537830024 ] ] ] } },
{ "type": "Feature", "properties": { "hex_id": 33, "area_km2": 301.0257446905527 }, "geometry": { "type": "Polygon", "coordinates": [ [ [ -117.195837402977816, 37.098420739547564 ], [ -117.000920212828234, 37.008440693745392 ], [ -117.000918271380897, 36.847715516379232 ], [ -117.064474362680514, 36.894693104019147 ], [ -117.066726510405928, 36.896357781929247 ], [ -117.131973309449762, 36.945781148121775 ], [ -117.165998785712105, 36.971228336236962 ], [ -117.244915379310967, 37.030248158146009 ], [ -117.266044435681806, 37.044913860754505 ], [ -117.283251950655185, 37.057747497746185 ], [ -117.195837402977816, 37.098420739547564 ] ] ] } },
{ "type": "Feature", "properties": { "hex_id": 34, "area_km2": 1032.7661855221411 }, "geometry": { "type": "Polygon", "coordinates": [ [ [ -117.000920212828234, 37.008440693745392 ], [ -116.806004080677994, 37.098423684701004 ], [ -116.611550528819976, 37.00780216651934 ], [ -116.612464506489559, 36.827516326270533 ], [ -116.806916030425825, 36.737843548295032 ], [ -116.934155001370939, 36.797130441150479 ], [ -117.000893950477334, 36.84769752193327 ], [ -117.000918271380897, 36.847715516379232 ], [ -117.000920212828234, 37.008440693745392 ] ] ] } },
{ "type": "Feature", "properties": { "hex_id": 35, "area_km2": 1039.2304845413241 }, "geometry": { "type": "Polygon", "coordinates": [ [ [ -116.224036337327135, 36.825612315027051 ], [ -116.418926948795374, 36.736581159192255 ], [ -116.612464506489559, 36.827516326270533 ], [ -116.611550528819976, 37.00780216651934 ], [ -116.416184197794024, 37.097141762142336 ], [ -116.222207830684795, 37.005886533362052 ], [ -116.224036337327135, 36.825612315027051 ] ] ] } },
{ "type": "Feature", "properties": { "hex_id": 36, "area_km2": 1039.2304845413241 }, "geometry": { "type": "Polygon", "coordinates": [ [ [ -115.835656903770868, 36.822442888293963 ], [ -116.030975072112071, 36.734051302946078 ], [ -116.224036337327135, 36.825612315027051 ], [ -116.222207830684795, 37.005886533362052 ], [ -116.026401757807022, 37.09458171070137 ], [ -115.832912825047799, 37.002696840624353 ], [ -115.835656903770868, 36.822442888293963 ] ] ] } },
{ "type": "Feature", "properties": { "hex_id": 37, "area_km2": 1039.2304845413241 }, "geometry": { "type": "Polygon", "coordinates": [ [ [ -115.447350321982924, 36.818006498619155 ], [ -115.643082732864386, 36.730260617396304 ], [ -115.835656903770868, 36.822442888293963 ], [ -115.832912825047799, 37.002696840624353 ], [ -115.636680872819227, 37.090742191722583 ], [ -115.443692937184068, 36.998232113835343 ], [ -115.447350321982924, 36.818006498619155 ] ] ] } },
{ "type": "Feature", "properties": { "hex_id": 38, "area_km2": 1039.2304845413241 }, "geometry": { "type": "Polygon", "coordinates": [ [ [ -115.059140326989677, 36.812304253445213 ], [ -115.255275412173987, 36.725207323212196 ], [ -115.447350321982924, 36.818006498619155 ], [ -115.443692937184068, 36.998232113835343 ], [ -115.24704685648264, 37.085623052472684 ], [ -115.054569706087463, 36.992491777684393 ], [ -115.059140326989677, 36.812304253445213 ] ] ] } },
{ "type": "Feature", "properties": { "hex_id": 39, "area_km2": 1039.2304845413241 }, "geometry": { "type": "Polygon", "coordinates": [ [ [ -114.671051527748929, 36.80533369032652 ], [ -114.867576655337956, 36.718892707943901 ], [ -115.059140326989677, 36.812304253445213 ], [ -115.054569706087463, 36.992491777684393 ], [ -114.857522077441288, 37.079224000604775 ], [ -114.665567967582078, 36.985475217126137 ], [ -114.671051527748929, 36.80533369032652 ] ] ] } },
{ "type": "Feature", "properties": { "hex_id": 40, "area_km2": 1039.2304845413241 }, "geometry": { "type": "Polygon", "coordinates": [ [ [ -114.283107717093941, 36.79709876303334 ], [ -114.480009903437846, 36.711313939370761 ], [ -114.671051527748929, 36.80533369032652 ], [ -114.665567967582078, 36.985475217126137 ], [ -114.468131953710554, 37.071545468069907 ], [ -114.27671361443673, 36.977186683420676 ], [ -114.283107717093941, 36.79709876303334 ] ] ] } },
{ "type": "Feature", "properties": { "hex_id": 41, "area_km2": 640.17058439675986 }, "geometry": { "type": "Polygon", "coordinates": [ [ [ -114.092599549991405, 36.702476302246808 ], [ -114.283107717093941, 36.79709876303334 ], [ -114.27671361443673, 36.977186683420676 ], [ -114.078902165248223, 37.062592772464541 ], [ -114.051233111493829, 37.048859308469915 ], [ -114.050600127175883, 37.000396908213332 ], [ -114.04999512141157, 36.957769831350156 ], [ -114.050619304804073, 36.843142223089394 ], [ -114.050619376761546, 36.843129008593159 ], [ -114.050418787106494, 36.817819452314851 ], [ -114.050416737440472, 36.817560834089996 ], [ -114.050339727368979, 36.807844029813822 ], [ -114.050274330874558, 36.799592578003704 ], [ -114.050060884282473, 36.772660798111929 ], [ -114.049652403570278, 36.721054114559195 ], [ -114.092599549991405, 36.702476302246808 ] ] ] } },
{ "type": "Feature", "properties": { "hex_id": 42, "area_km2": 665.20483463759035 }, "geometry": { "type": "Polygon", "coordinates": [ [ [ -117.392149553093347, 37.368351369377223 ], [ -117.19630422019074, 37.27870044866124 ], [ -117.195837402977816, 37.098420739547564 ], [ -117.283251950655185, 37.057747497746185 ], [ -117.286048125068618, 37.059832280752417 ], [ -117.375903792616597, 37.126845239348668 ], [ -117.479033344105247, 37.204504664604421 ], [ -117.500116081376362, 37.220380577837126 ], [ -117.500908083870229, 37.220282579109863 ], [ -117.5408843023136, 37.249931317623421 ], [ -117.581417620362075, 37.278936253533146 ], [ -117.582325040426497, 37.279618497797451 ], [ -117.392149553093347, 37.368351369377223 ] ] ] } },
{ "type": "Feature", "properties": { "hex_id": 43, "area_km2": 1039.2304845413275 }, "geometry": { "type": "Polygon", "coordinates": [ [ [ -116.806004080677994, 37.098423684701004 ], [ -117.000920212828234, 37.008440693745392 ], [ -117.195837402977816, 37.098420739547564 ], [ -117.19630422019074, 37.27870044866124 ], [ -117.00092500189443, 37.369002147501391 ], [ -116.805542479695475, 37.278702945778456 ], [ -116.806004080677994, 37.098423684701004 ] ] ] } },
{ "type": "Feature", "properties": { "hex_id": 44, "area_km2": 1039.2304845413257 }, "geometry": { "type": "Polygon", "coordinates": [ [ [ -116.416184197794024, 37.097141762142336 ], [ -116.611550528819976, 37.00780216651934 ], [ -116.806004080677994, 37.098423684701004 ], [ -116.805542479695475, 37.278702945778456 ], [ -116.609698982231492, 37.368357535362243 ], [ -116.414794384659544, 37.277415063700886 ], [ -116.416184197794024, 37.097141762142336 ] ] ] } },
{ "type": "Feature", "properties": { "hex_id": 45, "area_km2": 1039.2304845413241 }, "geometry": { "type": "Polygon", "coordinates": [ [ [ -116.026401757807022, 37.09458171070137 ], [ -116.222207830684795, 37.005886533362052 ], [ -116.416184197794024, 37.097141762142336 ], [ -116.414794384659544, 37.277415063700886 ], [ -116.218500826625061, 37.36641981116243 ], [ -116.024084794709111, 37.274839062683533 ], [ -116.026401757807022, 37.09458171070137 ] ] ] } },
{ "type": "Feature", "properties": { "hex_id": 46, "area_km2": 1039.2304845413241 }, "geometry": { "type": "Polygon", "coordinates": [ [ [ -115.636680872819227, 37.090742191722583 ], [ -115.832912825047799, 37.002696840624353 ], [ -116.026401757807022, 37.09458171070137 ], [ -116.024084794709111, 37.274839062683533 ], [ -115.827351752380778, 37.363188561648563 ], [ -115.633436927195277, 37.27097442606668 ], [ -115.636680872819227, 37.090742191722583 ] ] ] } },
{ "type": "Feature", "properties": { "hex_id": 47, "area_km2": 1039.2304845413241 }, "geometry": { "type": "Polygon", "coordinates": [ [ [ -115.24704685648264, 37.085623052472684 ], [ -115.443692937184068, 36.998232113835343 ], [ -115.636680872819198, 37.090742191722583 ], [ -115.633436927195277, 37.27097442606668 ], [ -115.436279107157787, 37.358665236052474 ], [ -115.2428774344733, 37.265821984574416 ], [ -115.24704685648264, 37.085623052472684 ] ] ] } },
{ "type": "Feature", "properties": { "hex_id": 48, "area_km2": 1039.2304845413241 }, "geometry": { "type": "Polygon", "coordinates": [ [ [ -114.857522077441288, 37.079224000604775 ], [ -115.054569706087463, 36.992491777684393 ], [ -115.24704685648264, 37.085623052472684 ], [ -115.2428774344733, 37.265821984574416 ], [ -115.045305244192789, 37.352849341041427 ], [ -114.852427455525486, 37.259380794848838 ], [ -114.857522077441288, 37.079224000604775 ] ] ] } },
{ "type": "Feature", "properties": { "hex_id": 49, "area_km2": 1039.2304845413241 }, "geometry": { "type": "Polygon", "coordinates": [ [ [ -114.468131953710554, 37.071545468069907 ], [ -114.665567967582078, 36.985475217126137 ], [ -114.857522077441288, 37.079224000604775 ], [ -114.852427455525486, 37.259380794848838 ], [ -114.654455310042096, 37.345742083264426 ], [ -114.462114041176847, 37.251653602225488 ], [ -114.468131953710554, 37.071545468069907 ] ] ] } },
{ "type": "Feature", "properties": { "hex_id": 50, "area_km2": 1039.2304845413241 }, "geometry": { "type": "Polygon", "coordinates": [ [ [ -114.078902165248223, 37.062592772464541 ], [ -114.27671361443673, 36.977186683420676 ], [ -114.468131953710554, 37.071545468069907 ], [ -114.462114041176847, 37.251653602225488 ], [ -114.263754873554277, 37.337345094679229 ], [ -114.071961785121758, 37.242641447470177 ], [ -114.078902165248223, 37.062592772464541 ] ] ] } },
{ "type": "Feature", "properties": { "hex_id": 51, "area_km2": 44.695115644233006 }, "geometry": { "type": "Polygon", "coordinates": [ [ [ -114.078902165248223, 37.062592772464541 ], [ -114.071961785121758, 37.242641447470177 ], [ -114.051604519835053, 37.251375166555881 ], [ -114.051404961251322, 37.233855141854256 ], [ -114.051673005497733, 37.172369080778523 ], [ -114.052179024074846, 37.147111056073086 ], [ -114.051867033003248, 37.134293042974726 ], [ -114.052827055852632, 37.103962013627338 ], [ -114.051822064069796, 37.090976999705354 ], [ -114.05174906580956, 37.088434997099277 ], [ -114.051233111493829, 37.048859308469915 ], [ -114.078902165248223, 37.062592772464541 ] ] ] } },
{ "type": "Feature", "properties": { "hex_id": 52, "area_km2": 188.52272413682979 }, "geometry": { "type": "Polygon", "coordinates": [ [ [ -117.98246951570033, 37.635319665211945 ], [ -117.785232451383152, 37.546664315521035 ], [ -117.783996378914267, 37.428534943133066 ], [ -117.832727029867925, 37.464928926571943 ], [ -117.866146212739508, 37.489944612848291 ], [ -117.875928295033873, 37.497266917141637 ], [ -117.904626462892452, 37.515835913847027 ], [ -117.975440837586916, 37.569039573349457 ], [ -117.975777874837405, 37.56929279316229 ], [ -118.034010983986278, 37.611060081772223 ], [ -117.98246951570033, 37.635319665211945 ] ] ] } },
{ "type": "Feature", "properties": { "hex_id": 53, "area_km2": 973.59625815314985 }, "geometry": { "type": "Polygon", "coordinates": [ [ [ -117.785232451383152, 37.546664315521035 ], [ -117.589878926933466, 37.637935602614526 ], [ -117.393092638208032, 37.548621098129885 ], [ -117.392149553093347, 37.368351369377223 ], [ -117.582325040426497, 37.279618497797451 ], [ -117.680610256937655, 37.353399059551421 ], [ -117.712358400916614, 37.374930998508525 ], [ -117.783996378914267, 37.428534943133066 ], [ -117.785232451383152, 37.546664315521035 ] ] ] } },
{ "type": "Feature", "properties": { "hex_id": 54, "area_km2": 1039.2304845413275 }, "geometry": { "type": "Polygon", "coordinates": [ [ [ -117.00092500189443, 37.369002147501391 ], [ -117.19630422019074, 37.27870044866124 ], [ -117.392149553093347, 37.368351369377223 ], [ -117.393092638208032, 37.548621098129885 ], [ -117.197247912832268, 37.639246144869915 ], [ -117.000925642038467, 37.54927581275507 ], [ -117.00092500189443, 37.369002147501391 ] ] ] } },
{ "type": "Feature", "properties": { "hex_id": 55, "area_km2": 1039.2304845413275 }, "geometry": { "type": "Polygon", "coordinates": [ [ [ -116.609698982231492, 37.368357535362243 ], [ -116.805542479695475, 37.278702945778456 ], [ -117.00092500189443, 37.369002147501391 ], [ -117.000925642038467, 37.54927581275507 ], [ -116.80460633018474, 37.639249821958082 ], [ -116.608761146308396, 37.548628427831574 ], [ -116.609698982231492, 37.368357535362243 ] ] ] } },
{ "type": "Feature", "properties": { "hex_id": 56, "area_km2": 1039.2304845413241 }, "geometry": { "type": "Polygon", "coordinates": [ [ [ -116.218500826625061, 37.36641981116243 ], [ -116.414794384659544, 37.277415063700886 ], [ -116.609698982231492, 37.368357535362243 ], [ -116.608761146308396, 37.548628427831574 ], [ -116.411978258544664, 37.637946677606948 ], [ -116.216622499286558, 37.546678226683369 ], [ -116.218500826625061, 37.36641981116243 ] ] ] } },
{ "type": "Feature", "properties": { "hex_id": 57, "area_km2": 1039.2304845413241 }, "geometry": { "type": "Polygon", "coordinates": [ [ [ -115.827351752380778, 37.363188561648563 ], [ -116.024084794709111, 37.274839062683533 ], [ -116.218500826625061, 37.36641981116243 ], [ -116.21662249928653, 37.546678226683369 ], [ -116.019388450149222, 37.635336847237404 ], [ -115.824534240135549, 37.543425907530434 ], [ -115.827351752380778, 37.363188561648563 ] ] ] } },
{ "type": "Feature", "properties": { "hex_id": 58, "area_km2": 1039.2304845413241 }, "geometry": { "type": "Polygon", "coordinates": [ [ [ -115.436279107157787, 37.358665236052474 ], [ -115.633436927195277, 37.27097442606668 ], [ -115.827351752380778, 37.363188561648563 ], [ -115.824534240135549, 37.543425907530434 ], [ -115.626862935155813, 37.631421257181351 ], [ -115.432522612958508, 37.538872724524182 ], [ -115.436279107157787, 37.358665236052474 ] ] ] } },
{ "type": "Feature", "properties": { "hex_id": 59, "area_km2": 1039.2304845413241 }, "geometry": { "type": "Polygon", "coordinates": [ [ [ -115.045305244192789, 37.352849341041427 ], [ -115.2428774344733, 37.265821984574416 ], [ -115.436279107157787, 37.358665236052474 ], [ -115.432522612958508, 37.538872724524182 ], [ -115.234426152124286, 37.626200753992308 ], [ -115.040610863871592, 37.533019086703206 ], [ -115.045305244192789, 37.352849341041427 ] ] ] } },
{ "type": "Feature", "properties": { "hex_id": 60, "area_km2": 1039.2304845413241 }, "geometry": { "type": "Polygon", "coordinates": [ [ [ -114.654455310042096, 37.345742083264426 ], [ -114.852427455525486, 37.259380794848838 ], [ -115.045305244192789, 37.352849341041427 ], [ -115.040610863871592, 37.533019086703206 ], [ -114.842101460426193, 37.619676384530862 ], [ -114.648824096556709, 37.525865811224229 ], [ -114.654455310042096, 37.345742083264426 ] ] ] } },
{ "type": "Feature", "properties": { "hex_id": 61, "area_km2": 1039.2304845413241 }, "geometry": { "type": "Polygon", "coordinates": [ [ [ -114.263754873554277, 37.337345094679229 ], [ -114.462114041176847, 37.251653602225488 ], [ -114.654455310042096, 37.345742083264426 ], [ -114.64882409655668, 37.525865811224229 ], [ -114.449915839734331, 37.611848630216173 ], [ -114.257188539725647, 37.517414347934974 ], [ -114.263754873554277, 37.337345094679229 ] ] ] } },
{ "type": "Feature", "properties": { "hex_id": 62, "area_km2": 563.61059869963913 }, "geometry": { "type": "Polygon", "coordinates": [ [ [ -114.071961785121758, 37.242641447470177 ], [ -114.263754873554277, 37.337345094679229 ], [ -114.257188539725647, 37.517414347934974 ], [ -114.057894686556949, 37.602719190985162 ], [ -114.052661444712228, 37.600137797893453 ], [ -114.052961848667096, 37.592784725104721 ], [ -114.052736936664317, 37.53102961315696 ], [ -114.052688975048113, 37.517860572677833 ], [ -114.052717976095607, 37.517265571528256 ], [ -114.052685001011284, 37.502514541538744 ], [ -114.052701003526863, 37.492015524425838 ], [ -114.052618829562789, 37.472342226217449 ], [ -114.052447989902205, 37.431441432589111 ], [ -114.051764986247221, 37.418084411269454 ], [ -114.051926976132236, 37.370735340267487 ], [ -114.05192697607248, 37.370460339853473 ], [ -114.051888669851849, 37.347265188136674 ], [ -114.051799959288999, 37.29354922391142 ], [ -114.051799959179746, 37.29304522315293 ], [ -114.051973957424707, 37.284512210517015 ], [ -114.051973957280538, 37.283849209518763 ], [ -114.051604519835053, 37.251375166555881 ], [ -114.071961785121758, 37.242641447470177 ] ] ] } },
{ "type": "Feature", "properties": { "hex_id": 63, "area_km2": 537.76975214030119 }, "geometry": { "type": "Polygon", "coordinates": [ [ [ -118.183041856284518, 37.903862770134616 ], [ -117.984853631563354, 37.815559363503681 ], [ -117.98246951570033, 37.635319665211945 ], [ -118.034010983986278, 37.611060081772223 ], [ -118.039851046712585, 37.615244600574286 ], [ -118.039800046897241, 37.615272600305467 ], [ -118.052191074199484, 37.624929541393058 ], [ -118.10092514384219, 37.660159972960656 ], [ -118.250949824409759, 37.768614392466439 ], [ -118.337322016665382, 37.831030978221868 ], [ -118.183041856284518, 37.903862770134616 ] ] ] } },
{ "type": "Feature", "properties": { "hex_id": 64, "area_km2": 1039.2304845413275 }, "geometry": { "type": "Polygon", "coordinates": [ [ [ -117.589878926933466, 37.637935602614526 ], [ -117.785232451383152, 37.546664315521035 ], [ -117.98246951570033, 37.635319665211945 ], [ -117.984853631563354, 37.815559363503681 ], [ -117.789048248168271, 37.907163558748657 ], [ -117.591310186216063, 37.818192653884616 ], [ -117.589878926933466, 37.637935602614526 ] ] ] } },
{ "type": "Feature", "properties": { "hex_id": 65, "area_km2": 1039.2304845413275 }, "geometry": { "type": "Polygon", "coordinates": [ [ [ -117.197247912832239, 37.639246144869915 ], [ -117.393092638208032, 37.548621098129885 ], [ -117.589878926933466, 37.637935602614526 ], [ -117.591310186216063, 37.818192653884616 ], [ -117.39500141353389, 37.909145847060955 ], [ -117.19772585277488, 37.819511576009255 ], [ -117.197247912832239, 37.639246144869915 ] ] ] } },
{ "type": "Feature", "properties": { "hex_id": 66, "area_km2": 1039.2304845413275 }, "geometry": { "type": "Polygon", "coordinates": [ [ [ -116.80460633018474, 37.639249821958082 ], [ -117.000925642038467, 37.54927581275507 ], [ -117.197247912832268, 37.639246144869915 ], [ -117.19772585277488, 37.819511576009255 ], [ -117.00092997231387, 37.909809277277724 ], [ -116.804132125785657, 37.819515285737886 ], [ -116.80460633018474, 37.639249821958082 ] ] ] } },
{ "type": "Feature", "properties": { "hex_id": 67, "area_km2": 1039.2304845413257 }, "geometry": { "type": "Polygon", "coordinates": [ [ [ -116.411978258544664, 37.637946677606948 ], [ -116.608761146308396, 37.548628427831574 ], [ -116.80460633018474, 37.639249821958082 ], [ -116.804132125785657, 37.819515285737886 ], [ -116.606860112875438, 37.909152697676291 ], [ -116.410551377500667, 37.818203503873228 ], [ -116.411978258544664, 37.637946677606948 ] ] ] } },
{ "type": "Feature", "properties": { "hex_id": 68, "area_km2": 1039.2304845413241 }, "geometry": { "type": "Polygon", "coordinates": [ [ [ -116.019388450149222, 37.635336847237404 ], [ -116.21662249928653, 37.546678226683369 ], [ -116.411978258544664, 37.637946677606948 ], [ -116.410551377500667, 37.818203503873228 ], [ -116.212815865060705, 37.90717723267727 ], [ -116.017008969301116, 37.815576962342888 ], [ -116.019388450149222, 37.635336847237404 ] ] ] } },
{ "type": "Feature", "properties": { "hex_id": 69, "area_km2": 1039.2304845413241 }, "geometry": { "type": "Polygon", "coordinates": [ [ [ -115.626862935155813, 37.631421257181351 ], [ -115.824534240135549, 37.543425907530434 ], [ -116.019388450149222, 37.635336847237404 ], [ -116.017008969301116, 37.815576962342888 ], [ -115.818823575375646, 37.903882608567415 ], [ -115.623531914106579, 37.81163573449188 ], [ -115.626862935155813, 37.631421257181351 ] ] ] } },
{ "type": "Feature", "properties": { "hex_id": 70, "area_km2": 1039.2304845413241 }, "geometry": { "type": "Polygon", "coordinates": [ [ [ -115.234426152124286, 37.626200753992308 ], [ -115.432522612958508, 37.538872724524182 ], [ -115.626862935155813, 37.631421257181351 ], [ -115.623531914106579, 37.81163573449188 ], [ -115.424909228417434, 37.899269884527158 ], [ -115.230143992178697, 37.806381277232887 ], [ -115.234426152124286, 37.626200753992308 ] ] ] } },
{ "type": "Feature", "properties": { "hex_id": 71, "area_km2": 1039.2304845413241 }, "geometry": { "type": "Polygon", "coordinates": [ [ [ -114.842101460426193, 37.619676384530862 ], [ -115.040610863871592, 37.533019086703206 ], [ -115.234426152124286, 37.626200753992308 ], [ -115.230143992178697, 37.806381277232887 ], [ -115.031095715055883, 37.893340495123688 ], [ -114.836869064309454, 37.799814977633488 ], [ -114.842101460426193, 37.619676384530862 ] ] ] } },
{ "type": "Feature", "properties": { "hex_id": 72, "area_km2": 1039.2304845413241 }, "geometry": { "type": "Polygon", "coordinates": [ [ [ -114.449915839734331, 37.611848630216173 ], [ -114.64882409655668, 37.525865811224229 ], [ -114.842101460426193, 37.619676384530862 ], [ -114.836869064309454, 37.799814977633488 ], [ -114.637410082952385, 37.886094443486911 ], [ -114.443734747445134, 37.791936516726871 ], [ -114.449915839734331, 37.611848630216173 ] ] ] } },
{ "type": "Feature", "properties": { "hex_id": 73, "area_km2": 1039.2304845413241 }, "geometry": { "type": "Polygon", "coordinates": [ [ [ -114.057894686556949, 37.602719190985162 ], [ -114.257188539725647, 37.517414347934974 ], [ -114.449915839734331, 37.611848630216173 ], [ -114.443734747445134, 37.791936516726871 ], [ -114.243878477127041, 37.877533132974222 ], [ -114.050766394495099, 37.782748128096351 ], [ -114.057894686556949, 37.602719190985162 ] ] ] } },
{ "type": "Feature", "properties": { "hex_id": 74, "area_km2": 4.6346933728817179 }, "geometry": { "type": "Polygon", "coordinates": [ [ [ -114.057894686556949, 37.602719190985162 ], [ -114.050766394495099, 37.782748128096351 ], [ -114.049338607459717, 37.783355519576496 ], [ -114.049918525002823, 37.76558805508148 ], [ -114.051108558424048, 37.756278047850323 ], [ -114.0516695856643, 37.746960036595695 ], [ -114.051784587056588, 37.746251035248079 ], [ -114.051727587388285, 37.7459990346889 ], [ -114.051843309962237, 37.724040415221637 ], [ -114.052471827639863, 37.604777748664027 ], [ -114.052661444712228, 37.600137797893453 ], [ -114.057894686556949, 37.602719190985162 ] ] ] } },
{ "type": "Feature", "properties": { "hex_id": 75, "area_km2": 90.940627642455865 }, "geometry": { "type": "Polygon", "coordinates": [ [ [ -118.780409416443007, 38.166697460381464 ], [ -118.580820916782656, 38.079436581507544 ], [ -118.579221137095516, 38.004977705106015 ], [ -118.621592833360296, 38.034392355269027 ], [ -118.714314016257831, 38.102187493464655 ], [ -118.746599843411502, 38.124928314018 ], [ -118.771868797637083, 38.141873481232395 ], [ -118.795986354644285, 38.15927713072476 ], [ -118.780409416443007, 38.166697460381464 ] ] ] } },
{ "type": "Feature", "properties": { "hex_id": 76, "area_km2": 879.66159207529711 }, "geometry": { "type": "Polygon", "coordinates": [ [ [ -118.580820916782656, 38.079436581507544 ], [ -118.385092235418952, 38.172026699099767 ], [ -118.185938815975021, 38.084083715792737 ], [ -118.183041856284518, 37.903862770134616 ], [ -118.337322016665382, 37.831030978221868 ], [ -118.427803281893347, 37.896232560765249 ], [ -118.500961607839997, 37.94902324121805 ], [ -118.571961446971258, 37.999934018884886 ], [ -118.579221137095516, 38.004977705106015 ], [ -118.580820916782656, 38.079436581507544 ] ] ] } },
{ "type": "Feature", "properties": { "hex_id": 77, "area_km2": 1039.2304845413275 }, "geometry": { "type": "Polygon", "coordinates": [ [ [ -117.789048248168271, 37.907163558748657 ], [ -117.984853631563354, 37.815559363503681 ], [ -118.183041856284518, 37.903862770134616 ], [ -118.185938815975021, 38.084083715792737 ], [ -117.989682434190215, 38.176024145602852 ], [ -117.790980028033744, 38.0874052937992 ], [ -117.789048248168271, 37.907163558748657 ] ] ] } },
{ "type": "Feature", "properties": { "hex_id": 78, "area_km2": 1039.2304845413275 }, "geometry": { "type": "Polygon", "coordinates": [ [ [ -117.39500141353389, 37.909145847060955 ], [ -117.591310186216063, 37.818192653884616 ], [ -117.789048248168271, 37.907163558748657 ], [ -117.790980028033744, 38.0874052937992 ], [ -117.594208885368317, 38.178690915652105 ], [ -117.395968674371829, 38.08940011672901 ], [ -117.39500141353389, 37.909145847060955 ] ] ] } },
{ "type": "Feature", "properties": { "hex_id": 79, "area_km2": 1039.2304845413275 }, "geometry": { "type": "Polygon", "coordinates": [ [ [ -117.00092997231387, 37.909809277277724 ], [ -117.19772585277488, 37.819511576009255 ], [ -117.39500141353389, 37.909145847060955 ], [ -117.395968674371829, 38.08940011672901 ], [ -117.198696352026403, 38.180025902071868 ], [ -117.000932607384925, 38.090067396809879 ], [ -117.00092997231387, 37.909809277277724 ] ] ] } },
{ "type": "Feature", "properties": { "hex_id": 80, "area_km2": 1039.2304845413275 }, "geometry": { "type": "Polygon", "coordinates": [ [ [ -116.606860112875438, 37.909152697676291 ], [ -116.804132125785657, 37.819515285737886 ], [ -117.00092997231387, 37.909809277277724 ], [ -117.000932607384925, 38.090067396809879 ], [ -116.803171513855233, 38.180029166643784 ], [ -116.605896926784808, 38.089406408084784 ], [ -116.606860112875438, 37.909152697676291 ] ] ] } },
{ "type": "Feature", "properties": { "hex_id": 81, "area_km2": 1039.2304845413241 }, "geometry": { "type": "Polygon", "coordinates": [ [ [ -116.212815865060705, 37.90717723267727 ], [ -116.410551377500667, 37.818203503873228 ], [ -116.606860112875438, 37.909152697676291 ], [ -116.605896926784808, 38.089406408084784 ], [ -116.40765937169958, 38.178700296925349 ], [ -116.210887181373053, 38.087418210106826 ], [ -116.212815865060705, 37.90717723267727 ] ] ] } },
{ "type": "Feature", "properties": { "hex_id": 82, "area_km2": 1039.2304845413241 }, "geometry": { "type": "Polygon", "coordinates": [ [ [ -115.818823575375646, 37.903882608567415 ], [ -116.017008969301116, 37.815576962342888 ], [ -116.212815865060705, 37.90717723267727 ], [ -116.210887181373053, 38.087418210106826 ], [ -116.012186433097895, 38.1760398368152 ], [ -115.81592970365962, 38.084102433500725 ], [ -115.818823575375646, 37.903882608567415 ] ] ] } },
{ "type": "Feature", "properties": { "hex_id": 83, "area_km2": 1039.2304845413241 }, "geometry": { "type": "Polygon", "coordinates": [ [ [ -115.424909228417434, 37.899269884527158 ], [ -115.623531914106579, 37.81163573449188 ], [ -115.818823575375646, 37.903882608567415 ], [ -115.81592970365962, 38.084102433500725 ], [ -115.616778913988128, 38.172047377779222 ], [ -115.421050418361489, 38.079459670439114 ], [ -115.424909228417434, 37.899269884527158 ] ] ] } },
{ "type": "Feature", "properties": { "hex_id": 84, "area_km2": 1039.2304845413241 }, "geometry": { "type": "Polygon", "coordinates": [ [ [ -115.031095715055883, 37.893340495123688 ], [ -115.230143992178697, 37.806381277232887 ], [ -115.424909228417434, 37.899269884527158 ], [ -115.421050418361489, 38.079459670439114 ], [ -115.221462034520258, 38.166724979544945 ], [ -115.026273498366805, 38.07349205736174 ], [ -115.031095715055883, 37.893340495123688 ] ] ] } },
{ "type": "Feature", "properties": { "hex_id": 85, "area_km2": 1039.2304845413241 }, "geometry": { "type": "Polygon", "coordinates": [ [ [ -114.637410082952385, 37.886094443486911 ], [ -114.836869064309454, 37.799814977633488 ], [ -115.031095715055883, 37.893340495123688 ], [ -115.026273498366805, 38.07349205736174 ], [ -114.826262186970169, 38.160073457979529 ], [ -114.63162601456186, 38.066199261851871 ], [ -114.637410082952385, 37.886094443486911 ] ] ] } },
{ "type": "Feature", "properties": { "hex_id": 86, "area_km2": 1039.2304845413241 }, "geometry": { "type": "Polygon", "coordinates": [ [ [ -114.243878477127041, 37.877533132974222 ], [ -114.443734747445134, 37.791936516726871 ], [ -114.637410082952385, 37.886094443486911 ], [ -114.63162601456186, 38.066199261851871 ], [ -114.431205742478383, 38.152092881428047 ], [ -114.23713404177262, 38.057582629553053 ], [ -114.243878477127041, 37.877533132974222 ] ] ] } },
{ "type": "Feature", "properties": { "hex_id": 87, "area_km2": 497.6296987457502 }, "geometry": { "type": "Polygon", "coordinates": [ [ [ -114.050766394495099, 37.782748128096351 ], [ -114.243878477127041, 37.877533132974222 ], [ -114.23713404177262, 38.057582629553053 ], [ -114.049943454629073, 38.137022105337493 ], [ -114.050421735490872, 37.999963261527412 ], [ -114.05004678513744, 37.941806810645303 ], [ -114.049657133837883, 37.881370156657468 ], [ -114.049927231763192, 37.852510131502775 ], [ -114.049676328665171, 37.823647105927826 ], [ -114.048472372950187, 37.809863092845326 ], [ -114.049338607459717, 37.783355519576496 ], [ -114.050766394495099, 37.782748128096351 ] ] ] } },
{ "type": "Feature", "properties": { "hex_id": 88, "area_km2": 409.9708890460999 }, "geometry": { "type": "Polygon", "coordinates": [ [ [ -118.985379366150369, 38.433745322410942 ], [ -118.784813707829514, 38.34685923565263 ], [ -118.780409416443007, 38.166697460381464 ], [ -118.795986354644285, 38.15927713072476 ], [ -118.797670376657379, 38.160491843926714 ], [ -118.797715155701212, 38.160524156366428 ], [ -118.859088661291153, 38.204811051470692 ], [ -118.922519558359241, 38.249922300768191 ], [ -118.949674712342969, 38.268943303195215 ], [ -118.949711688587826, 38.268968338570332 ], [ -119.000976897820763, 38.303678376855011 ], [ -119.030079881388176, 38.325184534564883 ], [ -119.082359944291099, 38.361270987438481 ], [ -119.097163002195785, 38.37285715178281 ], [ -119.103478095526626, 38.377310577632031 ], [ -118.985379366150369, 38.433745322410942 ] ] ] } },
{ "type": "Feature", "properties": { "hex_id": 89, "area_km2": 1039.2304845413275 }, "geometry": { "type": "Polygon", "coordinates": [ [ [ -118.385092235418952, 38.172026699099767 ], [ -118.580820916782656, 38.079436581507544 ], [ -118.780409416443007, 38.166697460381464 ], [ -118.784813707829514, 38.34685923565263 ], [ -118.588651173402582, 38.439796037324577 ], [ -118.388517777164111, 38.352222852752291 ], [ -118.385092235418952, 38.172026699099767 ] ] ] } },
{ "type": "Feature", "properties": { "hex_id": 90, "area_km2": 1039.2304845413275 }, "geometry": { "type": "Polygon", "coordinates": [ [ [ -117.989682434190215, 38.176024145602852 ], [ -118.185938815975021, 38.084083715792737 ], [ -118.385092235418952, 38.172026699099767 ], [ -118.388517777164111, 38.352222852752291 ], [ -118.191810606632473, 38.444504916150265 ], [ -117.992129279181157, 38.356246444870202 ], [ -117.989682434190215, 38.176024145602852 ] ] ] } },
{ "type": "Feature", "properties": { "hex_id": 91, "area_km2": 1039.2304845413275 }, "geometry": { "type": "Polygon", "coordinates": [ [ [ -117.594208885368317, 38.178690915652105 ], [ -117.790980028033744, 38.0874052937992 ], [ -117.989682434190215, 38.176024145602852 ], [ -117.992129279181157, 38.356246444870202 ], [ -117.794896293424614, 38.447869809666351 ], [ -117.595678669358435, 38.358930582039129 ], [ -117.594208885368317, 38.178690915652105 ] ] ] } },
{ "type": "Feature", "properties": { "hex_id": 92, "area_km2": 1039.2304845413275 }, "geometry": { "type": "Polygon", "coordinates": [ [ [ -117.198696352026403, 38.180025902071868 ], [ -117.395968674371829, 38.08940011672901 ], [ -117.594208885368317, 38.178690915652105 ], [ -117.595678669358435, 38.358930582039129 ], [ -117.397930895690138, 38.44989017810591 ], [ -117.199188418683718, 38.360274095101857 ], [ -117.198696352026403, 38.180025902071868 ] ] ] } },
{ "type": "Feature", "properties": { "hex_id": 93, "area_km2": 1039.2304845413275 }, "geometry": { "type": "Polygon", "coordinates": [ [ [ -116.803171513855233, 38.180029166643784 ], [ -117.000932607384925, 38.090067396809879 ], [ -117.198696352026403, 38.180025902071868 ], [ -117.199188418683718, 38.360274095101857 ], [ -117.000938163839479, 38.450565640537832 ], [ -116.802684826472387, 38.360277428672781 ], [ -116.803171513855233, 38.180029166643784 ] ] ] } },
{ "type": "Feature", "properties": { "hex_id": 94, "area_km2": 1039.2304845413257 }, "geometry": { "type": "Polygon", "coordinates": [ [ [ -116.40765937169958, 38.178700296925349 ], [ -116.605896926784808, 38.089406408084784 ], [ -116.803171513855233, 38.180029166643784 ], [ -116.802684826472387, 38.360277428672781 ], [ -116.603944784173052, 38.449896916411433 ], [ -116.406194030461648, 38.358940249630692 ], [ -116.40765937169958, 38.178700296925349 ] ] ] } },
{ "type": "Feature", "properties": { "hex_id": 95, "area_km2": 1039.2304845413241 }, "geometry": { "type": "Polygon", "coordinates": [ [ [ -116.012186433097895, 38.1760398368152 ], [ -116.210887181373053, 38.087418210106826 ], [ -116.40765937169958, 38.178700296925349 ], [ -116.406194030461648, 38.358940249630692 ], [ -116.206978082155715, 38.447883049107077 ], [ -116.009742802111219, 38.356262693407501 ], [ -116.012186433097895, 38.1760398368152 ] ] ] } },
{ "type": "Feature", "properties": { "hex_id": 96, "area_km2": 1039.2304845413241 }, "geometry": { "type": "Polygon", "coordinates": [ [ [ -115.616778913988128, 38.172047377779222 ], [ -115.81592970365962, 38.084102433500725 ], [ -116.012186433097895, 38.1760398368152 ], [ -116.009742802111219, 38.356262693407501 ], [ -115.81006400766816, 38.444524680754611 ], [ -115.613357107734927, 38.352244570189669 ], [ -115.616778913988128, 38.172047377779222 ] ] ] } },
{ "type": "Feature", "properties": { "hex_id": 97, "area_km2": 1039.2304845413241 }, "geometry": { "type": "Polygon", "coordinates": [ [ [ -115.221462034520258, 38.166724979544945 ], [ -115.421050418361489, 38.079459670439114 ], [ -115.616778913988128, 38.172047377779222 ], [ -115.613357107734927, 38.352244570189669 ], [ -115.413228832107905, 38.439821871630102 ], [ -115.217062678199596, 38.34688788753278 ], [ -115.221462034520258, 38.166724979544945 ] ] ] } },
{ "type": "Feature", "properties": { "hex_id": 98, "area_km2": 1039.2304845413241 }, "geometry": { "type": "Polygon", "coordinates": [ [ [ -114.826262186970169, 38.160073457979529 ], [ -115.026273498366805, 38.07349205736174 ], [ -115.221462034520258, 38.166724979544945 ], [ -115.217062678199596, 38.34688788753278 ], [ -115.01649854408987, 38.433776539876746 ], [ -114.820887276546543, 38.340193146202736 ], [ -114.826262186970169, 38.160073457979529 ] ] ] } },
{ "type": "Feature", "properties": { "hex_id": 99, "area_km2": 1039.2304845413241 }, "geometry": { "type": "Polygon", "coordinates": [ [ [ -114.431205742478383, 38.152092881428047 ], [ -114.63162601456186, 38.066199261851871 ], [ -114.826262186970169, 38.160073457979529 ], [ -114.820887276546543, 38.340193146202736 ], [ -114.619901702508969, 38.426389270963419 ], [ -114.424856850715742, 38.332161076846702 ], [ -114.431205742478383, 38.152092881428047 ] ] ] } },
{ "type": "Feature", "properties": { "hex_id": 100, "area_km2": 1007.7378427107617 }, "geometry": { "type": "Polygon", "coordinates": [ [ [ -114.23713404177262, 38.057582629553053 ], [ -114.431205742478369, 38.152092881428047 ], [ -114.424856850715742, 38.332161076846702 ], [ -114.223463591101236, 38.417661179705597 ], [ -114.049761529827819, 38.332949782353374 ], [ -114.049416513327699, 38.264702152355248 ], [ -114.050137497331917, 38.249962174112042 ], [ -114.049902564208139, 38.148765235974956 ], [ -114.049902188055142, 38.14860320936063 ], [ -114.049943454629073, 38.137022105337493 ], [ -114.23713404177262, 38.057582629553053 ] ] ] } },
{ "type": "Feature", "properties": { "hex_id": 101, "area_km2": 16.801075042867204 }, "geometry": { "type": "Polygon", "coordinates": [ [ [ -119.387920357931833, 38.606443055384567 ], [ -119.386863018395076, 38.574552356189791 ], [ -119.450625025717045, 38.619974467406102 ], [ -119.450614025807596, 38.619973467233088 ], [ -119.453911784718784, 38.622235060330958 ], [ -119.49402452789468, 38.649744204992651 ], [ -119.494185530529066, 38.64986220788839 ], [ -119.500832182655955, 38.654480195679071 ], [ -119.387920357931833, 38.606443055384567 ] ] ] } },
{ "type": "Feature", "properties": { "hex_id": 102, "area_km2": 770.88607323460383 }, "geometry": { "type": "Polygon", "coordinates": [ [ [ -119.387920357931833, 38.606443055384567 ], [ -119.191892330697556, 38.700381800083733 ], [ -118.990336798508466, 38.613877987385706 ], [ -118.985379366150369, 38.433745322410942 ], [ -119.103478095526626, 38.377310577632031 ], [ -119.12598412580121, 38.393174521084212 ], [ -119.155571427664754, 38.413760586944008 ], [ -119.234968974271084, 38.469003472849558 ], [ -119.250991137082607, 38.480786833060151 ], [ -119.279264774422643, 38.499921325545216 ], [ -119.329670348503484, 38.53567275097334 ], [ -119.3300653695741, 38.535952928958444 ], [ -119.333425059984592, 38.538335867977239 ], [ -119.37011881312884, 38.563289307866413 ], [ -119.375995782629005, 38.566801384232619 ], [ -119.386863018395076, 38.574552356189791 ], [ -119.387920357931833, 38.606443055384567 ] ] ] } },
{ "type": "Feature", "properties": { "hex_id": 103, "area_km2": 1039.2304845413275 }, "geometry": { "type": "Polygon", "coordinates": [ [ [ -118.588651173402582, 38.439796037324577 ], [ -118.784813707829514, 38.34685923565263 ], [ -118.985379366150369, 38.433745322410942 ], [ -118.990336798508466, 38.613877987385706 ], [ -118.793740018852517, 38.707166616427415 ], [ -118.592618673742464, 38.619968369958492 ], [ -118.588651173402582, 38.439796037324577 ] ] ] } },
{ "type": "Feature", "properties": { "hex_id": 104, "area_km2": 1039.2304845413275 }, "geometry": { "type": "Polygon", "coordinates": [ [ [ -118.191810606632473, 38.444504916150265 ], [ -118.388517777164111, 38.352222852752291 ], [ -118.588651173402582, 38.439796037324577 ], [ -118.592618673742464, 38.619968369958492 ], [ -118.395462909204497, 38.712598792457214 ], [ -118.194788273915066, 38.624706197054877 ], [ -118.191810606632473, 38.444504916150265 ] ] ] } },
{ "type": "Feature", "properties": { "hex_id": 105, "area_km2": 1039.2304845413275 }, "geometry": { "type": "Polygon", "coordinates": [ [ [ -117.794896293424614, 38.447869809666351 ], [ -117.992129279181157, 38.356246444870202 ], [ -118.191810606632473, 38.444504916150265 ], [ -118.194788273915066, 38.624706197054877 ], [ -117.997093073381293, 38.716671450952283 ], [ -117.796882945859267, 38.628092202669912 ], [ -117.794896293424614, 38.447869809666351 ] ] ] } },
{ "type": "Feature", "properties": { "hex_id": 106, "area_km2": 1039.2304845413275 }, "geometry": { "type": "Polygon", "coordinates": [ [ [ -117.397930895690138, 38.44989017810591 ], [ -117.595678669358435, 38.358930582039129 ], [ -117.794896293424614, 38.447869809666351 ], [ -117.796882945859267, 38.628092202669912 ], [ -117.598660306872191, 38.719391298435056 ], [ -117.398925773625805, 38.630126215731529 ], [ -117.397930895690138, 38.44989017810591 ] ] ] } },
{ "type": "Feature", "properties": { "hex_id": 107, "area_km2": 1039.2304845413275 }, "geometry": { "type": "Polygon", "coordinates": [ [ [ -117.000938163839479, 38.450565640537832 ], [ -117.199188418683718, 38.360274095101857 ], [ -117.397930895690138, 38.44989017810591 ], [ -117.398925773625805, 38.630126215731529 ], [ -117.200185699932433, 38.7207534084922 ], [ -117.000940817626486, 38.630806682646579 ], [ -117.000938163839479, 38.450565640537832 ] ] ] } },
{ "type": "Feature", "properties": { "hex_id": 108, "area_km2": 1039.2304845413275 }, "geometry": { "type": "Polygon", "coordinates": [ [ [ -116.603944784173052, 38.449896916411433 ], [ -116.802684826472387, 38.360277428672781 ], [ -117.000938163839479, 38.450565640537832 ], [ -117.000940817626486, 38.630806682646579 ], [ -116.801698226255922, 38.720757446101132 ], [ -116.602955544026102, 38.630133783329178 ], [ -116.603944784173052, 38.449896916411433 ] ] ] } },
{ "type": "Feature", "properties": { "hex_id": 109, "area_km2": 1039.2304845413241 }, "geometry": { "type": "Polygon", "coordinates": [ [ [ -116.206978082155715, 38.447883049107077 ], [ -116.406194030461648, 38.358940249630692 ], [ -116.603944784173052, 38.449896916411433 ], [ -116.602955544026102, 38.630133783329178 ], [ -116.403223690040051, 38.719403192252436 ], [ -116.204997077076911, 38.628106917206573 ], [ -116.206978082155715, 38.447883049107077 ] ] ] } },
{ "type": "Feature", "properties": { "hex_id": 110, "area_km2": 1039.2304845413241 }, "geometry": { "type": "Polygon", "coordinates": [ [ [ -115.81006400766816, 38.444524680754611 ], [ -116.009742802111219, 38.356262693407501 ], [ -116.206978082155715, 38.447883049107077 ], [ -116.204997077076911, 38.628106917206573 ], [ -116.004789478646885, 38.716691020515057 ], [ -115.807091828683795, 38.624727017736411 ], [ -115.81006400766816, 38.444524680754611 ] ] ] } },
{ "type": "Feature", "properties": { "hex_id": 111, "area_km2": 1039.2304845413241 }, "geometry": { "type": "Polygon", "coordinates": [ [ [ -115.413228832107905, 38.439821871630102 ], [ -115.613357107734927, 38.352244570189669 ], [ -115.81006400766816, 38.444524680754611 ], [ -115.807091828683795, 38.624727017736411 ], [ -115.606422197818219, 38.712621599980778 ], [ -115.409266246227574, 38.619994136093588 ], [ -115.413228832107905, 38.439821871630102 ] ] ] } },
{ "type": "Feature", "properties": { "hex_id": 112, "area_km2": 1039.2304845413241 }, "geometry": { "type": "Polygon", "coordinates": [ [ [ -115.01649854408987, 38.433776539876746 ], [ -115.217062678199596, 38.34688788753278 ], [ -115.413228832107905, 38.439821871630102 ], [ -115.409266246227574, 38.619994136093588 ], [ -115.208147152561494, 38.707195218531346 ], [ -115.011545749904315, 38.613909554876059 ], [ -115.01649854408987, 38.433776539876746 ] ] ] } },
{ "type": "Feature", "properties": { "hex_id": 113, "area_km2": 1039.2304845413241 }, "geometry": { "type": "Polygon", "coordinates": [ [ [ -114.619901702508997, 38.426389270963419 ], [ -114.820887276546543, 38.340193146202736 ], [ -115.01649854408987, 38.433776539876746 ], [ -115.011545749904315, 38.613909554876059 ], [ -114.809993578610616, 38.700413044743186 ], [ -114.613960861376242, 38.606474636323142 ], [ -114.619901702508997, 38.426389270963419 ] ] ] } },
{ "type": "Feature", "properties": { "hex_id": 114, "area_km2": 1039.2304845413241 }, "geometry": { "type": "Polygon", "coordinates": [ [ [ -114.223463591101236, 38.417661179705597 ], [ -114.424856850715742, 38.332161076846702 ], [ -114.619901702508969, 38.426389270963419 ], [ -114.613960861376242, 38.606474636323142 ], [ -114.411987886577521, 38.692278429892461 ], [ -114.216536616386236, 38.597690814680462 ], [ -114.223463591101236, 38.417661179705597 ] ] ] } },
{ "type": "Feature", "properties": { "hex_id": 115, "area_km2": 423.88923601210075 }, "geometry": { "type": "Polygon", "coordinates": [ [ [ -114.223463591101236, 38.417661179705597 ], [ -114.216536616386236, 38.597690814680462 ], [ -114.049910000416219, 38.66779965362776 ], [ -114.05015433062168, 38.572976581878841 ], [ -114.050154471197729, 38.572922123341044 ], [ -114.04986222319387, 38.547766014844917 ], [ -114.049834183732713, 38.543785997608794 ], [ -114.050484742529335, 38.499956806226614 ], [ -114.050090650745574, 38.404674946846512 ], [ -114.050119650474386, 38.40453794702222 ], [ -114.049761529827819, 38.332949782353374 ], [ -114.223463591101236, 38.417661179705597 ] ] ] } },
{ "type": "Feature", "properties": { "hex_id": 116, "area_km2": 285.62787332397545 }, "geometry": { "type": "Polygon", "coordinates": [ [ [ -119.799403790061262, 38.957690199056515 ], [ -119.596427659778058, 38.872291311935435 ], [ -119.590786860072001, 38.716888002905357 ], [ -119.619337386281913, 38.736596623945573 ], [ -119.625868025731108, 38.741105000163856 ], [ -119.630760220950677, 38.744482289951264 ], [ -119.634937192613549, 38.747365831146105 ], [ -119.635052161366602, 38.747445198973423 ], [ -119.656648500022172, 38.762353750958809 ], [ -119.661357731682386, 38.765604653684335 ], [ -119.67708389647629, 38.776460838380245 ], [ -119.677190170812239, 38.776534202409294 ], [ -119.682234245549807, 38.780016263676288 ], [ -119.682461406353184, 38.780173078969902 ], [ -119.691015137763131, 38.786077955699561 ], [ -119.691126891321474, 38.786155102299574 ], [ -119.779172456855648, 38.846935282823907 ], [ -119.843887851225034, 38.891609660711417 ], [ -119.881818870842622, 38.917802389575648 ], [ -119.799403790061262, 38.957690199056515 ] ] ] } },
{ "type": "Feature", "properties": { "hex_id": 117, "area_km2": 1028.7774872442722 }, "geometry": { "type": "Polygon", "coordinates": [ [ [ -119.596427659778058, 38.872291311935435 ], [ -119.399978996709592, 38.966589502506658 ], [ -119.197417545651689, 38.880479931775717 ], [ -119.191892330697556, 38.700381800083733 ], [ -119.387920357931833, 38.606443055384567 ], [ -119.500832182655955, 38.654480195679071 ], [ -119.540894301922137, 38.68229286131465 ], [ -119.54273432210654, 38.683570413769658 ], [ -119.546299288045731, 38.686045621135364 ], [ -119.547662503617872, 38.686992121505547 ], [ -119.548524580062875, 38.687590673729964 ], [ -119.548531898441666, 38.687595754987022 ], [ -119.55157946524136, 38.689711725154176 ], [ -119.552579209557123, 38.690405862303308 ], [ -119.585441366270672, 38.713222556438403 ], [ -119.587070395109706, 38.714355560068817 ], [ -119.58768340482743, 38.714744561380229 ], [ -119.590786860072001, 38.716888002905357 ], [ -119.596427659778058, 38.872291311935435 ] ] ] } },
{ "type": "Feature", "properties": { "hex_id": 118, "area_km2": 1039.2304845413275 }, "geometry": { "type": "Polygon", "coordinates": [ [ [ -118.793740018852517, 38.707166616427415 ], [ -118.990336798508466, 38.613877987385706 ], [ -119.191892330697556, 38.700381800083733 ], [ -119.197417545651689, 38.880479931775717 ], [ -119.000382827980047, 38.974121999372301 ], [ -118.798260824707071, 38.887309765526396 ], [ -118.793740018852517, 38.707166616427415 ] ] ] } },
{ "type": "Feature", "properties": { "hex_id": 119, "area_km2": 1039.2304845413275 }, "geometry": { "type": "Polygon", "coordinates": [ [ [ -118.395462909204497, 38.712598792457214 ], [ -118.592618673742464, 38.619968369958492 ], [ -118.793740018852517, 38.707166616427415 ], [ -118.798260824707071, 38.887309765526396 ], [ -118.600659832219364, 38.980293311108014 ], [ -118.398983515937459, 38.892777409348973 ], [ -118.395462909204497, 38.712598792457214 ] ] ] } },
{ "type": "Feature", "properties": { "hex_id": 120, "area_km2": 1039.2304845413275 }, "geometry": { "type": "Polygon", "coordinates": [ [ [ -117.997093073381293, 38.716671450952283 ], [ -118.194788273915066, 38.624706197054877 ], [ -118.395462909204497, 38.712598792457214 ], [ -118.398983515937459, 38.892777409348973 ], [ -118.200827460793022, 38.985091774720416 ], [ -117.999611142194439, 38.896876512158101 ], [ -117.997093073381293, 38.716671450952283 ] ] ] } },
{ "type": "Feature", "properties": { "hex_id": 121, "area_km2": 1039.2304845413275 }, "geometry": { "type": "Polygon", "coordinates": [ [ [ -117.598660306872191, 38.719391298435056 ], [ -117.796882945859267, 38.628092202669912 ], [ -117.997093073381293, 38.716671450952283 ], [ -117.999611142194439, 38.896876512158101 ], [ -117.800911934025009, 38.988520740424931 ], [ -117.60017177010802, 38.899613458755269 ], [ -117.598660306872191, 38.719391298435056 ] ] ] } },
{ "type": "Feature", "properties": { "hex_id": 122, "area_km2": 1039.2304845413275 }, "geometry": { "type": "Polygon", "coordinates": [ [ [ -117.200185699932433, 38.7207534084922 ], [ -117.398925773625805, 38.630126215731529 ], [ -117.598660306872191, 38.719391298435056 ], [ -117.60017177010802, 38.899613458755269 ], [ -117.400942979770008, 38.990581919568498 ], [ -117.200691599546261, 38.900985005517093 ], [ -117.200185699932433, 38.7207534084922 ] ] ] } },
{ "type": "Feature", "properties": { "hex_id": 123, "area_km2": 1039.2304845413275 }, "geometry": { "type": "Polygon", "coordinates": [ [ [ -116.801698226255922, 38.720757446101132 ], [ -117.000940817626486, 38.630806682646579 ], [ -117.200185699932433, 38.7207534084922 ], [ -117.200691599546261, 38.900985005517093 ], [ -117.000946921123116, 38.991272757581328 ], [ -116.801198523259558, 38.900989313041123 ], [ -116.801698226255922, 38.720757446101132 ] ] ] } },
{ "type": "Feature", "properties": { "hex_id": 124, "area_km2": 1039.2304845413257 }, "geometry": { "type": "Polygon", "coordinates": [ [ [ -116.403223690040051, 38.719403192252436 ], [ -116.602955544026102, 38.630133783329178 ], [ -116.801698226255922, 38.720757446101132 ], [ -116.801198523259558, 38.900989313041123 ], [ -116.600950374577735, 38.990590819481113 ], [ -116.401718361910397, 38.899626165252307 ], [ -116.403223690040051, 38.719403192252436 ] ] ] } },
{ "type": "Feature", "properties": { "hex_id": 125, "area_km2": 1039.2304845413241 }, "geometry": { "type": "Polygon", "coordinates": [ [ [ -116.004789478646885, 38.716691020515057 ], [ -116.204997077076911, 38.628106917206573 ], [ -116.403223690040051, 38.719403192252436 ], [ -116.401718361910397, 38.899626165252307 ], [ -116.20098120678189, 38.988537462802483 ], [ -116.002279103034866, 38.896896523725815 ], [ -116.004789478646885, 38.716691020515057 ] ] ] } },
{ "type": "Feature", "properties": { "hex_id": 126, "area_km2": 1039.2304845413241 }, "geometry": { "type": "Polygon", "coordinates": [ [ [ -115.606422197818219, 38.712621599980778 ], [ -115.807091828683795, 38.624727017736411 ], [ -116.004789478646885, 38.716691020515057 ], [ -116.002279103034866, 38.896896523725815 ], [ -115.801066709161518, 38.985114257488121 ], [ -115.602907633634885, 38.892801052319093 ], [ -115.606422197818219, 38.712621599980778 ] ] ] } },
{ "type": "Feature", "properties": { "hex_id": 127, "area_km2": 1039.2304845413241 }, "geometry": { "type": "Polygon", "coordinates": [ [ [ -115.208147152561494, 38.707195218531346 ], [ -115.409266246227574, 38.619994136093588 ], [ -115.606422197818219, 38.712621599980778 ], [ -115.602907633634885, 38.892801052319093 ], [ -115.40123379749275, 38.980320347993057 ], [ -115.203629838142319, 38.887339741428129 ], [ -115.208147152561494, 38.707195218531346 ] ] ] } },
{ "type": "Feature", "properties": { "hex_id": 128, "area_km2": 1039.2304845413241 }, "geometry": { "type": "Polygon", "coordinates": [ [ [ -114.809993578610616, 38.700413044743186 ], [ -115.011545749904315, 38.613909554876059 ], [ -115.208147152561494, 38.707195218531346 ], [ -115.203629838142319, 38.887339741428129 ], [ -115.001509206088144, 38.974156837526003 ], [ -114.804473968049976, 38.880513821467204 ], [ -114.809993578610616, 38.700413044743186 ] ] ] } },
{ "type": "Feature", "properties": { "hex_id": 129, "area_km2": 1039.2304845413241 }, "geometry": { "type": "Polygon", "coordinates": [ [ [ -114.411987886577521, 38.692278429892461 ], [ -114.613960861376242, 38.606474636323142 ], [ -114.809993578610616, 38.700413044743186 ], [ -114.804473968049976, 38.880513821467204 ], [ -114.601919875989537, 38.966626228547497 ], [ -114.405467387589738, 38.872327199653448 ], [ -114.411987886577521, 38.692278429892461 ] ] ] } },
{ "type": "Feature", "properties": { "hex_id": 130, "area_km2": 964.49301092099188 }, "geometry": { "type": "Polygon", "coordinates": [ [ [ -114.216536616386236, 38.597690814680462 ], [ -114.411987886577506, 38.692278429892461 ], [ -114.405467387589738, 38.872327199653448 ], [ -114.202495537362125, 38.957730218517874 ], [ -114.049442190603756, 38.883578340907015 ], [ -114.049465644173836, 38.874951082897525 ], [ -114.049170253223494, 38.749953898412954 ], [ -114.04975103533782, 38.729212804451556 ], [ -114.049884863645431, 38.677367578241366 ], [ -114.049910000416219, 38.66779965362776 ], [ -114.216536616386236, 38.597690814680462 ] ] ] } },
{ "type": "Feature", "properties": { "hex_id": 131, "area_km2": 438.21098865591904 }, "geometry": { "type": "Polygon", "coordinates": [ [ [ -119.806521838368326, 39.137696907074854 ], [ -119.799403790061262, 38.957690199056515 ], [ -119.881818870842622, 38.917802389575648 ], [ -119.900607233630936, 38.930764354323408 ], [ -119.904324688266684, 38.933330602911461 ], [ -119.905581439996439, 38.934191589779566 ], [ -119.914633112307314, 38.940392793222223 ], [ -119.935839514856141, 38.954921083571008 ], [ -119.938765638621362, 38.956925742453542 ], [ -119.942076722288277, 38.959194133994799 ], [ -119.949579621316985, 38.964334299375501 ], [ -119.9513015352547, 38.965513966670997 ], [ -119.951378281879911, 38.965566545076072 ], [ -120.001024833805843, 38.999578994329831 ], [ -120.002470407235762, 39.067494207932306 ], [ -120.003410832402011, 39.112692404646857 ], [ -120.004511757917882, 39.165604189251866 ], [ -120.005602651299967, 39.218033507389762 ], [ -120.005657635694249, 39.220676204790443 ], [ -119.806521838368326, 39.137696907074854 ] ] ] } },
{ "type": "Feature", "properties": { "hex_id": 132, "area_km2": 1039.2304845413266 }, "geometry": { "type": "Polygon", "coordinates": [ [ [ -119.399978996709592, 38.966589502506658 ], [ -119.596427659778058, 38.872291311935435 ], [ -119.799403790061262, 38.957690199056515 ], [ -119.806521838368326, 39.137696907074854 ], [ -119.609653829902072, 39.232362293878076 ], [ -119.406084903579114, 39.146653110712315 ], [ -119.399978996709592, 38.966589502506658 ] ] ] } },
{ "type": "Feature", "properties": { "hex_id": 133, "area_km2": 1039.2304845413275 }, "geometry": { "type": "Polygon", "coordinates": [ [ [ -119.000382827980047, 38.974121999372301 ], [ -119.197417545651689, 38.880479931775717 ], [ -119.399978996709592, 38.966589502506658 ], [ -119.406084903579114, 39.146653110712315 ], [ -119.208618335910458, 39.240658575177186 ], [ -119.005476469798083, 39.154235168882046 ], [ -119.000382827980047, 38.974121999372301 ] ] ] } },
{ "type": "Feature", "properties": { "hex_id": 134, "area_km2": 1039.2304845413275 }, "geometry": { "type": "Polygon", "coordinates": [ [ [ -118.600659832219364, 38.980293311108014 ], [ -118.798260824707071, 38.887309765526396 ], [ -119.000382827980047, 38.974121999372301 ], [ -119.005476469798083, 39.154235168882046 ], [ -118.807428747305138, 39.247578154434194 ], [ -118.604735183087996, 39.160446445037714 ], [ -118.600659832219364, 38.980293311108014 ] ] ] } },
{ "type": "Feature", "properties": { "hex_id": 135, "area_km2": 1039.2304845413275 }, "geometry": { "type": "Polygon", "coordinates": [ [ [ -118.200827460793022, 38.985091774720416 ], [ -118.398983515937459, 38.892777409348973 ], [ -118.600659832219364, 38.980293311108014 ], [ -118.604735183087996, 39.160446445037714 ], [ -118.406117634730862, 39.253117083093159 ], [ -118.203885756470882, 39.165276658682671 ], [ -118.200827460793022, 38.985091774720416 ] ] ] } },
{ "type": "Feature", "properties": { "hex_id": 136, "area_km2": 1039.2304845413275 }, "geometry": { "type": "Polygon", "coordinates": [ [ [ -117.800911934025009, 38.988520740424931 ], [ -117.999611142194439, 38.896876512158101 ], [ -118.200827460793022, 38.985091774720416 ], [ -118.203885756470882, 39.165276658682671 ], [ -118.004712428244488, 39.25727119643571 ], [ -117.802952944752974, 39.168728145823721 ], [ -117.800911934025009, 38.988520740424931 ] ] ] } },
{ "type": "Feature", "properties": { "hex_id": 137, "area_km2": 1039.2304845413275 }, "geometry": { "type": "Polygon", "coordinates": [ [ [ -117.400942979770008, 38.990581919568498 ], [ -117.60017177010802, 38.899613458755269 ], [ -117.800911934025009, 38.988520740424931 ], [ -117.802952944752974, 39.168728145823721 ], [ -117.603235422941623, 39.260042770155351 ], [ -117.401965608715855, 39.170802028890563 ], [ -117.400942979770008, 38.990581919568498 ] ] ] } },
{ "type": "Feature", "properties": { "hex_id": 138, "area_km2": 1039.2304845413275 }, "geometry": { "type": "Polygon", "coordinates": [ [ [ -117.000946921123116, 38.991272757581328 ], [ -117.200691599546261, 38.900985005517093 ], [ -117.400942979770008, 38.990581919568498 ], [ -117.401965608715855, 39.170802028890563 ], [ -117.201718074623585, 39.261431485951952 ], [ -117.000950467286344, 39.17149706059768 ], [ -117.000946921123116, 38.991272757581328 ] ] ] } },
{ "type": "Feature", "properties": { "hex_id": 139, "area_km2": 1039.2304845413275 }, "geometry": { "type": "Polygon", "coordinates": [ [ [ -116.600950374577735, 38.990590819481113 ], [ -116.801198523259558, 38.900989313041123 ], [ -117.000946921123116, 38.991272757581328 ], [ -117.000950467286344, 39.17149706059768 ], [ -116.800185986883122, 39.261436113635604 ], [ -116.5999341526759, 39.170810833322918 ], [ -116.600950374577735, 38.990590819481113 ] ] ] } },
{ "type": "Feature", "properties": { "hex_id": 140, "area_km2": 1039.2304845413241 }, "geometry": { "type": "Polygon", "coordinates": [ [ [ -116.200981206781918, 38.988537462802483 ], [ -116.401718361910397, 38.899626165252307 ], [ -116.600950374577735, 38.990590819481113 ], [ -116.5999341526759, 39.170810833322918 ], [ -116.398666512560112, 39.260055409174306 ], [ -116.198945845544685, 39.168744685384162 ], [ -116.200981206781918, 38.988537462802483 ] ] ] } },
{ "type": "Feature", "properties": { "hex_id": 141, "area_km2": 1039.2304845413241 }, "geometry": { "type": "Polygon", "coordinates": [ [ [ -115.801066709161518, 38.985114257488121 ], [ -116.002279103034866, 38.896896523725815 ], [ -116.20098120678189, 38.988537462802483 ], [ -116.198945845544685, 39.168744685384162 ], [ -115.997190241631102, 39.257291061222453 ], [ -115.798013404344559, 39.165299405322301 ], [ -115.801066709161518, 38.985114257488121 ] ] ] } },
{ "type": "Feature", "properties": { "hex_id": 142, "area_km2": 1039.2304845413241 }, "geometry": { "type": "Polygon", "coordinates": [ [ [ -115.40123379749275, 38.980320347993057 ], [ -115.602907633634885, 38.892801052319093 ], [ -115.801066709161518, 38.985114257488121 ], [ -115.798013404344559, 39.165299405322301 ], [ -115.595783324962412, 39.253142696530482 ], [ -115.397163327219516, 39.16047487724844 ], [ -115.40123379749275, 38.980320347993057 ] ] ] } },
{ "type": "Feature", "properties": { "hex_id": 143, "area_km2": 1039.2304845413241 }, "geometry": { "type": "Polygon", "coordinates": [ [ [ -115.001509206088144, 38.974156837526003 ], [ -115.203629838142319, 38.887339741428129 ], [ -115.40123379749275, 38.980320347993057 ], [ -115.397163327219516, 39.16047487724844 ], [ -115.194473161887444, 39.247611571025118 ], [ -114.996423293652754, 39.154272100684771 ], [ -115.001509206088144, 38.974156837526003 ] ] ] } },
{ "type": "Feature", "properties": { "hex_id": 144, "area_km2": 1039.2304845413241 }, "geometry": { "type": "Polygon", "coordinates": [ [ [ -114.601919875989537, 38.966626228547497 ], [ -114.804473968049976, 38.880513821467204 ], [ -115.001509206088144, 38.974156837526003 ], [ -114.996423293652754, 39.154272100684771 ], [ -114.793286141424105, 39.240697742360922 ], [ -114.59581859023551, 39.146692968224997 ], [ -114.601919875989537, 38.966626228547497 ] ] ] } },
{ "type": "Feature", "properties": { "hex_id": 145, "area_km2": 1039.2304845413241 }, "geometry": { "type": "Polygon", "coordinates": [ [ [ -114.202495537362125, 38.957730218517874 ], [ -114.405467387589738, 38.872327199653448 ], [ -114.601919875989537, 38.966626228547497 ], [ -114.59581859023551, 39.146692968224997 ], [ -114.392250804005002, 39.232405651431726 ], [ -114.195380647409337, 39.137739961656735 ], [ -114.202495537362125, 38.957730218517874 ] ] ] } },
{ "type": "Feature", "properties": { "hex_id": 146, "area_km2": 357.40172009862931 }, "geometry": { "type": "Polygon", "coordinates": [ [ [ -114.202495537362125, 38.957730218517874 ], [ -114.195380647409337, 39.137739961656735 ], [ -114.048619995834542, 39.198948672499057 ], [ -114.049103045913242, 39.005510266947937 ], [ -114.049442190603756, 38.883578340907015 ], [ -114.202495537362125, 38.957730218517874 ] ] ] } },
{ "type": "Feature", "properties": { "hex_id": 147, "area_km2": 1024.3496344594987 }, "geometry": { "type": "Polygon", "coordinates": [ [ [ -119.820948734988434, 39.497691557162824 ], [ -119.616354372574449, 39.412390296478918 ], [ -119.609653829902072, 39.232362293878076 ], [ -119.806521838368326, 39.137696907074854 ], [ -120.005657635694249, 39.220676204790443 ], [ -120.005680701349618, 39.221784651203102 ], [ -120.005697967397182, 39.222614470151441 ], [ -120.005752090832615, 39.225215681825631 ], [ -120.00603912916263, 39.244263493733861 ], [ -120.006069383469196, 39.246271161714432 ], [ -120.006460112141994, 39.272199336318089 ], [ -120.006457945952846, 39.2728834312665 ], [ -120.00643676410543, 39.279572779299983 ], [ -120.006432773233158, 39.28083311911999 ], [ -120.006424816990574, 39.283345744827706 ], [ -120.006319832165403, 39.316500491555487 ], [ -120.006240664315541, 39.341502050736992 ], [ -120.005162311784829, 39.388652136885561 ], [ -120.004901163643467, 39.400070601052498 ], [ -120.004692445537032, 39.40919525049663 ], [ -119.820948734988434, 39.497691557162824 ] ] ] } },
{ "type": "Feature", "properties": { "hex_id": 148, "area_km2": 1039.2304845413275 }, "geometry": { "type": "Polygon", "coordinates": [ [ [ -119.208618335910458, 39.240658575177186 ], [ -119.406084903579114, 39.146653110712315 ], [ -119.609653829902072, 39.232362293878076 ], [ -119.616354372574449, 39.412390296478918 ], [ -119.418459383410408, 39.506765100465977 ], [ -119.214292324337379, 39.420741477452786 ], [ -119.208618335910458, 39.240658575177186 ] ] ] } },
{ "type": "Feature", "properties": { "hex_id": 149, "area_km2": 1039.2304845413275 }, "geometry": { "type": "Polygon", "coordinates": [ [ [ -118.807428747305138, 39.247578154434194 ], [ -119.005476469798083, 39.154235168882046 ], [ -119.208618335910458, 39.240658575177186 ], [ -119.214292324337379, 39.420741477452786 ], [ -119.015796927237972, 39.514447782023431 ], [ -118.812073625918927, 39.42770518189608 ], [ -118.807428747305138, 39.247578154434194 ] ] ] } },
{ "type": "Feature", "properties": { "hex_id": 150, "area_km2": 1039.2304845413275 }, "geometry": { "type": "Polygon", "coordinates": [ [ [ -118.406117634730862, 39.253117083093159 ], [ -118.604735183087996, 39.160446445037714 ], [ -118.807428747305138, 39.247578154434194 ], [ -118.812073625918927, 39.42770518189608 ], [ -118.612995609940228, 39.520736828216009 ], [ -118.409732544846932, 39.433279458926386 ], [ -118.406117634730862, 39.253117083093159 ] ] ] } },
{ "type": "Feature", "properties": { "hex_id": 151, "area_km2": 1039.2304845413275 }, "geometry": { "type": "Polygon", "coordinates": [ [ [ -118.004712428244488, 39.25727119643571 ], [ -118.203885756470882, 39.165276658682671 ], [ -118.406117634730862, 39.253117083093159 ], [ -118.409732544846932, 39.433279458926386 ], [ -118.210085280730979, 39.525630147146316 ], [ -118.007296538793199, 39.437461004476965 ], [ -118.004712428244488, 39.25727119643571 ] ] ] } },
{ "type": "Feature", "properties": { "hex_id": 152, "area_km2": 1039.2304845413275 }, "geometry": { "type": "Polygon", "coordinates": [ [ [ -117.603235422941623, 39.260042770155351 ], [ -117.802952944752974, 39.168728145823721 ], [ -118.004712428244488, 39.25727119643571 ], [ -118.007296538793199, 39.437461004476965 ], [ -117.807090284096304, 39.529126836324529 ], [ -117.604787953200258, 39.440249660234393 ], [ -117.603235422941623, 39.260042770155351 ] ] ] } },
{ "type": "Feature", "properties": { "hex_id": 153, "area_km2": 1039.2304845413275 }, "geometry": { "type": "Polygon", "coordinates": [ [ [ -117.201718074623585, 39.261431485951952 ], [ -117.401965608715855, 39.170802028890563 ], [ -117.603235422941623, 39.260042770155351 ], [ -117.604787953200258, 39.440249660234393 ], [ -117.404037624917805, 39.531226283615922 ], [ -117.202237639154276, 39.441647019649039 ], [ -117.201718074623585, 39.261431485951952 ] ] ] } },
{ "type": "Feature", "properties": { "hex_id": 154, "area_km2": 1039.2304845413275 }, "geometry": { "type": "Polygon", "coordinates": [ [ [ -116.800185986883122, 39.261436113635604 ], [ -117.000950467286344, 39.17149706059768 ], [ -117.201718074623585, 39.261431485951952 ], [ -117.202237639154276, 39.441647019649039 ], [ -117.00095680873838, 39.531929799136272 ], [ -116.799672505422308, 39.441651505802866 ], [ -116.800185986883122, 39.261436113635604 ] ] ] } },
{ "type": "Feature", "properties": { "hex_id": 155, "area_km2": 1039.2304845413257 }, "geometry": { "type": "Polygon", "coordinates": [ [ [ -116.398666512560112, 39.260055409174306 ], [ -116.5999341526759, 39.170810833322918 ], [ -116.800185986883122, 39.261436113635604 ], [ -116.799672505422308, 39.441651505802866 ], [ -116.597874925905259, 39.531234862262849 ], [ -116.397120853915396, 39.440261984461372 ], [ -116.398666512560112, 39.260055409174306 ] ] ] } },
{ "type": "Feature", "properties": { "hex_id": 156, "area_km2": 1039.2304845413241 }, "geometry": { "type": "Polygon", "coordinates": [ [ [ -115.997190241631102, 39.257291061222453 ], [ -116.198945845544685, 39.168744685384162 ], [ -116.398666512560112, 39.260055409174306 ], [ -116.397120853915396, 39.440261984461372 ], [ -116.194820943863462, 39.529142142903162 ], [ -115.994611598047996, 39.437479704068664 ], [ -115.997190241631102, 39.257291061222453 ] ] ] } },
{ "type": "Feature", "properties": { "hex_id": 157, "area_km2": 1039.2304845413241 }, "geometry": { "type": "Polygon", "coordinates": [ [ [ -115.595783324962412, 39.253142696530482 ], [ -115.798013404344559, 39.165299405322301 ], [ -115.997190241631102, 39.257291061222453 ], [ -115.994611598047996, 39.437479704068664 ], [ -115.791824099214821, 39.525652156423057 ], [ -115.592173047214317, 39.433304709975928 ], [ -115.595783324962412, 39.253142696530482 ] ] ] } },
{ "type": "Feature", "properties": { "hex_id": 158, "area_km2": 1039.2304845413241 }, "geometry": { "type": "Polygon", "coordinates": [ [ [ -115.194473161887444, 39.247611571025118 ], [ -115.397163327219516, 39.16047487724844 ], [ -115.595783324962412, 39.253142696530482 ], [ -115.592173047214317, 39.433304709975928 ], [ -115.388911842088561, 39.520765813308778 ], [ -115.18983211018022, 39.427738184369957 ], [ -115.194473161887444, 39.247611571025118 ] ] ] } },
{ "type": "Feature", "properties": { "hex_id": 159, "area_km2": 1039.2304845413241 }, "geometry": { "type": "Polygon", "coordinates": [ [ [ -114.793286141424105, 39.240697742360922 ], [ -114.996423293652754, 39.154272100684771 ], [ -115.194473161887444, 39.247611571025118 ], [ -115.18983211018022, 39.427738184369957 ], [ -114.98611153093978, 39.514483905897755 ], [ -114.787616141409956, 39.420780832121501 ], [ -114.793286141424105, 39.240697742360922 ] ] ] } },
{ "type": "Feature", "properties": { "hex_id": 160, "area_km2": 1039.2304845413241 }, "geometry": { "type": "Polygon", "coordinates": [ [ [ -114.392250804005002, 39.232405651431726 ], [ -114.59581859023551, 39.146692968224997 ], [ -114.793286141424076, 39.240697742360922 ], [ -114.787616141409956, 39.420780832121501 ], [ -114.583450312787264, 39.506807938979676 ], [ -114.385552803547426, 39.412435401370423 ], [ -114.392250804005002, 39.232405651431726 ] ] ] } },
{ "type": "Feature", "properties": { "hex_id": 161, "area_km2": 918.32423896786884 }, "geometry": { "type": "Polygon", "coordinates": [ [ [ -114.195380647409337, 39.137739961656735 ], [ -114.392250804005002, 39.232405651431726 ], [ -114.385552803547412, 39.412435401370423 ], [ -114.180958042939295, 39.49773973320589 ], [ -114.047985132101516, 39.433747432366161 ], [ -114.048619995834542, 39.198948672499057 ], [ -114.195380647409337, 39.137739961656735 ] ] ] } },
{ "type": "Feature", "properties": { "hex_id": 162, "area_km2": 440.08419115317668 }, "geometry": { "type": "Polygon", "coordinates": [ [ [ -119.828261785825575, 39.677680329211654 ], [ -119.820948734988434, 39.497691557162824 ], [ -120.004692445537032, 39.40919525049663 ], [ -120.004082672702026, 39.435858305779618 ], [ -120.003873346868858, 39.445059176295103 ], [ -120.003460722479971, 39.463195970649643 ], [ -120.00291695912361, 39.487096904671304 ], [ -120.002744712895407, 39.494667920120783 ], [ -120.002725195960267, 39.495525779075379 ], [ -120.002718736136814, 39.495809717985367 ], [ -120.002702939586456, 39.496504048892412 ], [ -120.00252405088834, 39.504371452963426 ], [ -120.002500014999214, 39.505429011461942 ], [ -120.001840500139039, 39.534447097665968 ], [ -120.001787627224346, 39.536773460293418 ], [ -120.001740368919585, 39.538852784923755 ], [ -120.001717742823317, 39.548725914233088 ], [ -120.001584586655412, 39.606829969842387 ], [ -120.001518206004846, 39.635795841721901 ], [ -120.001484979405362, 39.650294605394066 ], [ -120.001431472581444, 39.673642849478668 ], [ -120.001319692412977, 39.722419252062814 ], [ -120.001152565859698, 39.734190125298817 ], [ -120.000942166964435, 39.749000685862427 ], [ -119.828261785825575, 39.677680329211654 ] ] ] } },
{ "type": "Feature", "properties": { "hex_id": 163, "area_km2": 1039.2304845413266 }, "geometry": { "type": "Polygon", "coordinates": [ [ [ -119.418459383410408, 39.506765100465977 ], [ -119.616354372574449, 39.412390296478918 ], [ -119.820948734988434, 39.497691557162824 ], [ -119.828261785825575, 39.677680329211654 ], [ -119.629938466256306, 39.772428833535429 ], [ -119.424730512901647, 39.686812896146762 ], [ -119.418459383410408, 39.506765100465977 ] ] ] } },
{ "type": "Feature", "properties": { "hex_id": 164, "area_km2": 1039.2304845413275 }, "geometry": { "type": "Polygon", "coordinates": [ [ [ -119.015796927237972, 39.514447782023431 ], [ -119.214292324337379, 39.420741477452786 ], [ -119.418459383410408, 39.506765100465977 ], [ -119.424730512901647, 39.686812896146762 ], [ -119.225793943520372, 39.780887364709869 ], [ -119.021028186340658, 39.694544923150467 ], [ -119.015796927237972, 39.514447782023431 ] ] ] } },
{ "type": "Feature", "properties": { "hex_id": 165, "area_km2": 1039.2304845413275 }, "geometry": { "type": "Polygon", "coordinates": [ [ [ -118.612995609940228, 39.520736828216009 ], [ -118.812073625918927, 39.42770518189608 ], [ -119.015796927237972, 39.514447782023431 ], [ -119.021028186340658, 39.694544923150467 ], [ -118.821491735466765, 39.787940326783591 ], [ -118.617182495529477, 39.700871993419796 ], [ -118.612995609940228, 39.520736828216009 ] ] ] } },
{ "type": "Feature", "properties": { "hex_id": 166, "area_km2": 1039.2304845413275 }, "geometry": { "type": "Polygon", "coordinates": [ [ [ -118.210085280730979, 39.525630147146316 ], [ -118.409732544846932, 39.433279458926386 ], [ -118.612995609940228, 39.520736828216009 ], [ -118.617182495529477, 39.700871993419796 ], [ -118.417061031937578, 39.793584066293946 ], [ -118.213226479433388, 39.705797202124394 ], [ -118.210085280730979, 39.525630147146316 ] ] ] } },
{ "type": "Feature", "properties": { "hex_id": 167, "area_km2": 1039.2304845413275 }, "geometry": { "type": "Polygon", "coordinates": [ [ [ -117.807090284096304, 39.529126836324529 ], [ -118.007296538793199, 39.437461004476965 ], [ -118.210085280730979, 39.525630147146316 ], [ -118.213226479433388, 39.705797202124394 ], [ -118.012533219201089, 39.797820537038646 ], [ -117.809185306645077, 39.709316839427387 ], [ -117.807090284096304, 39.529126836324529 ] ] ] } },
{ "type": "Feature", "properties": { "hex_id": 168, "area_km2": 1039.2304845413275 }, "geometry": { "type": "Polygon", "coordinates": [ [ [ -117.404037624917805, 39.531226283615922 ], [ -117.604787953200258, 39.440249660234393 ], [ -117.807090284096304, 39.529126836324529 ], [ -117.809185306645077, 39.709316839427387 ], [ -117.607932693427102, 39.800646343895529 ], [ -117.405086670370153, 39.711430438956839 ], [ -117.404037624917805, 39.531226283615922 ] ] ] } },
{ "type": "Feature", "properties": { "hex_id": 169, "area_km2": 1039.2304845413275 }, "geometry": { "type": "Polygon", "coordinates": [ [ [ -117.00095680873838, 39.531929799136272 ], [ -117.202237639154276, 39.441647019649039 ], [ -117.404037624917805, 39.531226283615922 ], [ -117.405086670370153, 39.711430438956839 ], [ -117.203289405549612, 39.802061295982277 ], [ -117.000959696705792, 39.712137950811297 ], [ -117.00095680873838, 39.531929799136272 ] ] ] } },
{ "type": "Feature", "properties": { "hex_id": 170, "area_km2": 1039.2304845413275 }, "geometry": { "type": "Polygon", "coordinates": [ [ [ -116.597874925905259, 39.531234862262849 ], [ -116.799672505422308, 39.441651505802866 ], [ -117.00095680873838, 39.531929799136272 ], [ -117.000959696705792, 39.712137950811297 ], [ -116.798631313959291, 39.802065287602339 ], [ -116.596830953298294, 39.711438553404726 ], [ -116.597874925905259, 39.531234862262849 ] ] ] } },
{ "type": "Feature", "properties": { "hex_id": 171, "area_km2": 1039.2304845413241 }, "geometry": { "type": "Polygon", "coordinates": [ [ [ -116.194820943863462, 39.529142142903162 ], [ -116.397120853915396, 39.440261984461372 ], [ -116.597874925905259, 39.531234862262849 ], [ -116.596830953298294, 39.711438553404726 ], [ -116.393986525706737, 39.800658215154741 ], [ -116.192730673582105, 39.709332566928715 ], [ -116.194820943863462, 39.529142142903162 ] ] ] } },
{ "type": "Feature", "properties": { "hex_id": 172, "area_km2": 1039.2304845413241 }, "geometry": { "type": "Polygon", "coordinates": [ [ [ -115.791824099214821, 39.525652156423057 ], [ -115.994611598047996, 39.437479704068664 ], [ -116.194820943863462, 39.529142142903162 ], [ -116.192730673582105, 39.709332566928715 ], [ -115.989384755828766, 39.797839822398267 ], [ -115.788687773460893, 39.705819797462063 ], [ -115.791824099214821, 39.525652156423057 ] ] ] } },
{ "type": "Feature", "properties": { "hex_id": 173, "area_km2": 1039.2304845413241 }, "geometry": { "type": "Polygon", "coordinates": [ [ [ -115.388911842088589, 39.520765813308778 ], [ -115.592173047214317, 39.433304709975928 ], [ -115.791824099214821, 39.525652156423057 ], [ -115.788687773460893, 39.705819797462063 ], [ -115.584854676760074, 39.793610873706541 ], [ -115.384730157117232, 39.700902137768047 ], [ -115.388911842088589, 39.520765813308778 ] ] ] } },
{ "type": "Feature", "properties": { "hex_id": 174, "area_km2": 1039.2304845413241 }, "geometry": { "type": "Polygon", "coordinates": [ [ [ -114.98611153093978, 39.514483905897755 ], [ -115.18983211018022, 39.427738184369957 ], [ -115.388911842088561, 39.520765813308778 ], [ -115.384730157117232, 39.700902137768047 ], [ -115.180424095614455, 39.787973170194938 ], [ -114.980885520649736, 39.694580256809935 ], [ -114.98611153093978, 39.514483905897755 ] ] ] } },
{ "type": "Feature", "properties": { "hex_id": 175, "area_km2": 1039.2304845413241 }, "geometry": { "type": "Polygon", "coordinates": [ [ [ -114.583450312787264, 39.506807938979676 ], [ -114.787616141409956, 39.420780832121501 ], [ -114.98611153093978, 39.514483905897755 ], [ -114.980885520649707, 39.694580256809935 ], [ -114.776121396116451, 39.780927339173132 ], [ -114.577182122651422, 39.686855524292156 ], [ -114.583450312787264, 39.506807938979676 ] ] ] } },
{ "type": "Feature", "properties": { "hex_id": 176, "area_km2": 1039.2304845413241 }, "geometry": { "type": "Polygon", "coordinates": [ [ [ -114.180958042939295, 39.49773973320589 ], [ -114.385552803547426, 39.412435401370423 ], [ -114.583450312787264, 39.506807938979676 ], [ -114.577182122651422, 39.686855524292156 ], [ -114.371975058756703, 39.77247502922657 ], [ -114.173648827151524, 39.67772947979168 ], [ -114.180958042939295, 39.49773973320589 ] ] ] } },
{ "type": "Feature", "properties": { "hex_id": 177, "area_km2": 294.88761435563441 }, "geometry": { "type": "Polygon", "coordinates": [ [ [ -114.180958042939295, 39.49773973320589 ], [ -114.173648827151524, 39.67772947979168 ], [ -114.047334773197221, 39.729942520564371 ], [ -114.047345502277693, 39.724800308970138 ], [ -114.04772792502547, 39.54274360817405 ], [ -114.047922843503372, 39.455767540723173 ], [ -114.047985132101516, 39.433747432366161 ], [ -114.180958042939295, 39.49773973320589 ] ] ] } },
{ "type": "Feature", "properties": { "hex_id": 178, "area_km2": 967.07168766170537 }, "geometry": { "type": "Polygon", "coordinates": [ [ [ -119.843087573116023, 40.03763715837907 ], [ -119.636823613594899, 39.952436883435894 ], [ -119.629938466256306, 39.772428833535429 ], [ -119.828261785825575, 39.677680329211654 ], [ -120.000942166964435, 39.749000685862427 ], [ -120.000503001699556, 39.779954911348582 ], [ -120.000608010320704, 39.780777908454539 ], [ -119.999734641516966, 39.851404648627636 ], [ -119.998295327319298, 39.923504264226416 ], [ -119.997636568294183, 39.956503250650222 ], [ -119.997614814096863, 39.963729452556144 ], [ -119.843087573116023, 40.03763715837907 ] ] ] } },
{ "type": "Feature", "properties": { "hex_id": 179, "area_km2": 1039.2304845413275 }, "geometry": { "type": "Polygon", "coordinates": [ [ [ -119.225793943520372, 39.780887364709869 ], [ -119.424730512901647, 39.686812896146762 ], [ -119.629938466256306, 39.772428833535429 ], [ -119.636823613594899, 39.952436883435894 ], [ -119.437446089803245, 40.046887002453445 ], [ -119.231623623700173, 39.960950408796421 ], [ -119.225793943520372, 39.780887364709869 ] ] ] } },
{ "type": "Feature", "properties": { "hex_id": 180, "area_km2": 1039.2304845413275 }, "geometry": { "type": "Polygon", "coordinates": [ [ [ -118.821491735466765, 39.787940326783591 ], [ -119.021028186340658, 39.694544923150467 ], [ -119.225793943520372, 39.780887364709869 ], [ -119.231623623700173, 39.960950408796421 ], [ -119.031631414149331, 40.054718452688235 ], [ -118.826264586322225, 39.968048853820115 ], [ -118.821491735466765, 39.787940326783591 ] ] ] } },
{ "type": "Feature", "properties": { "hex_id": 181, "area_km2": 1039.2304845413275 }, "geometry": { "type": "Polygon", "coordinates": [ [ [ -118.417061031937578, 39.793584066293946 ], [ -118.617182495529477, 39.700871993419796 ], [ -118.821491735466765, 39.787940326783591 ], [ -118.826264586322225, 39.968048853820115 ], [ -118.625670479366519, 40.061127800780234 ], [ -118.420775949860371, 39.973729418115902 ], [ -118.417061031937578, 39.793584066293946 ] ] ] } },
{ "type": "Feature", "properties": { "hex_id": 182, "area_km2": 1039.2304845413275 }, "geometry": { "type": "Polygon", "coordinates": [ [ [ -118.012533219201089, 39.797820537038646 ], [ -118.213226479433388, 39.705797202124394 ], [ -118.417061031937578, 39.793584066293946 ], [ -118.420775949860371, 39.973729418115902 ], [ -118.21959511941192, 40.066115482055245 ], [ -118.015187275013872, 39.977991873142599 ], [ -118.012533219201089, 39.797820537038646 ] ] ] } },
{ "type": "Feature", "properties": { "hex_id": 183, "area_km2": 1039.2304845413275 }, "geometry": { "type": "Polygon", "coordinates": [ [ [ -117.607932693427102, 39.800646343895529 ], [ -117.809185306645077, 39.709316839427387 ], [ -118.012533219201089, 39.797820537038646 ], [ -118.015187275013872, 39.977991873142599 ], [ -117.813433088696087, 40.069680006324667 ], [ -117.609526122777339, 39.980835803164773 ], [ -117.607932693427102, 39.800646343895529 ] ] ] } },
{ "type": "Feature", "properties": { "hex_id": 184, "area_km2": 1039.2304845413275 }, "geometry": { "type": "Polygon", "coordinates": [ [ [ -117.203289405549612, 39.802061295982277 ], [ -117.405086670370153, 39.711430438956839 ], [ -117.607932693427102, 39.800646343895529 ], [ -117.609526122777339, 39.980835803164773 ], [ -117.407212718580553, 40.071820457250283 ], [ -117.203821933114085, 39.982259552578938 ], [ -117.203289405549612, 39.802061295982277 ] ] ] } },
{ "type": "Feature", "properties": { "hex_id": 185, "area_km2": 1039.2304845413275 }, "geometry": { "type": "Polygon", "coordinates": [ [ [ -116.798631313959291, 39.802065287602339 ], [ -117.000959696705792, 39.712137950811297 ], [ -117.203289405549612, 39.802061295982277 ], [ -117.203821933114085, 39.982259552578938 ], [ -117.000964461194542, 40.072536341443566 ], [ -116.798103459939369, 39.982263406019662 ], [ -116.798631313959291, 39.802065287602339 ] ] ] } },
{ "type": "Feature", "properties": { "hex_id": 186, "area_km2": 1039.2304845413257 }, "geometry": { "type": "Polygon", "coordinates": [ [ [ -116.393986525706737, 39.800658215154741 ], [ -116.596830953298294, 39.711438553404726 ], [ -116.798631313959291, 39.802065287602339 ], [ -116.798103459939369, 39.982263406019662 ], [ -116.594713927160882, 40.071828024476062 ], [ -116.392397746607728, 39.980847275303923 ], [ -116.393986525706737, 39.800658215154741 ] ] ] } },
{ "type": "Feature", "properties": { "hex_id": 187, "area_km2": 1039.2304845413241 }, "geometry": { "type": "Polygon", "coordinates": [ [ [ -115.989384755828766, 39.797839822398267 ], [ -116.192730673582105, 39.709332566928715 ], [ -116.393986525706737, 39.800658215154741 ], [ -116.392397746607728, 39.980847275303923 ], [ -116.188492734589275, 40.069695007256961 ], [ -115.986735682579891, 39.97801088701943 ], [ -115.989384755828766, 39.797839822398267 ] ] ] } },
{ "type": "Feature", "properties": { "hex_id": 188, "area_km2": 1039.2304845413241 }, "geometry": { "type": "Polygon", "coordinates": [ [ [ -115.584854676760074, 39.793610873706541 ], [ -115.788687773460893, 39.705819797462063 ], [ -115.989384755828766, 39.797839822398267 ], [ -115.986735682579891, 39.97801088701943 ], [ -115.782329628675939, 40.066137491085378 ], [ -115.581145862353296, 39.973755227611207 ], [ -115.584854676760074, 39.793610873706541 ] ] ] } },
{ "type": "Feature", "properties": { "hex_id": 189, "area_km2": 1039.2304845413241 }, "geometry": { "type": "Polygon", "coordinates": [ [ [ -115.180424095614455, 39.787973170194938 ], [ -115.384730157117232, 39.700902137768047 ], [ -115.584854676760074, 39.793610873706541 ], [ -115.581145862353296, 39.973755227611207 ], [ -115.376253317644867, 40.061157285116941 ], [ -115.175656535838826, 39.96808173525055 ], [ -115.180424095614455, 39.787973170194938 ] ] ] } },
{ "type": "Feature", "properties": { "hex_id": 190, "area_km2": 1039.2304845413241 }, "geometry": { "type": "Polygon", "coordinates": [ [ [ -114.776121396116451, 39.780927339173132 ], [ -114.980885520649707, 39.694580256809935 ], [ -115.180424095614455, 39.787973170194938 ], [ -115.175656535838826, 39.96808173525055 ], [ -114.970292350213498, 40.05475480011453 ], [ -114.770296431236517, 39.960991063460575 ], [ -114.776121396116451, 39.780927339173132 ] ] ] } },
{ "type": "Feature", "properties": { "hex_id": 191, "area_km2": 1039.2304845413241 }, "geometry": { "type": "Polygon", "coordinates": [ [ [ -114.371975058756703, 39.77247502922657 ], [ -114.577182122651422, 39.686855524292156 ], [ -114.776121396116423, 39.780927339173132 ], [ -114.770296431236517, 39.960991063460575 ], [ -114.564475729570844, 40.046931459273132 ], [ -114.365094311384738, 39.952484968994114 ], [ -114.371975058756703, 39.77247502922657 ] ] ] } },
{ "type": "Feature", "properties": { "hex_id": 192, "area_km2": 867.4122235849992 }, "geometry": { "type": "Polygon", "coordinates": [ [ [ -114.173648827151524, 39.67772947979168 ], [ -114.371975058756703, 39.77247502922657 ], [ -114.365094311384738, 39.952484968994114 ], [ -114.15883255378364, 40.037688925738294 ], [ -114.046636782959567, 39.984064658823613 ], [ -114.046658902123482, 39.98058933927544 ], [ -114.047133521158614, 39.906099451867405 ], [ -114.047133907823792, 39.906038766054913 ], [ -114.047213848199334, 39.821025670973228 ], [ -114.047782828644884, 39.794161640488788 ], [ -114.047566269798281, 39.779407859366387 ], [ -114.047272804951064, 39.759414602075879 ], [ -114.047334773197221, 39.729942520564371 ], [ -114.173648827151524, 39.67772947979168 ] ] ] } },
{ "type": "Feature", "properties": { "hex_id": 193, "area_km2": 351.16763600084698 }, "geometry": { "type": "Polygon", "coordinates": [ [ [ -119.850601909108136, 40.217607375958707 ], [ -119.843087573116023, 40.03763715837907 ], [ -119.997614814096863, 39.963729452556144 ], [ -119.997293579526982, 40.071801392940863 ], [ -119.99717755031277, 40.077243415361373 ], [ -119.997236476992398, 40.091589476902897 ], [ -119.997235853767236, 40.091786162585862 ], [ -119.997126296990018, 40.126361624425812 ], [ -119.996913221496726, 40.157156008286272 ], [ -119.996184476737938, 40.262460120917872 ], [ -119.996183461101054, 40.263531118707803 ], [ -119.996176600442936, 40.277194946111379 ], [ -119.850601909108136, 40.217607375958707 ] ] ] } },
{ "type": "Feature", "properties": { "hex_id": 194, "area_km2": 1039.2304845413266 }, "geometry": { "type": "Polygon", "coordinates": [ [ [ -119.437446089803245, 40.046887002453445 ], [ -119.636823613594899, 39.952436883435894 ], [ -119.843087573116023, 40.03763715837907 ], [ -119.850601909108136, 40.217607375958707 ], [ -119.650782199455406, 40.312437161907042 ], [ -119.443889658602714, 40.226915558055573 ], [ -119.437446089803245, 40.046887002453445 ] ] ] } },
{ "type": "Feature", "properties": { "hex_id": 195, "area_km2": 1039.2304845413275 }, "geometry": { "type": "Polygon", "coordinates": [ [ [ -119.031631414149331, 40.054718452688235 ], [ -119.231623623700173, 39.960950408796421 ], [ -119.437446089803245, 40.046887002453445 ], [ -119.443889658602714, 40.226915558055573 ], [ -119.243440241884386, 40.321059620319168 ], [ -119.037003454874792, 40.234796000388087 ], [ -119.031631414149331, 40.054718452688235 ] ] ] } },
{ "type": "Feature", "properties": { "hex_id": 196, "area_km2": 1039.2304845413275 }, "geometry": { "type": "Polygon", "coordinates": [ [ [ -118.625670479366519, 40.061127800780234 ], [ -118.826264586322225, 39.968048853820115 ], [ -119.031631414149331, 40.054718452688235 ], [ -119.037003454874821, 40.234796000388087 ], [ -118.835938643824761, 40.328247429815562 ], [ -118.629971420563791, 40.2412463035282 ], [ -118.625670479366519, 40.061127800780234 ] ] ] } },
{ "type": "Feature", "properties": { "hex_id": 197, "area_km2": 1039.2304845413275 }, "geometry": { "type": "Polygon", "coordinates": [ [ [ -118.21959511941192, 40.066115482055245 ], [ -118.420775949860371, 39.973729418115902 ], [ -118.625670479366519, 40.061127800780234 ], [ -118.629971420563791, 40.2412463035282 ], [ -118.428304533335989, 40.334000323806748 ], [ -118.222822281196571, 40.246265530206195 ], [ -118.21959511941192, 40.066115482055245 ] ] ] } },
{ "type": "Feature", "properties": { "hex_id": 198, "area_km2": 1039.2304845413275 }, "geometry": { "type": "Polygon", "coordinates": [ [ [ -117.813433088696087, 40.069680006324667 ], [ -118.015187275013872, 39.977991873142599 ], [ -118.21959511941192, 40.066115482055245 ], [ -118.222822281196571, 40.246265530206195 ], [ -118.020568301029499, 40.338317180324289 ], [ -117.815586054623409, 40.249852922943958 ], [ -117.813433088696087, 40.069680006324667 ] ] ] } },
{ "type": "Feature", "properties": { "hex_id": 199, "area_km2": 1039.2304845413275 }, "geometry": { "type": "Polygon", "coordinates": [ [ [ -117.407212718580553, 40.071820457250283 ], [ -117.609526122777339, 39.980835803164773 ], [ -117.813433088696087, 40.069680006324667 ], [ -117.815586054623409, 40.249852922943958 ], [ -117.612756723773686, 40.341197139179343 ], [ -117.408290441090784, 40.252006780263301 ], [ -117.407212718580553, 40.071820457250283 ] ] ] } },
{ "type": "Feature", "properties": { "hex_id": 200, "area_km2": 1039.2304845413275 }, "geometry": { "type": "Polygon", "coordinates": [ [ [ -117.000964461194542, 40.072536341443566 ], [ -117.203821933114085, 39.982259552578938 ], [ -117.407212718580553, 40.071820457250283 ], [ -117.408290441090784, 40.252006780263301 ], [ -117.204901772024385, 40.342638879098487 ], [ -117.000965763936946, 40.252726789340819 ], [ -117.000964461194542, 40.072536341443566 ] ] ] } },
{ "type": "Feature", "properties": { "hex_id": 201, "area_km2": 1039.2304845413275 }, "geometry": { "type": "Polygon", "coordinates": [ [ [ -116.594713927160882, 40.071828024476062 ], [ -116.798103459939369, 39.982263406019662 ], [ -117.000964461194542, 40.072536341443566 ], [ -117.000965763936946, 40.252726789340819 ], [ -116.79703182947523, 40.34264253717614 ], [ -116.59364054483288, 40.252014078449896 ], [ -116.594713927160882, 40.071828024476062 ] ] ] } },
{ "type": "Feature", "properties": { "hex_id": 202, "area_km2": 1039.2304845413241 }, "geometry": { "type": "Polygon", "coordinates": [ [ [ -116.188492734589275, 40.069695007256961 ], [ -116.392397746607728, 39.980847275303923 ], [ -116.594713927160882, 40.071828024476062 ], [ -116.59364054483288, 40.252014078449896 ], [ -116.38917639937489, 40.341208066221327 ], [ -116.186344779004983, 40.249867478246877 ], [ -116.188492734589275, 40.069695007256961 ] ] ] } },
{ "type": "Feature", "properties": { "hex_id": 203, "area_km2": 1039.2304845413241 }, "geometry": { "type": "Polygon", "coordinates": [ [ [ -115.782329628675967, 40.066137491085378 ], [ -115.986735682579891, 39.97801088701943 ], [ -116.188492734589275, 40.069695007256961 ], [ -116.186344779004983, 40.249867478246877 ], [ -115.981365132277929, 40.338335687838914 ], [ -115.779107298077946, 40.246287686430968 ], [ -115.782329628675967, 40.066137491085378 ] ] ] } },
{ "type": "Feature", "properties": { "hex_id": 204, "area_km2": 1039.2304845413241 }, "geometry": { "type": "Polygon", "coordinates": [ [ [ -115.376253317644867, 40.061157285116941 ], [ -115.581145862353296, 39.973755227611207 ], [ -115.782329628675939, 40.066137491085378 ], [ -115.779107298077946, 40.246287686430968 ], [ -115.573626981985285, 40.334026191863828 ], [ -115.371957212053402, 40.241275963705384 ], [ -115.376253317644867, 40.061157285116941 ] ] ] } },
{ "type": "Feature", "properties": { "hex_id": 205, "area_km2": 1039.2304845413241 }, "geometry": { "type": "Polygon", "coordinates": [ [ [ -114.970292350213498, 40.05475480011453 ], [ -115.175656535838826, 39.96808173525055 ], [ -115.376253317644867, 40.061157285116941 ], [ -115.371957212053402, 40.241275963705384 ], [ -115.165991667639503, 40.328280650245318 ], [ -114.964924041587864, 40.234832824117177 ], [ -114.970292350213498, 40.05475480011453 ] ] ] } },
{ "type": "Feature", "properties": { "hex_id": 206, "area_km2": 1039.2304845413241 }, "geometry": { "type": "Polygon", "coordinates": [ [ [ -114.564475729570844, 40.046931459273132 ], [ -114.770296431236517, 39.960991063460575 ], [ -114.970292350213498, 40.05475480011453 ], [ -114.964924041587864, 40.234832824117177 ], [ -114.758488261013426, 40.32109965596046 ], [ -114.558036435339815, 40.226959784731598 ], [ -114.564475729570844, 40.046931459273132 ] ] ] } },
{ "type": "Feature", "properties": { "hex_id": 207, "area_km2": 1039.2304845413241 }, "geometry": { "type": "Polygon", "coordinates": [ [ [ -114.15883255378364, 40.037688925738294 ], [ -114.365094311384738, 39.952484968994114 ], [ -114.564475729570844, 40.046931459273132 ], [ -114.558036435339801, 40.226959784731598 ], [ -114.351145765876979, 40.312485162753461 ], [ -114.151324073235628, 40.217658699426103 ], [ -114.15883255378364, 40.037688925738294 ] ] ] } },
{ "type": "Feature", "properties": { "hex_id": 208, "area_km2": 234.97017002177691 }, "geometry": { "type": "Polygon", "coordinates": [ [ [ -114.15883255378364, 40.037688925738294 ], [ -114.151324073235628, 40.217658699426103 ], [ -114.046159990117303, 40.260736621801009 ], [ -114.046153818656805, 40.231973361133718 ], [ -114.046682919515959, 40.116937520649159 ], [ -114.046741352875031, 40.104233090934848 ], [ -114.046386330227676, 40.097898078145775 ], [ -114.046835083315742, 40.03013293481856 ], [ -114.046554971706271, 39.996900868234995 ], [ -114.046636782959567, 39.984064658823613 ], [ -114.15883255378364, 40.037688925738294 ] ] ] } },
{ "type": "Feature", "properties": { "hex_id": 209, "area_km2": 908.89021432189816 }, "geometry": { "type": "Polygon", "coordinates": [ [ [ -119.865830869943565, 40.577525542150504 ], [ -119.657854938950379, 40.492427161161928 ], [ -119.650782199455406, 40.312437161907042 ], [ -119.850601909108136, 40.217607375958707 ], [ -119.996176600442936, 40.277194946111379 ], [ -119.996155618486497, 40.321248999756286 ], [ -119.996155609902885, 40.321836998545876 ], [ -119.996050922495812, 40.402324864543232 ], [ -119.995924011316873, 40.499899631347873 ], [ -119.996036815242164, 40.515686064233975 ], [ -119.865830869943565, 40.577525542150504 ] ] ] } },
{ "type": "Feature", "properties": { "hex_id": 210, "area_km2": 1039.2304845413275 }, "geometry": { "type": "Polygon", "coordinates": [ [ [ -119.243440241884386, 40.321059620319168 ], [ -119.443889658602714, 40.226915558055573 ], [ -119.650782199455406, 40.312437161907042 ], [ -119.657854938950379, 40.492427161161928 ], [ -119.456951069212693, 40.586953124663552 ], [ -119.249428466840072, 40.501105207694593 ], [ -119.243440241884386, 40.321059620319168 ] ] ] } },
{ "type": "Feature", "properties": { "hex_id": 211, "area_km2": 1039.2304845413275 }, "geometry": { "type": "Polygon", "coordinates": [ [ [ -118.835938643824761, 40.328247429815562 ], [ -119.037003454874792, 40.234796000388087 ], [ -119.243440241884386, 40.321059620319168 ], [ -119.249428466840072, 40.501105207694593 ], [ -119.047895008137758, 40.594933254172034 ], [ -118.840841346510118, 40.508337642747506 ], [ -118.835938643824761, 40.328247429815562 ] ] ] } },
{ "type": "Feature", "properties": { "hex_id": 212, "area_km2": 1039.2304845413275 }, "geometry": { "type": "Polygon", "coordinates": [ [ [ -118.428304533335989, 40.334000323806748 ], [ -118.629971420563791, 40.2412463035282 ], [ -118.835938643824761, 40.328247429815562 ], [ -118.840841346510118, 40.508337642747506 ], [ -118.638690270697992, 40.601465156616065 ], [ -118.432119954496187, 40.514126947367075 ], [ -118.428304533335989, 40.334000323806748 ] ] ] } },
{ "type": "Feature", "properties": { "hex_id": 213, "area_km2": 1039.2304845413275 }, "geometry": { "type": "Polygon", "coordinates": [ [ [ -118.020568301029499, 40.338317180324289 ], [ -118.222822281196571, 40.246265530206195 ], [ -118.428304533335989, 40.334000323806748 ], [ -118.432119954496187, 40.514126947367075 ], [ -118.229365615161271, 40.6065482470135 ], [ -118.023295350241042, 40.518470843469238 ], [ -118.020568301029499, 40.338317180324289 ] ] ] } },
{ "type": "Feature", "properties": { "hex_id": 214, "area_km2": 1039.2304845413275 }, "geometry": { "type": "Polygon", "coordinates": [ [ [ -117.612756723773686, 40.341197139179343 ], [ -117.815586054623409, 40.249852922943958 ], [ -118.020568301029499, 40.338317180324289 ], [ -118.023295350241042, 40.518470843469238 ], [ -117.819950586234427, 40.610180781404239 ], [ -117.614393954255917, 40.521369011439255 ], [ -117.612756723773686, 40.341197139179343 ] ] ] } },
{ "type": "Feature", "properties": { "hex_id": 215, "area_km2": 1039.2304845413275 }, "geometry": { "type": "Polygon", "coordinates": [ [ [ -117.204901772024385, 40.342638879098487 ], [ -117.408290441090784, 40.252006780263301 ], [ -117.612756723773686, 40.341197139179343 ], [ -117.614393954255917, 40.521369011439255 ], [ -117.410475199288541, 40.61236233123347 ], [ -117.20544916595496, 40.522820279185986 ], [ -117.204901772024385, 40.342638879098487 ] ] ] } },
{ "type": "Feature", "properties": { "hex_id": 216, "area_km2": 1039.2304845413275 }, "geometry": { "type": "Polygon", "coordinates": [ [ [ -116.79703182947523, 40.34264253717614 ], [ -117.000965763936946, 40.252726789340819 ], [ -117.204901772024385, 40.342638879098487 ], [ -117.20544916595496, 40.522820279185986 ], [ -117.00097036518217, 40.61309174537918 ], [ -116.796489230804482, 40.522823930822774 ], [ -116.79703182947523, 40.34264253717614 ] ] ] } },
{ "type": "Feature", "properties": { "hex_id": 217, "area_km2": 1039.2304845413257 }, "geometry": { "type": "Polygon", "coordinates": [ [ [ -116.38917639937489, 40.341208066221327 ], [ -116.59364054483288, 40.252014078449896 ], [ -116.79703182947523, 40.34264253717614 ], [ -116.796489230804482, 40.522823930822774 ], [ -116.591465622393429, 40.612369687540152 ], [ -116.387543947985861, 40.521380003563316 ], [ -116.38917639937489, 40.341208066221327 ] ] ] } },
{ "type": "Feature", "properties": { "hex_id": 218, "area_km2": 1039.2304845413241 }, "geometry": { "type": "Polygon", "coordinates": [ [ [ -115.981365132277929, 40.338335687838914 ], [ -116.186344779004983, 40.249867478246877 ], [ -116.38917639937489, 40.341208066221327 ], [ -116.387543947985861, 40.521380003563316 ], [ -116.181990540291338, 40.610195337796299 ], [ -115.978643231307458, 40.518489397055625 ], [ -115.981365132277929, 40.338335687838914 ] ] ] } },
{ "type": "Feature", "properties": { "hex_id": 219, "area_km2": 1039.2304845413241 }, "geometry": { "type": "Polygon", "coordinates": [ [ [ -115.573626981985285, 40.334026191863828 ], [ -115.779107298077946, 40.246287686430968 ], [ -115.981365132277929, 40.338335687838914 ], [ -115.978643231307458, 40.518489397055625 ], [ -115.7725744402711, 40.606569995683017 ], [ -115.569816321877724, 40.514152501896 ], [ -115.573626981985285, 40.334026191863828 ] ] ] } },
{ "type": "Feature", "properties": { "hex_id": 220, "area_km2": 1039.2304845413241 }, "geometry": { "type": "Polygon", "coordinates": [ [ [ -115.165991667639503, 40.328280650245318 ], [ -115.371957212053402, 40.241275963705384 ], [ -115.573626981985285, 40.334026191863828 ], [ -115.569816321877724, 40.514152501896 ], [ -115.363248070226177, 40.601494502340302 ], [ -115.161093563960065, 40.508370797336205 ], [ -115.165991667639503, 40.328280650245318 ] ] ] } },
{ "type": "Feature", "properties": { "hex_id": 221, "area_km2": 1039.2304845413241 }, "geometry": { "type": "Polygon", "coordinates": [ [ [ -114.758488261013426, 40.32109965596046 ], [ -114.964924041587864, 40.234832824117177 ], [ -115.165991667639503, 40.328280650245318 ], [ -115.161093563960065, 40.508370797336198 ], [ -114.954040931655371, 40.594969932455584 ], [ -114.752503901770154, 40.501144278315074 ], [ -114.758488261013426, 40.32109965596046 ] ] ] } },
{ "type": "Feature", "properties": { "hex_id": 222, "area_km2": 1039.2304845413241 }, "geometry": { "type": "Polygon", "coordinates": [ [ [ -114.351145765876979, 40.312485162753461 ], [ -114.558036435339801, 40.226959784731598 ], [ -114.758488261013426, 40.32109965596046 ], [ -114.752503901770154, 40.501144278315074 ], [ -114.544982397230498, 40.58699669922062 ], [ -114.344076739212994, 40.492475240999866 ], [ -114.351145765876979, 40.312485162753461 ] ] ] } },
{ "type": "Feature", "properties": { "hex_id": 223, "area_km2": 812.3320984464051 }, "geometry": { "type": "Polygon", "coordinates": [ [ [ -114.151324073235628, 40.217658699426103 ], [ -114.351145765876979, 40.312485162753461 ], [ -114.344076739212994, 40.492475240999866 ], [ -114.136102495202977, 40.577577240119936 ], [ -114.045060316189975, 40.534366926446822 ], [ -114.045282358113027, 40.506588237227582 ], [ -114.045578337627347, 40.495803245222923 ], [ -114.045519335310033, 40.494476246137168 ], [ -114.045219217879932, 40.430284287148559 ], [ -114.045827206557504, 40.424825289651771 ], [ -114.046179157052649, 40.398315305778425 ], [ -114.046159990117303, 40.260736621801009 ], [ -114.151324073235628, 40.217658699426103 ] ] ] } },
{ "type": "Feature", "properties": { "hex_id": 224, "area_km2": 283.47019428974204 }, "geometry": { "type": "Polygon", "coordinates": [ [ [ -119.873549209003571, 40.757474585692862 ], [ -119.865830869943565, 40.577525542150504 ], [ -119.996036815242164, 40.515686064233975 ], [ -119.99752941291672, 40.720990770938691 ], [ -119.998475205540558, 40.749897789341986 ], [ -119.998535701631553, 40.759232384235155 ], [ -119.998852078158933, 40.808290169032226 ], [ -119.873549209003571, 40.757474585692862 ] ] ] } },
{ "type": "Feature", "properties": { "hex_id": 225, "area_km2": 1039.2304845413266 }, "geometry": { "type": "Polygon", "coordinates": [ [ [ -119.456951069212693, 40.586953124663552 ], [ -119.657854938950379, 40.492427161161928 ], [ -119.865830869943565, 40.577525542150504 ], [ -119.873549209003571, 40.757474585692862 ], [ -119.672194322893432, 40.85238698499235 ], [ -119.463571345482606, 40.766961640433799 ], [ -119.456951069212693, 40.586953124663552 ] ] ] } },
{ "type": "Feature", "properties": { "hex_id": 226, "area_km2": 1039.2304845413275 }, "geometry": { "type": "Polygon", "coordinates": [ [ [ -119.047895008137758, 40.594933254172034 ], [ -119.249428466840072, 40.501105207694593 ], [ -119.456951069212693, 40.586953124663552 ], [ -119.463571345482606, 40.766961640433799 ], [ -119.261570066427751, 40.861173804013575 ], [ -119.053415876948094, 40.774991632382729 ], [ -119.047895008137758, 40.594933254172034 ] ] ] } },
{ "type": "Feature", "properties": { "hex_id": 227, "area_km2": 1039.2304845413275 }, "geometry": { "type": "Polygon", "coordinates": [ [ [ -118.638690270697992, 40.601465156616065 ], [ -118.840841346510118, 40.508337642747506 ], [ -119.047895008137758, 40.594933254172034 ], [ -119.053415876948094, 40.774991632382729 ], [ -118.850781827920258, 40.868498445037581 ], [ -118.643109419181997, 40.781565290569404 ], [ -118.638690270697992, 40.601465156616065 ] ] ] } },
{ "type": "Feature", "properties": { "hex_id": 228, "area_km2": 1039.2304845413275 }, "geometry": { "type": "Polygon", "coordinates": [ [ [ -118.229365615161271, 40.6065482470135 ], [ -118.432119954496187, 40.514126947367075 ], [ -118.638690270697992, 40.601465156616065 ], [ -118.643109419181997, 40.781565290569404 ], [ -118.439856173631213, 40.874361792419329 ], [ -118.232682084933927, 40.786680795223759 ], [ -118.229365615161271, 40.6065482470135 ] ] ] } },
{ "type": "Feature", "properties": { "hex_id": 229, "area_km2": 1039.2304845413275 }, "geometry": { "type": "Polygon", "coordinates": [ [ [ -117.819950586234427, 40.610180781404239 ], [ -118.023295350241042, 40.518470843469238 ], [ -118.229365615161271, 40.6065482470135 ], [ -118.232682084933927, 40.786680795223759 ], [ -118.028824032293542, 40.878761558380155 ], [ -117.822162881215164, 40.790336374446262 ], [ -117.819950586234427, 40.610180781404239 ] ] ] } },
{ "type": "Feature", "properties": { "hex_id": 230, "area_km2": 1039.2304845413275 }, "geometry": { "type": "Polygon", "coordinates": [ [ [ -117.410475199288541, 40.61236233123347 ], [ -117.614393954255917, 40.521369011439255 ], [ -117.819950586234427, 40.610180781404239 ], [ -117.822162881215164, 40.790336374446262 ], [ -117.617713875271676, 40.881696431171342 ], [ -117.41158259272305, 40.792531802680273 ], [ -117.410475199288541, 40.61236233123347 ] ] ] } },
{ "type": "Feature", "properties": { "hex_id": 231, "area_km2": 1039.2304845413275 }, "geometry": { "type": "Polygon", "coordinates": [ [ [ -117.00097036518217, 40.61309174537918 ], [ -117.20544916595496, 40.522820279185986 ], [ -117.410475199288541, 40.61236233123347 ], [ -117.41158259272305, 40.792531802680273 ], [ -117.206558754449929, 40.883165901136572 ], [ -117.000972705714659, 40.793265458040246 ], [ -117.00097036518217, 40.61309174537918 ] ] ] } },
{ "type": "Feature", "properties": { "hex_id": 232, "area_km2": 1039.2304845413275 }, "geometry": { "type": "Polygon", "coordinates": [ [ [ -116.591465622393429, 40.612369687540152 ], [ -116.796489230804482, 40.522823930822774 ], [ -117.00097036518217, 40.61309174537918 ], [ -117.000972705714659, 40.793265458040246 ], [ -116.795390159516984, 40.88316938245309 ], [ -116.590363822159759, 40.792539023076927 ], [ -116.591465622393429, 40.612369687540152 ] ] ] } },
{ "type": "Feature", "properties": { "hex_id": 233, "area_km2": 1039.2304845413241 }, "geometry": { "type": "Polygon", "coordinates": [ [ [ -116.181990540291366, 40.610195337796299 ], [ -116.387543947985861, 40.521380003563316 ], [ -116.591465622393429, 40.612369687540152 ], [ -116.590363822159759, 40.792539023076927 ], [ -116.384235247992777, 40.881707182547288 ], [ -116.179783884016658, 40.790350838394858 ], [ -116.181990540291366, 40.610195337796299 ] ] ] } },
{ "type": "Feature", "properties": { "hex_id": 234, "area_km2": 1039.2304845413241 }, "geometry": { "type": "Polygon", "coordinates": [ [ [ -115.7725744402711, 40.606569995683017 ], [ -115.978643231307458, 40.518489397055625 ], [ -116.181990540291338, 40.610195337796299 ], [ -116.179783884016658, 40.790350838394858 ], [ -115.973125607571561, 40.878779852882779 ], [ -115.769263782684547, 40.786702314331897 ], [ -115.7725744402711, 40.606569995683017 ] ] ] } },
{ "type": "Feature", "properties": { "hex_id": 235, "area_km2": 1039.2304845413241 }, "geometry": { "type": "Polygon", "coordinates": [ [ [ -115.363248070226177, 40.601494502340302 ], [ -115.569816321877724, 40.514152501896 ], [ -115.7725744402711, 40.606569995683017 ], [ -115.769263782684547, 40.786702314331897 ], [ -115.562091274075613, 40.874387523938267 ], [ -115.358834105337678, 40.781594700834766 ], [ -115.363248070226177, 40.601494502340302 ] ] ] } },
{ "type": "Feature", "properties": { "hex_id": 236, "area_km2": 1039.2304845413241 }, "geometry": { "type": "Polygon", "coordinates": [ [ [ -114.954040931655371, 40.594969932455584 ], [ -115.161093563960065, 40.508370797336205 ], [ -115.363248070226177, 40.601494502340302 ], [ -115.358834105337678, 40.781594700834766 ], [ -115.151163175000335, 40.868532600433959 ], [ -114.948525028111007, 40.775029017162836 ], [ -114.954040931655371, 40.594969932455584 ] ] ] } },
{ "type": "Feature", "properties": { "hex_id": 237, "area_km2": 1039.2304845413241 }, "geometry": { "type": "Polygon", "coordinates": [ [ [ -114.544982397230498, 40.58699669922062 ], [ -114.752503901770154, 40.501144278315074 ], [ -114.954040931655371, 40.594969932455584 ], [ -114.948525028111007, 40.775029017162836 ], [ -114.74037115118054, 40.861214426744802 ], [ -114.538366099186732, 40.767005216210293 ], [ -114.544982397230498, 40.58699669922062 ] ] ] } },
{ "type": "Feature", "properties": { "hex_id": 238, "area_km2": 1039.2304845413241 }, "geometry": { "type": "Polygon", "coordinates": [ [ [ -114.136102495202977, 40.577577240119936 ], [ -114.344076739212994, 40.492475240999866 ], [ -114.544982397230498, 40.58699669922062 ], [ -114.538366099186732, 40.767005216210293 ], [ -114.329745574107875, 40.852435159381507 ], [ -114.128388134634932, 40.757526178107426 ], [ -114.136102495202977, 40.577577240119936 ] ] ] } },
{ "type": "Feature", "properties": { "hex_id": 239, "area_km2": 181.5316050172091 }, "geometry": { "type": "Polygon", "coordinates": [ [ [ -114.136102495202977, 40.577577240119936 ], [ -114.128388134634932, 40.757526178107426 ], [ -114.043087452246851, 40.79214524818822 ], [ -114.043178072860201, 40.771677124150408 ], [ -114.043804920628162, 40.75920706776872 ], [ -114.043832914061909, 40.758668065338313 ], [ -114.043801475661638, 40.755549738351846 ], [ -114.043722479871988, 40.747711957551942 ], [ -114.043640894687812, 40.739611472829338 ], [ -114.043506766349026, 40.72629404748745 ], [ -114.043508868073502, 40.726033987239489 ], [ -114.043802023243671, 40.689759953219053 ], [ -114.045060316189975, 40.534366926446822 ], [ -114.136102495202977, 40.577577240119936 ] ] ] } },
{ "type": "Feature", "properties": { "hex_id": 240, "area_km2": 860.35817695395224 }, "geometry": { "type": "Polygon", "coordinates": [ [ [ -119.889200768759906, 41.117350953100221 ], [ -119.679463264389355, 41.03235635000285 ], [ -119.672194322893432, 40.85238698499235 ], [ -119.873549209003571, 40.757474585692862 ], [ -119.998852078158933, 40.808290169032226 ], [ -119.99922698867195, 40.86589756710476 ], [ -119.999227985764307, 40.867452564115112 ], [ -119.9993539753184, 40.873099553321552 ], [ -119.999596990064376, 41.02183461037356 ], [ -119.999665878475781, 41.065258421355487 ], [ -119.889200768759906, 41.117350953100221 ] ] ] } },
{ "type": "Feature", "properties": { "hex_id": 241, "area_km2": 1039.2304845413275 }, "geometry": { "type": "Polygon", "coordinates": [ [ [ -119.261570066427751, 40.861173804013575 ], [ -119.463571345482606, 40.766961640433799 ], [ -119.672194322893432, 40.85238698499235 ], [ -119.679463264389355, 41.03235635000285 ], [ -119.476996439081475, 41.126958056842604 ], [ -119.267724960838535, 41.041198669474056 ], [ -119.261570066427751, 40.861173804013575 ] ] ] } },
{ "type": "Feature", "properties": { "hex_id": 242, "area_km2": 1039.2304845413275 }, "geometry": { "type": "Polygon", "coordinates": [ [ [ -118.850781827920258, 40.868498445037581 ], [ -119.053415876948094, 40.774991632382729 ], [ -119.261570066427751, 40.861173804013575 ], [ -119.267724960838535, 41.041198669474056 ], [ -119.064609913500774, 41.135090210220064 ], [ -118.855820295243021, 41.048569654273102 ], [ -118.850781827920258, 40.868498445037581 ] ] ] } },
{ "type": "Feature", "properties": { "hex_id": 243, "area_km2": 1039.2304845413275 }, "geometry": { "type": "Polygon", "coordinates": [ [ [ -118.439856173631213, 40.874361792419329 ], [ -118.643109419181997, 40.781565290569404 ], [ -118.850781827920258, 40.868498445037581 ], [ -118.855820295243021, 41.048569654273102 ], [ -118.652068941862524, 41.141747309210842 ], [ -118.443776912904639, 41.054470285739775 ], [ -118.439856173631213, 40.874361792419329 ] ] ] } },
{ "type": "Feature", "properties": { "hex_id": 244, "area_km2": 1039.2304845413275 }, "geometry": { "type": "Polygon", "coordinates": [ [ [ -118.028824032293542, 40.878761558380155 ], [ -118.232682084933927, 40.786680795223759 ], [ -118.439856173631213, 40.874361792419329 ], [ -118.443776912904639, 41.054470285739775 ], [ -118.239405860424142, 41.146928302018289 ], [ -118.031626169835107, 41.058898209815894 ], [ -118.028824032293542, 40.878761558380155 ] ] ] } },
{ "type": "Feature", "properties": { "hex_id": 245, "area_km2": 1039.2304845413275 }, "geometry": { "type": "Polygon", "coordinates": [ [ [ -117.617713875271676, 40.881696431171342 ], [ -117.822162881215164, 40.790336374446262 ], [ -118.028824032293542, 40.878761558380155 ], [ -118.031626169835135, 41.058898209815894 ], [ -117.826647673872998, 41.150630668775918 ], [ -117.61939635069713, 41.061851679564413 ], [ -117.617713875271676, 40.881696431171342 ] ] ] } },
{ "type": "Feature", "properties": { "hex_id": 246, "area_km2": 1039.2304845413275 }, "geometry": { "type": "Polygon", "coordinates": [ [ [ -117.206558754449929, 40.883165901136572 ], [ -117.41158259272305, 40.792531802680273 ], [ -117.617713875271676, 40.881696431171342 ], [ -117.61939635069713, 41.061851679564413 ], [ -117.413827628579654, 41.152853837600254 ], [ -117.207121240821508, 41.063330421190109 ], [ -117.206558754449929, 40.883165901136572 ] ] ] } },
{ "type": "Feature", "properties": { "hex_id": 247, "area_km2": 1039.2304845413275 }, "geometry": { "type": "Polygon", "coordinates": [ [ [ -116.795390159516984, 40.88316938245309 ], [ -117.000972705714659, 40.793265458040246 ], [ -117.206558754449929, 40.883165901136572 ], [ -117.207121240821508, 41.063330421190109 ], [ -117.000977232497164, 41.153597071885358 ], [ -116.794832461337023, 41.063333696432025 ], [ -116.795390159516984, 40.88316938245309 ] ] ] } },
{ "type": "Feature", "properties": { "hex_id": 248, "area_km2": 1039.2304845413257 }, "geometry": { "type": "Polygon", "coordinates": [ [ [ -116.384235247992777, 40.881707182547288 ], [ -116.590363822159759, 40.792539023076927 ], [ -116.795390159516984, 40.88316938245309 ], [ -116.794832461337023, 41.063333696432025 ], [ -116.588129141379, 41.152860861155041 ], [ -116.382558168702985, 41.061862444424605 ], [ -116.384235247992777, 40.881707182547288 ] ] ] } },
{ "type": "Feature", "properties": { "hex_id": 249, "area_km2": 1039.2304845413241 }, "geometry": { "type": "Polygon", "coordinates": [ [ [ -115.973125607571561, 40.878779852882779 ], [ -116.179783884016658, 40.790350838394858 ], [ -116.384235247992777, 40.881707182547288 ], [ -116.382558168702985, 41.061862444424605 ], [ -116.175310079782335, 41.150645427785008 ], [ -115.970329178459338, 41.058916774562078 ], [ -115.973125607571561, 40.878779852882779 ] ] ] } },
{ "type": "Feature", "properties": { "hex_id": 250, "area_km2": 1039.2304845413241 }, "geometry": { "type": "Polygon", "coordinates": [ [ [ -115.562091274075613, 40.874387523938267 ], [ -115.769263782684547, 40.786702314331897 ], [ -115.973125607571561, 40.878779852882772 ], [ -115.970329178459338, 41.058916774562078 ], [ -115.762551730930198, 41.146951287500087 ], [ -115.558175936425883, 41.054497148487535 ], [ -115.562091274075613, 40.874387523938267 ] ] ] } },
{ "type": "Feature", "properties": { "hex_id": 251, "area_km2": 1039.2304845413241 }, "geometry": { "type": "Polygon", "coordinates": [ [ [ -115.151163175000335, 40.868532600433959 ], [ -115.358834105337678, 40.781594700834766 ], [ -115.562091274075613, 40.874387523938267 ], [ -115.558175936425883, 41.054497148487535 ], [ -115.349885309561913, 41.141778539082836 ], [ -115.146130175398511, 41.04860449956486 ], [ -115.151163175000335, 40.868532600433959 ] ] ] } },
{ "type": "Feature", "properties": { "hex_id": 252, "area_km2": 1039.2304845413241 }, "geometry": { "type": "Polygon", "coordinates": [ [ [ -114.74037115118054, 40.861214426744802 ], [ -114.948525028111007, 40.775029017162836 ], [ -115.151163175000335, 40.868532600433959 ], [ -115.146130175398511, 41.04860449956486 ], [ -114.9373423968444, 41.135128653624754 ], [ -114.73422196915233, 41.041239985511112 ], [ -114.74037115118054, 40.861214426744802 ] ] ] } },
{ "type": "Feature", "properties": { "hex_id": 253, "area_km2": 1039.2304845413241 }, "geometry": { "type": "Polygon", "coordinates": [ [ [ -114.329745574107875, 40.852435159381507 ], [ -114.538366099186732, 40.767005216210293 ], [ -114.74037115118054, 40.861214426744802 ], [ -114.73422196915233, 41.041239985511112 ], [ -114.524952711161234, 41.127003253810813 ], [ -114.322482194318667, 41.032405240520092 ], [ -114.329745574107875, 40.852435159381507 ] ] ] } },
{ "type": "Feature", "properties": { "hex_id": 254, "area_km2": 757.90534950246047 }, "geometry": { "type": "Polygon", "coordinates": [ [ [ -114.128388134634932, 40.757526178107426 ], [ -114.329745574107875, 40.852435159381507 ], [ -114.322482194318653, 41.032405240520092 ], [ -114.11274890664663, 41.117403996766711 ], [ -114.04187167873198, 41.084003079910403 ], [ -114.042149848199543, 40.999929153597343 ], [ -114.042149980978792, 40.999899678032179 ], [ -114.042410682564451, 40.942026996393594 ], [ -114.043087452246851, 40.79214524818822 ], [ -114.128388134634932, 40.757526178107426 ] ] ] } },
{ "type": "Feature", "properties": { "hex_id": 255, "area_km2": 225.37887527524498 }, "geometry": { "type": "Polygon", "coordinates": [ [ [ -119.897134802816623, 41.29727899647856 ], [ -119.889200768759906, 41.117350953100221 ], [ -119.999665878475781, 41.065258421355487 ], [ -119.999863442723353, 41.183972079186937 ], [ -119.999660897278588, 41.338468454132354 ], [ -119.897134802816623, 41.29727899647856 ] ] ] } },
{ "type": "Feature", "properties": { "hex_id": 256, "area_km2": 1039.2304845413266 }, "geometry": { "type": "Polygon", "coordinates": [ [ [ -119.476996439081475, 41.126958056842604 ], [ -119.679463264389355, 41.03235635000285 ], [ -119.889200768759906, 41.117350953100221 ], [ -119.897134802816623, 41.29727899647856 ], [ -119.694203215243235, 41.392275647665315 ], [ -119.483802109624477, 41.306946890787302 ], [ -119.476996439081475, 41.126958056842604 ] ] ] } },
{ "type": "Feature", "properties": { "hex_id": 257, "area_km2": 1039.2304845413275 }, "geometry": { "type": "Polygon", "coordinates": [ [ [ -119.064609913500774, 41.135090210220064 ], [ -119.267724960838535, 41.041198669474056 ], [ -119.476996439081475, 41.126958056842604 ], [ -119.483802109624477, 41.306946890787302 ], [ -119.280204564974355, 41.401230708084363 ], [ -119.070283700932265, 41.315130812008817 ], [ -119.064609913500774, 41.135090210220064 ] ] ] } },
{ "type": "Feature", "properties": { "hex_id": 258, "area_km2": 1039.2304845413275 }, "geometry": { "type": "Polygon", "coordinates": [ [ [ -118.652068941862524, 41.141747309210842 ], [ -118.855820295243021, 41.048569654273102 ], [ -119.064609913500774, 41.135090210220064 ], [ -119.070283700932265, 41.315130812008817 ], [ -118.866035675580832, 41.408695245264475 ], [ -118.656610007860706, 41.321829794258612 ], [ -118.652068941862524, 41.141747309210842 ] ] ] } },
{ "type": "Feature", "properties": { "hex_id": 259, "area_km2": 1039.2304845413275 }, "geometry": { "type": "Polygon", "coordinates": [ [ [ -118.239405860424142, 41.146928302018289 ], [ -118.443776912904639, 41.054470285739775 ], [ -118.652068941862524, 41.141747309210842 ], [ -118.656610007860706, 41.321829794258612 ], [ -118.451725133276327, 41.414670256712064 ], [ -118.242813333853292, 41.32704351958396 ], [ -118.239405860424142, 41.146928302018289 ] ] ] } },
{ "type": "Feature", "properties": { "hex_id": 260, "area_km2": 1039.2304845413275 }, "geometry": { "type": "Polygon", "coordinates": [ [ [ -117.826647673872998, 41.150630668775918 ], [ -118.031626169835135, 41.058898209815894 ], [ -118.239405860424142, 41.146928302018289 ], [ -118.242813333853292, 41.32704351958396 ], [ -118.037306768130875, 41.419154390992695 ], [ -117.828920572787695, 41.3307691893542 ], [ -117.826647673872998, 41.150630668775918 ] ] ] } },
{ "type": "Feature", "properties": { "hex_id": 261, "area_km2": 1039.2304845413275 }, "geometry": { "type": "Polygon", "coordinates": [ [ [ -117.413827628579654, 41.152853837600254 ], [ -117.61939635069713, 41.061851679564413 ], [ -117.826647673872998, 41.150630668775918 ], [ -117.828920572787695, 41.3307691893542 ], [ -117.622807360357626, 41.422144675906075 ], [ -117.414965504536539, 41.333006148428034 ], [ -117.413827628579654, 41.152853837600254 ] ] ] } },
{ "type": "Feature", "properties": { "hex_id": 262, "area_km2": 1039.2304845413275 }, "geometry": { "type": "Polygon", "coordinates": [ [ [ -117.000977232497164, 41.153597071885358 ], [ -117.207121240821508, 41.063330421190109 ], [ -117.413827628579654, 41.152853837600254 ], [ -117.414965504536539, 41.333006148428034 ], [ -117.208261158668236, 41.423642557491206 ], [ -117.000979289710372, 41.333754501456731 ], [ -117.000977232497164, 41.153597071885358 ] ] ] } },
{ "type": "Feature", "properties": { "hex_id": 263, "area_km2": 1039.2304845413275 }, "geometry": { "type": "Polygon", "coordinates": [ [ [ -116.588129141379, 41.152860861155041 ], [ -116.794832461337023, 41.063333696432025 ], [ -117.000977232497192, 41.153597071885358 ], [ -117.000979289710372, 41.333754501456731 ], [ -116.793701170823581, 41.423646010677921 ], [ -116.586996179441499, 41.333013561437134 ], [ -116.588129141379, 41.152860861155041 ] ] ] } },
{ "type": "Feature", "properties": { "hex_id": 264, "area_km2": 1039.2304845413241 }, "geometry": { "type": "Polygon", "coordinates": [ [ [ -116.175310079782335, 41.150645427785008 ], [ -116.382558168702985, 41.061862444424605 ], [ -116.588129141379, 41.152860861155041 ], [ -116.586996179441499, 41.333013561437134 ], [ -116.379157433663707, 41.422156034718761 ], [ -116.173042356246569, 41.330783911375718 ], [ -116.175310079782335, 41.150645427785008 ] ] ] } },
{ "type": "Feature", "properties": { "hex_id": 265, "area_km2": 1039.2304845413241 }, "geometry": { "type": "Polygon", "coordinates": [ [ [ -115.762551730930198, 41.146951287500087 ], [ -115.970329178459338, 41.058916774562078 ], [ -116.175310079782335, 41.150645427785008 ], [ -116.173042356246569, 41.330783911375718 ], [ -115.964659195082817, 41.419172627255449 ], [ -115.75914972323551, 41.327066737572871 ], [ -115.762551730930198, 41.146951287500087 ] ] ] } },
{ "type": "Feature", "properties": { "hex_id": 266, "area_km2": 1039.2304845413241 }, "geometry": { "type": "Polygon", "coordinates": [ [ [ -115.349885309561913, 41.141778539082836 ], [ -115.558175936425883, 41.054497148487535 ], [ -115.762551730930198, 41.146951287500087 ], [ -115.75914972323551, 41.327066737572871 ], [ -115.55023789214583, 41.41469786727334 ], [ -115.345349708836949, 41.321861249312029 ], [ -115.349885309561913, 41.141778539082836 ] ] ] } },
{ "type": "Feature", "properties": { "hex_id": 267, "area_km2": 1039.2304845413241 }, "geometry": { "type": "Polygon", "coordinates": [ [ [ -114.9373423968444, 41.135128653624754 ], [ -115.146130175398511, 41.04860449956486 ], [ -115.349885309561913, 41.141778539082836 ], [ -115.345349708836949, 41.321861249312029 ], [ -115.135926346857332, 41.408729937710483 ], [ -114.931674677571451, 41.315169091469215 ], [ -114.9373423968444, 41.135128653624754 ] ] ] } },
{ "type": "Feature", "properties": { "hex_id": 268, "area_km2": 1039.2304845413241 }, "geometry": { "type": "Polygon", "coordinates": [ [ [ -114.524952711161234, 41.127003253810813 ], [ -114.73422196915233, 41.041239985511112 ], [ -114.9373423968444, 41.135128653624754 ], [ -114.931674677571451, 41.315169091469215 ], [ -114.721755374749293, 41.401271568496959 ], [ -114.518154433842241, 41.306992144410522 ], [ -114.524952711161234, 41.127003253810813 ] ] ] } },
{ "type": "Feature", "properties": { "hex_id": 269, "area_km2": 1039.2304845413241 }, "geometry": { "type": "Polygon", "coordinates": [ [ [ -114.11274890664663, 41.117403996766711 ], [ -114.322482194318667, 41.032405240520092 ], [ -114.524952711161234, 41.127003253810813 ], [ -114.518154433842241, 41.306992144410522 ], [ -114.307755598652562, 41.392324461854187 ], [ -114.104820590635271, 41.297331782076633 ], [ -114.11274890664663, 41.117403996766711 ] ] ] } },
{ "type": "Feature", "properties": { "hex_id": 270, "area_km2": 131.5843354077661 }, "geometry": { "type": "Polygon", "coordinates": [ [ [ -114.11274890664663, 41.117403996766711 ], [ -114.104820590635271, 41.297331782076633 ], [ -114.040964800152963, 41.323004323265913 ], [ -114.041398224520364, 41.219959908815838 ], [ -114.042555327659301, 41.210924957178733 ], [ -114.041449370467788, 41.207753978015241 ], [ -114.04187167873198, 41.084003079910403 ], [ -114.11274890664663, 41.117403996766711 ] ] ] } },
{ "type": "Feature", "properties": { "hex_id": 271, "area_km2": 798.49348725371885 }, "geometry": { "type": "Polygon", "coordinates": [ [ [ -119.913218834805988, 41.657115645745783 ], [ -119.70167319447134, 41.572225796329107 ], [ -119.694203215243235, 41.392275647665315 ], [ -119.897134802816623, 41.29727899647856 ], [ -119.999660897278588, 41.338468454132354 ], [ -119.999471537956282, 41.499892274170058 ], [ -119.998891126124477, 41.557814433332894 ], [ -119.998295128710879, 41.617289270456133 ], [ -119.913218834805988, 41.657115645745783 ] ] ] } },
{ "type": "Feature", "properties": { "hex_id": 272, "area_km2": 1039.2304845413275 }, "geometry": { "type": "Polygon", "coordinates": [ [ [ -119.280204564974355, 41.401230708084363 ], [ -119.483802109624477, 41.306946890787302 ], [ -119.694203215243235, 41.392275647665315 ], [ -119.70167319447134, 41.572225796329107 ], [ -119.497597629895196, 41.666905939103174 ], [ -119.286529130435483, 41.581237248407717 ], [ -119.280204564974355, 41.401230708084363 ] ] ] } },
{ "type": "Feature", "properties": { "hex_id": 273, "area_km2": 1039.2304845413275 }, "geometry": { "type": "Polygon", "coordinates": [ [ [ -118.866035675580832, 41.408695245264475 ], [ -119.070283700932265, 41.315130812008817 ], [ -119.280204564974355, 41.401230708084363 ], [ -119.286529130435483, 41.581237248407717 ], [ -119.081785681886473, 41.675193801038546 ], [ -118.871212828505705, 41.588749189196442 ], [ -118.866035675580832, 41.408695245264475 ] ] ] } },
{ "type": "Feature", "properties": { "hex_id": 274, "area_km2": 1039.2304845413275 }, "geometry": { "type": "Polygon", "coordinates": [ [ [ -118.451725133276327, 41.414670256712064 ], [ -118.656610007860706, 41.321829794258612 ], [ -118.866035675580832, 41.408695245264475 ], [ -118.871212828505705, 41.588749189196442 ], [ -118.66581657266606, 41.681977607960604 ], [ -118.455753979602463, 41.594761692831881 ], [ -118.451725133276327, 41.414670256712064 ] ] ] } },
{ "type": "Feature", "properties": { "hex_id": 275, "area_km2": 1039.2304845413275 }, "geometry": { "type": "Polygon", "coordinates": [ [ [ -118.037306768130875, 41.419154390992695 ], [ -118.242813333853292, 41.32704351958396 ], [ -118.451725133276327, 41.414670256712064 ], [ -118.455753979602463, 41.594761692831881 ], [ -118.24972079199047, 41.68725626316872 ], [ -118.040185462869488, 41.599273713411435 ], [ -118.037306768130875, 41.419154390992695 ] ] ] } },
{ "type": "Feature", "properties": { "hex_id": 276, "area_km2": 1039.2304845413275 }, "geometry": { "type": "Polygon", "coordinates": [ [ [ -117.622807360357626, 41.422144675906075 ], [ -117.828920572787695, 41.3307691893542 ], [ -118.037306768130875, 41.419154390992695 ], [ -118.040185462869488, 41.599273713411435 ], [ -117.833528009299414, 41.691029420994326 ], [ -117.624536107980177, 41.602282740032699 ], [ -117.622807360357626, 41.422144675906075 ] ] ] } },
{ "type": "Feature", "properties": { "hex_id": 277, "area_km2": 1039.2304845413275 }, "geometry": { "type": "Polygon", "coordinates": [ [ [ -117.208261158668236, 41.423642557491206 ], [ -117.414965504536539, 41.333006148428034 ], [ -117.622807360357626, 41.422144675906075 ], [ -117.624536107980191, 41.602282740032699 ], [ -117.417272628859351, 41.693293252333035 ], [ -117.208838984855447, 41.603789773554318 ], [ -117.208261158668236, 41.423642557491206 ] ] ] } },
{ "type": "Feature", "properties": { "hex_id": 278, "area_km2": 1039.2304845413275 }, "geometry": { "type": "Polygon", "coordinates": [ [ [ -116.793701170823581, 41.423646010677921 ], [ -117.000979289710372, 41.333754501456731 ], [ -117.208261158668236, 41.423642557491206 ], [ -117.208838984855447, 41.603789773554318 ], [ -117.000983571596535, 41.694052179030528 ], [ -116.793127543011551, 41.603793789905808 ], [ -116.793701170823581, 41.423646010677921 ] ] ] } },
{ "type": "Feature", "properties": { "hex_id": 279, "area_km2": 1039.2304845413257 }, "geometry": { "type": "Polygon", "coordinates": [ [ [ -116.379157433663707, 41.422156034718761 ], [ -116.586996179441499, 41.333013561437134 ], [ -116.793701170823581, 41.423646010677921 ], [ -116.793127543011551, 41.603793789905808 ], [ -116.58469825229551, 41.693302058502049 ], [ -116.377433232143659, 41.602294318589564 ], [ -116.379157433663707, 41.422156034718761 ] ] ] } },
{ "type": "Feature", "properties": { "hex_id": 280, "area_km2": 1039.2304845413241 }, "geometry": { "type": "Polygon", "coordinates": [ [ [ -115.964659195082817, 41.419172627255449 ], [ -116.173042356246569, 41.330783911375718 ], [ -116.379157433663707, 41.422156034718761 ], [ -116.377433232143659, 41.602294318589564 ], [ -116.168443543062082, 41.691043742999682 ], [ -115.96178479931713, 41.599291875950136 ], [ -115.964659195082817, 41.419172627255449 ] ] ] } },
{ "type": "Feature", "properties": { "hex_id": 281, "area_km2": 1039.2304845413241 }, "geometry": { "type": "Polygon", "coordinates": [ [ [ -115.55023789214583, 41.41469786727334 ], [ -115.75914972323551, 41.327066737572871 ], [ -115.964659195082788, 41.419172627255449 ], [ -115.96178479931713, 41.599291875950136 ], [ -115.752251338072426, 41.687278959308884 ], [ -115.546214223395012, 41.59478899225433 ], [ -115.55023789214583, 41.41469786727334 ] ] ] } },
{ "type": "Feature", "properties": { "hex_id": 282, "area_km2": 1039.2304845413241 }, "geometry": { "type": "Polygon", "coordinates": [ [ [ -115.135926346857332, 41.408729937710483 ], [ -115.345349708836949, 41.321861249312029 ], [ -115.55023789214583, 41.41469786727334 ], [ -115.546214223395012, 41.59478899225433 ], [ -115.336153843862732, 41.682008288875835 ], [ -115.130754480322707, 41.588783379072346 ], [ -115.135926346857332, 41.408729937710483 ] ] ] } },
{ "type": "Feature", "properties": { "hex_id": 283, "area_km2": 1039.2304845413241 }, "geometry": { "type": "Polygon", "coordinates": [ [ [ -114.721755374749293, 41.401271568496959 ], [ -114.931674677571451, 41.315169091469215 ], [ -115.135926346857332, 41.408729937710483 ], [ -115.130754480322707, 41.588783379072346 ], [ -114.92018348049649, 41.675231026253442 ], [ -114.715436654005657, 41.581277724858346 ], [ -114.721755374749293, 41.401271568496959 ] ] ] } },
{ "type": "Feature", "properties": { "hex_id": 284, "area_km2": 1039.2304845413241 }, "geometry": { "type": "Polygon", "coordinates": [ [ [ -114.307755598652562, 41.392324461854187 ], [ -114.518154433842241, 41.306992144410522 ], [ -114.721755374749293, 41.401271568496959 ], [ -114.715436654005657, 41.581277724858346 ], [ -114.504371135641563, 41.666950177473758 ], [ -114.30029157717388, 41.572274166428123 ], [ -114.307755598652562, 41.392324461854187 ] ] ] } },
{ "type": "Feature", "properties": { "hex_id": 285, "area_km2": 694.64844406205225 }, "geometry": { "type": "Polygon", "coordinates": [ [ [ -114.104820590635271, 41.297331782076633 ], [ -114.307755598652562, 41.392324461854187 ], [ -114.30029157717388, 41.572274166428123 ], [ -114.088747861324194, 41.657168003254327 ], [ -114.039963954997589, 41.63434584429644 ], [ -114.039968392938334, 41.624921645558466 ], [ -114.040437446981556, 41.615378619901371 ], [ -114.040439838001092, 41.614832661257076 ], [ -114.04094308570113, 41.499922323510681 ], [ -114.040232110624459, 41.491691338077331 ], [ -114.040964800152963, 41.323004323265913 ], [ -114.104820590635271, 41.297331782076633 ] ] ] } },
{ "type": "Feature", "properties": { "hex_id": 286, "area_km2": 162.1501362540873 }, "geometry": { "type": "Polygon", "coordinates": [ [ [ -119.921370452071997, 41.837023470842446 ], [ -119.913218834805988, 41.657115645745783 ], [ -119.998295128710879, 41.617289270456133 ], [ -119.998280378983907, 41.618763837002177 ], [ -119.998855373336426, 41.62489186553664 ], [ -119.998287208926143, 41.749891457290289 ], [ -119.999280584484595, 41.868026360031259 ], [ -119.921370452071997, 41.837023470842446 ] ] ] } },
{ "type": "Feature", "properties": { "hex_id": 287, "area_km2": 1039.2304845413266 }, "geometry": { "type": "Polygon", "coordinates": [ [ [ -119.497597629895196, 41.666905939103174 ], [ -119.70167319447134, 41.572225796329107 ], [ -119.913218834805988, 41.657115645745783 ], [ -119.921370452071997, 41.837023470842446 ], [ -119.716817874201269, 41.932105076629448 ], [ -119.504589292211605, 41.846875161214008 ], [ -119.497597629895196, 41.666905939103174 ] ] ] } },
{ "type": "Feature", "properties": { "hex_id": 288, "area_km2": 1039.2304845413275 }, "geometry": { "type": "Polygon", "coordinates": [ [ [ -119.081785681886473, 41.675193801038546 ], [ -119.286529130435483, 41.581237248407717 ], [ -119.497597629895196, 41.666905939103174 ], [ -119.504589292211605, 41.846875161214008 ], [ -119.299352174574551, 41.941229906872849 ], [ -119.087615869262493, 41.855215090061385 ], [ -119.081785681886473, 41.675193801038546 ] ] ] } },
{ "type": "Feature", "properties": { "hex_id": 289, "area_km2": 1039.2304845413275 }, "geometry": { "type": "Polygon", "coordinates": [ [ [ -118.66581657266606, 41.681977607960604 ], [ -118.871212828505705, 41.588749189196442 ], [ -119.081785681886473, 41.675193801038546 ], [ -119.087615869262493, 41.855215090061385 ], [ -118.881709708186776, 41.948837079159944 ], [ -118.670483030059984, 41.862041687886254 ], [ -118.66581657266606, 41.681977607960604 ] ] ] } },
{ "type": "Feature", "properties": { "hex_id": 290, "area_km2": 1039.2304845413275 }, "geometry": { "type": "Polygon", "coordinates": [ [ [ -118.24972079199047, 41.68725626316872 ], [ -118.455753979602463, 41.594761692831881 ], [ -118.66581657266606, 41.681977607960604 ], [ -118.670483030059984, 41.862041687886254 ], [ -118.463922707867781, 41.954925480129795 ], [ -118.253222057035657, 41.867353336487994 ], [ -118.24972079199047, 41.68725626316872 ] ] ] } },
{ "type": "Feature", "properties": { "hex_id": 291, "area_km2": 1039.2304845413275 }, "geometry": { "type": "Polygon", "coordinates": [ [ [ -117.833528009299414, 41.691029420994326 ], [ -118.040185462869488, 41.599273713411435 ], [ -118.24972079199047, 41.68725626316872 ], [ -118.253222057035657, 41.867353336487994 ], [ -118.046022099250251, 41.959493741058886 ], [ -117.8358632811549, 41.871149834230181 ], [ -117.833528009299414, 41.691029420994326 ] ] ] } },
{ "type": "Feature", "properties": { "hex_id": 292, "area_km2": 1039.2304845413275 }, "geometry": { "type": "Polygon", "coordinates": [ [ [ -117.417272628859351, 41.693293252333035 ], [ -117.624536107980191, 41.602282740032699 ], [ -117.833528009299414, 41.691029420994326 ], [ -117.8358632811549, 41.871149834230181 ], [ -117.628040466581751, 41.962540807965489 ], [ -117.418441758688544, 41.873428351508082 ], [ -117.417272628859351, 41.693293252333035 ] ] ] } },
{ "type": "Feature", "properties": { "hex_id": 293, "area_km2": 1039.2304845413275 }, "geometry": { "type": "Polygon", "coordinates": [ [ [ -117.000983571596535, 41.694052179030528 ], [ -117.208838984855447, 41.603789773554318 ], [ -117.417272628859351, 41.693293252333035 ], [ -117.418441758688544, 41.873428351508082 ], [ -117.210011453852232, 41.964066807495158 ], [ -117.000986365298516, 41.874191888243182 ], [ -117.000983571596535, 41.694052179030528 ] ] ] } },
{ "type": "Feature", "properties": { "hex_id": 294, "area_km2": 1039.2304845413275 }, "geometry": { "type": "Polygon", "coordinates": [ [ [ -116.58469825229551, 41.693302058502049 ], [ -116.793127543011551, 41.603793789905808 ], [ -117.000983571596535, 41.694052179030528 ], [ -117.000986365298516, 41.874191888243182 ], [ -116.79196569165822, 41.964071719408324 ], [ -116.583533699906624, 41.873437482658368 ], [ -116.58469825229551, 41.693302058502049 ] ] ] } },
{ "type": "Feature", "properties": { "hex_id": 295, "area_km2": 1039.2304845413241 }, "geometry": { "type": "Polygon", "coordinates": [ [ [ -116.168443543062082, 41.691043742999682 ], [ -116.377433232143659, 41.602294318589564 ], [ -116.58469825229551, 41.693302058502049 ], [ -116.583533699906624, 41.873437482658368 ], [ -116.373937097950503, 41.962553431359957 ], [ -116.16611220311124, 41.871165065971311 ], [ -116.168443543062082, 41.691043742999682 ] ] ] } },
{ "type": "Feature", "properties": { "hex_id": 296, "area_km2": 1039.2304845413241 }, "geometry": { "type": "Polygon", "coordinates": [ [ [ -115.752251338072426, 41.687278959308884 ], [ -115.96178479931713, 41.599291875950136 ], [ -116.168443543062082, 41.691043742999682 ], [ -116.16611220311124, 41.871165065971311 ], [ -115.955955834297043, 41.959513432341588 ], [ -115.748754104269253, 41.867376386428852 ], [ -115.752251338072426, 41.687278959308884 ] ] ] } },
{ "type": "Feature", "properties": { "hex_id": 297, "area_km2": 1039.2304845413241 }, "geometry": { "type": "Polygon", "coordinates": [ [ [ -115.336153843862732, 41.682008288875835 ], [ -115.546214223395012, 41.59478899225433 ], [ -115.752251338072426, 41.687278959308884 ], [ -115.748754104269253, 41.867376386428852 ], [ -115.538055494485604, 41.954952430408149 ], [ -115.331492801651635, 41.862072348094955 ], [ -115.336153843862732, 41.682008288875835 ] ] ] } },
{ "type": "Feature", "properties": { "hex_id": 298, "area_km2": 1039.2304845413241 }, "geometry": { "type": "Polygon", "coordinates": [ [ [ -114.92018348049649, 41.675231026253442 ], [ -115.130754480322707, 41.588783379072346 ], [ -115.336153843862732, 41.682008288875835 ], [ -115.331492801651635, 41.862072348094955 ], [ -115.120268745163031, 41.948871354773871 ], [ -114.914359046318054, 41.855252452991337 ], [ -114.92018348049649, 41.675231026253442 ] ] ] } },
{ "type": "Feature", "properties": { "hex_id": 299, "area_km2": 1039.2304845413241 }, "geometry": { "type": "Polygon", "coordinates": [ [ [ -114.504371135641563, 41.666950177473758 ], [ -114.715436654005657, 41.581277724858346 ], [ -114.92018348049649, 41.675231026253442 ], [ -114.914359046318026, 41.855252452991337 ], [ -114.702625142876713, 41.941270792824916 ], [ -114.497384686793154, 41.84691938460891 ], [ -114.504371135641563, 41.666950177473758 ] ] ] } },
{ "type": "Feature", "properties": { "hex_id": 300, "area_km2": 1039.2304845413241 }, "geometry": { "type": "Polygon", "coordinates": [ [ [ -114.088747861324194, 41.657168003254327 ], [ -114.30029157717388, 41.572274166428123 ], [ -114.504371135641563, 41.666950177473758 ], [ -114.49738468679314, 41.84691938460891 ], [ -114.285158118975673, 41.932153309209205 ], [ -114.080601539443165, 41.837075437621273 ], [ -114.088747861324194, 41.657168003254327 ] ] ] } },
{ "type": "Feature", "properties": { "hex_id": 301, "area_km2": 82.069160583369552 }, "geometry": { "type": "Polygon", "coordinates": [ [ [ -114.088747861324194, 41.657168003254327 ], [ -114.080601539443165, 41.837075437621273 ], [ -114.041010545822218, 41.852841297503304 ], [ -114.04110704773889, 41.850574317262314 ], [ -114.041152047928477, 41.8505963170537 ], [ -114.039900713385904, 41.753782942856454 ], [ -114.039963954997589, 41.63434584429644 ], [ -114.088747861324194, 41.657168003254327 ] ] ] } },
{ "type": "Feature", "properties": { "hex_id": 302, "area_km2": 314.33881368562919 }, "geometry": { "type": "Polygon", "coordinates": [ [ [ -119.716817874201269, 41.932105076629448 ], [ -119.921370452071997, 41.837023470842446 ], [ -119.999280584484595, 41.868026360031259 ], [ -119.999342245196914, 41.875295589247457 ], [ -119.999234277044138, 41.994943715394434 ], [ -119.986801286456398, 41.99570869253553 ], [ -119.876054371651932, 41.997198481265798 ], [ -119.87292937499997, 41.997640475112192 ], [ -119.8489073925778, 41.997280429092825 ], [ -119.790087438442455, 41.997543315770812 ], [ -119.725730427210721, 41.996295261959332 ], [ -119.719548078032773, 41.996284692314362 ], [ -119.716817874201269, 41.932105076629448 ] ] ] } },
{ "type": "Feature", "properties": { "hex_id": 303, "area_km2": 399.19681116306919 }, "geometry": { "type": "Polygon", "coordinates": [ [ [ -119.299352174574537, 41.941229906872849 ], [ -119.504589292211605, 41.846875161214008 ], [ -119.716817874201269, 41.932105076629448 ], [ -119.719548078032773, 41.996284692314362 ], [ -119.444598051366256, 41.995477430080392 ], [ -119.360177002480526, 41.99438338691381 ], [ -119.360121483341516, 41.994383111690389 ], [ -119.324182580996222, 41.994204952856791 ], [ -119.30125508686821, 41.994096316319911 ], [ -119.299352174574537, 41.941229906872849 ] ] ] } },
{ "type": "Feature", "properties": { "hex_id": 304, "area_km2": 359.54152185741316 }, "geometry": { "type": "Polygon", "coordinates": [ [ [ -118.881709708186776, 41.948837079159944 ], [ -119.087615869262493, 41.855215090061385 ], [ -119.299352174574551, 41.941229906872849 ], [ -119.30125508686821, 41.994096316319911 ], [ -119.251032939338472, 41.993842330576356 ], [ -119.231875934039209, 41.994211315584728 ], [ -119.208279926229864, 41.993176300068136 ], [ -119.001021868491435, 41.993792142992 ], [ -118.883010901517054, 41.993015739377554 ], [ -118.881709708186776, 41.948837079159944 ] ] ] } },
{ "type": "Feature", "properties": { "hex_id": 305, "area_km2": 332.33070358418502 }, "geometry": { "type": "Polygon", "coordinates": [ [ [ -118.463922707867781, 41.954925480129795 ], [ -118.670483030059984, 41.862041687886254 ], [ -118.881709708186776, 41.948837079159944 ], [ -118.883010901517054, 41.993015739377554 ], [ -118.829630178849129, 41.992624653533703 ], [ -118.795611993488933, 41.992392927858802 ], [ -118.77722800501958, 41.992669908177888 ], [ -118.775869005869851, 41.992690906720924 ], [ -118.696409080181695, 41.991792824227467 ], [ -118.644698602037153, 41.992941185580349 ], [ -118.628692268755344, 41.993296646285948 ], [ -118.601806182904198, 41.993893718900743 ], [ -118.501002291861951, 41.995444605140541 ], [ -118.464856273017929, 41.995670952119497 ], [ -118.463922707867781, 41.954925480129795 ] ] ] } },
{ "type": "Feature", "properties": { "hex_id": 306, "area_km2": 324.72647744508288 }, "geometry": { "type": "Polygon", "coordinates": [ [ [ -118.046022099250251, 41.959493741058886 ], [ -118.253222057035657, 41.867353336487994 ], [ -118.463922707867781, 41.954925480129795 ], [ -118.464856273017929, 41.995670952119497 ], [ -118.197369383325395, 41.996992206688795 ], [ -118.197189167003884, 41.996993125521513 ], [ -118.123944946560201, 41.997296307206319 ], [ -118.046647063022135, 41.99767458208175 ], [ -118.046022099250251, 41.959493741058886 ] ] ] } },
{ "type": "Feature", "properties": { "hex_id": 307, "area_km2": 315.52537990250624 }, "geometry": { "type": "Polygon", "coordinates": [ [ [ -117.628040466581751, 41.962540807965489 ], [ -117.8358632811549, 41.871149834230181 ], [ -118.046022099250251, 41.959493741058886 ], [ -118.046647063022135, 41.99767458208175 ], [ -117.873466222466988, 41.998332966747988 ], [ -117.737790901490172, 41.99820507776559 ], [ -117.705779836291626, 41.998174908310915 ], [ -117.628389853608056, 41.998102785402828 ], [ -117.628040466581751, 41.962540807965489 ] ] ] } },
{ "type": "Feature", "properties": { "hex_id": 308, "area_km2": 311.37090945476933 }, "geometry": { "type": "Polygon", "coordinates": [ [ [ -117.210011453852232, 41.964066807495158 ], [ -117.418441758688544, 41.873428351508082 ], [ -117.628040466581751, 41.962540807965489 ], [ -117.628389853608056, 41.998102785402828 ], [ -117.625972083036388, 41.998099691668699 ], [ -117.623730087816114, 41.998464687783745 ], [ -117.617187140655687, 41.99850784941281 ], [ -117.613206954205765, 41.99853410537726 ], [ -117.530196751966102, 41.999081697530109 ], [ -117.506681232924365, 41.999236822519343 ], [ -117.443061514974644, 41.999656636510274 ], [ -117.403612568261693, 41.999287689959331 ], [ -117.217550636343688, 41.99988557409182 ], [ -117.210129820752883, 42.000071184877051 ], [ -117.210011453852232, 41.964066807495158 ] ] ] } },
{ "type": "Feature", "properties": { "hex_id": 309, "area_km2": 308.29476123819677 }, "geometry": { "type": "Polygon", "coordinates": [ [ [ -116.79196569165822, 41.964071719408324 ], [ -117.000986365298516, 41.874191888243182 ], [ -117.210011453852232, 41.964066807495158 ], [ -117.210129820752883, 42.000071184877051 ], [ -117.197797569325019, 42.000378577577742 ], [ -117.06861212481995, 42.000033599539215 ], [ -117.055401079222761, 41.999888601594741 ], [ -117.048909056428343, 41.998981601416396 ], [ -117.040905029416123, 41.999888604052828 ], [ -117.026195978877595, 41.999888606547032 ], [ -117.018292951552155, 41.999356607237587 ], [ -117.01820746545404, 41.99934496512936 ], [ -117.009253920210668, 41.998125607365928 ], [ -116.969154971804244, 41.998989690217044 ], [ -116.862273652337834, 41.99860256853826 ], [ -116.791853993057785, 41.998398146345544 ], [ -116.79196569165822, 41.964071719408324 ] ] ] } },
{ "type": "Feature", "properties": { "hex_id": 310, "area_km2": 304.3798094454894 }, "geometry": { "type": "Polygon", "coordinates": [ [ [ -116.373937097950503, 41.962553431359957 ], [ -116.583533699906624, 41.873437482658368 ], [ -116.79196569165822, 41.964071719408324 ], [ -116.791853993057785, 41.998398146345544 ], [ -116.626769764318581, 41.997749482817184 ], [ -116.625946765043778, 41.997378483911149 ], [ -116.586936829557331, 41.997369554822455 ], [ -116.582216838189069, 41.997833563895952 ], [ -116.525318931832302, 41.997557667039366 ], [ -116.501740970417728, 41.997333709673995 ], [ -116.498187973199421, 41.99744271356667 ], [ -116.484388970452088, 41.997209718031613 ], [ -116.467133967167825, 41.99699072370354 ], [ -116.40988195703784, 41.996647742957698 ], [ -116.378087911634836, 41.99636593513511 ], [ -116.373605842395705, 41.996326308263839 ], [ -116.373937097950503, 41.962553431359957 ] ] ] } },
{ "type": "Feature", "properties": { "hex_id": 311, "area_km2": 311.57079892678536 }, "geometry": { "type": "Polygon", "coordinates": [ [ [ -115.955955834297043, 41.959513432341588 ], [ -116.16611220311124, 41.871165065971311 ], [ -116.373937097950488, 41.962553431359957 ], [ -116.373605842395705, 41.996326308263839 ], [ -116.368477949574441, 41.99628075685095 ], [ -116.332762945200997, 41.997282769738561 ], [ -116.163930918237426, 41.997554853647124 ], [ -116.160832917695174, 41.997507855627632 ], [ -116.146723820636382, 41.997501021585592 ], [ -116.117642810978111, 41.997486935578493 ], [ -116.065990902805666, 41.997461916875885 ], [ -116.047135898673943, 41.996343928584857 ], [ -115.986173822348846, 41.996434102683864 ], [ -115.986168779468002, 41.996434110141308 ], [ -115.955351412489094, 41.996481524980346 ], [ -115.955955834297043, 41.959513432341588 ] ] ] } },
{ "type": "Feature", "properties": { "hex_id": 312, "area_km2": 325.60051505609562 }, "geometry": { "type": "Polygon", "coordinates": [ [ [ -115.538055494485604, 41.954952430408149 ], [ -115.748754104269253, 41.867376386428852 ], [ -115.955955834297043, 41.959513432341588 ], [ -115.955351412489094, 41.996481524980346 ], [ -115.94163390468006, 41.996499968990904 ], [ -115.870180921032656, 41.996765981172544 ], [ -115.733245670424935, 41.997129828657428 ], [ -115.711103010071653, 41.997188659888991 ], [ -115.625913966595334, 41.997415000172872 ], [ -115.586848971761938, 41.996883999641241 ], [ -115.569975158060728, 41.996835721777316 ], [ -115.537097869114916, 41.996773631932719 ], [ -115.538055494485604, 41.954952430408149 ] ] ] } },
{ "type": "Feature", "properties": { "hex_id": 313, "area_km2": 343.7569987496646 }, "geometry": { "type": "Polygon", "coordinates": [ [ [ -115.120268745163031, 41.948871354773871 ], [ -115.331492801651635, 41.862072348094955 ], [ -115.538055494485604, 41.954952430408149 ], [ -115.537097869114916, 41.996773631932719 ], [ -115.313877006429848, 41.996103004428868 ], [ -115.254333014237048, 41.996721006337566 ], [ -115.250795014199312, 41.996156006415305 ], [ -115.118876798771694, 41.996113263074527 ], [ -115.120268745163031, 41.948871354773871 ] ] ] } },
{ "type": "Feature", "properties": { "hex_id": 314, "area_km2": 379.7134301343051 }, "geometry": { "type": "Polygon", "coordinates": [ [ [ -114.702625142876713, 41.941270792824916 ], [ -114.914359046318026, 41.855252452991337 ], [ -115.120268745163031, 41.948871354773871 ], [ -115.118876798771694, 41.996113263074527 ], [ -115.038157179951881, 41.996012308204278 ], [ -115.031782999293043, 41.996008000604718 ], [ -114.972429226684525, 41.997976937756683 ], [ -114.914187012042305, 41.999909003803261 ], [ -114.899210014155543, 41.999909004468016 ], [ -114.875877019167916, 42.001319005576079 ], [ -114.831077026885367, 42.002207008032642 ], [ -114.806384029966821, 42.001822009232093 ], [ -114.72104629195475, 41.998244891769197 ], [ -114.720715041558321, 41.998231006645547 ], [ -114.700596919648873, 41.997622073537329 ], [ -114.702625142876713, 41.941270792824916 ] ] ] } },
{ "type": "Feature", "properties": { "hex_id": 315, "area_km2": 397.53887277268984 }, "geometry": { "type": "Polygon", "coordinates": [ [ [ -114.285158118975673, 41.932153309209205 ], [ -114.49738468679314, 41.84691938460891 ], [ -114.702625142876713, 41.941270792824916 ], [ -114.700596919648845, 41.997622073537329 ], [ -114.674840607794735, 41.996837323180266 ], [ -114.669330293337353, 41.996669917644788 ], [ -114.651085850042122, 41.996115644231679 ], [ -114.598267070428108, 41.994510988786594 ], [ -114.498259095169303, 41.994598975352311 ], [ -114.498243095193132, 41.994635975362719 ], [ -114.467581081647936, 41.99549197918553 ], [ -114.282519250515492, 41.994219107506417 ], [ -114.285158118975673, 41.932153309209205 ] ] ] } },
{ "type": "Feature", "properties": { "hex_id": 316, "area_km2": 260.53754206584875 }, "geometry": { "type": "Polygon", "coordinates": [ [ [ -114.080601539443165, 41.837075437621273 ], [ -114.285158118975673, 41.932153309209205 ], [ -114.282519250515477, 41.994219107506417 ], [ -114.281854994633292, 41.994214000813614 ], [ -114.281799318770481, 41.994213921341164 ], [ -114.107428001091861, 41.993965062510696 ], [ -114.107259001075349, 41.99383106254438 ], [ -114.061763007910145, 41.99393908108172 ], [ -114.061774007868408, 41.993797081040242 ], [ -114.048257535904582, 41.993814411137684 ], [ -114.041477535302462, 41.993873398427297 ], [ -114.039648161364184, 41.88481709856633 ], [ -114.041010545822218, 41.852841297503304 ], [ -114.080601539443165, 41.837075437621273 ] ] ] } }
]
}
