{
"type": "FeatureCollection",
"name": "ut_hexgrid_40km",
"crs": { "type": "name", "properties": { "name": "urn:ogc:def:crs:OGC:1.3:CRS84" } },
"features": [
{ "type": "Feature", "properties": { "hex_id": 0, "area_km2": 383.42574341659525 }, "geometry": { "type": "Polygon", "coordinates": [ [ [ -113.861434969303417, 37.144907423162621 ], [ -113.663464475798961, 37.059409109683592 ], [ -113.661392584113074, 37.000091092759227 ], [ -113.915981916095461, 36.999989082490643 ], [ -113.965907078151346, 36.999976895351026 ], [ -113.965907078091931, 37.000025895355535 ], [ -114.050600027500593, 37.000396765023645 ], [ -114.051255264310527, 37.050689565549746 ], [ -113.861434969303417, 37.144907423162621 ] ] ] } },
{ "type": "Feature", "properties": { "hex_id": 1, "area_km2": 417.32271620732075 }, "geometry": { "type": "Polygon", "coordinates": [ [ [ -113.663464475798961, 37.059409109683592 ], [ -113.471765455104787, 37.153680935754046 ], [ -113.27417338954784, 37.067516432635756 ], [ -113.272164242922017, 37.000148189157947 ], [ -113.274534824551765, 37.000145688996845 ], [ -113.306408411549199, 37.000137910820811 ], [ -113.320965926125893, 37.000134358320835 ], [ -113.409578885683302, 37.000112733917625 ], [ -113.457764143799253, 37.00010097516838 ], [ -113.465894006760564, 37.00009899122081 ], [ -113.48446822055061, 37.000094458516209 ], [ -113.553663083934751, 37.000077559852976 ], [ -113.558068025441059, 37.00007648384711 ], [ -113.560236277639845, 37.000075954202821 ], [ -113.57211343097012, 37.00007305294109 ], [ -113.622422451985969, 37.000060763828465 ], [ -113.624289895119119, 37.000060307663233 ], [ -113.661392584113074, 37.000091092759227 ], [ -113.663464475798961, 37.059409109683592 ] ] ] } },
{ "type": "Feature", "properties": { "hex_id": 2, "area_km2": 445.53450335760908 }, "geometry": { "type": "Polygon", "coordinates": [ [ [ -113.27417338954784, 37.067516432635756 ], [ -113.081938608822909, 37.161174135477246 ], [ -112.884739009972392, 37.074346216452639 ], [ -112.88291031329166, 37.000346703142647 ], [ -112.899190756890235, 37.000320895530386 ], [ -112.937647741235494, 37.000263412741759 ], [ -112.953185672854445, 37.000240187733432 ], [ -112.959613680352007, 37.000230579598892 ], [ -112.966470640123617, 37.000220330296166 ], [ -112.966580642926914, 37.000220303814196 ], [ -112.998829551330402, 37.00021254025792 ], [ -113.010065557653547, 37.000209819308111 ], [ -113.016407376080068, 37.000208282501497 ], [ -113.052328319537779, 37.0001995778157 ], [ -113.079901630215844, 37.00019289600489 ], [ -113.272164242922017, 37.000148189157947 ], [ -113.27417338954784, 37.067516432635756 ] ] ] } },
{ "type": "Feature", "properties": { "hex_id": 3, "area_km2": 467.72517568259525 }, "geometry": { "type": "Polygon", "coordinates": [ [ [ -112.884739009972392, 37.074346216452639 ], [ -112.691980756431462, 37.167384796074955 ], [ -112.495186405805029, 37.079897702473133 ], [ -112.493635865243633, 37.000794227340734 ], [ -112.504442826520659, 37.000765079061793 ], [ -112.529759576505285, 37.000697764507066 ], [ -112.529777658326779, 37.0006977164294 ], [ -112.538445529429481, 37.000674669482592 ], [ -112.538583613818716, 37.0006743023309 ], [ -112.540368754006991, 37.000669555833383 ], [ -112.540541753651809, 37.000671935437154 ], [ -112.545094744304805, 37.000734561655975 ], [ -112.548250476044998, 37.000725016421455 ], [ -112.558974716295594, 37.000692578498779 ], [ -112.566000702056286, 37.000701021630199 ], [ -112.609787613324301, 37.000753640376324 ], [ -112.82950232776389, 37.000425060846965 ], [ -112.861448746168733, 37.000377309614016 ], [ -112.88291031329166, 37.000346703142647 ], [ -112.884739009972392, 37.074346216452639 ] ] ] } },
{ "type": "Feature", "properties": { "hex_id": 4, "area_km2": 484.4844365474101 }, "geometry": { "type": "Polygon", "coordinates": [ [ [ -112.495186405805029, 37.079897702473133 ], [ -112.301915242134399, 37.172312922548755 ], [ -112.105537882370527, 37.084170433923582 ], [ -112.104338154618517, 37.001401768076377 ], [ -112.357690517127736, 37.001025062293841 ], [ -112.368946542099422, 37.001125097718841 ], [ -112.375363816957901, 37.001108047168074 ], [ -112.378341217553171, 37.001100136284194 ], [ -112.484282465622073, 37.000818653110294 ], [ -112.493635865243633, 37.000794227340727 ], [ -112.495186405805029, 37.079897702473133 ] ] ] } },
{ "type": "Feature", "properties": { "hex_id": 5, "area_km2": 497.64092760922085 }, "geometry": { "type": "Polygon", "coordinates": [ [ [ -112.105537882370527, 37.084170433923582 ], [ -111.911767164794313, 37.175958332288836 ], [ -111.715820613087914, 37.087164158243361 ], [ -111.715015715623878, 37.001385033214447 ], [ -111.865423594192549, 37.001262014620856 ], [ -112.104338154618517, 37.001401768076377 ], [ -112.105537882370527, 37.084170433923582 ] ] ] } },
{ "type": "Feature", "properties": { "hex_id": 6, "area_km2": 506.61990051955036 }, "geometry": { "type": "Polygon", "coordinates": [ [ [ -111.715820613087914, 37.087164158243361 ], [ -111.521560801038021, 37.178318906212141 ], [ -111.326056748673665, 37.088876471747369 ], [ -111.325680397159317, 37.000852419405334 ], [ -111.355400654361816, 37.001092224593243 ], [ -111.357772482127132, 37.001111458137991 ], [ -111.363062158520563, 37.001154353004544 ], [ -111.363966003569914, 37.001161682434969 ], [ -111.391120340782237, 37.00138188155659 ], [ -111.401382727109649, 37.001465101019321 ], [ -111.404751513629336, 37.001492419094916 ], [ -111.405516447091159, 37.001498622073576 ], [ -111.405868447078021, 37.001482621357525 ], [ -111.406145491321652, 37.00148248806196 ], [ -111.411675447112245, 37.001479827408467 ], [ -111.413013434461149, 37.001479183656343 ], [ -111.506847577785791, 37.001434052615096 ], [ -111.547537501918953, 37.001414569525139 ], [ -111.56561765302331, 37.001405912415692 ], [ -111.621968112747794, 37.001378930785314 ], [ -111.635072110756354, 37.001372656353269 ], [ -111.715015715623878, 37.001385033214447 ], [ -111.715820613087914, 37.087164158243361 ] ] ] } },
{ "type": "Feature", "properties": { "hex_id": 7, "area_km2": 509.97116487456492 }, "geometry": { "type": "Polygon", "coordinates": [ [ [ -111.326056748673665, 37.088876471747369 ], [ -111.131322025113889, 37.179393888372289 ], [ -110.936273917900564, 37.08930710281318 ], [ -110.936346335067839, 37.002819982737449 ], [ -111.060033404178114, 37.00240704325158 ], [ -111.06005766336078, 37.002406981238579 ], [ -111.066496229439707, 37.002390522537205 ], [ -111.133717943409977, 37.000780677830384 ], [ -111.140126985206123, 37.000796459139394 ], [ -111.141520750842233, 37.000799891079232 ], [ -111.143364293098685, 37.000804430526721 ], [ -111.143404598528022, 37.000804529772815 ], [ -111.231194756561067, 37.001020699845299 ], [ -111.234974165189598, 37.00103000606758 ], [ -111.235042671316521, 37.001030174753588 ], [ -111.238030206302611, 37.001037531106483 ], [ -111.253280550052722, 37.00107506850901 ], [ -111.2533413318003, 37.001075217910739 ], [ -111.254852445672611, 37.001078932232751 ], [ -111.278285445167882, 37.000466885102107 ], [ -111.296225347891422, 37.000612362533936 ], [ -111.29799541059343, 37.000626716247766 ], [ -111.309917737264712, 37.000723396263673 ], [ -111.312836112920223, 37.000747061833081 ], [ -111.31595382644069, 37.000772343866366 ], [ -111.316088167211774, 37.000773433257031 ], [ -111.325680397159317, 37.000852419405334 ], [ -111.326056748673665, 37.088876471747369 ] ] ] } },
{ "type": "Feature", "properties": { "hex_id": 8, "area_km2": 502.56002796365988 }, "geometry": { "type": "Polygon", "coordinates": [ [ [ -110.936273917900564, 37.08930710281318 ], [ -110.74107490741055, 37.179183419450155 ], [ -110.546494136869313, 37.088456691923874 ], [ -110.546997002007629, 37.003890351346826 ], [ -110.599512191171684, 37.003448679447501 ], [ -110.625605214482036, 37.003416720421612 ], [ -110.625690214289122, 37.00372172105218 ], [ -110.701942657176616, 37.00340219049351 ], [ -110.750690326292016, 37.003197917117575 ], [ -110.936346335067839, 37.002819982737449 ], [ -110.936273917900564, 37.08930710281318 ] ] ] } },
{ "type": "Feature", "properties": { "hex_id": 9, "area_km2": 512.53885245395202 }, "geometry": { "type": "Polygon", "coordinates": [ [ [ -110.546494136869313, 37.088456691923874 ], [ -110.350843839847911, 37.177688012835674 ], [ -110.156742963131165, 37.08632585522281 ], [ -110.157714854382704, 36.998419884136702 ], [ -110.175705384725077, 36.998395012668489 ], [ -110.175761151189249, 36.998394937417928 ], [ -110.275924368196911, 36.998259765516643 ], [ -110.275977081802111, 36.998259694359255 ], [ -110.467308542561469, 36.998001419235472 ], [ -110.467578705198505, 36.998001054548197 ], [ -110.470190095886252, 36.997997529482852 ], [ -110.487555996033336, 37.002665484284726 ], [ -110.490908098866868, 37.003566529468038 ], [ -110.500690102637648, 37.004260526076159 ], [ -110.546997002007629, 37.003890351346826 ], [ -110.546494136869313, 37.088456691923874 ] ] ] } },
{ "type": "Feature", "properties": { "hex_id": 10, "area_km2": 504.92123398102018 }, "geometry": { "type": "Polygon", "coordinates": [ [ [ -110.156742963131165, 37.08632585522281 ], [ -109.96065362237637, 37.174907882850434 ], [ -109.767045288723907, 37.08291494621362 ], [ -109.768410844018945, 36.998447612789029 ], [ -109.875672896552032, 36.998504979817788 ], [ -109.933854182387719, 36.998255385391516 ], [ -109.93414377530776, 36.998254143054453 ], [ -110.000676832236749, 36.997968721395281 ], [ -110.000681870146593, 36.997982240281068 ], [ -110.000875831993483, 36.998502723591422 ], [ -110.021777846966629, 36.998602720351911 ], [ -110.134355149510199, 36.998450810124439 ], [ -110.145951140803732, 36.99843516265009 ], [ -110.146636189663269, 36.998434238254362 ], [ -110.14986086555146, 36.998429886919901 ], [ -110.157714854382704, 36.998419884136702 ], [ -110.156742963131165, 37.08632585522281 ] ] ] } },
{ "type": "Feature", "properties": { "hex_id": 11, "area_km2": 488.26413366669431 }, "geometry": { "type": "Polygon", "coordinates": [ [ [ -109.767045288723907, 37.08291494621362 ], [ -109.570529735471354, 37.170843758255913 ], [ -109.377424750151391, 37.078223944309585 ], [ -109.379107049066306, 36.999140911723892 ], [ -109.381224774053749, 36.999149537264827 ], [ -109.38256013507015, 36.999149032020661 ], [ -109.471562094416555, 36.9991153574042 ], [ -109.471586013245258, 36.999115348354344 ], [ -109.495337097070248, 36.999106361926273 ], [ -109.625667540113426, 36.998309294942878 ], [ -109.699221159461032, 36.998366926011315 ], [ -109.699230724363517, 36.998366933505643 ], [ -109.709765126667179, 36.998375187475865 ], [ -109.768410844018945, 36.998447612789029 ], [ -109.767045288723907, 37.08291494621362 ] ] ] } },
{ "type": "Feature", "properties": { "hex_id": 12, "area_km2": 417.45561147179615 }, "geometry": { "type": "Polygon", "coordinates": [ [ [ -109.377424750151391, 37.078223944309585 ], [ -109.18049602190618, 37.165495496542178 ], [ -109.04518341125376, 37.100039270271218 ], [ -109.045187970950678, 37.096272153268501 ], [ -109.044993977085397, 37.086430153564244 ], [ -109.045056983756581, 37.07466215462663 ], [ -109.045164984606686, 37.072743155043739 ], [ -109.045204277062012, 37.022005421824588 ], [ -109.045207370497366, 37.018010915936159 ], [ -109.045222022949105, 36.999085167138617 ], [ -109.181194610942413, 36.999272546239389 ], [ -109.233846451147372, 36.999267693537561 ], [ -109.246915411048889, 36.99934773004609 ], [ -109.263388440035698, 36.999264718177471 ], [ -109.268211453799012, 36.999243710784121 ], [ -109.270095459001226, 36.999267707886126 ], [ -109.319808269271249, 36.999207299569008 ], [ -109.340791049491429, 36.999181802408515 ], [ -109.355671528317046, 36.999163720433032 ], [ -109.378037765096622, 36.999136542146076 ], [ -109.379107049066306, 36.999140911723892 ], [ -109.377424750151391, 37.078223944309585 ] ] ] } },
{ "type": "Feature", "properties": { "hex_id": 13, "area_km2": 491.61319839664384 }, "geometry": { "type": "Polygon", "coordinates": [ [ [ -113.868253684902427, 37.324963147717476 ], [ -113.861434969303417, 37.144907423162621 ], [ -114.051255264310527, 37.050689565549746 ], [ -114.05174906580956, 37.088434997099291 ], [ -114.051822064069796, 37.090976999705362 ], [ -114.052827055852632, 37.103962013627331 ], [ -114.051867033003248, 37.134293042974726 ], [ -114.052179024074846, 37.147111056073093 ], [ -114.051673005497733, 37.172369080778537 ], [ -114.051404961251322, 37.233855141854249 ], [ -114.051973957280538, 37.283849209518763 ], [ -114.051973957424707, 37.284512210517029 ], [ -114.051799959179746, 37.29304522315293 ], [ -114.051799959288999, 37.293549223911427 ], [ -114.051888669851849, 37.347265188136674 ], [ -114.05192697607248, 37.370460339853466 ], [ -114.051926976132236, 37.370735340267487 ], [ -114.051814574499176, 37.403531761724402 ], [ -113.868253684902427, 37.324963147717476 ] ] ] } },
{ "type": "Feature", "properties": { "hex_id": 14, "area_km2": 1039.2304845413266 }, "geometry": { "type": "Polygon", "coordinates": [ [ [ -113.471765455104787, 37.153680935754046 ], [ -113.663464475798961, 37.059409109683592 ], [ -113.861434969303417, 37.144907423162621 ], [ -113.868253684902427, 37.324963147717476 ], [ -113.676176463830842, 37.419579493649891 ], [ -113.477658614211705, 37.333793320089661 ], [ -113.471765455104787, 37.153680935754046 ] ] ] } },
{ "type": "Feature", "properties": { "hex_id": 15, "area_km2": 1039.2304845413275 }, "geometry": { "type": "Polygon", "coordinates": [ [ [ -113.081938608822909, 37.161174135477246 ], [ -113.27417338954784, 37.067516432635756 ], [ -113.471765455104787, 37.153680935754046 ], [ -113.477658614211705, 37.333793320089661 ], [ -113.285033247764488, 37.427791883635891 ], [ -113.086904584006874, 37.341335109643289 ], [ -113.081938608822909, 37.161174135477246 ] ] ] } },
{ "type": "Feature", "properties": { "hex_id": 16, "area_km2": 1039.2304845413275 }, "geometry": { "type": "Polygon", "coordinates": [ [ [ -112.691980756431462, 37.167384796074955 ], [ -112.884739009972392, 37.074346216452639 ], [ -113.081938608822909, 37.161174135477246 ], [ -113.086904584006874, 37.341335109643289 ], [ -112.893741801020596, 37.434710832748557 ], [ -112.696017083305136, 37.347586446616589 ], [ -112.691980756431462, 37.167384796074955 ] ] ] } },
{ "type": "Feature", "properties": { "hex_id": 17, "area_km2": 1039.2304845413275 }, "geometry": { "type": "Polygon", "coordinates": [ [ [ -112.301915242134399, 37.172312922548755 ], [ -112.495186405805029, 37.079897702473133 ], [ -112.691980756431462, 37.167384796074955 ], [ -112.696017083305136, 37.347586446616589 ], [ -112.502329355722168, 37.44033539490497 ], [ -112.305021667575915, 37.352547125685966 ], [ -112.301915242134399, 37.172312922548755 ] ] ] } },
{ "type": "Feature", "properties": { "hex_id": 18, "area_km2": 1039.2304845413275 }, "geometry": { "type": "Polygon", "coordinates": [ [ [ -111.911767164794313, 37.175958332288836 ], [ -112.105537882370527, 37.084170433923582 ], [ -112.301915242134399, 37.172312922548755 ], [ -112.305021667575915, 37.352547125685966 ], [ -112.110820463634852, 37.444664430582662 ], [ -111.913942962074699, 37.356215935399881 ], [ -111.911767164794313, 37.175958332288836 ] ] ] } },
{ "type": "Feature", "properties": { "hex_id": 19, "area_km2": 1039.2304845413275 }, "geometry": { "type": "Polygon", "coordinates": [ [ [ -111.521560801038021, 37.178318906212141 ], [ -111.715820613087914, 37.087164158243361 ], [ -111.911767164794313, 37.175958332288836 ], [ -111.913942962074714, 37.356215935399881 ], [ -111.719241037543327, 37.44769660790886 ], [ -111.522805670496723, 37.358591742889196 ], [ -111.521560801038021, 37.178318906212141 ] ] ] } },
{ "type": "Feature", "properties": { "hex_id": 20, "area_km2": 1039.2304845413275 }, "geometry": { "type": "Polygon", "coordinates": [ [ [ -111.131322025113889, 37.179393888372289 ], [ -111.326056748673665, 37.088876471747369 ], [ -111.521560801038021, 37.178318906212141 ], [ -111.522805670496723, 37.358591742889196 ], [ -111.327615402776217, 37.449431006453011 ], [ -111.131635501910125, 37.359673648343616 ], [ -111.131322025113889, 37.179393888372289 ] ] ] } },
{ "type": "Feature", "properties": { "hex_id": 21, "area_km2": 1039.2304845413275 }, "geometry": { "type": "Polygon", "coordinates": [ [ [ -110.74107490741055, 37.179183419450155 ], [ -110.936273917900564, 37.08930710281318 ], [ -111.131322025113889, 37.179393888372289 ], [ -111.131635501910125, 37.359673648343616 ], [ -110.935969025268889, 37.449867617790126 ], [ -110.740456766363423, 37.359462134572155 ], [ -110.74107490741055, 37.179183419450155 ] ] ] } },
{ "type": "Feature", "properties": { "hex_id": 22, "area_km2": 1039.2304845413257 }, "geometry": { "type": "Polygon", "coordinates": [ [ [ -110.350843839847911, 37.177688012835674 ], [ -110.546494136869313, 37.088456691923874 ], [ -110.74107490741055, 37.179183419450155 ], [ -110.740456766363423, 37.359462134572155 ], [ -110.544326490889333, 37.449006670035793 ], [ -110.349294373201531, 37.357957083545102 ], [ -110.350843839847911, 37.177688012835674 ] ] ] } },
{ "type": "Feature", "properties": { "hex_id": 23, "area_km2": 1039.2304845413241 }, "geometry": { "type": "Polygon", "coordinates": [ [ [ -109.96065362237637, 37.174907882850434 ], [ -110.156742963131165, 37.08632585522281 ], [ -110.350843839847911, 37.177688012835674 ], [ -110.349294373201516, 37.357957083545102 ], [ -110.152712728920292, 37.446848008491095 ], [ -109.958173024195517, 37.355158896479288 ], [ -109.96065362237637, 37.174907882850434 ] ] ] } },
{ "type": "Feature", "properties": { "hex_id": 24, "area_km2": 1039.2304845413241 }, "geometry": { "type": "Polygon", "coordinates": [ [ [ -109.570529735471354, 37.170843758255913 ], [ -109.767045288723907, 37.08291494621362 ], [ -109.96065362237637, 37.174907882850434 ], [ -109.958173024195517, 37.355158896479288 ], [ -109.761153322019439, 37.443392539093701 ], [ -109.567118914597074, 37.351068348121821 ], [ -109.570529735471354, 37.170843758255913 ] ] ] } },
{ "type": "Feature", "properties": { "hex_id": 25, "area_km2": 1039.2304845413241 }, "geometry": { "type": "Polygon", "coordinates": [ [ [ -109.18049602190618, 37.165495496542178 ], [ -109.377424750151391, 37.078223944309585 ], [ -109.570529735471354, 37.170843758255913 ], [ -109.56711891459706, 37.351068348121821 ], [ -109.36967372449871, 37.438640024847352 ], [ -109.176156033224345, 37.345684916480621 ], [ -109.18049602190618, 37.165495496542178 ] ] ] } },
{ "type": "Feature", "properties": { "hex_id": 26, "area_km2": 315.2853190084104 }, "geometry": { "type": "Polygon", "coordinates": [ [ [ -109.18049602190618, 37.165495496542178 ], [ -109.176156033224345, 37.345684916480621 ], [ -109.045206102862181, 37.403263625517745 ], [ -109.045809203853835, 37.374994185562812 ], [ -109.045837138067228, 37.359724738004005 ], [ -109.04589725889717, 37.326861392903922 ], [ -109.046037881382347, 37.24999414272618 ], [ -109.045582882132905, 37.249352142011901 ], [ -109.045559084945566, 37.239902986047085 ], [ -109.045485904370494, 37.210845144899686 ], [ -109.04597690893344, 37.201832146547481 ], [ -109.045993922927025, 37.177280148582028 ], [ -109.045645202803797, 37.15017308057184 ], [ -109.045154961890219, 37.112065151962263 ], [ -109.045201961854204, 37.111959152079095 ], [ -109.045171963358271, 37.10946515220386 ], [ -109.04518341125376, 37.100039270271218 ], [ -109.18049602190618, 37.165495496542178 ] ] ] } },
{ "type": "Feature", "properties": { "hex_id": 27, "area_km2": 1005.3875055034737 }, "geometry": { "type": "Polygon", "coordinates": [ [ [ -113.882074637682464, 37.685055005374096 ], [ -113.682617991531032, 37.599655087349937 ], [ -113.676176463830842, 37.419579493649891 ], [ -113.868253684902427, 37.324963147717476 ], [ -114.051814574499176, 37.403531761724402 ], [ -114.051764986247221, 37.418084411269454 ], [ -114.052447989902205, 37.431441432589118 ], [ -114.052618829562789, 37.472342226217449 ], [ -114.052701003526863, 37.492015524425852 ], [ -114.052685001011284, 37.502514541538744 ], [ -114.052717976095607, 37.517265571528263 ], [ -114.052688975048113, 37.51786057267784 ], [ -114.052736936664317, 37.53102961315696 ], [ -114.052961848667096, 37.592784725104714 ], [ -114.052629349738126, 37.600922540146676 ], [ -113.882074637682464, 37.685055005374096 ] ] ] } },
{ "type": "Feature", "properties": { "hex_id": 28, "area_km2": 1039.2304845413275 }, "geometry": { "type": "Polygon", "coordinates": [ [ [ -113.285033247764488, 37.427791883635891 ], [ -113.477658614211705, 37.333793320089661 ], [ -113.676176463830842, 37.419579493649891 ], [ -113.682617991531032, 37.599655087349937 ], [ -113.489603552712254, 37.69399925959582 ], [ -113.290535946799451, 37.607920400369593 ], [ -113.285033247764488, 37.427791883635891 ] ] ] } },
{ "type": "Feature", "properties": { "hex_id": 29, "area_km2": 1039.2304845413275 }, "geometry": { "type": "Polygon", "coordinates": [ [ [ -112.893741801020596, 37.434710832748557 ], [ -113.086904584006874, 37.341335109643289 ], [ -113.285033247764488, 37.427791883635891 ], [ -113.290535946799451, 37.607920400369593 ], [ -113.096969883622165, 37.701639103964482 ], [ -112.898303749513516, 37.614884412004024 ], [ -112.893741801020596, 37.434710832748557 ] ] ] } },
{ "type": "Feature", "properties": { "hex_id": 30, "area_km2": 1039.2304845413275 }, "geometry": { "type": "Polygon", "coordinates": [ [ [ -112.502329355722168, 37.44033539490497 ], [ -112.696017083305136, 37.347586446616589 ], [ -112.893741801020596, 37.434710832748557 ], [ -112.898303749513516, 37.614884412004024 ], [ -112.704199031941599, 37.707972296928403 ], [ -112.505948838290877, 37.620545432288601 ], [ -112.502329355722168, 37.44033539490497 ] ] ] } },
{ "type": "Feature", "properties": { "hex_id": 31, "area_km2": 1039.2304845413275 }, "geometry": { "type": "Polygon", "coordinates": [ [ [ -112.110820463634852, 37.444664430582662 ], [ -112.305021667575915, 37.352547125685966 ], [ -112.502329355722168, 37.44033539490497 ], [ -112.505948838290877, 37.620545432288601 ], [ -112.311317356443396, 37.712997309622885 ], [ -112.113496728908643, 37.624902559440407 ], [ -112.110820463634852, 37.444664430582662 ] ] ] } },
{ "type": "Feature", "properties": { "hex_id": 32, "area_km2": 1039.2304845413275 }, "geometry": { "type": "Polygon", "coordinates": [ [ [ -111.719241037543327, 37.44769660790886 ], [ -111.913942962074699, 37.356215935399881 ], [ -112.110820463634852, 37.444664430582662 ], [ -112.113496728908643, 37.624902559440407 ], [ -111.91835250699981, 37.716714187190789 ], [ -111.720974027888744, 37.627954445268152 ], [ -111.719241037543327, 37.44769660790886 ] ] ] } },
{ "type": "Feature", "properties": { "hex_id": 33, "area_km2": 1039.2304845413275 }, "geometry": { "type": "Polygon", "coordinates": [ [ [ -111.327615402776217, 37.449431006453011 ], [ -111.522805670496723, 37.358591742889196 ], [ -111.719241037543327, 37.44769660790886 ], [ -111.720974027888744, 37.627954445268152 ], [ -111.52532851204974, 37.719120451651683 ], [ -111.328404877223804, 37.629699931166215 ], [ -111.327615402776217, 37.449431006453011 ] ] ] } },
{ "type": "Feature", "properties": { "hex_id": 34, "area_km2": 1039.2304845413275 }, "geometry": { "type": "Polygon", "coordinates": [ [ [ -110.935969025268889, 37.449867617790126 ], [ -111.131635501910125, 37.359673648343616 ], [ -111.327615402776217, 37.449431006453011 ], [ -111.328404877223804, 37.629699931166215 ], [ -111.132270683000939, 37.720216756750936 ], [ -110.935814687367326, 37.630139693388564 ], [ -110.935969025268889, 37.449867617790126 ] ] ] } },
{ "type": "Feature", "properties": { "hex_id": 35, "area_km2": 1039.2304845413257 }, "geometry": { "type": "Polygon", "coordinates": [ [ [ -110.544326490889333, 37.449006670035793 ], [ -110.740456766363423, 37.359462134572155 ], [ -110.935969025268889, 37.449867617790126 ], [ -110.935814687367326, 37.630139693388564 ], [ -110.739204189114346, 37.720002832615627 ], [ -110.543228183116668, 37.629273139068815 ], [ -110.544326490889333, 37.449006670035793 ] ] ] } },
{ "type": "Feature", "properties": { "hex_id": 36, "area_km2": 1039.2304845413241 }, "geometry": { "type": "Polygon", "coordinates": [ [ [ -110.152712728920292, 37.446848008491095 ], [ -110.349294373201516, 37.357957083545102 ], [ -110.544326490889333, 37.449006670035793 ], [ -110.543228183116668, 37.629273139068815 ], [ -110.346153966228414, 37.718478272253634 ], [ -110.150670760959528, 37.627100577816016 ], [ -110.152712728920292, 37.446848008491095 ] ] ] } },
{ "type": "Feature", "properties": { "hex_id": 37, "area_km2": 1039.2304845413241 }, "geometry": { "type": "Polygon", "coordinates": [ [ [ -109.761153322019439, 37.443392539093701 ], [ -109.958173024195517, 37.355158896479288 ], [ -110.152712728920292, 37.446848008491095 ], [ -110.150670760959528, 37.627100577816016 ], [ -109.953145585524425, 37.715643717813066 ], [ -109.758168054216654, 37.623622575300942 ], [ -109.761153322019439, 37.443392539093701 ] ] ] } },
{ "type": "Feature", "properties": { "hex_id": 38, "area_km2": 1039.2304845413241 }, "geometry": { "type": "Polygon", "coordinates": [ [ [ -109.36967372449871, 37.438640024847352 ], [ -109.56711891459706, 37.351068348121821 ], [ -109.761153322019439, 37.443392539093701 ], [ -109.758168054216654, 37.623622575300942 ], [ -109.560205511331986, 37.711499819502805 ], [ -109.365746096405928, 37.61883934620203 ], [ -109.36967372449871, 37.438640024847352 ] ] ] } },
{ "type": "Feature", "properties": { "hex_id": 39, "area_km2": 900.39253416464612 }, "geometry": { "type": "Polygon", "coordinates": [ [ [ -109.176156033224345, 37.345684916480621 ], [ -109.36967372449871, 37.438640024847352 ], [ -109.365746096405928, 37.61883934620203 ], [ -109.167359424313048, 37.706046405930479 ], [ -109.042183049877721, 37.645888998993712 ], [ -109.042088818847745, 37.623796359900119 ], [ -109.04213080455628, 37.617663353168865 ], [ -109.041805774091145, 37.604172337332045 ], [ -109.041864603909517, 37.530727255692995 ], [ -109.041914603647598, 37.530654255713046 ], [ -109.043136530622434, 37.499993223833371 ], [ -109.043460930610593, 37.484821260112909 ], [ -109.045206102862181, 37.403263625517745 ], [ -109.176156033224345, 37.345684916480621 ] ] ] } },
{ "type": "Feature", "properties": { "hex_id": 40, "area_km2": 414.09961267181865 }, "geometry": { "type": "Polygon", "coordinates": [ [ [ -113.889077912212812, 37.865090902291278 ], [ -113.882074637682464, 37.685055005374096 ], [ -114.052629349738126, 37.600922540146676 ], [ -114.052471827639863, 37.604777748664027 ], [ -114.051843309962237, 37.724040415221637 ], [ -114.051727587388285, 37.7459990346889 ], [ -114.051784587056588, 37.746251035248072 ], [ -114.0516695856643, 37.746960036595695 ], [ -114.051108558424048, 37.756278047850309 ], [ -114.049918525002823, 37.76558805508148 ], [ -114.048472372950187, 37.809863092845319 ], [ -114.049676328665171, 37.82364710592784 ], [ -114.049927231763192, 37.852510131502761 ], [ -114.049657133837883, 37.881370156657461 ], [ -114.049992272313077, 37.933389026071282 ], [ -113.889077912212812, 37.865090902291278 ] ] ] } },
{ "type": "Feature", "properties": { "hex_id": 41, "area_km2": 1039.2304845413266 }, "geometry": { "type": "Polygon", "coordinates": [ [ [ -113.489603552712254, 37.69399925959582 ], [ -113.682617991531032, 37.599655087349937 ], [ -113.882074637682464, 37.685055005374096 ], [ -113.889077912212812, 37.865090902291278 ], [ -113.695674935356934, 37.95978684767416 ], [ -113.495656182596278, 37.874093252859048 ], [ -113.489603552712254, 37.69399925959582 ] ] ] } },
{ "type": "Feature", "properties": { "hex_id": 42, "area_km2": 1039.2304845413275 }, "geometry": { "type": "Polygon", "coordinates": [ [ [ -113.096969883622165, 37.701639103964482 ], [ -113.290535946799451, 37.607920400369593 ], [ -113.489603552712254, 37.69399925959582 ], [ -113.495656182596278, 37.874093252859048 ], [ -113.301688126066225, 37.968159709933758 ], [ -113.102069248711715, 37.88178240838144 ], [ -113.096969883622165, 37.701639103964482 ] ] ] } },
{ "type": "Feature", "properties": { "hex_id": 43, "area_km2": 1039.2304845413275 }, "geometry": { "type": "Polygon", "coordinates": [ [ [ -112.704199031941599, 37.707972296928403 ], [ -112.898303749513516, 37.614884412004024 ], [ -113.096969883622165, 37.701639103964482 ], [ -113.102069248711715, 37.88178240838144 ], [ -112.907549323037344, 37.975214001795031 ], [ -112.708344759112435, 37.888156439153725 ], [ -112.704199031941599, 37.707972296928403 ] ] ] } },
{ "type": "Feature", "properties": { "hex_id": 44, "area_km2": 1039.2304845413275 }, "geometry": { "type": "Polygon", "coordinates": [ [ [ -112.311317356443396, 37.712997309622885 ], [ -112.505948838290877, 37.620545432288601 ], [ -112.704199031941599, 37.707972296928403 ], [ -112.708344759112435, 37.888156439153725 ], [ -112.513285752388839, 37.980948461342301 ], [ -112.314508574909269, 37.893214125761205 ], [ -112.311317356443396, 37.712997309622885 ] ] ] } },
{ "type": "Feature", "properties": { "hex_id": 45, "area_km2": 1039.2304845413275 }, "geometry": { "type": "Polygon", "coordinates": [ [ [ -111.91835250699981, 37.716714187190789 ], [ -112.113496728908643, 37.624902559440407 ], [ -112.311317356443396, 37.712997309622885 ], [ -112.314508574909269, 37.893214125761205 ], [ -112.118922923913431, 37.985362102813831 ], [ -111.920587503249337, 37.896954893935231 ], [ -111.91835250699981, 37.716714187190789 ] ] ] } },
{ "type": "Feature", "properties": { "hex_id": 46, "area_km2": 1039.2304845413275 }, "geometry": { "type": "Polygon", "coordinates": [ [ [ -111.52532851204974, 37.719120451651683 ], [ -111.720974027888744, 37.627954445268152 ], [ -111.91835250699981, 37.716714187190789 ], [ -111.920587503249337, 37.896954893935231 ], [ -111.724487240624427, 37.988453355389133 ], [ -111.526607009884941, 37.899376695514576 ], [ -111.52532851204974, 37.719120451651683 ] ] ] } },
{ "type": "Feature", "properties": { "hex_id": 47, "area_km2": 1039.2304845413275 }, "geometry": { "type": "Polygon", "coordinates": [ [ [ -111.132270683000939, 37.720216756750936 ], [ -111.328404877223804, 37.629699931166215 ], [ -111.52532851204974, 37.719120451651683 ], [ -111.526607009884955, 37.899376695514576 ], [ -111.33000491752432, 37.990221197782915 ], [ -111.13259245365019, 37.900479858242832 ], [ -111.132270683000939, 37.720216756750936 ] ] ] } },
{ "type": "Feature", "properties": { "hex_id": 48, "area_km2": 1039.2304845413275 }, "geometry": { "type": "Polygon", "coordinates": [ [ [ -110.739204189114346, 37.720002832615627 ], [ -110.935814687367326, 37.630139693388564 ], [ -111.132270683000939, 37.720216756750936 ], [ -111.13259245365019, 37.900479858242832 ], [ -110.935501953822623, 37.990666958594005 ], [ -110.738569541703058, 37.900264826039091 ], [ -110.739204189114346, 37.720002832615627 ] ] ] } },
{ "type": "Feature", "properties": { "hex_id": 49, "area_km2": 1039.2304845413257 }, "geometry": { "type": "Polygon", "coordinates": [ [ [ -110.346153966228414, 37.718478272253634 ], [ -110.543228183116668, 37.629273139068815 ], [ -110.739204189114346, 37.720002832615627 ], [ -110.738569541703058, 37.900264826039091 ], [ -110.541002156054745, 37.989789560420235 ], [ -110.344562650240874, 37.898730584221816 ], [ -110.346153966228414, 37.718478272253634 ] ] ] } },
{ "type": "Feature", "properties": { "hex_id": 50, "area_km2": 1039.2304845413241 }, "geometry": { "type": "Polygon", "coordinates": [ [ [ -109.953145585524425, 37.715643717813066 ], [ -110.150670760959528, 37.627100577816016 ], [ -110.346153966228414, 37.718478272253634 ], [ -110.344562650240874, 37.898730584221816 ], [ -110.146531880362019, 37.987588998722039 ], [ -109.950598263557112, 37.895877715627158 ], [ -109.953145585524425, 37.715643717813066 ] ] ] } },
{ "type": "Feature", "properties": { "hex_id": 51, "area_km2": 1039.2304845413241 }, "geometry": { "type": "Polygon", "coordinates": [ [ [ -109.560205511331986, 37.711499819502805 ], [ -109.758168054216654, 37.623622575300942 ], [ -109.953145585524425, 37.715643717813066 ], [ -109.950598263557112, 37.895877715627158 ], [ -109.75211741539718, 37.984065546758842 ], [ -109.556702178939958, 37.891706900837221 ], [ -109.560205511331986, 37.711499819502805 ] ] ] } },
{ "type": "Feature", "properties": { "hex_id": 52, "area_km2": 1039.2304845413241 }, "geometry": { "type": "Polygon", "coordinates": [ [ [ -109.167359424313048, 37.706046405930479 ], [ -109.365746096405928, 37.61883934620203 ], [ -109.560205511331986, 37.711499819502805 ], [ -109.556702178939958, 37.891706900837221 ], [ -109.357784560731588, 37.979220280837268 ], [ -109.162901638643561, 37.886218260907469 ], [ -109.167359424313048, 37.706046405930479 ] ] ] } },
{ "type": "Feature", "properties": { "hex_id": 53, "area_km2": 285.63259430628869 }, "geometry": { "type": "Polygon", "coordinates": [ [ [ -109.167359424313048, 37.706046405930479 ], [ -109.162901638643561, 37.886218260907469 ], [ -109.042033610093284, 37.938935776910562 ], [ -109.041058098423946, 37.907237959204046 ], [ -109.041654782255534, 37.881087049862877 ], [ -109.041844098823688, 37.872789859387915 ], [ -109.041723102484539, 37.842052769111739 ], [ -109.041754103017155, 37.835827750941135 ], [ -109.041461107748859, 37.800106645510816 ], [ -109.042098110824583, 37.749991500611316 ], [ -109.041636089639795, 37.740211488223991 ], [ -109.041760026657414, 37.713183458541906 ], [ -109.04173202218233, 37.711215456266302 ], [ -109.042268916179822, 37.666068407527526 ], [ -109.042183049877721, 37.645888998993712 ], [ -109.167359424313048, 37.706046405930479 ] ] ] } },
{ "type": "Feature", "properties": { "hex_id": 54, "area_km2": 955.11153286459773 }, "geometry": { "type": "Polygon", "coordinates": [ [ [ -113.903273475191085, 38.225142375650094 ], [ -113.702290621953807, 38.139842692995941 ], [ -113.695674935356934, 37.95978684767416 ], [ -113.889077912212812, 37.865090902291278 ], [ -114.049992272313077, 37.933389026071282 ], [ -114.05004678513744, 37.941806810645296 ], [ -114.050421735490872, 37.999963261527419 ], [ -114.049902188055142, 38.148603209360637 ], [ -114.049902564208139, 38.148765235974956 ], [ -114.049912802882773, 38.153268214888733 ], [ -113.903273475191085, 38.225142375650094 ] ] ] } },
{ "type": "Feature", "properties": { "hex_id": 55, "area_km2": 1039.2304845413275 }, "geometry": { "type": "Polygon", "coordinates": [ [ [ -113.301688126066225, 37.968159709933758 ], [ -113.495656182596278, 37.874093252859048 ], [ -113.695674935356934, 37.95978684767416 ], [ -113.702290621953807, 38.139842692995941 ], [ -113.507922737211132, 38.234261583200862 ], [ -113.307338913918855, 38.148269812889993 ], [ -113.301688126066225, 37.968159709933758 ] ] ] } },
{ "type": "Feature", "properties": { "hex_id": 56, "area_km2": 1039.2304845413275 }, "geometry": { "type": "Polygon", "coordinates": [ [ [ -112.907549323037344, 37.975214001795031 ], [ -113.102069248711715, 37.88178240838144 ], [ -113.301688126066225, 37.968159709933758 ], [ -113.307338913918855, 38.148269812889993 ], [ -113.112405357902915, 38.242050420953824 ], [ -112.91223430926199, 38.155369726891067 ], [ -112.907549323037344, 37.975214001795031 ] ] ] } },
{ "type": "Feature", "properties": { "hex_id": 57, "area_km2": 1039.2304845413275 }, "geometry": { "type": "Polygon", "coordinates": [ [ [ -112.513285752388839, 37.980948461342301 ], [ -112.708344759112435, 37.888156439153725 ], [ -112.907549323037344, 37.975214001795031 ], [ -112.91223430926199, 38.155369726891067 ], [ -112.716748154408577, 38.248507159267831 ], [ -112.517003788658343, 38.161141570187986 ], [ -112.513285752388839, 37.980948461342301 ] ] ] } },
{ "type": "Feature", "properties": { "hex_id": 58, "area_km2": 1039.2304845413275 }, "geometry": { "type": "Polygon", "coordinates": [ [ [ -112.118922923913431, 37.985362102813831 ], [ -112.314508574909269, 37.893214125761205 ], [ -112.513285752388839, 37.980948461342301 ], [ -112.517003788658343, 38.161141570187986 ], [ -112.320977133992756, 38.253630624090817 ], [ -112.121672872427538, 38.165583379290041 ], [ -112.118922923913431, 37.985362102813831 ] ] ] } },
{ "type": "Feature", "properties": { "hex_id": 59, "area_km2": 1039.2304845413275 }, "geometry": { "type": "Polygon", "coordinates": [ [ [ -111.724487240624427, 37.988453355389133 ], [ -111.920587503249337, 37.896954893935231 ], [ -112.118922923913431, 37.985362102813831 ], [ -112.121672872427538, 38.165583379290041 ], [ -111.925118550338652, 38.257419459649185 ], [ -111.726268550388156, 38.168694638204776 ], [ -111.724487240624427, 37.988453355389133 ] ] ] } },
{ "type": "Feature", "properties": { "hex_id": 60, "area_km2": 1039.2304845413275 }, "geometry": { "type": "Polygon", "coordinates": [ [ [ -111.33000491752432, 37.990221197782915 ], [ -111.526607009884941, 37.899376695514576 ], [ -111.724487240624427, 37.988453355389133 ], [ -111.726268550388156, 38.168694638204776 ], [ -111.529200098015039, 38.25987332565785 ], [ -111.330816810550274, 38.170474221230677 ], [ -111.33000491752432, 37.990221197782915 ] ] ] } },
{ "type": "Feature", "properties": { "hex_id": 61, "area_km2": 1039.2304845413275 }, "geometry": { "type": "Polygon", "coordinates": [ [ [ -110.935501953822623, 37.990666958594005 ], [ -111.13259245365019, 37.900479858242832 ], [ -111.33000491752432, 37.990221197782915 ], [ -111.330816810550274, 38.170474221230677 ], [ -111.133246048614481, 38.260990316762857 ], [ -110.935344078421707, 38.170922576789224 ], [ -110.935501953822623, 37.990666958594005 ] ] ] } },
{ "type": "Feature", "properties": { "hex_id": 62, "area_km2": 1039.2304845413257 }, "geometry": { "type": "Polygon", "coordinates": [ [ [ -110.541002156054745, 37.989789560420235 ], [ -110.738569541703058, 37.900264826039091 ], [ -110.935501953822623, 37.990666958594005 ], [ -110.935344078421707, 38.170922576789224 ], [ -110.737283534207293, 38.260772463731492 ], [ -110.539874349205618, 38.170039519835065 ], [ -110.541002156054745, 37.989789560420235 ] ] ] } },
{ "type": "Feature", "properties": { "hex_id": 63, "area_km2": 1039.2304845413241 }, "geometry": { "type": "Polygon", "coordinates": [ [ [ -110.146531880362019, 37.987588998722039 ], [ -110.344562650240874, 37.898730584221816 ], [ -110.541002156054745, 37.989789560420235 ], [ -110.539874349205618, 38.170039519835065 ], [ -110.341337359802367, 38.259218523253885 ], [ -110.14443470060597, 38.167824848622537 ], [ -110.146531880362019, 37.987588998722039 ] ] ] } },
{ "type": "Feature", "properties": { "hex_id": 64, "area_km2": 1039.2304845413241 }, "geometry": { "type": "Polygon", "coordinates": [ [ [ -109.75211741539718, 37.984065546758842 ], [ -109.950598263557112, 37.895877715627158 ], [ -110.146531880362019, 37.987588998722039 ], [ -110.14443470060597, 38.167824848622537 ], [ -109.945434997861128, 38.256328819933962 ], [ -109.749051437876616, 38.164278700142013 ], [ -109.75211741539718, 37.984065546758842 ] ] ] } },
{ "type": "Feature", "properties": { "hex_id": 65, "area_km2": 1039.2304845413241 }, "geometry": { "type": "Polygon", "coordinates": [ [ [ -109.357784560731588, 37.979220280837268 ], [ -109.556702178939958, 37.891706900837221 ], [ -109.75211741539718, 37.984065546758842 ], [ -109.749051437876602, 38.164278700142013 ], [ -109.549602212972985, 38.252103721327714 ], [ -109.353750845638942, 38.159401949841936 ], [ -109.357784560731588, 37.979220280837268 ] ] ] } },
{ "type": "Feature", "properties": { "hex_id": 66, "area_km2": 866.44245203898902 }, "geometry": { "type": "Polygon", "coordinates": [ [ [ -109.162901638643561, 37.886218260907469 ], [ -109.357784560731588, 37.979220280837268 ], [ -109.353750845638942, 38.159401949841936 ], [ -109.153866249535398, 38.246543874462347 ], [ -109.046688968413619, 38.195386239193894 ], [ -109.041762115425669, 38.164692279276402 ], [ -109.041836689214335, 38.153034366356415 ], [ -109.042820081120581, 37.999303230127289 ], [ -109.042819081370808, 37.997070223613939 ], [ -109.043121082536118, 37.974262157253243 ], [ -109.042033610093284, 37.938935776910562 ], [ -109.162901638643561, 37.886218260907469 ] ] ] } },
{ "type": "Feature", "properties": { "hex_id": 67, "area_km2": 341.23234963845152 }, "geometry": { "type": "Polygon", "coordinates": [ [ [ -113.910466852527691, 38.405157963236327 ], [ -113.903273475191085, 38.225142375650094 ], [ -114.049912802882773, 38.153268214888733 ], [ -114.050137497331917, 38.249962174112042 ], [ -114.049416513327699, 38.264702152355241 ], [ -114.050119650474386, 38.40453794702222 ], [ -114.050090650745574, 38.404674946846512 ], [ -114.050334974126557, 38.464014604373887 ], [ -113.910466852527691, 38.405157963236327 ] ] ] } },
{ "type": "Feature", "properties": { "hex_id": 68, "area_km2": 1039.2304845413266 }, "geometry": { "type": "Polygon", "coordinates": [ [ [ -113.507922737211132, 38.234261583200862 ], [ -113.702290621953807, 38.139842692995941 ], [ -113.903273475191085, 38.225142375650094 ], [ -113.910466852527691, 38.405157963236327 ], [ -113.715700447797445, 38.499934645479271 ], [ -113.514138772609172, 38.414336004872354 ], [ -113.507922737211132, 38.234261583200862 ] ] ] } },
{ "type": "Feature", "properties": { "hex_id": 69, "area_km2": 1039.2304845413275 }, "geometry": { "type": "Polygon", "coordinates": [ [ [ -113.112405357902915, 38.242050420953824 ], [ -113.307338913918855, 38.148269812889993 ], [ -113.507922737211146, 38.234261583200862 ], [ -113.514138772609172, 38.414336004872354 ], [ -113.318792914566743, 38.508471107577272 ], [ -113.117642873147432, 38.422175249023788 ], [ -113.112405357902915, 38.242050420953824 ] ] ] } },
{ "type": "Feature", "properties": { "hex_id": 70, "area_km2": 1039.2304845413275 }, "geometry": { "type": "Polygon", "coordinates": [ [ [ -112.716748154408577, 38.248507159267831 ], [ -112.91223430926199, 38.155369726891067 ], [ -113.112405357902915, 38.242050420953824 ], [ -113.117642873147432, 38.422175249023788 ], [ -112.92173053520753, 38.515663156724536 ], [ -112.721006704630554, 38.428673437355719 ], [ -112.716748154408577, 38.248507159267831 ] ] ] } },
{ "type": "Feature", "properties": { "hex_id": 71, "area_km2": 1039.2304845413275 }, "geometry": { "type": "Polygon", "coordinates": [ [ [ -112.320977133992756, 38.253630624090817 ], [ -112.517003788658343, 38.161141570187986 ], [ -112.716748154408577, 38.248507159267831 ], [ -112.721006704630554, 38.428673437355719 ], [ -112.524540284852648, 38.521509369948184 ], [ -112.324254791382316, 38.433829944826549 ], [ -112.320977133992756, 38.253630624090817 ] ] ] } },
{ "type": "Feature", "properties": { "hex_id": 72, "area_km2": 1039.2304845413275 }, "geometry": { "type": "Polygon", "coordinates": [ [ [ -111.925118550338652, 38.257419459649185 ], [ -112.121672872427538, 38.165583379290041 ], [ -112.320977133992756, 38.253630624090817 ], [ -112.324254791382316, 38.433829944826549 ], [ -112.127245888741996, 38.526008741548814 ], [ -111.927413459830049, 38.437643247094613 ], [ -111.925118550338652, 38.257419459649185 ] ] ] } },
{ "type": "Feature", "properties": { "hex_id": 73, "area_km2": 1039.2304845413275 }, "geometry": { "type": "Polygon", "coordinates": [ [ [ -111.529200098015039, 38.25987332565785 ], [ -111.726268550388156, 38.168694638204776 ], [ -111.925118550338652, 38.257419459649185 ], [ -111.927413459830063, 38.437643247094613 ], [ -111.729878560637928, 38.529159978692299 ], [ -111.5305137765327, 38.440112958694009 ], [ -111.529200098015039, 38.25987332565785 ] ] ] } },
{ "type": "Feature", "properties": { "hex_id": 74, "area_km2": 1039.2304845413275 }, "geometry": { "type": "Polygon", "coordinates": [ [ [ -111.133246048614481, 38.260990316762857 ], [ -111.330816810550274, 38.170474221230677 ], [ -111.529200098015039, 38.25987332565785 ], [ -111.5305137765327, 38.440112958694009 ], [ -111.332462221584194, 38.530963591941052 ], [ -111.133577273775984, 38.441237677997755 ], [ -111.133246048614481, 38.260990316762857 ] ] ] } },
{ "type": "Feature", "properties": { "hex_id": 75, "area_km2": 1039.2304845413275 }, "geometry": { "type": "Polygon", "coordinates": [ [ [ -110.737283534207293, 38.260772463731492 ], [ -110.935344078421707, 38.170922576789224 ], [ -111.133246048614481, 38.260990316762857 ], [ -111.133577273775984, 38.441237677997755 ], [ -110.935023275120983, 38.531417585770342 ], [ -110.736631612033136, 38.441018047530399 ], [ -110.737283534207293, 38.260772463731492 ] ] ] } },
{ "type": "Feature", "properties": { "hex_id": 76, "area_km2": 1039.2304845413257 }, "geometry": { "type": "Polygon", "coordinates": [ [ [ -110.341337359802367, 38.259218523253885 ], [ -110.539874349205618, 38.170039519835065 ], [ -110.737283534207307, 38.260772463731492 ], [ -110.736631612033136, 38.441018047530399 ], [ -110.53758818595783, 38.53052282207819 ], [ -110.339703170462627, 38.439454046117064 ], [ -110.341337359802367, 38.259218523253885 ] ] ] } },
{ "type": "Feature", "properties": { "hex_id": 77, "area_km2": 1039.2304845413241 }, "geometry": { "type": "Polygon", "coordinates": [ [ [ -109.945434997861128, 38.256328819933962 ], [ -110.14443470060597, 38.167824848622537 ], [ -110.341337359802367, 38.259218523253885 ], [ -110.339703170462627, 38.439454046117064 ], [ -110.140183804562227, 38.528279433792726 ], [ -109.94281840302115, 38.436545760289505 ], [ -109.945434997861128, 38.256328819933962 ] ] ] } },
{ "type": "Feature", "properties": { "hex_id": 78, "area_km2": 1039.2304845413241 }, "geometry": { "type": "Polygon", "coordinates": [ [ [ -109.549602212972985, 38.252103721327714 ], [ -109.749051437876616, 38.164278700142013 ], [ -109.945434997861128, 38.256328819933962 ], [ -109.94281840302115, 38.436545760289505 ], [ -109.742836755076709, 38.524687658613828 ], [ -109.546004408964436, 38.432293500058982 ], [ -109.549602212972985, 38.252103721327714 ] ] ] } },
{ "type": "Feature", "properties": { "hex_id": 79, "area_km2": 1039.2304845413241 }, "geometry": { "type": "Polygon", "coordinates": [ [ [ -109.153866249535398, 38.246543874462347 ], [ -109.353750845638942, 38.159401949841936 ], [ -109.549602212972985, 38.252103721327714 ], [ -109.546004408964436, 38.432293500058982 ], [ -109.345573977671208, 38.519747048465575 ], [ -109.149287445067671, 38.426697045878903 ], [ -109.153866249535398, 38.246543874462347 ] ] ] } },
{ "type": "Feature", "properties": { "hex_id": 80, "area_km2": 202.06743599135669 }, "geometry": { "type": "Polygon", "coordinates": [ [ [ -109.153866249535398, 38.246543874462347 ], [ -109.149287445067671, 38.426697045878903 ], [ -109.059979499291728, 38.465342826625601 ], [ -109.060062090505667, 38.275491286636779 ], [ -109.054648101027595, 38.244923322199277 ], [ -109.046688968413619, 38.195386239193894 ], [ -109.153866249535398, 38.246543874462347 ] ] ] } },
{ "type": "Feature", "properties": { "hex_id": 81, "area_km2": 904.30214498893372 }, "geometry": { "type": "Polygon", "coordinates": [ [ [ -113.92504932614213, 38.765170216488904 ], [ -113.722495872140072, 38.679971096172892 ], [ -113.715700447797445, 38.499934645479271 ], [ -113.910466852527691, 38.405157963236327 ], [ -114.050334974126557, 38.464014604373887 ], [ -114.050484742529335, 38.499956806226599 ], [ -114.049834183732713, 38.543785997608808 ], [ -114.04986222319387, 38.547766014844925 ], [ -114.050154471197729, 38.572922123341037 ], [ -114.05015433062168, 38.572976581878841 ], [ -114.049884863645431, 38.677367578241359 ], [ -114.049814764097135, 38.704413445061647 ], [ -113.92504932614213, 38.765170216488904 ] ] ] } },
{ "type": "Feature", "properties": { "hex_id": 82, "area_km2": 1039.2304845413275 }, "geometry": { "type": "Polygon", "coordinates": [ [ [ -113.318792914566743, 38.508471107577272 ], [ -113.514138772609172, 38.414336004872354 ], [ -113.715700447797445, 38.499934645479271 ], [ -113.722495872140072, 38.679971096172892 ], [ -113.526738995272765, 38.774465734637189 ], [ -113.324597424274756, 38.688562338111076 ], [ -113.318792914566743, 38.508471107577272 ] ] ] } },
{ "type": "Feature", "properties": { "hex_id": 83, "area_km2": 1039.2304845413275 }, "geometry": { "type": "Polygon", "coordinates": [ [ [ -112.92173053520753, 38.515663156724536 ], [ -113.117642873147432, 38.422175249023788 ], [ -113.318792914566743, 38.508471107577272 ], [ -113.324597424274756, 38.688562338111076 ], [ -113.128260119768655, 38.782406109862293 ], [ -112.926542874493322, 38.69580063236333 ], [ -112.92173053520753, 38.515663156724536 ] ] ] } },
{ "type": "Feature", "properties": { "hex_id": 84, "area_km2": 1039.2304845413275 }, "geometry": { "type": "Polygon", "coordinates": [ [ [ -112.524540284852648, 38.521509369948184 ], [ -112.721006704630554, 38.428673437355719 ], [ -112.92173053520753, 38.515663156724536 ], [ -112.926542874493322, 38.69580063236333 ], [ -112.729638391276339, 38.788988464686327 ], [ -112.52835927830634, 38.701684549389896 ], [ -112.524540284852648, 38.521509369948184 ] ] ] } },
{ "type": "Feature", "properties": { "hex_id": 85, "area_km2": 1039.2304845413275 }, "geometry": { "type": "Polygon", "coordinates": [ [ [ -112.127245888741996, 38.526008741548814 ], [ -112.324254791382316, 38.433829944826549 ], [ -112.524540284852648, 38.521509369948184 ], [ -112.52835927830634, 38.701684549389896 ], [ -112.33089866304141, 38.794211436546902 ], [ -112.130071244270525, 38.706212784358151 ], [ -112.127245888741996, 38.526008741548814 ] ] ] } },
{ "type": "Feature", "properties": { "hex_id": 86, "area_km2": 1039.2304845413275 }, "geometry": { "type": "Polygon", "coordinates": [ [ [ -111.729878560637928, 38.529159978692299 ], [ -111.927413459830049, 38.437643247094613 ], [ -112.127245888741996, 38.526008741548814 ], [ -112.130071244270525, 38.706212784358151 ], [ -111.932068761600604, 38.798073694446899 ], [ -111.731707802999338, 38.709383817657439 ], [ -111.729878560637928, 38.529159978692299 ] ] ] } },
{ "type": "Feature", "properties": { "hex_id": 87, "area_km2": 1039.2304845413275 }, "geometry": { "type": "Polygon", "coordinates": [ [ [ -111.332462221584194, 38.530963591941052 ], [ -111.5305137765327, 38.440112958694009 ], [ -111.729878560637928, 38.529159978692299 ], [ -111.731707802999338, 38.709383817657439 ], [ -111.533175983551232, 38.80057532695443 ], [ -111.333295369077319, 38.711199619362894 ], [ -111.332462221584194, 38.530963591941052 ] ] ] } },
{ "type": "Feature", "properties": { "hex_id": 88, "area_km2": 1039.2304845413275 }, "geometry": { "type": "Polygon", "coordinates": [ [ [ -110.935023275120983, 38.531417585770342 ], [ -111.133577273775984, 38.441237677997755 ], [ -111.332462221584194, 38.530963591941052 ], [ -111.333295369077319, 38.711199619362894 ], [ -111.134247888159379, 38.80171498308232 ], [ -110.93486049975084, 38.711656567971211 ], [ -110.935023275120983, 38.531417585770342 ] ] ] } },
{ "type": "Feature", "properties": { "hex_id": 89, "area_km2": 1039.2304845413257 }, "geometry": { "type": "Polygon", "coordinates": [ [ [ -110.53758818595783, 38.53052282207819 ], [ -110.736631612033136, 38.441018047530399 ], [ -110.935023275120983, 38.531417585770342 ], [ -110.93486049975084, 38.711656567971211 ], [ -110.735310298942153, 38.801492387038344 ], [ -110.536429508492731, 38.710756123794731 ], [ -110.53758818595783, 38.53052282207819 ] ] ] } },
{ "type": "Feature", "properties": { "hex_id": 90, "area_km2": 1039.2304845413241 }, "geometry": { "type": "Polygon", "coordinates": [ [ [ -110.140183804562227, 38.528279433792726 ], [ -110.339703170462627, 38.439454046117064 ], [ -110.53758818595783, 38.53052282207819 ], [ -110.536429508492731, 38.710756123794731 ], [ -110.336390353512371, 38.799908293287331 ], [ -110.138029780222354, 38.70849816814939 ], [ -110.140183804562227, 38.528279433792726 ] ] ] } },
{ "type": "Feature", "properties": { "hex_id": 91, "area_km2": 1039.2304845413241 }, "geometry": { "type": "Polygon", "coordinates": [ [ [ -109.742836755076709, 38.524687658613828 ], [ -109.94281840302115, 38.436545760289505 ], [ -110.140183804562227, 38.528279433792726 ], [ -110.13802978022234, 38.70849816814939 ], [ -109.937515120483809, 38.796962172197233 ], [ -109.739687530712075, 38.704883144403951 ], [ -109.742836755076709, 38.524687658613828 ] ] ] } },
{ "type": "Feature", "properties": { "hex_id": 92, "area_km2": 1039.2304845413241 }, "geometry": { "type": "Polygon", "coordinates": [ [ [ -109.345573977671208, 38.519747048465575 ], [ -109.546004408964436, 38.432293500058982 ], [ -109.742836755076709, 38.524687658613828 ], [ -109.739687530712075, 38.704883144403951 ], [ -109.538712364698, 38.792655761186701 ], [ -109.341431256235168, 38.699911912840378 ], [ -109.345573977671208, 38.519747048465575 ] ] ] } },
{ "type": "Feature", "properties": { "hex_id": 93, "area_km2": 783.44456448045923 }, "geometry": { "type": "Polygon", "coordinates": [ [ [ -109.149287445067671, 38.426697045878903 ], [ -109.345573977671208, 38.519747048465575 ], [ -109.341431256235168, 38.699911912840378 ], [ -109.140007532598091, 38.78698767798744 ], [ -109.05872843645723, 38.748464043732717 ], [ -109.059541539675465, 38.71989018620156 ], [ -109.060253291807413, 38.599330022410442 ], [ -109.059962210394687, 38.500030342308477 ], [ -109.059962088889023, 38.499988882747161 ], [ -109.059979499291728, 38.465342826625601 ], [ -109.149287445067671, 38.426697045878903 ] ] ] } },
{ "type": "Feature", "properties": { "hex_id": 94, "area_km2": 273.19892269554299 }, "geometry": { "type": "Polygon", "coordinates": [ [ [ -113.932435543998537, 38.945164850343851 ], [ -113.92504932614213, 38.765170216488904 ], [ -114.049814764097135, 38.704413445061647 ], [ -114.04975103533782, 38.729212804451542 ], [ -114.049170253223494, 38.749953898412954 ], [ -114.049465644173836, 38.874951082897525 ], [ -114.049134785072496, 38.993845197939201 ], [ -113.932435543998537, 38.945164850343851 ] ] ] } },
{ "type": "Feature", "properties": { "hex_id": 95, "area_km2": 1039.2304845413266 }, "geometry": { "type": "Polygon", "coordinates": [ [ [ -113.526738995272765, 38.774465734637189 ], [ -113.722495872140072, 38.679971096172892 ], [ -113.92504932614213, 38.765170216488904 ], [ -113.932435543998537, 38.945164850343851 ], [ -113.736269441434544, 39.040024024690986 ], [ -113.533124219969494, 38.954520941201501 ], [ -113.526738995272765, 38.774465734637189 ] ] ] } },
{ "type": "Feature", "properties": { "hex_id": 96, "area_km2": 1039.2304845413275 }, "geometry": { "type": "Polygon", "coordinates": [ [ [ -113.128260119768655, 38.782406109862293 ], [ -113.324597424274756, 38.688562338111076 ], [ -113.526738995272765, 38.774465734637189 ], [ -113.533124219969508, 38.954520941201501 ], [ -113.336363745843883, 39.048725729029712 ], [ -113.13364088548559, 38.962512280387358 ], [ -113.128260119768655, 38.782406109862293 ] ] ] } },
{ "type": "Feature", "properties": { "hex_id": 97, "area_km2": 1039.2304845413275 }, "geometry": { "type": "Polygon", "coordinates": [ [ [ -112.729638391276339, 38.788988464686327 ], [ -112.926542874493322, 38.69580063236333 ], [ -113.128260119768655, 38.782406109862293 ], [ -113.13364088548559, 38.962512280387358 ], [ -112.936298297461335, 39.056057521707267 ], [ -112.734012384871292, 38.969137165202952 ], [ -112.729638391276339, 38.788988464686327 ] ] ] } },
{ "type": "Feature", "properties": { "hex_id": 98, "area_km2": 1039.2304845413275 }, "geometry": { "type": "Polygon", "coordinates": [ [ [ -112.33089866304141, 38.794211436546902 ], [ -112.52835927830634, 38.701684549389896 ], [ -112.729638391276339, 38.788988464686327 ], [ -112.734012384871292, 38.969137165202952 ], [ -112.536100200104983, 39.062017428504042 ], [ -112.334265306249293, 38.974393602848693 ], [ -112.33089866304141, 38.794211436546902 ] ] ] } },
{ "type": "Feature", "properties": { "hex_id": 99, "area_km2": 1039.2304845413275 }, "geometry": { "type": "Polygon", "coordinates": [ [ [ -111.932068761600604, 38.798073694446899 ], [ -112.130071244270525, 38.706212784358151 ], [ -112.33089866304141, 38.794211436546902 ], [ -112.334265306249293, 38.974393602848693 ], [ -112.135796870377959, 39.066604294879866 ], [ -111.934427476565119, 38.978281278863527 ], [ -111.932068761600604, 38.798073694446899 ] ] ] } },
{ "type": "Feature", "properties": { "hex_id": 100, "area_km2": 1039.2304845413275 }, "geometry": { "type": "Polygon", "coordinates": [ [ [ -111.533175983551232, 38.80057532695443 ], [ -111.731707802999338, 38.709383817657439 ], [ -111.932068761600604, 38.798073694446899 ], [ -111.934427476565119, 38.978281278863527 ], [ -111.735415715260416, 39.069816911497682 ], [ -111.534525216193302, 38.980798369396673 ], [ -111.533175983551232, 38.80057532695443 ] ] ] } },
{ "type": "Feature", "properties": { "hex_id": 101, "area_km2": 1039.2304845413275 }, "geometry": { "type": "Polygon", "coordinates": [ [ [ -111.134247888159379, 38.80171498308232 ], [ -111.333295369077319, 38.711199619362894 ], [ -111.533175983551232, 38.80057532695443 ], [ -111.534525216193302, 38.980798369396673 ], [ -111.334984402876287, 39.071654686147838 ], [ -111.134587701660251, 38.981944992848241 ], [ -111.134247888159379, 38.80171498308232 ] ] ] } },
{ "type": "Feature", "properties": { "hex_id": 102, "area_km2": 1039.2304845413275 }, "geometry": { "type": "Polygon", "coordinates": [ [ [ -110.735310298942153, 38.801492387038344 ], [ -110.93486049975084, 38.711656567971211 ], [ -111.134247888159379, 38.80171498308232 ], [ -111.134587701660251, 38.981944992848241 ], [ -110.9345306729264, 39.072117511038833 ], [ -110.734640791163244, 38.981721139238964 ], [ -110.735310298942153, 38.801492387038344 ] ] ] } },
{ "type": "Feature", "properties": { "hex_id": 103, "area_km2": 1039.2304845413257 }, "geometry": { "type": "Polygon", "coordinates": [ [ [ -110.336390353512371, 38.799908293287331 ], [ -110.536429508492731, 38.710756123794731 ], [ -110.735310298942153, 38.801492387038344 ], [ -110.734640791163244, 38.981721139238964 ], [ -110.534081128800551, 39.071205804617549 ], [ -110.334711676568475, 38.980127023343556 ], [ -110.336390353512371, 38.799908293287331 ] ] ] } },
{ "type": "Feature", "properties": { "hex_id": 104, "area_km2": 1039.2304845413241 }, "geometry": { "type": "Polygon", "coordinates": [ [ [ -109.937515120483809, 38.796962172197233 ], [ -110.138029780222354, 38.70849816814939 ], [ -110.336390353512371, 38.799908293287331 ], [ -110.334711676568475, 38.980127023343556 ], [ -110.133663523355196, 39.068919985354945 ], [ -109.934827857153977, 38.977161723303411 ], [ -109.937515120483809, 38.796962172197233 ] ] ] } },
{ "type": "Feature", "properties": { "hex_id": 105, "area_km2": 1039.2304845413241 }, "geometry": { "type": "Polygon", "coordinates": [ [ [ -109.538712364698, 38.792655761186701 ], [ -109.739687530712075, 38.704883144403951 ], [ -109.937515120483809, 38.796962172197233 ], [ -109.934827857153962, 38.977161723303411 ], [ -109.733305500779821, 39.065258423788968 ], [ -109.535017953986113, 38.972828660606069 ], [ -109.538712364698, 38.792655761186701 ] ] ] } },
{ "type": "Feature", "properties": { "hex_id": 106, "area_km2": 1039.2304845413241 }, "geometry": { "type": "Polygon", "coordinates": [ [ [ -109.140007532598091, 38.78698767798744 ], [ -109.341431256235168, 38.699911912840378 ], [ -109.538712364698, 38.792655761186701 ], [ -109.535017953986113, 38.972828660606069 ], [ -109.333033374655514, 39.060224011777436 ], [ -109.135304987937602, 38.967125732926071 ], [ -109.140007532598091, 38.78698767798744 ] ] ] } },
{ "type": "Feature", "properties": { "hex_id": 107, "area_km2": 173.26141898195675 }, "geometry": { "type": "Polygon", "coordinates": [ [ [ -109.140007532598091, 38.78698767798744 ], [ -109.135304987937602, 38.967125732926071 ], [ -109.052417549602112, 39.00269134716423 ], [ -109.052437314361896, 38.999991298792402 ], [ -109.053293151261983, 38.942883357100968 ], [ -109.053234150005665, 38.942472350058331 ], [ -109.05379804368927, 38.905288738315456 ], [ -109.053944041353972, 38.904418724712464 ], [ -109.054189956901723, 38.874988240243496 ], [ -109.057388730736662, 38.795458953798736 ], [ -109.05872843645723, 38.748464043732717 ], [ -109.140007532598091, 38.78698767798744 ] ] ] } },
{ "type": "Feature", "properties": { "hex_id": 108, "area_km2": 845.18650562822518 }, "geometry": { "type": "Polygon", "coordinates": [ [ [ -113.947411880835901, 39.30513543531741 ], [ -113.743249764844109, 39.220040328446672 ], [ -113.736269441434544, 39.040024024690986 ], [ -113.932435543998537, 38.945164850343851 ], [ -114.049134785072496, 38.993845197939201 ], [ -114.049103045913242, 39.005510266947937 ], [ -114.048424365550161, 39.256272154294358 ], [ -113.947411880835901, 39.30513543531741 ] ] ] } },
{ "type": "Feature", "properties": { "hex_id": 109, "area_km2": 1039.2304845413275 }, "geometry": { "type": "Polygon", "coordinates": [ [ [ -113.336363745843883, 39.048725729029712 ], [ -113.533124219969494, 38.954520941201501 ], [ -113.736269441434544, 39.040024024690986 ], [ -113.743249764844109, 39.220040328446672 ], [ -113.546067344976905, 39.31461169436492 ], [ -113.342326153651996, 39.228797668660768 ], [ -113.336363745843883, 39.048725729029712 ] ] ] } },
{ "type": "Feature", "properties": { "hex_id": 110, "area_km2": 1039.2304845413275 }, "geometry": { "type": "Polygon", "coordinates": [ [ [ -112.936298297461335, 39.056057521707267 ], [ -113.13364088548559, 38.962512280387358 ], [ -113.336363745843883, 39.048725729029712 ], [ -113.342326153651996, 39.228797668660768 ], [ -113.144547430203474, 39.322705742365009 ], [ -112.941241829446597, 39.236176594806764 ], [ -112.936298297461335, 39.056057521707267 ] ] ] } },
{ "type": "Feature", "properties": { "hex_id": 111, "area_km2": 1039.2304845413275 }, "geometry": { "type": "Polygon", "coordinates": [ [ [ -112.536100200104983, 39.062017428504042 ], [ -112.734012384871292, 38.969137165202952 ], [ -112.936298297461335, 39.056057521707267 ], [ -112.941241829446597, 39.236176594806764 ], [ -112.742879284630973, 39.32941606949403 ], [ -112.540023024246111, 39.242174880012399 ], [ -112.536100200104983, 39.062017428504042 ] ] ] } },
{ "type": "Feature", "properties": { "hex_id": 112, "area_km2": 1039.2304845413275 }, "geometry": { "type": "Polygon", "coordinates": [ [ [ -112.135796870377945, 39.066604294879866 ], [ -112.334265306249293, 38.974393602848693 ], [ -112.536100200104983, 39.062017428504042 ], [ -112.540023024246111, 39.242174880012399 ], [ -112.341089541360304, 39.334740237555643 ], [ -112.138697732477794, 39.246791085272854 ], [ -112.135796870377945, 39.066604294879866 ] ] ] } },
{ "type": "Feature", "properties": { "hex_id": 113, "area_km2": 1039.2304845413275 }, "geometry": { "type": "Polygon", "coordinates": [ [ [ -111.735415715260416, 39.069816911497682 ], [ -111.934427476565119, 38.978281278863527 ], [ -112.135796870377959, 39.066604294879866 ], [ -112.138697732477794, 39.246791085272854 ], [ -111.939207260301117, 39.338677814161734 ], [ -111.737294304458203, 39.250024417205665 ], [ -111.735415715260416, 39.069816911497682 ] ] ] } },
{ "type": "Feature", "properties": { "hex_id": 114, "area_km2": 1039.2304845413275 }, "geometry": { "type": "Polygon", "coordinates": [ [ [ -111.334984402876287, 39.071654686147838 ], [ -111.534525216193302, 38.980798369396673 ], [ -111.735415715260416, 39.069816911497682 ], [ -111.737294304458203, 39.250024417205665 ], [ -111.537260371984814, 39.341227260704827 ], [ -111.335840435671756, 39.251873812078045 ], [ -111.334984402876287, 39.071654686147838 ] ] ] } },
{ "type": "Feature", "properties": { "hex_id": 115, "area_km2": 1039.2304845413275 }, "geometry": { "type": "Polygon", "coordinates": [ [ [ -110.9345306729264, 39.072117511038833 ], [ -111.134587701660251, 38.981944992848241 ], [ -111.334984402876287, 39.071654686147838 ], [ -111.335840435671756, 39.251873812078045 ], [ -111.135276255085955, 39.342388503271337 ], [ -110.934363333556789, 39.25233966903221 ], [ -110.9345306729264, 39.072117511038833 ] ] ] } },
{ "type": "Feature", "properties": { "hex_id": 116, "area_km2": 1039.2304845413257 }, "geometry": { "type": "Polygon", "coordinates": [ [ [ -110.534081128800551, 39.071205804617549 ], [ -110.734640791163244, 38.981721139238964 ], [ -110.9345306729264, 39.072117511038833 ], [ -110.934363333556789, 39.25233966903221 ], [ -110.733283358605121, 39.34216173495232 ], [ -110.532890845527803, 39.251422803851241 ], [ -110.534081128800551, 39.071205804617549 ] ] ] } },
{ "type": "Feature", "properties": { "hex_id": 117, "area_km2": 1039.2304845413241 }, "geometry": { "type": "Polygon", "coordinates": [ [ [ -110.133663523355196, 39.068919985354945 ], [ -110.334711676568475, 38.980127023343556 ], [ -110.534081128800551, 39.071205804617549 ], [ -110.532890845527803, 39.251422803851241 ], [ -110.33130831521926, 39.3405493383692 ], [ -110.13145085605808, 39.249124886067001 ], [ -110.133663523355196, 39.068919985354945 ] ] ] } },
{ "type": "Feature", "properties": { "hex_id": 118, "area_km2": 1039.2304845413241 }, "geometry": { "type": "Polygon", "coordinates": [ [ [ -109.733305500779821, 39.065258423788968 ], [ -109.934827857153962, 38.977161723303411 ], [ -110.133663523355196, 39.068919985354945 ], [ -110.13145085605808, 39.249124886067001 ], [ -109.929381084280166, 39.337548685615509 ], [ -109.730072393674703, 39.245441074966742 ], [ -109.733305500779821, 39.065258423788968 ] ] ] } },
{ "type": "Feature", "properties": { "hex_id": 119, "area_km2": 1039.2304845413241 }, "geometry": { "type": "Polygon", "coordinates": [ [ [ -109.333033374655514, 39.060224011777436 ], [ -109.535017953986113, 38.972828660606069 ], [ -109.733305500779821, 39.065258423788968 ], [ -109.730072393674689, 39.245441074966742 ], [ -109.527527794759706, 39.33315732602783 ], [ -109.328776716974545, 39.240369168697995 ], [ -109.333033374655514, 39.060224011777436 ] ] ] } },
{ "type": "Feature", "properties": { "hex_id": 120, "area_km2": 765.81986725181343 }, "geometry": { "type": "Polygon", "coordinates": [ [ [ -109.135304987937602, 38.967125732926071 ], [ -109.333033374655514, 39.060224011777436 ], [ -109.328776716974545, 39.240369168697995 ], [ -109.125772502951691, 39.327377803727252 ], [ -109.051001857374388, 39.292184285216265 ], [ -109.051513184704717, 39.126100547198 ], [ -109.051583454240287, 39.116511368169412 ], [ -109.052273578635806, 39.022335112704262 ], [ -109.052417549602112, 39.00269134716423 ], [ -109.135304987937602, 38.967125732926071 ] ] ] } },
{ "type": "Feature", "properties": { "hex_id": 121, "area_km2": 207.53057860603445 }, "geometry": { "type": "Polygon", "coordinates": [ [ [ -113.955001921957191, 39.48511108813198 ], [ -113.947411880835901, 39.30513543531741 ], [ -114.048424365550161, 39.256272154294358 ], [ -114.047922843503372, 39.455767540723166 ], [ -114.047770593616107, 39.523467067535329 ], [ -113.955001921957191, 39.48511108813198 ] ] ] } },
{ "type": "Feature", "properties": { "hex_id": 122, "area_km2": 1039.2304845413266 }, "geometry": { "type": "Polygon", "coordinates": [ [ [ -113.546067344976905, 39.31461169436492 ], [ -113.743249764844109, 39.220040328446672 ], [ -113.947411880835901, 39.30513543531741 ], [ -113.955001921957191, 39.48511108813198 ], [ -113.757399245435479, 39.580054035614246 ], [ -113.552626511511136, 39.494647865675219 ], [ -113.546067344976905, 39.31461169436492 ] ] ] } },
{ "type": "Feature", "properties": { "hex_id": 123, "area_km2": 1039.2304845413275 }, "geometry": { "type": "Polygon", "coordinates": [ [ [ -113.144547430203474, 39.322705742365009 ], [ -113.342326153651996, 39.228797668660768 ], [ -113.546067344976905, 39.31461169436492 ], [ -113.552626511511136, 39.494647865675219 ], [ -113.354413029895781, 39.588923840135664 ], [ -113.150074585746026, 39.502793656766293 ], [ -113.144547430203474, 39.322705742365009 ] ] ] } },
{ "type": "Feature", "properties": { "hex_id": 124, "area_km2": 1039.2304845413275 }, "geometry": { "type": "Polygon", "coordinates": [ [ [ -112.742879284630973, 39.32941606949403 ], [ -112.941241829446597, 39.236176594806764 ], [ -113.144547430203474, 39.322705742365009 ], [ -113.150074585746026, 39.502793656766293 ], [ -112.951263007263279, 39.596397166759012 ], [ -112.747372651296629, 39.509546602613099 ], [ -112.742879284630973, 39.32941606949403 ] ] ] } },
{ "type": "Feature", "properties": { "hex_id": 125, "area_km2": 1039.2304845413275 }, "geometry": { "type": "Polygon", "coordinates": [ [ [ -112.341089541360304, 39.334740237555643 ], [ -112.540023024246111, 39.242174880012399 ], [ -112.742879284630973, 39.32941606949403 ], [ -112.747372651296629, 39.509546602613099 ], [ -112.547975291694314, 39.602472192938642 ], [ -112.344548082683261, 39.514904928299394 ], [ -112.341089541360304, 39.334740237555643 ] ] ] } },
{ "type": "Feature", "properties": { "hex_id": 126, "area_km2": 1039.2304845413275 }, "geometry": { "type": "Polygon", "coordinates": [ [ [ -111.939207260301117, 39.338677814161734 ], [ -112.138697732477794, 39.246791085272854 ], [ -112.341089541360304, 39.334740237555643 ], [ -112.344548082683261, 39.514904928299394 ], [ -112.144579197466115, 39.607147740724578 ], [ -111.941629920209436, 39.518867588130398 ], [ -111.939207260301117, 39.338677814161734 ] ] ] } },
{ "type": "Feature", "properties": { "hex_id": 127, "area_km2": 1039.2304845413275 }, "geometry": { "type": "Polygon", "coordinates": [ [ [ -111.537260371984814, 39.341227260704827 ], [ -111.737294304458203, 39.250024417205665 ], [ -111.939207260301117, 39.338677814161734 ], [ -111.941629920209436, 39.518867588130398 ], [ -111.741103024223875, 39.610422581503627 ], [ -111.538646106465322, 39.521433305642262 ], [ -111.537260371984814, 39.341227260704827 ] ] ] } },
{ "type": "Feature", "properties": { "hex_id": 128, "area_km2": 1039.2304845413275 }, "geometry": { "type": "Polygon", "coordinates": [ [ [ -111.135276255085955, 39.342388503271337 ], [ -111.335840435671756, 39.251873812078045 ], [ -111.537260371984814, 39.341227260704827 ], [ -111.538646106465322, 39.521433305642262 ], [ -111.337575279530967, 39.612295634335581 ], [ -111.135625219062362, 39.52260197573122 ], [ -111.135276255085955, 39.342388503271337 ] ] ] } },
{ "type": "Feature", "properties": { "hex_id": 129, "area_km2": 1039.2304845413275 }, "geometry": { "type": "Polygon", "coordinates": [ [ [ -110.733283358605121, 39.34216173495232 ], [ -110.934363333556789, 39.25233966903221 ], [ -111.135276255085955, 39.342388503271337 ], [ -111.135625219062362, 39.52260197573122 ], [ -110.934024214732446, 39.612767126740721 ], [ -110.732595325014529, 39.522373437164106 ], [ -110.733283358605121, 39.34216173495232 ] ] ] } },
{ "type": "Feature", "properties": { "hex_id": 130, "area_km2": 1039.2304845413257 }, "geometry": { "type": "Polygon", "coordinates": [ [ [ -110.33130831521926, 39.3405493383692 ], [ -110.532890845527803, 39.251422803851241 ], [ -110.733283358605121, 39.34216173495232 ], [ -110.732595325014529, 39.522373437164106 ], [ -110.530478089937489, 39.611837587595531 ], [ -110.329583703142418, 39.520749171120443 ], [ -110.33130831521926, 39.3405493383692 ] ] ] } },
{ "type": "Feature", "properties": { "hex_id": 131, "area_km2": 1039.2304845413241 }, "geometry": { "type": "Polygon", "coordinates": [ [ [ -109.929381084280166, 39.337548685615509 ], [ -110.13145085605808, 39.249124886067001 ], [ -110.33130831521926, 39.3405493383692 ], [ -110.329583703142404, 39.520749171120443 ], [ -110.126964760977458, 39.609508339204702 ], [ -109.926619950235988, 39.517730089324019 ], [ -109.929381084280166, 39.337548685615509 ] ] ] } },
{ "type": "Feature", "properties": { "hex_id": 132, "area_km2": 1039.2304845413241 }, "geometry": { "type": "Polygon", "coordinates": [ [ [ -109.527527794759706, 39.33315732602783 ], [ -109.730072393674703, 39.245441074966742 ], [ -109.929381084280166, 39.337548685615509 ], [ -109.926619950235988, 39.517730089324019 ], [ -109.723514675375583, 39.605778104441107 ], [ -109.523732505476872, 39.513311747656111 ], [ -109.527527794759706, 39.33315732602783 ] ] ] } },
{ "type": "Feature", "properties": { "hex_id": 133, "area_km2": 1039.2304845413241 }, "geometry": { "type": "Polygon", "coordinates": [ [ [ -109.125772502951691, 39.327377803727252 ], [ -109.328776716974545, 39.240369168697995 ], [ -109.527527794759706, 39.33315732602783 ], [ -109.523732505476872, 39.513311747656111 ], [ -109.320154012937437, 39.600645180900216 ], [ -109.120944002588061, 39.50749627898248 ], [ -109.125772502951691, 39.327377803727252 ] ] ] } },
{ "type": "Feature", "properties": { "hex_id": 134, "area_km2": 146.99888191269105 }, "geometry": { "type": "Polygon", "coordinates": [ [ [ -109.125772502951691, 39.327377803727252 ], [ -109.120944002588061, 39.50749627898248 ], [ -109.051289391588114, 39.537129624400826 ], [ -109.051365637296229, 39.497709218319464 ], [ -109.051365695145691, 39.497679942175516 ], [ -109.051202397526765, 39.461960759901707 ], [ -109.050766820267597, 39.366682342315784 ], [ -109.051001857374388, 39.292184285216265 ], [ -109.125772502951691, 39.327377803727252 ] ] ] } },
{ "type": "Feature", "properties": { "hex_id": 135, "area_km2": 780.34438027162082 }, "geometry": { "type": "Polygon", "coordinates": [ [ [ -113.970386801077098, 39.845041414019946 ], [ -113.764569412836252, 39.760050771888658 ], [ -113.757399245435479, 39.580054035614246 ], [ -113.955001921957191, 39.48511108813198 ], [ -114.047770593616107, 39.523467067535329 ], [ -114.04772792502547, 39.542743608174042 ], [ -114.047345502277693, 39.724800308970138 ], [ -114.047272804951064, 39.759414602075871 ], [ -114.047566269798281, 39.779407859366387 ], [ -114.047782828644884, 39.794161640488802 ], [ -114.047489775767943, 39.807996631402659 ], [ -113.970386801077098, 39.845041414019946 ] ] ] } },
{ "type": "Feature", "properties": { "hex_id": 136, "area_km2": 1039.2304845413275 }, "geometry": { "type": "Polygon", "coordinates": [ [ [ -113.354413029895781, 39.588923840135664 ], [ -113.552626511511136, 39.494647865675219 ], [ -113.757399245435479, 39.580054035614246 ], [ -113.764569412836252, 39.760050771888658 ], [ -113.565923631082214, 39.854700368663003 ], [ -113.360538612585714, 39.768977232515788 ], [ -113.354413029895781, 39.588923840135664 ] ] ] } },
{ "type": "Feature", "properties": { "hex_id": 137, "area_km2": 1039.2304845413275 }, "geometry": { "type": "Polygon", "coordinates": [ [ [ -112.951263007263279, 39.596397166759012 ], [ -113.150074585746026, 39.502793656766293 ], [ -113.354413029895781, 39.588923840135664 ], [ -113.360538612585714, 39.768977232515788 ], [ -113.161279295938385, 39.862950383769238 ], [ -112.956341386980114, 39.776498161258857 ], [ -112.951263007263279, 39.596397166759012 ] ] ] } },
{ "type": "Feature", "properties": { "hex_id": 138, "area_km2": 1039.2304845413275 }, "geometry": { "type": "Polygon", "coordinates": [ [ [ -112.5479752916943, 39.602472192938642 ], [ -112.747372651296629, 39.509546602613099 ], [ -112.951263007263279, 39.596397166759012 ], [ -112.956341386980114, 39.776498161258857 ], [ -112.756481413818264, 39.869789150535247 ], [ -112.552005282370857, 39.782611666285476 ], [ -112.5479752916943, 39.602472192938642 ] ] ] } },
{ "type": "Feature", "properties": { "hex_id": 139, "area_km2": 1039.2304845413275 }, "geometry": { "type": "Polygon", "coordinates": [ [ [ -112.144579197466115, 39.607147740724578 ], [ -112.344548082683261, 39.514904928299394 ], [ -112.547975291694314, 39.602472192938642 ], [ -112.552005282370857, 39.782611666285476 ], [ -112.351558709026875, 39.875215841542904 ], [ -112.147559593331849, 39.787317258966745 ], [ -112.144579197466115, 39.607147740724578 ] ] ] } },
{ "type": "Feature", "properties": { "hex_id": 140, "area_km2": 1039.2304845413275 }, "geometry": { "type": "Polygon", "coordinates": [ [ [ -111.741103024223875, 39.610422581503627 ], [ -111.941629920209436, 39.518867588130398 ], [ -112.144579197466115, 39.607147740724578 ], [ -112.147559593331849, 39.787317258966745 ], [ -111.946540116091995, 39.87923002240538 ], [ -111.743032792423776, 39.790612951017387 ], [ -111.741103024223875, 39.610422581503627 ] ] ] } },
{ "type": "Feature", "properties": { "hex_id": 141, "area_km2": 1039.2304845413275 }, "geometry": { "type": "Polygon", "coordinates": [ [ [ -111.337575279530967, 39.612295634335581 ], [ -111.538646106465322, 39.521433305642262 ], [ -111.741103024223875, 39.610422581503627 ], [ -111.743032792423776, 39.790612951017387 ], [ -111.541455509820949, 39.881828297352762 ], [ -111.338454630701733, 39.792498004666051 ], [ -111.337575279530967, 39.612295634335581 ] ] ] } },
{ "type": "Feature", "properties": { "hex_id": 142, "area_km2": 1039.2304845413275 }, "geometry": { "type": "Polygon", "coordinates": [ [ [ -110.934024214732432, 39.612767126740721 ], [ -111.135625219062362, 39.52260197573122 ], [ -111.337575279530967, 39.612295634335581 ], [ -111.338454630701733, 39.792498004666051 ], [ -111.136332894037196, 39.88301190614164 ], [ -110.933852368457721, 39.792972571586432 ], [ -110.934024214732432, 39.612767126740721 ] ] ] } },
{ "type": "Feature", "properties": { "hex_id": 143, "area_km2": 1039.2304845413257 }, "geometry": { "type": "Polygon", "coordinates": [ [ [ -110.530478089937489, 39.611837587595531 ], [ -110.732595325014529, 39.522373437164106 ], [ -110.934024214732446, 39.612767126740721 ], [ -110.933852368457721, 39.792972571586432 ], [ -110.731200514458578, 39.882781017691229 ], [ -110.529255381206781, 39.792037417287858 ], [ -110.530478089937489, 39.611837587595531 ] ] ] } },
{ "type": "Feature", "properties": { "hex_id": 144, "area_km2": 1039.2304845413241 }, "geometry": { "type": "Polygon", "coordinates": [ [ [ -110.126964760977458, 39.609508339204702 ], [ -110.329583703142404, 39.520749171120443 ], [ -110.530478089937489, 39.611837587595531 ], [ -110.529255381206767, 39.792037417287858 ], [ -110.326087507200043, 39.881135572557291 ], [ -110.124691209566137, 39.789692345982083 ], [ -110.126964760977458, 39.609508339204702 ] ] ] } },
{ "type": "Feature", "properties": { "hex_id": 145, "area_km2": 1039.2304845413241 }, "geometry": { "type": "Polygon", "coordinates": [ [ [ -109.723514675375583, 39.605778104441107 ], [ -109.926619950235988, 39.517730089324019 ], [ -110.126964760977458, 39.609508339204702 ], [ -110.124691209566137, 39.789692345982083 ], [ -109.921021998352444, 39.878076097701296 ], [ -109.72019053757775, 39.78593826888806 ], [ -109.723514675375583, 39.605778104441107 ] ] ] } },
{ "type": "Feature", "properties": { "hex_id": 146, "area_km2": 1039.2304845413241 }, "geometry": { "type": "Polygon", "coordinates": [ [ [ -109.320154012937437, 39.600645180900216 ], [ -109.523732505476872, 39.513311747656111 ], [ -109.723514675375583, 39.605778104441107 ], [ -109.72019053757775, 39.78593826888806 ], [ -109.516033984661021, 39.87360136810554 ], [ -109.315779642879789, 39.780773354068558 ], [ -109.320154012937437, 39.600645180900216 ] ] ] } },
{ "type": "Feature", "properties": { "hex_id": 147, "area_km2": 724.86716580695747 }, "geometry": { "type": "Polygon", "coordinates": [ [ [ -109.120944002588061, 39.50749627898248 ], [ -109.320154012937437, 39.600645180900216 ], [ -109.315779642879789, 39.780773354068558 ], [ -109.11114995347836, 39.867712874114908 ], [ -109.050691949233652, 39.83945946420156 ], [ -109.051044325464218, 39.660477918458966 ], [ -109.051289391588114, 39.537129624400826 ], [ -109.120944002588061, 39.50749627898248 ] ] ] } },
{ "type": "Feature", "properties": { "hex_id": 148, "area_km2": 146.81693084800054 }, "geometry": { "type": "Polygon", "coordinates": [ [ [ -113.978183781831376, 40.024996467103122 ], [ -113.970386801077098, 39.845041414019946 ], [ -114.047489775767943, 39.807996631402659 ], [ -114.047213848199334, 39.821025670973228 ], [ -114.047133907823792, 39.906038766054913 ], [ -114.047133521158614, 39.906099451867405 ], [ -114.046658902123482, 39.98058933927544 ], [ -114.046554971706271, 39.996900868234988 ], [ -114.046835083315742, 40.03013293481856 ], [ -114.046682860052258, 40.053063208127412 ], [ -113.978183781831376, 40.024996467103122 ] ] ] } },
{ "type": "Feature", "properties": { "hex_id": 149, "area_km2": 1039.2304845413266 }, "geometry": { "type": "Polygon", "coordinates": [ [ [ -113.565923631082214, 39.854700368663003 ], [ -113.764569412836252, 39.760050771888658 ], [ -113.970386801077098, 39.845041414019946 ], [ -113.978183781831376, 40.024996467103122 ], [ -113.779107155310811, 40.120025062757129 ], [ -113.572663016413472, 40.034717138680016 ], [ -113.565923631082214, 39.854700368663003 ] ] ] } },
{ "type": "Feature", "properties": { "hex_id": 150, "area_km2": 1039.2304845413275 }, "geometry": { "type": "Polygon", "coordinates": [ [ [ -113.161279295938385, 39.862950383769238 ], [ -113.360538612585714, 39.768977232515788 ], [ -113.565923631082214, 39.854700368663003 ], [ -113.572663016413472, 40.034717138680016 ], [ -113.372956644434325, 40.129065037097888 ], [ -113.166957619114456, 40.043019257112114 ], [ -113.161279295938385, 39.862950383769238 ] ] ] } },
{ "type": "Feature", "properties": { "hex_id": 151, "area_km2": 1039.2304845413275 }, "geometry": { "type": "Polygon", "coordinates": [ [ [ -112.756481413818264, 39.869789150535247 ], [ -112.956341386980114, 39.776498161258857 ], [ -113.161279295938385, 39.862950383769238 ], [ -113.166957619114456, 40.043019257112114 ], [ -112.966635877560421, 40.136681276252176 ], [ -112.761097423284554, 40.049901158657136 ], [ -112.756481413818264, 39.869789150535247 ] ] ] } },
{ "type": "Feature", "properties": { "hex_id": 152, "area_km2": 1039.2304845413275 }, "geometry": { "type": "Polygon", "coordinates": [ [ [ -112.351558709026875, 39.875215841542904 ], [ -112.552005282370857, 39.782611666285476 ], [ -112.756481413818264, 39.869789150535247 ], [ -112.761097423284554, 40.049901158657136 ], [ -112.560174006776649, 40.142872552821288 ], [ -112.355111150286831, 40.055362429759029 ], [ -112.351558709026875, 39.875215841542904 ] ] ] } },
{ "type": "Feature", "properties": { "hex_id": 153, "area_km2": 1039.2304845413275 }, "geometry": { "type": "Polygon", "coordinates": [ [ [ -111.946540116091995, 39.87923002240538 ], [ -112.147559593331849, 39.787317258966745 ], [ -112.351558709026875, 39.875215841542904 ], [ -112.355111150286831, 40.055362429759029 ], [ -112.153600304916651, 40.147638097311926 ], [ -111.949028254919, 40.059402050097745 ], [ -111.946540116091995, 39.87923002240538 ] ] ] } },
{ "type": "Feature", "properties": { "hex_id": 154, "area_km2": 1039.2304845413275 }, "geometry": { "type": "Polygon", "coordinates": [ [ [ -111.541455509820949, 39.881828297352762 ], [ -111.743032792423776, 39.790612951017387 ], [ -111.946540116091995, 39.87923002240538 ], [ -111.949028254919, 40.059402050097745 ], [ -111.746944935683629, 40.150976126874561 ], [ -111.542879249444553, 40.062016918361863 ], [ -111.541455509820949, 39.881828297352762 ] ] ] } },
{ "type": "Feature", "properties": { "hex_id": 155, "area_km2": 1039.2304845413275 }, "geometry": { "type": "Polygon", "coordinates": [ [ [ -111.136332894037196, 39.88301190614164 ], [ -111.338454630701733, 39.792498004666051 ], [ -111.541455509820949, 39.881828297352762 ], [ -111.542879249444553, 40.062016918361863 ], [ -111.340237307962369, 40.152885275170711 ], [ -111.136691688653315, 40.063208422902918 ], [ -111.136332894037196, 39.88301190614164 ] ] ] } },
{ "type": "Feature", "properties": { "hex_id": 156, "area_km2": 1039.2304845413275 }, "geometry": { "type": "Polygon", "coordinates": [ [ [ -110.731200514458578, 39.882781017691229 ], [ -110.933852368457721, 39.792972571586432 ], [ -111.136332894037196, 39.88301190614164 ], [ -111.136691688653315, 40.063208422902918 ], [ -110.933504746318107, 40.153366677529981 ], [ -110.730494048908895, 40.062976176607577 ], [ -110.731200514458578, 39.882781017691229 ] ] ] } },
{ "type": "Feature", "properties": { "hex_id": 157, "area_km2": 1039.2304845413257 }, "geometry": { "type": "Polygon", "coordinates": [ [ [ -110.326087507200043, 39.881135572557291 ], [ -110.529255381206781, 39.792037417287858 ], [ -110.731200514458578, 39.882781017691229 ], [ -110.730494048908895, 40.062976176607577 ], [ -110.526777067928393, 40.152419718047213 ], [ -110.324315694563893, 40.061320445735646 ], [ -110.326087507200043, 39.881135572557291 ] ] ] } },
{ "type": "Feature", "properties": { "hex_id": 158, "area_km2": 1039.2304845413241 }, "geometry": { "type": "Polygon", "coordinates": [ [ [ -109.921021998352444, 39.878076097701296 ], [ -110.124691209566137, 39.789692345982083 ], [ -110.326087507200043, 39.881135572557291 ], [ -110.324315694563893, 40.061320445735646 ], [ -110.120082950429889, 40.150044395922379 ], [ -109.918185389111258, 40.058240851900962 ], [ -109.921021998352444, 39.878076097701296 ] ] ] } },
{ "type": "Feature", "properties": { "hex_id": 159, "area_km2": 1039.2304845413241 }, "geometry": { "type": "Polygon", "coordinates": [ [ [ -109.516033984661021, 39.87360136810554 ], [ -109.72019053757775, 39.78593826888806 ], [ -109.921021998352444, 39.878076097701296 ], [ -109.918185389111258, 40.058240851900962 ], [ -109.713451924732567, 40.146240781893539 ], [ -109.512132698733723, 40.05373711925229 ], [ -109.516033984661021, 39.87360136810554 ] ] ] } },
{ "type": "Feature", "properties": { "hex_id": 160, "area_km2": 1039.2304845413241 }, "geometry": { "type": "Polygon", "coordinates": [ [ [ -109.11114995347836, 39.867712874114908 ], [ -109.315779642879789, 39.780773354068558 ], [ -109.516033984661021, 39.87360136810554 ], [ -109.512132698733723, 40.05373711925229 ], [ -109.306913733162403, 40.141008243147041 ], [ -109.106185969878979, 40.047810051876176 ], [ -109.11114995347836, 39.867712874114908 ] ] ] } },
{ "type": "Feature", "properties": { "hex_id": 161, "area_km2": 113.21816499012427 }, "geometry": { "type": "Polygon", "coordinates": [ [ [ -109.11114995347836, 39.867712874114908 ], [ -109.106185969878979, 40.047810051876176 ], [ -109.050829704312221, 40.071158407014046 ], [ -109.050816849214982, 40.0595837762353 ], [ -109.050876848739065, 40.058919777214427 ], [ -109.05061932372621, 39.874976426743856 ], [ -109.050691949233652, 39.83945946420156 ], [ -109.11114995347836, 39.867712874114908 ] ] ] } },
{ "type": "Feature", "properties": { "hex_id": 162, "area_km2": 709.6945879703876 }, "geometry": { "type": "Polygon", "coordinates": [ [ [ -113.993990273583009, 40.384885748914975 ], [ -113.786473975968079, 40.300001838201823 ], [ -113.779107155310811, 40.120025062757129 ], [ -113.978183781831376, 40.024996467103122 ], [ -114.046682860052258, 40.053063208127412 ], [ -114.046386330227676, 40.097898078145775 ], [ -114.046741352875031, 40.104233090934848 ], [ -114.046682919515959, 40.116937520649159 ], [ -114.046153818656805, 40.231973361133718 ], [ -114.046171047488244, 40.359988718018293 ], [ -113.993990273583009, 40.384885748914975 ] ] ] } },
{ "type": "Feature", "properties": { "hex_id": 163, "area_km2": 1039.2304845413275 }, "geometry": { "type": "Polygon", "coordinates": [ [ [ -113.372956644434325, 40.129065037097888 ], [ -113.572663016413472, 40.034717138680016 ], [ -113.779107155310811, 40.120025062757129 ], [ -113.786473975968079, 40.300001838201823 ], [ -113.586322833519745, 40.394730263036628 ], [ -113.379249182056, 40.309099108317568 ], [ -113.372956644434325, 40.129065037097888 ] ] ] } },
{ "type": "Feature", "properties": { "hex_id": 164, "area_km2": 1039.2304845413275 }, "geometry": { "type": "Polygon", "coordinates": [ [ [ -112.966635877560421, 40.136681276252176 ], [ -113.166957619114456, 40.043019257112114 ], [ -113.372956644434325, 40.129065037097888 ], [ -113.379249182056, 40.309099108317568 ], [ -113.17846719668502, 40.403137926257564 ], [ -112.971852506920214, 40.316763662555736 ], [ -112.966635877560421, 40.136681276252176 ] ] ] } },
{ "type": "Feature", "properties": { "hex_id": 165, "area_km2": 1039.2304845413275 }, "geometry": { "type": "Polygon", "coordinates": [ [ [ -112.560174006776649, 40.142872552821288 ], [ -112.761097423284554, 40.049901158657136 ], [ -112.966635877560421, 40.136681276252176 ], [ -112.971852506920214, 40.316763662555736 ], [ -112.770454127111734, 40.410107703412564 ], [ -112.564313660723897, 40.322994373546308 ], [ -112.560174006776649, 40.142872552821288 ] ] ] } },
{ "type": "Feature", "properties": { "hex_id": 166, "area_km2": 1039.2304845413275 }, "geometry": { "type": "Polygon", "coordinates": [ [ [ -112.153600304916651, 40.147638097311926 ], [ -112.355111150286831, 40.055362429759029 ], [ -112.560174006776649, 40.142872552821288 ], [ -112.564313660723897, 40.322994373546308 ], [ -112.362313025097464, 40.415638275615329 ], [ -112.1566621400044, 40.327789800045068 ], [ -112.153600304916651, 40.147638097311926 ] ] ] } },
{ "type": "Feature", "properties": { "hex_id": 167, "area_km2": 1039.2304845413275 }, "geometry": { "type": "Polygon", "coordinates": [ [ [ -111.746944935683629, 40.150976126874561 ], [ -111.949028254919, 40.059402050097745 ], [ -112.153600304916651, 40.147638097311926 ], [ -112.1566621400044, 40.327789800045068 ], [ -111.954073346239099, 40.419728839123927 ], [ -111.748927848735491, 40.331149248331073 ], [ -111.746944935683629, 40.150976126874561 ] ] ] } },
{ "type": "Feature", "properties": { "hex_id": 168, "area_km2": 1039.2304845413275 }, "geometry": { "type": "Polygon", "coordinates": [ [ [ -111.340237307962369, 40.152885275170711 ], [ -111.542879249444553, 40.062016918361863 ], [ -111.746944935683629, 40.150976126874561 ], [ -111.748927848735491, 40.331149248331073 ], [ -111.545766104158091, 40.422377741387251 ], [ -111.341140892006834, 40.333070636028289 ], [ -111.340237307962369, 40.152885275170711 ] ] ] } },
{ "type": "Feature", "properties": { "hex_id": 169, "area_km2": 1039.2304845413275 }, "geometry": { "type": "Polygon", "coordinates": [ [ [ -110.933504746318107, 40.153366677529981 ], [ -111.136691688653315, 40.063208422902918 ], [ -111.340237307962369, 40.152885275170711 ], [ -111.341140892006834, 40.333070636028289 ], [ -111.137419121892819, 40.423584514581158 ], [ -110.933328591216949, 40.333555152664211 ], [ -110.933504746318107, 40.153366677529981 ] ] ] } },
{ "type": "Feature", "properties": { "hex_id": 170, "area_km2": 1039.2304845413257 }, "geometry": { "type": "Polygon", "coordinates": [ [ [ -110.526777067928393, 40.152419718047213 ], [ -110.730494048908895, 40.062976176607577 ], [ -110.933504746318107, 40.153366677529981 ], [ -110.933328591216949, 40.333555152664211 ], [ -110.729061893961713, 40.423349478394755 ], [ -110.525521098769914, 40.332602149787228 ], [ -110.526777067928393, 40.152419718047213 ] ] ] } },
{ "type": "Feature", "properties": { "hex_id": 171, "area_km2": 1039.2304845413241 }, "geometry": { "type": "Polygon", "coordinates": [ [ [ -110.120082950429889, 40.150044395922379 ], [ -110.324315694563893, 40.061320445735646 ], [ -110.526777067928393, 40.152419718047213 ], [ -110.525521098769914, 40.332602149787228 ], [ -110.320724290957685, 40.421672334776837 ], [ -110.117747682420514, 40.330211614633029 ], [ -110.120082950429889, 40.150044395922379 ] ] ] } },
{ "type": "Feature", "properties": { "hex_id": 172, "area_km2": 1039.2304845413241 }, "geometry": { "type": "Polygon", "coordinates": [ [ [ -109.713451924732567, 40.146240781893539 ], [ -109.918185389111258, 40.058240851900962 ], [ -110.120082950429889, 40.150044395922379 ], [ -110.117747682420514, 40.330211614633029 ], [ -109.912435835257497, 40.418553206483899 ], [ -109.710037887765921, 40.32638360205496 ], [ -109.713451924732567, 40.146240781893539 ] ] ] } },
{ "type": "Feature", "properties": { "hex_id": 173, "area_km2": 1039.2304845413241 }, "geometry": { "type": "Polygon", "coordinates": [ [ [ -109.306913733162403, 40.141008243147041 ], [ -109.512132698733723, 40.05373711925229 ], [ -109.713451924732567, 40.146240781893539 ], [ -109.710037887765921, 40.32638360205496 ], [ -109.504226532721674, 40.413991779874252 ], [ -109.302421656088427, 40.321117865663766 ], [ -109.306913733162403, 40.141008243147041 ] ] ] } },
{ "type": "Feature", "properties": { "hex_id": 174, "area_km2": 680.01860061290256 }, "geometry": { "type": "Polygon", "coordinates": [ [ [ -109.106185969878979, 40.047810051876176 ], [ -109.306913733162403, 40.141008243147041 ], [ -109.302421656088427, 40.321117865663766 ], [ -109.096124191021559, 40.407989255115346 ], [ -109.050958250460567, 40.387036016686451 ], [ -109.050972677097846, 40.222651575393925 ], [ -109.050976931362101, 40.180853625483294 ], [ -109.050947931252367, 40.180716625580843 ], [ -109.050939644288079, 40.173058652713138 ], [ -109.050829704312221, 40.071158407014046 ], [ -109.106185969878979, 40.047810051876176 ] ] ] } },
{ "type": "Feature", "properties": { "hex_id": 175, "area_km2": 90.065529777975016 }, "geometry": { "type": "Polygon", "coordinates": [ [ [ -114.002000765135236, 40.564819650925088 ], [ -113.993990273583009, 40.384885748914975 ], [ -114.046171047488244, 40.359988718018293 ], [ -114.046179157052649, 40.398315305778418 ], [ -114.045827206557504, 40.424825289651771 ], [ -114.045219217879932, 40.430284287148559 ], [ -114.045519335310033, 40.494476246137175 ], [ -114.045578337627347, 40.495803245222923 ], [ -114.045282358113027, 40.506588237227568 ], [ -114.044668981852595, 40.582142780300167 ], [ -114.002000765135236, 40.564819650925088 ] ] ] } },
{ "type": "Feature", "properties": { "hex_id": 176, "area_km2": 1039.2304845413266 }, "geometry": { "type": "Polygon", "coordinates": [ [ [ -113.586322833519745, 40.394730263036628 ], [ -113.786473975968079, 40.300001838201823 ], [ -113.993990273583009, 40.384885748914975 ], [ -114.002000765135236, 40.564819650925088 ], [ -113.801407015148541, 40.659934382894406 ], [ -113.593245068817765, 40.574726719294191 ], [ -113.586322833519745, 40.394730263036628 ] ] ] } },
{ "type": "Feature", "properties": { "hex_id": 177, "area_km2": 1039.2304845413275 }, "geometry": { "type": "Polygon", "coordinates": [ [ [ -113.17846719668502, 40.403137926257564 ], [ -113.379249182056, 40.309099108317568 ], [ -113.586322833519745, 40.394730263036628 ], [ -113.593245068817765, 40.574726719294191 ], [ -113.392004968569978, 40.669147854479917 ], [ -113.184300246950627, 40.583187906851627 ], [ -113.17846719668502, 40.403137926257564 ] ] ] } },
{ "type": "Feature", "properties": { "hex_id": 178, "area_km2": 1039.2304845413275 }, "geometry": { "type": "Polygon", "coordinates": [ [ [ -112.770454127111734, 40.410107703412564 ], [ -112.971852506920214, 40.316763662555736 ], [ -113.17846719668502, 40.403137926257564 ], [ -113.184300246950627, 40.583187906851627 ], [ -112.982428278539103, 40.67691010348242 ], [ -112.775196395317892, 40.590202037523305 ], [ -112.770454127111734, 40.410107703412564 ] ] ] } },
{ "type": "Feature", "properties": { "hex_id": 179, "area_km2": 1039.2304845413275 }, "geometry": { "type": "Polygon", "coordinates": [ [ [ -112.362313025097464, 40.415638275615329 ], [ -112.564313660723897, 40.322994373546308 ], [ -112.770454127111734, 40.410107703412564 ], [ -112.775196395317892, 40.590202037523305 ], [ -112.572706455542857, 40.683220353260864 ], [ -112.365963173479301, 40.595767601123953 ], [ -112.362313025097464, 40.415638275615329 ] ] ] } },
{ "type": "Feature", "properties": { "hex_id": 180, "area_km2": 1039.2304845413275 }, "geometry": { "type": "Polygon", "coordinates": [ [ [ -111.954073346239099, 40.419728839123927 ], [ -112.1566621400044, 40.327789800045068 ], [ -112.362313025097464, 40.415638275615329 ], [ -112.365963173479301, 40.595767601123953 ], [ -112.162869763060371, 40.688076435968711 ], [ -111.956630534128948, 40.599883894494162 ], [ -111.954073346239099, 40.419728839123927 ] ] ] } },
{ "type": "Feature", "properties": { "hex_id": 181, "area_km2": 1039.2304845413275 }, "geometry": { "type": "Polygon", "coordinates": [ [ [ -111.545766104158091, 40.422377741387251 ], [ -111.748927848735491, 40.331149248331073 ], [ -111.954073346239099, 40.419728839123927 ], [ -111.956630534128948, 40.599883894494162 ], [ -111.752948339131251, 40.691478412056661 ], [ -111.547229109436245, 40.602549689904649 ], [ -111.545766104158091, 40.422377741387251 ] ] ] } },
{ "type": "Feature", "properties": { "hex_id": 182, "area_km2": 1039.2304845413275 }, "geometry": { "type": "Polygon", "coordinates": [ [ [ -111.137419121892819, 40.423584514581158 ], [ -111.341140892006834, 40.333070636028289 ], [ -111.545766104158091, 40.422377741387251 ], [ -111.547229109436245, 40.602549689904649 ], [ -111.342972494579229, 40.693424656394875 ], [ -111.137787588572024, 40.603764181757555 ], [ -111.137419121892819, 40.423584514581158 ] ] ] } },
{ "type": "Feature", "properties": { "hex_id": 183, "area_km2": 1039.2304845413275 }, "geometry": { "type": "Polygon", "coordinates": [ [ [ -110.729061893961713, 40.423349478394755 ], [ -110.933328591216949, 40.333555152664211 ], [ -111.137419121892819, 40.423584514581158 ], [ -111.137787588572024, 40.603764181757555 ], [ -110.932970694402314, 40.693915110667589 ], [ -110.728335441306243, 40.603527494420099 ], [ -110.729061893961713, 40.423349478394755 ] ] ] } },
{ "type": "Feature", "properties": { "hex_id": 184, "area_km2": 1039.2304845413257 }, "geometry": { "type": "Polygon", "coordinates": [ [ [ -110.320724290957685, 40.421672334776837 ], [ -110.525521098769914, 40.332602149787228 ], [ -110.729061893961713, 40.423349478394755 ], [ -110.728335441306243, 40.603527494420099 ], [ -110.522974640011981, 40.692949427509888 ], [ -110.318903947841747, 40.601839508566819 ], [ -110.320724290957685, 40.421672334776837 ] ] ] } },
{ "type": "Feature", "properties": { "hex_id": 185, "area_km2": 1039.2304845413241 }, "geometry": { "type": "Polygon", "coordinates": [ [ [ -109.912435835257511, 40.418553206483899 ], [ -110.117747682420514, 40.330211614633029 ], [ -110.320724290957685, 40.421672334776837 ], [ -110.318903947841747, 40.601839508566819 ], [ -110.113012995021336, 40.690528448149543 ], [ -109.90952170853221, 40.598700529445765 ], [ -109.912435835257511, 40.418553206483899 ] ] ] } },
{ "type": "Feature", "properties": { "hex_id": 186, "area_km2": 1039.2304845413241 }, "geometry": { "type": "Polygon", "coordinates": [ [ [ -109.504226532721674, 40.413991779874252 ], [ -109.710037887765921, 40.32638360205496 ], [ -109.912435835257497, 40.418553206483899 ], [ -109.90952170853221, 40.598700529445765 ], [ -109.703116210323572, 40.686651506033236 ], [ -109.500219016156379, 40.59411021024939 ], [ -109.504226532721674, 40.413991779874252 ] ] ] } },
{ "type": "Feature", "properties": { "hex_id": 187, "area_km2": 1039.2304845413241 }, "geometry": { "type": "Polygon", "coordinates": [ [ [ -109.096124191021559, 40.407989255115346 ], [ -109.302421656088427, 40.321117865663766 ], [ -109.504226532721674, 40.413991779874252 ], [ -109.500219016156379, 40.59411021024939 ], [ -109.293313812078438, 40.681319350264779 ], [ -109.091024474288204, 40.588069847235204 ], [ -109.096124191021559, 40.407989255115346 ] ] ] } },
{ "type": "Feature", "properties": { "hex_id": 188, "area_km2": 81.318934398781067 }, "geometry": { "type": "Polygon", "coordinates": [ [ [ -109.096124191021559, 40.407989255115346 ], [ -109.091024474288204, 40.588069847235204 ], [ -109.048390988968364, 40.605893794951186 ], [ -109.05007715148399, 40.540362443892214 ], [ -109.050064417004805, 40.540313538787863 ], [ -109.049958152267209, 40.539905442957235 ], [ -109.050701239003814, 40.499967396316542 ], [ -109.050317252732142, 40.495096397862056 ], [ -109.050949403752625, 40.444372428719433 ], [ -109.050958250460567, 40.387036016686451 ], [ -109.096124191021559, 40.407989255115346 ] ] ] } },
{ "type": "Feature", "properties": { "hex_id": 189, "area_km2": 627.76474034797013 }, "geometry": { "type": "Polygon", "coordinates": [ [ [ -114.018242372180609, 40.924667620398026 ], [ -113.808975873367842, 40.839890554877684 ], [ -113.801407015148541, 40.659934382894406 ], [ -114.002000765135236, 40.564819650925088 ], [ -114.044668981852595, 40.582142780300167 ], [ -114.043802023243671, 40.689759953219067 ], [ -114.043508868073502, 40.726033987239497 ], [ -114.043506766349026, 40.726294047487457 ], [ -114.043640894687812, 40.739611472829345 ], [ -114.043722479871988, 40.747711957551942 ], [ -114.043801475661638, 40.755549738351853 ], [ -114.043832914061909, 40.758668065338334 ], [ -114.043804920628162, 40.759207067768713 ], [ -114.043178072860201, 40.771677124150422 ], [ -114.042539127911098, 40.913157119873368 ], [ -114.018242372180609, 40.924667620398026 ] ] ] } },
{ "type": "Feature", "properties": { "hex_id": 190, "area_km2": 1039.2304845413275 }, "geometry": { "type": "Polygon", "coordinates": [ [ [ -113.392004968569978, 40.669147854479917 ], [ -113.593245068817765, 40.574726719294191 ], [ -113.801407015148541, 40.659934382894406 ], [ -113.808975873367842, 40.839890554877684 ], [ -113.607279302961203, 40.934699517695407 ], [ -113.398470119543362, 40.849162364050677 ], [ -113.392004968569978, 40.669147854479917 ] ] ] } },
{ "type": "Feature", "properties": { "hex_id": 191, "area_km2": 1039.2304845413275 }, "geometry": { "type": "Polygon", "coordinates": [ [ [ -112.982428278539103, 40.67691010348242 ], [ -113.184300246950627, 40.583187906851627 ], [ -113.392004968569978, 40.669147854479917 ], [ -113.398470119543362, 40.849162364050677 ], [ -113.196126168986154, 40.943268582529647 ], [ -112.987788505493612, 40.856973974928152 ], [ -112.982428278539103, 40.67691010348242 ] ] ] } },
{ "type": "Feature", "properties": { "hex_id": 192, "area_km2": 1039.2304845413275 }, "geometry": { "type": "Polygon", "coordinates": [ [ [ -112.572706455542857, 40.683220353260864 ], [ -112.775196395317892, 40.590202037523305 ], [ -112.982428278539103, 40.67691010348242 ], [ -112.987788505493612, 40.856973974928152 ], [ -112.784810836255843, 40.950372285898162 ], [ -112.57696024216402, 40.863324278156917 ], [ -112.572706455542857, 40.683220353260864 ] ] ] } },
{ "type": "Feature", "properties": { "hex_id": 193, "area_km2": 1039.2304845413275 }, "geometry": { "type": "Polygon", "coordinates": [ [ [ -112.162869763060371, 40.688076435968711 ], [ -112.365963173479301, 40.595767601123953 ], [ -112.572706455542857, 40.683220353260864 ], [ -112.57696024216402, 40.863324278156917 ], [ -112.37336329305738, 40.956008468862358 ], [ -112.166015795836842, 40.868211016687994 ], [ -112.162869763060371, 40.688076435968711 ] ] ] } },
{ "type": "Feature", "properties": { "hex_id": 194, "area_km2": 1039.2304845413275 }, "geometry": { "type": "Polygon", "coordinates": [ [ [ -111.752948339131251, 40.691478412056661 ], [ -111.956630534128948, 40.599883894494162 ], [ -112.162869763060371, 40.688076435968711 ], [ -112.166015795836842, 40.868211016687994 ], [ -111.961814349147346, 40.960176839366952 ], [ -111.754985995346388, 40.871634498519086 ], [ -111.752948339131251, 40.691478412056661 ] ] ] } },
{ "type": "Feature", "properties": { "hex_id": 195, "area_km2": 1039.2304845413275 }, "geometry": { "type": "Polygon", "coordinates": [ [ [ -111.342972494579229, 40.693424656394875 ], [ -111.547229109436245, 40.602549689904649 ], [ -111.752948339131251, 40.691478412056661 ], [ -111.754985995346388, 40.871634498519086 ], [ -111.550194871594528, 40.962876357615528 ], [ -111.343900614872439, 40.873593023247338 ], [ -111.342972494579229, 40.693424656394875 ] ] ] } },
{ "type": "Feature", "properties": { "hex_id": 196, "area_km2": 1039.2304845413275 }, "geometry": { "type": "Polygon", "coordinates": [ [ [ -110.932970694402314, 40.693915110667589 ], [ -111.137787588572024, 40.603764181757555 ], [ -111.342972494579229, 40.693424656394875 ], [ -111.343900614872439, 40.873593023247338 ], [ -111.138534031164312, 40.964106109771414 ], [ -110.932789102334283, 40.874086241526285 ], [ -110.932970694402314, 40.693915110667589 ] ] ] } },
{ "type": "Feature", "properties": { "hex_id": 197, "area_km2": 1039.2304845413257 }, "geometry": { "type": "Polygon", "coordinates": [ [ [ -110.522974640011981, 40.692949427509888 ], [ -110.728335441306243, 40.603527494420099 ], [ -110.932970694402314, 40.693915110667589 ], [ -110.932789102334283, 40.874086241526285 ], [ -110.726863421019203, 40.963865950772288 ], [ -110.521683827431019, 40.873114244564277 ], [ -110.522974640011981, 40.692949427509888 ] ] ] } },
{ "type": "Feature", "properties": { "hex_id": 198, "area_km2": 1039.2304845413241 }, "geometry": { "type": "Polygon", "coordinates": [ [ [ -110.113012995021336, 40.690528448149543 ], [ -110.318903947841747, 40.601839508566819 ], [ -110.522974640011981, 40.692949427509888 ], [ -110.521683827431019, 40.873114244564277 ], [ -110.315212361141619, 40.962157254659303 ], [ -110.11061296955593, 40.870678521870502 ], [ -110.113012995021336, 40.690528448149543 ] ] ] } },
{ "type": "Feature", "properties": { "hex_id": 199, "area_km2": 1039.2304845413241 }, "geometry": { "type": "Polygon", "coordinates": [ [ [ -109.703116210323572, 40.686651506033236 ], [ -109.90952170853221, 40.598700529445765 ], [ -110.113012995021336, 40.690528448149543 ], [ -110.11061296955593, 40.870678521870502 ], [ -109.903613435908198, 40.958977956483203 ], [ -109.699607748526915, 40.866776799190077 ], [ -109.703116210323572, 40.686651506033236 ] ] ] } },
{ "type": "Feature", "properties": { "hex_id": 200, "area_km2": 1039.2304845413241 }, "geometry": { "type": "Polygon", "coordinates": [ [ [ -109.293313812078438, 40.681319350264779 ], [ -109.500219016156379, 40.59411021024939 ], [ -109.703116210323572, 40.686651506033236 ], [ -109.699607748526915, 40.866776799190077 ], [ -109.492093683755314, 40.954329300687277 ], [ -109.288697867051383, 40.861410957929031 ], [ -109.293313812078438, 40.681319350264779 ] ] ] } },
{ "type": "Feature", "properties": { "hex_id": 201, "area_km2": 639.31899855428401 }, "geometry": { "type": "Polygon", "coordinates": [ [ [ -109.091024474288204, 40.588069847235204 ], [ -109.293313812078438, 40.681319350264779 ], [ -109.288697867051383, 40.861410957929031 ], [ -109.080688273843847, 40.948212879412793 ], [ -109.049461464286836, 40.933833710931907 ], [ -109.048458608878718, 40.826085838416958 ], [ -109.04909077785797, 40.714566655200926 ], [ -109.0483758621601, 40.66261344814302 ], [ -109.048251906977853, 40.65360557771244 ], [ -109.048046980001615, 40.619235534745911 ], [ -109.048390988968364, 40.605893794951186 ], [ -109.091024474288204, 40.588069847235204 ] ] ] } },
{ "type": "Feature", "properties": { "hex_id": 202, "area_km2": 34.994391758811041 }, "geometry": { "type": "Polygon", "coordinates": [ [ [ -114.026472240683006, 41.104580509162517 ], [ -114.018242372180609, 40.924667620398026 ], [ -114.042539127911098, 40.913157119873368 ], [ -114.042410682564451, 40.942026996393594 ], [ -114.042149980978792, 40.999899678032179 ], [ -114.042149848199543, 40.99992915359735 ], [ -114.041771969650014, 41.110734531683654 ], [ -114.026472240683006, 41.104580509162517 ] ] ] } },
{ "type": "Feature", "properties": { "hex_id": 203, "area_km2": 1039.2304845413266 }, "geometry": { "type": "Polygon", "coordinates": [ [ [ -113.607279302961203, 40.934699517695407 ], [ -113.808975873367842, 40.839890554877684 ], [ -114.018242372180609, 40.924667620398026 ], [ -114.026472240683006, 41.104580509162517 ], [ -113.824319890619435, 41.19978236021776 ], [ -113.614392570621192, 41.114676105495739 ], [ -113.607279302961203, 40.934699517695407 ] ] ] } },
{ "type": "Feature", "properties": { "hex_id": 204, "area_km2": 1039.2304845413275 }, "geometry": { "type": "Polygon", "coordinates": [ [ [ -113.196126168986154, 40.943268582529647 ], [ -113.398470119543362, 40.849162364050677 ], [ -113.607279302961203, 40.934699517695407 ], [ -113.614392570621192, 41.114676105495739 ], [ -113.411578674144778, 41.209172390040408 ], [ -113.202120802703959, 41.123299734511512 ], [ -113.196126168986154, 40.943268582529647 ] ] ] } },
{ "type": "Feature", "properties": { "hex_id": 205, "area_km2": 1039.2304845413275 }, "geometry": { "type": "Polygon", "coordinates": [ [ [ -112.784810836255843, 40.950372285898162 ], [ -112.987788505493612, 40.856973974928152 ], [ -113.196126168986154, 40.943268582529647 ], [ -113.202120802703959, 41.123299734511512 ], [ -112.99865623259079, 41.217082892052268 ], [ -112.789683948485234, 41.130447922919238 ], [ -112.784810836255843, 40.950372285898162 ] ] ] } },
{ "type": "Feature", "properties": { "hex_id": 206, "area_km2": 1039.2304845413275 }, "geometry": { "type": "Polygon", "coordinates": [ [ [ -112.37336329305738, 40.956008468862358 ], [ -112.57696024216402, 40.863324278156917 ], [ -112.784810836255843, 40.950372285898162 ], [ -112.789683948485234, 41.130447922919238 ], [ -112.58558427769708, 41.223513528259588 ], [ -112.377113859728553, 41.136119823406119 ], [ -112.37336329305738, 40.956008468862358 ] ] ] } },
{ "type": "Feature", "properties": { "hex_id": 207, "area_km2": 1039.2304845413275 }, "geometry": { "type": "Polygon", "coordinates": [ [ [ -111.961814349147346, 40.960176839366952 ], [ -112.166015795836842, 40.868211016687994 ], [ -112.37336329305738, 40.956008468862358 ], [ -112.377113859728553, 41.136119823406119 ], [ -112.172393857120966, 41.228462583133123 ], [ -111.964441456359452, 41.140314607569699 ], [ -111.961814349147346, 40.960176839366952 ] ] ] } },
{ "type": "Feature", "properties": { "hex_id": 208, "area_km2": 1039.2304845413275 }, "geometry": { "type": "Polygon", "coordinates": [ [ [ -111.550194871594528, 40.962876357615528 ], [ -111.754985995346388, 40.871634498519086 ], [ -111.961814349147346, 40.960176839366952 ], [ -111.964441456359452, 41.140314607569699 ], [ -111.759116578416709, 41.231928966410784 ], [ -111.551697689371565, 41.143030987259685 ], [ -111.550194871594528, 40.962876357615528 ] ] ] } },
{ "type": "Feature", "properties": { "hex_id": 209, "area_km2": 1039.2304845413275 }, "geometry": { "type": "Polygon", "coordinates": [ [ [ -111.138534031164312, 40.964106109771414 ], [ -111.343900614872439, 40.873593023247338 ], [ -111.550194871594528, 40.962876357615528 ], [ -111.551697689371565, 41.143030987259685 ], [ -111.345782023911994, 41.233912597764331 ], [ -111.138912691459609, 41.144268722883957 ], [ -111.138534031164312, 40.964106109771414 ] ] ] } },
{ "type": "Feature", "properties": { "hex_id": 210, "area_km2": 444.61151301757241 }, "geometry": { "type": "Polygon", "coordinates": [ [ [ -110.726863421019203, 40.963865950772288 ], [ -110.932789102334283, 40.874086241526285 ], [ -111.138534031164312, 40.964106109771414 ], [ -111.138912691459609, 41.144268722883957 ], [ -111.046599284816878, 41.184644485004327 ], [ -111.046618582554714, 41.156045591416529 ], [ -111.046725271602128, 40.997962520179392 ], [ -111.033833565232058, 40.997914067039439 ], [ -110.872059159842166, 40.997306436939958 ], [ -110.864766259519499, 40.997279049263362 ], [ -110.750729894279999, 40.996850798363539 ], [ -110.729802259005055, 40.996557693233015 ], [ -110.726728823322588, 40.996514803629481 ], [ -110.726863421019203, 40.963865950772288 ] ] ] } },
{ "type": "Feature", "properties": { "hex_id": 211, "area_km2": 298.30119882991335 }, "geometry": { "type": "Polygon", "coordinates": [ [ [ -110.315212361141619, 40.962157254659303 ], [ -110.521683827431019, 40.873114244564277 ], [ -110.726863421019203, 40.963865950772288 ], [ -110.726728823322588, 40.996514803629481 ], [ -110.715028919392736, 40.996350782036593 ], [ -110.606823905390769, 40.996350106680488 ], [ -110.545666965097098, 40.99634972497266 ], [ -110.539822044385986, 40.996349688491904 ], [ -110.500721073724478, 40.994749672482335 ], [ -110.37571646465598, 40.99495181463891 ], [ -110.314867116664971, 40.995516796989634 ], [ -110.315212361141619, 40.962157254659303 ] ] ] } },
{ "type": "Feature", "properties": { "hex_id": 212, "area_km2": 312.18296857873247 }, "geometry": { "type": "Polygon", "coordinates": [ [ [ -109.903613435908198, 40.958977956483203 ], [ -110.11061296955593, 40.870678521870502 ], [ -110.315212361141619, 40.962157254659303 ], [ -110.314867116664971, 40.995516796989634 ], [ -110.282574052591698, 40.995803584297718 ], [ -110.250710845970403, 40.996094968190377 ], [ -110.237849928258214, 40.995432951966926 ], [ -110.125711686542488, 40.996555764128637 ], [ -110.121641713082781, 40.997106758066089 ], [ -110.048485723359221, 40.997560271277258 ], [ -110.006498498952354, 40.997820560718658 ], [ -110.000711538246108, 40.997357550754643 ], [ -109.999841542698007, 40.997335549658935 ], [ -109.975533487639282, 40.997917567613513 ], [ -109.902971126194061, 40.997752776823916 ], [ -109.903613435908198, 40.958977956483203 ] ] ] } },
{ "type": "Feature", "properties": { "hex_id": 213, "area_km2": 332.34855699049388 }, "geometry": { "type": "Polygon", "coordinates": [ [ [ -109.492093683755314, 40.954329300687277 ], [ -109.699607748526915, 40.866776799190077 ], [ -109.903613435908198, 40.958977956483203 ], [ -109.902971126194061, 40.997752776823916 ], [ -109.855302213691829, 40.997619656428689 ], [ -109.854305211395229, 40.997666657179877 ], [ -109.748441858518788, 40.998070693751913 ], [ -109.732459711619853, 40.998131655192708 ], [ -109.715411886084937, 40.9981966814982 ], [ -109.713879882100088, 40.998271679187795 ], [ -109.70854108349964, 40.99829005800477 ], [ -109.676636981451495, 40.998399887888226 ], [ -109.676423787600342, 40.998400621808109 ], [ -109.586137457177571, 40.99823968538103 ], [ -109.5650968522678, 40.998202180264435 ], [ -109.534928432380113, 40.998148404717291 ], [ -109.500696342426352, 40.99913235249398 ], [ -109.491070808855994, 40.999214859047385 ], [ -109.492093683755314, 40.954329300687277 ] ] ] } },
{ "type": "Feature", "properties": { "hex_id": 214, "area_km2": 362.33067623746024 }, "geometry": { "type": "Polygon", "coordinates": [ [ [ -109.080688273843862, 40.948212879412793 ], [ -109.288697867051383, 40.861410957929031 ], [ -109.492093683755314, 40.954329300687277 ], [ -109.491070808855994, 40.999214859047385 ], [ -109.250737655900252, 41.001014108033146 ], [ -109.231987922644308, 41.002064104791316 ], [ -109.173685798074985, 41.000864125937156 ], [ -109.079165761716027, 41.000723140051328 ], [ -109.080688273843862, 40.948212879412793 ] ] ] } },
{ "type": "Feature", "properties": { "hex_id": 215, "area_km2": 16.848159948999147 }, "geometry": { "type": "Polygon", "coordinates": [ [ [ -109.080688273843847, 40.948212879412793 ], [ -109.079165761716027, 41.000723140051328 ], [ -109.050081648903927, 41.000664156107135 ], [ -109.049461464286836, 40.933833710931907 ], [ -109.080688273843847, 40.948212879412793 ] ] ] } },
{ "type": "Feature", "properties": { "hex_id": 216, "area_km2": 540.43608250807529 }, "geometry": { "type": "Polygon", "coordinates": [ [ [ -113.832096208628698, 41.379717676935272 ], [ -113.824319890619435, 41.19978236021776 ], [ -114.026472240683006, 41.104580509162517 ], [ -114.041771969650014, 41.110734531683654 ], [ -114.041449370467788, 41.207753978015226 ], [ -114.042555327659301, 41.21092495717874 ], [ -114.041398224520364, 41.219959908815852 ], [ -114.040351342500102, 41.46326366638305 ], [ -113.832096208628698, 41.379717676935272 ] ] ] } },
{ "type": "Feature", "properties": { "hex_id": 217, "area_km2": 1039.2304845413275 }, "geometry": { "type": "Polygon", "coordinates": [ [ [ -113.411578674144778, 41.209172390040408 ], [ -113.614392570621192, 41.114676105495739 ], [ -113.824319890619435, 41.19978236021776 ], [ -113.832096208628698, 41.379717676935272 ], [ -113.628813259613779, 41.474608631845747 ], [ -113.418221983155703, 41.389167025381141 ], [ -113.411578674144778, 41.209172390040408 ] ] ] } },
{ "type": "Feature", "properties": { "hex_id": 218, "area_km2": 1039.2304845413275 }, "geometry": { "type": "Polygon", "coordinates": [ [ [ -112.99865623259079, 41.217082892052268 ], [ -113.202120802703959, 41.123299734511512 ], [ -113.411578674144778, 41.209172390040408 ], [ -113.418221983155703, 41.389167025381141 ], [ -113.214273162816681, 41.483341573156423 ], [ -113.004164567963599, 41.397127829844045 ], [ -112.99865623259079, 41.217082892052268 ] ] ] } },
{ "type": "Feature", "properties": { "hex_id": 219, "area_km2": 1039.2304845413275 }, "geometry": { "type": "Polygon", "coordinates": [ [ [ -112.58558427769708, 41.223513528259588 ], [ -112.789683948485234, 41.130447922919238 ], [ -112.99865623259079, 41.217082892052268 ], [ -113.004164567963599, 41.397127829844045 ], [ -112.799563394006327, 41.490581114597312 ], [ -112.589955508377685, 41.403599631064786 ], [ -112.58558427769708, 41.223513528259588 ] ] ] } },
{ "type": "Feature", "properties": { "hex_id": 220, "area_km2": 1039.2304845413275 }, "geometry": { "type": "Polygon", "coordinates": [ [ [ -112.172393857120966, 41.228462583133123 ], [ -112.377113859728553, 41.136119823406119 ], [ -112.58558427769708, 41.223513528259588 ], [ -112.589955508377685, 41.403599631064786 ], [ -112.384718436497764, 41.496324973442846 ], [ -112.175626846068127, 41.408579144179946 ], [ -112.172393857120966, 41.228462583133123 ] ] ] } },
{ "type": "Feature", "properties": { "hex_id": 221, "area_km2": 1039.2304845413275 }, "geometry": { "type": "Polygon", "coordinates": [ [ [ -111.759116578416709, 41.231928966410784 ], [ -111.964441456359452, 41.140314607569699 ], [ -112.172393857120966, 41.228462583133123 ], [ -112.175626846068127, 41.408579144179946 ], [ -111.969768469778913, 41.500572172133211 ], [ -111.761210176721775, 41.41206761142805 ], [ -111.759116578416709, 41.231928966410784 ] ] ] } },
{ "type": "Feature", "properties": { "hex_id": 222, "area_km2": 1039.2304845413275 }, "geometry": { "type": "Polygon", "coordinates": [ [ [ -111.345782023911994, 41.233912597764331 ], [ -111.551697689371565, 41.143030987259685 ], [ -111.759116578416709, 41.231928966410784 ], [ -111.761210176721775, 41.41206761142805 ], [ -111.554744658002122, 41.503323061632777 ], [ -111.346735402172385, 41.414063556116957 ], [ -111.345782023911994, 41.233912597764331 ] ] ] } },
{ "type": "Feature", "properties": { "hex_id": 223, "area_km2": 795.58563972309867 }, "geometry": { "type": "Polygon", "coordinates": [ [ [ -111.138912691459609, 41.144268722883957 ], [ -111.345782023911994, 41.233912597764331 ], [ -111.346735402172385, 41.414063556116957 ], [ -111.139679748157434, 41.504576439668469 ], [ -111.046048701098186, 41.464027354912254 ], [ -111.046266858999573, 41.377734689438867 ], [ -111.046602879549383, 41.360695711461268 ], [ -111.046554011931079, 41.251719854408613 ], [ -111.046554072463351, 41.251630708836501 ], [ -111.046556452476565, 41.248113982454385 ], [ -111.04658829834618, 41.200922672021505 ], [ -111.046599284816878, 41.184644485004327 ], [ -111.138912691459609, 41.144268722883957 ] ] ] } },
{ "type": "Feature", "properties": { "hex_id": 224, "area_km2": 1027.4848609115131 }, "geometry": { "type": "Polygon", "coordinates": [ [ [ -113.847862240911212, 41.739569083150307 ], [ -113.636122263280072, 41.654565348923974 ], [ -113.628813259613779, 41.474608631845747 ], [ -113.832096208628698, 41.379717676935272 ], [ -114.040351342500102, 41.46326366638305 ], [ -114.040232110624459, 41.491691338077317 ], [ -114.04094308570113, 41.499922323510674 ], [ -114.040439838001092, 41.61483266125709 ], [ -114.040437446981556, 41.615378619901364 ], [ -114.039968392938334, 41.624921645558473 ], [ -114.03995417867479, 41.649746304588703 ], [ -113.847862240911212, 41.739569083150307 ] ] ] } },
{ "type": "Feature", "properties": { "hex_id": 225, "area_km2": 1039.2304845413275 }, "geometry": { "type": "Polygon", "coordinates": [ [ [ -113.214273162816681, 41.483341573156423 ], [ -113.418221983155703, 41.389167025381141 ], [ -113.628813259613779, 41.474608631845747 ], [ -113.636122263280072, 41.654565348923974 ], [ -113.43169098274457, 41.749137205796259 ], [ -113.220432579985783, 41.663353282845307 ], [ -113.214273162816681, 41.483341573156423 ] ] ] } },
{ "type": "Feature", "properties": { "hex_id": 226, "area_km2": 1039.2304845413275 }, "geometry": { "type": "Polygon", "coordinates": [ [ [ -112.799563394006327, 41.490581114597312 ], [ -113.004164567963599, 41.397127829844045 ], [ -113.214273162816681, 41.483341573156423 ], [ -113.220432579985783, 41.663353282845307 ], [ -113.015333139745593, 41.75719872249244 ], [ -112.804571874441194, 41.670637843693996 ], [ -112.799563394006327, 41.490581114597312 ] ] ] } },
{ "type": "Feature", "properties": { "hex_id": 227, "area_km2": 1039.2304845413275 }, "geometry": { "type": "Polygon", "coordinates": [ [ [ -112.384718436497764, 41.496324973442846 ], [ -112.589955508377685, 41.403599631064786 ], [ -112.799563394006327, 41.490581114597312 ], [ -112.804571874441194, 41.670637843693996 ], [ -112.598818664983554, 41.763751613804146 ], [ -112.388572920509489, 41.676417664500889 ], [ -112.384718436497764, 41.496324973442846 ] ] ] } },
{ "type": "Feature", "properties": { "hex_id": 228, "area_km2": 1039.2304845413275 }, "geometry": { "type": "Polygon", "coordinates": [ [ [ -111.969768469778913, 41.500572172133211 ], [ -112.175626846068127, 41.408579144179946 ], [ -112.384718436497764, 41.496324973442846 ], [ -112.388572920509489, 41.676417664500889 ], [ -112.182181364632882, 41.768794598203257 ], [ -111.972468195222888, 41.680692475651433 ], [ -111.969768469778913, 41.500572172133211 ] ] ] } },
{ "type": "Feature", "properties": { "hex_id": 229, "area_km2": 1039.2304845413275 }, "geometry": { "type": "Polygon", "coordinates": [ [ [ -111.554744658002122, 41.503323061632777 ], [ -111.761210176721775, 41.41206761142805 ], [ -111.969768469778913, 41.500572172133211 ], [ -111.972468195222888, 41.680692475651433 ], [ -111.765455262288242, 41.772327740333218 ], [ -111.556289718384903, 41.683460762942737 ], [ -111.554744658002122, 41.503323061632777 ] ] ] } },
{ "type": "Feature", "properties": { "hex_id": 230, "area_km2": 1039.2304845413275 }, "geometry": { "type": "Polygon", "coordinates": [ [ [ -111.139679748157434, 41.504576439668469 ], [ -111.346735402172385, 41.414063556116957 ], [ -111.554744658002122, 41.503323061632777 ], [ -111.556289718384903, 41.683460762942737 ], [ -111.348668501656263, 41.774349329096722 ], [ -111.140067965367706, 41.684722234234208 ], [ -111.139679748157434, 41.504576439668469 ] ] ] } },
{ "type": "Feature", "properties": { "hex_id": 231, "area_km2": 191.9426527631976 }, "geometry": { "type": "Polygon", "coordinates": [ [ [ -111.139679748157434, 41.504576439668469 ], [ -111.140067965367706, 41.684722234234208 ], [ -111.046129555597389, 41.72546667666051 ], [ -111.045821645576822, 41.579848461052286 ], [ -111.045791432336443, 41.56557451410157 ], [ -111.045902848121102, 41.521588768104493 ], [ -111.046048701098186, 41.464027354912254 ], [ -111.139679748157434, 41.504576439668469 ] ] ] } },
{ "type": "Feature", "properties": { "hex_id": 232, "area_km2": 455.53624828294625 }, "geometry": { "type": "Polygon", "coordinates": [ [ [ -113.855854064763321, 41.919483328832804 ], [ -113.847862240911212, 41.739569083150307 ], [ -114.03995417867479, 41.649746304588703 ], [ -114.039900713385904, 41.753782942856461 ], [ -114.041152047928477, 41.8505963170537 ], [ -114.04110704773889, 41.850574317262307 ], [ -114.039648161364184, 41.88481709856633 ], [ -114.041466768557214, 41.993234544684263 ], [ -113.855854064763321, 41.919483328832804 ] ] ] } },
{ "type": "Feature", "properties": { "hex_id": 233, "area_km2": 1027.5911289644012 }, "geometry": { "type": "Polygon", "coordinates": [ [ [ -113.438516848160248, 41.929112119573752 ], [ -113.43169098274457, 41.749137205796259 ], [ -113.636122263280072, 41.654565348923974 ], [ -113.847862240911212, 41.739569083150307 ], [ -113.855854064763321, 41.919483328832804 ], [ -113.702973885548033, 41.990401188374939 ], [ -113.676913508668989, 41.990789263524555 ], [ -113.649247381572721, 41.991150938293679 ], [ -113.60125070950609, 41.991778391303377 ], [ -113.594554269868027, 41.991865067000141 ], [ -113.438516848160248, 41.929112119573752 ] ] ] } },
{ "type": "Feature", "properties": { "hex_id": 234, "area_km2": 1023.3394832834733 }, "geometry": { "type": "Polygon", "coordinates": [ [ [ -113.020993412083897, 41.937224498156006 ], [ -113.015333139745593, 41.75719872249244 ], [ -113.220432579985783, 41.663353282845307 ], [ -113.43169098274457, 41.749137205796259 ], [ -113.438516848160248, 41.929112119573752 ], [ -113.293864822937479, 41.9954863882569 ], [ -113.292827845849033, 41.995498891753734 ], [ -113.186826732882309, 41.996528957335869 ], [ -113.167222607839491, 41.996723055412531 ], [ -113.020993412083897, 41.937224498156006 ] ] ] } },
{ "type": "Feature", "properties": { "hex_id": 235, "area_km2": 1018.440033141037 }, "geometry": { "type": "Polygon", "coordinates": [ [ [ -112.6033100598045, 41.943818619491566 ], [ -112.598818664983554, 41.763751613804146 ], [ -112.804571874441194, 41.670637843693996 ], [ -113.015333139745593, 41.75719872249244 ], [ -113.020993412083897, 41.937224498156006 ], [ -112.884720903774266, 41.999072879957673 ], [ -112.882293356653221, 41.999090913252935 ], [ -112.833522261029032, 41.999419896062363 ], [ -112.775060146370521, 41.99980787537055 ], [ -112.739743355898469, 41.999979916769632 ], [ -112.6033100598045, 41.943818619491566 ] ] ] } },
{ "type": "Feature", "properties": { "hex_id": 236, "area_km2": 1012.0863095671876 }, "geometry": { "type": "Polygon", "coordinates": [ [ [ -112.185503797347678, 41.94889277150056 ], [ -112.182181364632882, 41.768794598203257 ], [ -112.388572920509489, 41.676417664500889 ], [ -112.598818664983554, 41.763751613804146 ], [ -112.6033100598045, 41.943818619491566 ], [ -112.476423330458985, 42.000779470718385 ], [ -112.440683531665172, 42.000777541147926 ], [ -112.364816355782764, 42.001054366763711 ], [ -112.310918816837287, 42.001121684110949 ], [ -112.185503797347678, 41.94889277150056 ] ] ] } },
{ "type": "Feature", "properties": { "hex_id": 237, "area_km2": 1000.648667870924 }, "geometry": { "type": "Polygon", "coordinates": [ [ [ -111.767606528695623, 41.952448314751223 ], [ -111.765455262288228, 41.772327740333218 ], [ -111.972468195222888, 41.680692475651433 ], [ -112.182181364632882, 41.768794598203257 ], [ -112.185503797347678, 41.94889277150056 ], [ -112.075028479395314, 41.997950378581315 ], [ -112.040720064521793, 41.998107736846812 ], [ -112.026846319030824, 41.998225310801843 ], [ -112.012186471895717, 41.998349546488633 ], [ -111.9743978089693, 41.998468823854807 ], [ -111.94998566519196, 41.998546000879799 ], [ -111.935104844345915, 41.998593045458819 ], [ -111.933600790997275, 41.998594375590919 ], [ -111.925074880932868, 41.998601915609711 ], [ -111.896117023772689, 41.998627524965926 ], [ -111.877262992614263, 41.998646859951158 ], [ -111.767606528695623, 41.952448314751223 ] ] ] } },
{ "type": "Feature", "properties": { "hex_id": 238, "area_km2": 997.47075556747689 }, "geometry": { "type": "Polygon", "coordinates": [ [ [ -111.349648010189682, 41.954482712453483 ], [ -111.348668501656263, 41.774349329096722 ], [ -111.556289718384903, 41.683460762942737 ], [ -111.765455262288242, 41.772327740333218 ], [ -111.767606528695637, 41.952448314751223 ], [ -111.660807930565227, 41.999348799462958 ], [ -111.613377859717374, 41.999332920490716 ], [ -111.507808302355841, 41.999542886153939 ], [ -111.507803014411024, 41.999542896671045 ], [ -111.478018166078314, 41.99960213681878 ], [ -111.456616865222074, 42.000065549198148 ], [ -111.349648010189682, 41.954482712453483 ] ] ] } },
{ "type": "Feature", "properties": { "hex_id": 239, "area_km2": 756.39953889025207 }, "geometry": { "type": "Polygon", "coordinates": [ [ [ -111.140067965367706, 41.684722234234208 ], [ -111.348668501656263, 41.774349329096722 ], [ -111.349648010189682, 41.954482712453483 ], [ -111.24170814218111, 42.001354518836834 ], [ -111.176286071769695, 42.001445597517666 ], [ -111.046715322368229, 42.001704753348314 ], [ -111.046244640141722, 41.779646989298271 ], [ -111.046129555597389, 41.72546667666051 ], [ -111.140067965367706, 41.684722234234208 ] ] ] } },
{ "type": "Feature", "properties": { "hex_id": 240, "area_km2": 107.36512767730542 }, "geometry": { "type": "Polygon", "coordinates": [ [ [ -113.855854064763321, 41.919483328832804 ], [ -114.041466768557214, 41.993234544684263 ], [ -114.041477535302462, 41.993873398427297 ], [ -113.990091518309228, 41.993095360312445 ], [ -113.932742459702808, 41.98996656394911 ], [ -113.901578432481614, 41.988552670979452 ], [ -113.867726406168572, 41.98820977916963 ], [ -113.843337387462967, 41.988442854333115 ], [ -113.764716324309177, 41.989458096418005 ], [ -113.702973885548033, 41.990401188374939 ], [ -113.855854064763321, 41.919483328832804 ] ] ] } },
{ "type": "Feature", "properties": { "hex_id": 241, "area_km2": 89.483023597549845 }, "geometry": { "type": "Polygon", "coordinates": [ [ [ -113.438516848160248, 41.929112119573752 ], [ -113.594554269868027, 41.991865067000141 ], [ -113.526112905841245, 41.992728519386098 ], [ -113.463597475196849, 41.993528621960664 ], [ -113.3966644017801, 41.99425872821535 ], [ -113.358479931865375, 41.99468878857909 ], [ -113.293864822937479, 41.9954863882569 ], [ -113.438516848160248, 41.929112119573752 ] ] ] } },
{ "type": "Feature", "properties": { "hex_id": 242, "area_km2": 79.026586674740258 }, "geometry": { "type": "Polygon", "coordinates": [ [ [ -113.020993412083897, 41.937224498156006 ], [ -113.167222607839491, 41.996723055412531 ], [ -113.093176161164962, 41.997425955402363 ], [ -113.041593397093507, 41.997866954853791 ], [ -113.000046427247582, 41.998185073604276 ], [ -112.979413708533158, 41.99834304700741 ], [ -112.951216491731984, 41.998558937572788 ], [ -112.884720903774266, 41.999072879957673 ], [ -113.020993412083897, 41.937224498156006 ] ] ] } },
{ "type": "Feature", "properties": { "hex_id": 243, "area_km2": 68.613486331641639 }, "geometry": { "type": "Polygon", "coordinates": [ [ [ -112.6033100598045, 41.943818619491566 ], [ -112.739743355898469, 41.999979916769632 ], [ -112.709445865124522, 42.000118835550602 ], [ -112.687032518598713, 42.000175116762492 ], [ -112.647737512405911, 42.000273788843941 ], [ -112.508571717019734, 42.000771683640643 ], [ -112.476423330458985, 42.000779470718385 ], [ -112.6033100598045, 41.943818619491566 ] ] ] } },
{ "type": "Feature", "properties": { "hex_id": 244, "area_km2": 55.499251966894654 }, "geometry": { "type": "Polygon", "coordinates": [ [ [ -112.185503797347678, 41.94889277150056 ], [ -112.310918816837287, 42.001121684110949 ], [ -112.264885125563751, 42.001159137737041 ], [ -112.241269190103949, 42.001166508336816 ], [ -112.236403284870121, 42.001168013776756 ], [ -112.220737503643448, 42.001180039745151 ], [ -112.186033001497478, 42.001206680980317 ], [ -112.173152182654391, 42.001515596463257 ], [ -112.15918207444588, 41.998410917772297 ], [ -112.153852457937461, 41.997226485684465 ], [ -112.109448513722612, 41.997745023355598 ], [ -112.103871167573686, 41.997810154022467 ], [ -112.075028479395314, 41.997950378581315 ], [ -112.185503797347678, 41.94889277150056 ] ] ] } },
{ "type": "Feature", "properties": { "hex_id": 245, "area_km2": 46.507123372925562 }, "geometry": { "type": "Polygon", "coordinates": [ [ [ -111.767606528695637, 41.952448314751223 ], [ -111.877262992614277, 41.998646859951158 ], [ -111.844860727337306, 41.998672854436883 ], [ -111.837007411534273, 41.998727843270444 ], [ -111.813161343529032, 41.998894813364913 ], [ -111.812842281635696, 41.998897047437104 ], [ -111.79865014947309, 41.998996420833514 ], [ -111.75076756086446, 41.999331695721338 ], [ -111.739704499991532, 41.99933179954342 ], [ -111.660807930565227, 41.999348799462958 ], [ -111.767606528695637, 41.952448314751223 ] ] ] } },
{ "type": "Feature", "properties": { "hex_id": 246, "area_km2": 46.029289216323541 }, "geometry": { "type": "Polygon", "coordinates": [ [ [ -111.349648010189682, 41.954482712453483 ], [ -111.456616865222074, 42.000065549198148 ], [ -111.44896900729367, 42.000230183108627 ], [ -111.316718290764697, 42.001195399708131 ], [ -111.299960173035473, 42.001236304042457 ], [ -111.282691106811399, 42.001278455517415 ], [ -111.24170814218111, 42.001354518836834 ], [ -111.349648010189682, 41.954482712453483 ] ] ] } }
]
}
