ID,STATE_NAME,ST_ABBREV,CNTY_NAME,REGION,ACSTOTPOP,ACSIPOVBAS,ACSEDUCBAS,ACSTOTHH,ACSTOTHU,ACSUNEMPBAS,ACSDISABBAS,DEMOGIDX_2,DEMOGIDX_5,PEOPCOLOR,PEOPCOLORPCT,LOWINCOME,LOWINCPCT,UNEMPLOYED,UNEMPPCT,DISABILITY,DISABILITYPCT,LINGISO,LINGISOPCT,LESSHS,LESSHSPCT,UNDER5,UNDER5PCT,OVER64,OVER64PCT,LIFEEXPPCT,PM25,OZONE,DSLPM,RSEI_AIR,PTRAF,PRE1960,PRE1960PCT,PNPL,PRMP,PTSDF,UST,PWDIS,NO2,DWATER,D2_PM25,D5_PM25,D2_OZONE,D5_OZONE,D2_DSLPM,D5_DSLPM,D2_RSEI_AIR,D5_RSEI_AIR,D2_PTRAF,D5_PTRAF,D2_LDPNT,D5_LDPNT,D2_PNPL,D5_PNPL,D2_PRMP,D5_PRMP,D2_PTSDF,D5_PTSDF,D2_UST,D5_UST,D2_PWDIS,D5_PWDIS,D2_NO2,D5_NO2,D2_DWATER,D5_DWATER,P_DEMOGIDX_2,P_DEMOGIDX_5,P_PEOPCOLORPCT,P_LOWINCPCT,P_UNEMPPCT,P_DISABILITYPCT,P_LINGISOPCT,P_LESSHSPCT,P_UNDER5PCT,P_OVER64PCT,P_LIFEEXPPCT,P_PM25,P_OZONE,P_DSLPM,P_RSEI_AIR,P_PTRAF,P_LDPNT,P_PNPL,P_PRMP,P_PTSDF,P_UST,P_PWDIS,P_NO2,P_DWATER,P_D2_PM25,P_D5_PM25,P_D2_OZONE,P_D5_OZONE,P_D2_DSLPM,P_D5_DSLPM,P_D2_RSEI_AIR,P_D5_RSEI_AIR,P_D2_PTRAF,P_D5_PTRAF,P_D2_LDPNT,P_D5_LDPNT,P_D2_PNPL,P_D5_PNPL,P_D2_PRMP,P_D5_PRMP,P_D2_PTSDF,P_D5_PTSDF,P_D2_UST,P_D5_UST,P_D2_PWDIS,P_D5_PWDIS,P_D2_NO2,P_D5_NO2,P_D2_DWATER,P_D5_DWATER,B_DEMOGIDX_2,B_DEMOGIDX_5,B_PEOPCOLORPCT,B_LOWINCPCT,B_UNEMPPCT,B_DISABILITYPCT,B_LINGISOPCT,B_LESSHSPCT,B_UNDER5PCT,B_OVER64PCT,B_LIFEEXPPCT,B_PM25,B_OZONE,B_DSLPM,B_RSEI_AIR,B_PTRAF,B_LDPNT,B_PNPL,B_PRMP,B_PTSDF,B_UST,B_PWDIS,B_NO2,B_DWATER,B_D2_PM25,B_D5_PM25,B_D2_OZONE,B_D5_OZONE,B_D2_DSLPM,B_D5_DSLPM,B_D2_RSEI_AIR,B_D5_RSEI_AIR,B_D2_PTRAF,B_D5_PTRAF,B_D2_LDPNT,B_D5_LDPNT,B_D2_PNPL,B_D5_PNPL,B_D2_PRMP,B_D5_PRMP,B_D2_PTSDF,B_D5_PTSDF,B_D2_UST,B_D5_UST,B_D2_PWDIS,B_D5_PWDIS,B_D2_NO2,B_D5_NO2,B_D2_DWATER,B_D5_DWATER,T_DEMOGIDX_2,T_DEMOGIDX_5,T_PEOPCOLORPCT,T_LOWINCPCT,T_UNEMPPCT,T_DISABILITYPCT,T_LINGISOPCT,T_LESSHSPCT,T_UNDER5PCT,T_OVER64PCT,T_LIFEEXPPCT,T_PM25,T_OZONE,T_DSLPM,T_RSEI_AIR,T_PTRAF,T_LDPNT,T_PNPL,T_PRMP,T_PTSDF,T_UST,T_PWDIS,T_NO2,T_DWATER,T_D2_PM25,T_D5_PM25,T_D2_OZONE,T_D5_OZONE,T_D2_DSLPM,T_D5_DSLPM,T_D2_RSEI_AIR,T_D5_RSEI_AIR,T_D2_PTRAF,T_D5_PTRAF,T_D2_LDPNT,T_D5_LDPNT,T_D2_PNPL,T_D5_PNPL,T_D2_PRMP,T_D5_PRMP,T_D2_PTSDF,T_D5_PTSDF,T_D2_UST,T_D5_UST,T_D2_PWDIS,T_D5_PWDIS,T_D2_NO2,T_D5_NO2,T_D2_DWATER,T_D5_DWATER,AREALAND,AREAWATER,NPL_CNT,TSDF_CNT,EXCEED_COUNT_80,EXCEED_COUNT_80_SUP,DEMOGIDX_2ST,DEMOGIDX_5ST,Shape_Length,Shape_Area
280450301011,Mississippi,MS,Hancock County,4,1299.0,1299.0,1110.0,682.0,730.0,1202.0,1237.0,0.612459078709078,1.612464460065333,274.0,0.210931485758276,154.0,0.11855273287144,47.0,0.061598951507208,280.0,0.226553672316384,0.0,0.0,79.0,0.071171171171171,0.0,0.0,313.0,0.240954580446497,0.198974358974359,8.83866557377049,57.33296,0.074733676913113,116.5371639,164349.69319289335,223.0,0.305479452054795,0.0,0.187021919603998,0.096512671279998,4.818281821986283,0.277561469877169,4.962774753570557,10.0,42.87213550963544,112.87251220457328,20.823608676108645,54.82379164222132,11.0242634167634,29.02436028117599,15.311476967726945,40.31161150163332,13.474099731599711,35.474218121437325,36.135085643835595,95.13540314385465,0.0,0.0,25.723281305781267,67.72350732274398,10.411804338054322,27.411895821110654,47.771808139308064,125.77222788509596,10.411804338054322,27.411895821110654,14.086558810308787,37.08668258150266,56.95869431994424,149.95919478607595,21.0,54.0,38.0,21.0,67.0,91.0,0.0,47.0,0.0,77.0,55.0,70.0,34.0,18.0,25.0,22.0,59.0,0.0,42.0,17.0,78.0,17.0,23.0,93.0,46.0,73.0,27.0,40.0,16.0,21.0,20.0,30.0,20.0,26.0,41.0,62.0,0.0,0.0,38.0,50.0,20.0,21.0,53.0,76.0,15.0,20.0,21.0,29.0,79.0,89.0,3.0,6.0,4.0,3.0,7.0,10.0,1.0,5.0,1.0,8.0,6.0,8.0,4.0,2.0,3.0,3.0,6.0,1.0,5.0,2.0,8.0,2.0,3.0,10.0,5.0,8.0,3.0,5.0,2.0,3.0,3.0,4.0,3.0,3.0,5.0,7.0,1.0,1.0,4.0,6.0,3.0,3.0,6.0,8.0,2.0,3.0,3.0,3.0,8.0,9.0,21 %ile,54 %ile,38 %ile,21 %ile,67 %ile,91 %ile,0 %ile,47 %ile,0 %ile,77 %ile,55 %ile,70 %ile,34 %ile,18 %ile,25 %ile,22 %ile,59 %ile,0 %ile,42 %ile,17 %ile,78 %ile,17 %ile,23 %ile,93 %ile,46 %ile,73 %ile,27 %ile,40 %ile,16 %ile,21 %ile,20 %ile,30 %ile,20 %ile,26 %ile,41 %ile,62 %ile,0 %ile,0 %ile,38 %ile,50 %ile,20 %ile,21 %ile,53 %ile,76 %ile,15 %ile,20 %ile,21 %ile,29 %ile,79 %ile,89 %ile,2240473.0,23844.0,0.0,0.0,0.0,1.0,0.608124432349258,1.033594784354139,0.070465076570104,0.0002123481605
280450301012,Mississippi,MS,Hancock County,4,525.0,525.0,457.0,257.0,370.0,464.0,533.0,0.520439296171111,1.440280452749534,122.0,0.232380952380952,34.0,0.064761904761905,38.0,0.114114114114114,121.0,0.226553672316384,0.0,0.0,0.0,0.0,19.0,0.036190476190476,124.0,0.236190476190476,0.198974358974359,8.83866557377049,57.33296,0.073800742949685,118.7544995,114605.43765530513,29.0,0.078378378378378,0.0,0.197607091652457,0.097025256530429,1.713721410621833,0.197657318016613,3.334216594696045,10.0,36.43075073197778,100.81963169246735,17.694936069817786,48.96953539348415,8.847468034908893,24.484767696742075,13.010982404277785,36.00701131873835,9.367907331080003,25.92504814949161,16.65405747747556,46.08897448798509,0.0,0.0,22.378889735357784,61.93205946822996,9.367907331080003,25.92504814949161,31.22635777026668,86.41682716497203,8.32702873873778,23.044487243992545,4.683953665540002,12.962524074745804,48.400854543913354,133.94608210570664,16.0,44.0,41.0,11.0,85.0,91.0,0.0,0.0,39.0,76.0,55.0,70.0,34.0,17.0,25.0,18.0,32.0,0.0,43.0,18.0,60.0,16.0,9.0,93.0,42.0,68.0,24.0,36.0,13.0,17.0,17.0,27.0,14.0,18.0,23.0,33.0,0.0,0.0,36.0,47.0,19.0,20.0,43.0,60.0,13.0,17.0,8.0,9.0,78.0,86.0,2.0,5.0,5.0,2.0,9.0,10.0,1.0,1.0,4.0,8.0,6.0,8.0,4.0,2.0,3.0,2.0,4.0,1.0,5.0,2.0,7.0,2.0,1.0,10.0,5.0,7.0,3.0,4.0,2.0,2.0,2.0,3.0,2.0,2.0,3.0,4.0,1.0,1.0,4.0,5.0,2.0,3.0,5.0,7.0,2.0,2.0,1.0,1.0,8.0,9.0,16 %ile,44 %ile,41 %ile,11 %ile,85 %ile,91 %ile,0 %ile,0 %ile,39 %ile,76 %ile,55 %ile,70 %ile,34 %ile,17 %ile,25 %ile,18 %ile,32 %ile,0 %ile,43 %ile,18 %ile,60 %ile,16 %ile,9 %ile,93 %ile,42 %ile,68 %ile,24 %ile,36 %ile,13 %ile,17 %ile,17 %ile,27 %ile,14 %ile,18 %ile,23 %ile,33 %ile,0 %ile,0 %ile,36 %ile,47 %ile,19 %ile,20 %ile,43 %ile,60 %ile,13 %ile,17 %ile,8 %ile,9 %ile,78 %ile,86 %ile,1572144.0,4510050.0,0.0,0.0,0.0,1.0,0.519633088886777,0.853613445156921,0.118833895953534,0.000570347217
280450301021,Mississippi,MS,Hancock County,4,1488.0,1488.0,1169.0,806.0,970.0,1257.0,1371.0,1.922453787110148,1.918260257521722,425.0,0.285618279569892,933.0,0.627016129032258,123.0,0.246987951807229,222.0,0.161843214386063,0.0,0.0,108.0,0.092386655260907,89.0,0.059811827956989,734.0,0.493279569892473,0.198974358974359,8.88198005464481,57.26309,0.082227894481346,136.2988526,198432.42686364768,205.0,0.211340206185567,0.0,0.237872716180658,0.118671319486114,8.459605071764063,0.195122047872149,4.894949913024902,10.0,136.49421888482047,136.19647828404223,63.44097497463488,63.302588498216814,40.3715295293131,40.28346540795616,51.90625225197399,51.79302695308649,48.061344677753695,47.95650643804304,96.12268935550739,95.91301287608609,0.0,0.0,90.35532799417695,90.15823210352093,36.52662195509281,36.44694489291271,167.25347947858285,166.8886424043898,30.759260593762363,30.69216412034755,42.29398331642325,42.20172566547788,178.7882022012437,178.3982039495201,76.0,70.0,47.0,90.0,97.0,70.0,0.0,56.0,62.0,98.0,55.0,71.0,33.0,21.0,27.0,25.0,50.0,0.0,47.0,19.0,87.0,16.0,22.0,93.0,83.0,82.0,61.0,46.0,45.0,30.0,53.0,38.0,49.0,36.0,74.0,63.0,0.0,0.0,70.0,62.0,43.0,27.0,88.0,87.0,37.0,22.0,46.0,33.0,94.0,93.0,8.0,8.0,5.0,10.0,11.0,8.0,1.0,6.0,7.0,11.0,6.0,8.0,4.0,3.0,3.0,3.0,6.0,1.0,5.0,2.0,9.0,2.0,3.0,10.0,9.0,9.0,7.0,5.0,5.0,4.0,6.0,4.0,5.0,4.0,8.0,7.0,1.0,1.0,8.0,7.0,5.0,3.0,9.0,9.0,4.0,3.0,5.0,4.0,10.0,10.0,76 %ile,70 %ile,47 %ile,90 %ile,97 %ile,70 %ile,0 %ile,56 %ile,62 %ile,98 %ile,55 %ile,71 %ile,33 %ile,21 %ile,27 %ile,25 %ile,50 %ile,0 %ile,47 %ile,19 %ile,87 %ile,16 %ile,22 %ile,93 %ile,83 %ile,82 %ile,61 %ile,46 %ile,45 %ile,30 %ile,53 %ile,38 %ile,49 %ile,36 %ile,74 %ile,63 %ile,0 %ile,0 %ile,70 %ile,62 %ile,43 %ile,27 %ile,88 %ile,87 %ile,37 %ile,22 %ile,46 %ile,33 %ile,94 %ile,93 %ile,1230581.0,1754199.0,0.0,0.0,3.0,3.0,1.888464491017998,1.351094238173014,0.079417373412915,0.000279937474
280450301022,Mississippi,MS,Hancock County,4,1103.0,1103.0,607.0,494.0,501.0,811.0,1425.0,3.005272285954,2.292621837222435,794.0,0.71985494106981,877.0,0.795104261106074,122.0,0.346590909090909,231.0,0.161843214386063,0.0,0.0,133.0,0.219110378912685,38.0,0.034451495920218,93.0,0.084315503173164,0.198974358974359,8.88198005464481,57.26309,0.082830702547637,124.7154081,302309.7121121084,100.0,0.199600798403194,0.0,0.209222562631393,0.109405527378343,15.304009656498884,0.262726717722068,5.062914371490479,10.0,213.374332302734,162.77615044279284,99.17398543648198,75.65652062834033,63.110718005034,48.14505858167112,78.13707943480398,59.60816776778329,93.163440864574,71.07127695389545,144.253069725792,110.04584818667686,0.0,0.0,132.231980581976,100.87536083778711,57.100173433126,43.559814907226254,282.495594879676,215.50645269890884,51.089628861218,38.974571232781386,72.12653486289598,55.02292409333843,279.490322593722,213.2138308616864,95.0,84.0,79.0,97.0,99.0,70.0,0.0,84.0,37.0,19.0,55.0,71.0,33.0,21.0,26.0,31.0,48.0,0.0,44.0,19.0,94.0,17.0,24.0,93.0,94.0,89.0,75.0,55.0,58.0,37.0,68.0,44.0,69.0,53.0,85.0,70.0,0.0,0.0,81.0,67.0,55.0,33.0,98.0,95.0,52.0,28.0,61.0,42.0,99.0,96.0,11.0,9.0,8.0,11.0,11.0,8.0,1.0,9.0,4.0,2.0,6.0,8.0,4.0,3.0,3.0,4.0,5.0,1.0,5.0,2.0,10.0,2.0,3.0,10.0,10.0,9.0,8.0,6.0,6.0,4.0,7.0,5.0,7.0,6.0,9.0,8.0,1.0,1.0,9.0,7.0,6.0,4.0,11.0,11.0,6.0,3.0,7.0,5.0,11.0,11.0,95 %ile,84 %ile,79 %ile,97 %ile,99 %ile,70 %ile,0 %ile,84 %ile,37 %ile,19 %ile,55 %ile,71 %ile,33 %ile,21 %ile,26 %ile,31 %ile,48 %ile,0 %ile,44 %ile,19 %ile,94 %ile,17 %ile,24 %ile,93 %ile,94 %ile,89 %ile,75 %ile,55 %ile,58 %ile,37 %ile,68 %ile,44 %ile,69 %ile,53 %ile,85 %ile,70 %ile,0 %ile,0 %ile,81 %ile,67 %ile,55 %ile,33 %ile,98 %ile,95 %ile,52 %ile,28 %ile,61 %ile,42 %ile,99 %ile,96 %ile,1312072.0,3379.0,0.0,0.0,5.0,3.0,2.966939011133927,1.737595780865774,0.054799747476975,0.0001233723105
280450301023,Mississippi,MS,Hancock County,4,995.0,968.0,714.0,416.0,525.0,764.0,762.0,1.22591557159314,1.511305221846903,324.0,0.325628140703518,293.0,0.302685950413223,48.0,0.122137404580153,123.0,0.161843214386063,0.0,0.0,23.0,0.032212885154062,32.0,0.032160804020101,287.0,0.288442211055276,0.198974358974359,8.88198005464481,57.26309,0.078076623370813,126.5813295,132504.74991537747,254.0,0.483809523809524,0.0,0.219508410593828,0.108212136641068,6.951100709483527,0.194604136760284,3.612550020217896,10.0,87.04000558311297,107.30267075113008,40.45521386257364,49.87307232094779,23.292395860269668,28.71479921509115,31.87380486142165,39.29393576801947,24.51831143186281,30.22610443693805,89.49183672629925,110.3252811948239,0.0,0.0,55.16620072169132,68.00873498311063,22.066480288676527,27.203493993244248,102.9769080138238,126.94963863513983,19.614649145490247,24.180883549550444,13.485071287524544,16.62435744031593,114.01014815816205,140.55138563176195,53.0,48.0,51.0,56.0,87.0,70.0,0.0,26.0,35.0,86.0,55.0,71.0,33.0,19.0,26.0,20.0,73.0,0.0,45.0,18.0,84.0,16.0,11.0,93.0,69.0,71.0,46.0,37.0,31.0,20.0,37.0,29.0,32.0,22.0,72.0,70.0,0.0,0.0,56.0,50.0,31.0,21.0,75.0,77.0,25.0,17.0,20.0,12.0,88.0,87.0,6.0,5.0,6.0,6.0,9.0,8.0,1.0,3.0,4.0,9.0,6.0,8.0,4.0,2.0,3.0,3.0,8.0,1.0,5.0,2.0,9.0,2.0,2.0,10.0,7.0,8.0,5.0,4.0,4.0,3.0,4.0,3.0,4.0,3.0,8.0,8.0,1.0,1.0,6.0,6.0,4.0,3.0,8.0,8.0,3.0,2.0,3.0,2.0,9.0,9.0,53 %ile,48 %ile,51 %ile,56 %ile,87 %ile,70 %ile,0 %ile,26 %ile,35 %ile,86 %ile,55 %ile,71 %ile,33 %ile,19 %ile,26 %ile,20 %ile,73 %ile,0 %ile,45 %ile,18 %ile,84 %ile,16 %ile,11 %ile,93 %ile,69 %ile,71 %ile,46 %ile,37 %ile,31 %ile,20 %ile,37 %ile,29 %ile,32 %ile,22 %ile,72 %ile,70 %ile,0 %ile,0 %ile,56 %ile,50 %ile,31 %ile,21 %ile,75 %ile,77 %ile,25 %ile,17 %ile,20 %ile,12 %ile,88 %ile,87 %ile,1141518.0,0.0,0.0,0.0,1.0,1.0,1.21201026620269,0.944270388205349,0.04299646761825,0.000107054651
280450302011,Mississippi,MS,Hancock County,4,572.0,572.0,467.0,263.0,315.0,467.0,540.0,0.415938590409327,1.72508128876124,51.0,0.089160839160839,67.0,0.117132867132867,47.0,0.173431734317343,72.0,0.133489461358314,0.0,0.0,94.0,0.201284796573876,28.0,0.048951048951049,157.0,0.274475524475524,0.236923076923077,8.62612240437158,57.27719,0.058735927512411,100.6692661,46269.85374861508,24.0,0.076190476190476,0.0,0.0,0.0,1.05489581718538,113.8458141575396,1.755732297897339,6.80672268907563,27.036008376606247,112.13028376948058,14.141912073917116,58.65276381788215,4.575324494502595,18.97589417637364,9.982526169823846,41.40195093026975,4.575324494502595,18.97589417637364,12.894096302689134,53.47751995159843,0.0,0.0,0.0,0.0,0.0,0.0,22.044745291694326,91.42930830434568,23.708499653331632,98.32963345939065,0.415938590409327,1.72508128876124,37.85041172724874,156.9823972772728,10.0,60.0,19.0,21.0,94.0,54.0,0.0,82.0,52.0,84.0,85.0,65.0,34.0,11.0,24.0,11.0,31.0,0.0,0.0,0.0,53.0,57.0,1.0,91.0,33.0,73.0,19.0,43.0,6.0,13.0,13.0,31.0,7.0,13.0,20.0,37.0,0.0,0.0,0.0,0.0,0.0,0.0,36.0,63.0,30.0,67.0,1.0,1.0,76.0,90.0,2.0,7.0,2.0,3.0,10.0,6.0,1.0,9.0,6.0,9.0,9.0,7.0,4.0,2.0,3.0,2.0,4.0,1.0,1.0,1.0,6.0,6.0,1.0,10.0,4.0,8.0,2.0,5.0,1.0,2.0,2.0,4.0,1.0,2.0,3.0,4.0,1.0,1.0,1.0,1.0,1.0,1.0,4.0,7.0,4.0,7.0,1.0,1.0,8.0,10.0,10 %ile,60 %ile,19 %ile,21 %ile,94 %ile,54 %ile,0 %ile,82 %ile,52 %ile,84 %ile,85 %ile,65 %ile,34 %ile,11 %ile,24 %ile,11 %ile,31 %ile,0 %ile,0 %ile,0 %ile,53 %ile,57 %ile,1 %ile,91 %ile,33 %ile,73 %ile,19 %ile,43 %ile,6 %ile,13 %ile,13 %ile,31 %ile,7 %ile,13 %ile,20 %ile,37 %ile,0 %ile,0 %ile,0 %ile,0 %ile,0 %ile,0 %ile,36 %ile,63 %ile,30 %ile,67 %ile,1 %ile,1 %ile,76 %ile,90 %ile,14157624.0,5779003.0,0.0,0.0,0.0,1.0,0.410066326203367,1.213808730228721,0.229151322197954,0.0018687537525
280450302012,Mississippi,MS,Hancock County,4,729.0,624.0,502.0,361.0,528.0,577.0,741.0,0.366355837575659,1.373063750396505,51.0,0.069958847736626,68.0,0.108974358974359,27.0,0.064593301435407,99.0,0.133489461358314,0.0,0.0,0.0,0.0,55.0,0.075445816186557,80.0,0.109739368998628,0.236923076923077,8.62612240437158,57.27719,0.114021648182756,106.1607032,153445.26681989114,51.0,0.096590909090909,0.0,0.0,0.0,7.74562395412179,0.307030437773656,3.564237594604492,6.056547619047619,23.813129442417807,89.24914377577284,12.456098477572391,46.68416751348117,12.089742639996734,45.31110376308467,8.792540101815806,32.95353000951612,7.693472589088831,28.83433875832661,12.82245431514805,48.05723126387768,0.0,0.0,0.0,0.0,0.0,0.0,31.50660203150664,118.08348253409945,6.228049238786197,23.342083756740585,3.663558375756586,13.730637503965053,33.338381219384935,124.94880128608196,8.0,39.0,15.0,19.0,68.0,54.0,0.0,0.0,74.0,29.0,85.0,65.0,34.0,33.0,24.0,21.0,35.0,0.0,0.0,0.0,86.0,17.0,10.0,91.0,30.0,62.0,17.0,34.0,18.0,34.0,12.0,24.0,12.0,21.0,20.0,34.0,0.0,0.0,0.0,0.0,0.0,0.0,43.0,74.0,10.0,17.0,6.0,10.0,75.0,84.0,1.0,4.0,2.0,2.0,7.0,6.0,1.0,1.0,8.0,3.0,9.0,7.0,4.0,4.0,3.0,3.0,4.0,1.0,1.0,1.0,9.0,2.0,2.0,10.0,4.0,7.0,2.0,4.0,2.0,4.0,2.0,3.0,2.0,3.0,3.0,4.0,1.0,1.0,1.0,1.0,1.0,1.0,5.0,8.0,2.0,2.0,1.0,2.0,8.0,9.0,8 %ile,39 %ile,15 %ile,19 %ile,68 %ile,54 %ile,0 %ile,0 %ile,74 %ile,29 %ile,85 %ile,65 %ile,34 %ile,33 %ile,24 %ile,21 %ile,35 %ile,0 %ile,0 %ile,0 %ile,86 %ile,17 %ile,10 %ile,91 %ile,30 %ile,62 %ile,17 %ile,34 %ile,18 %ile,34 %ile,12 %ile,24 %ile,12 %ile,21 %ile,20 %ile,34 %ile,0 %ile,0 %ile,0 %ile,0 %ile,0 %ile,0 %ile,43 %ile,74 %ile,10 %ile,17 %ile,6 %ile,10 %ile,75 %ile,84 %ile,3985560.0,323022.0,0.0,0.0,0.0,1.0,0.360719405809478,0.836267494594718,0.09082714396963,0.0004039739245
280450302021,Mississippi,MS,Hancock County,4,633.0,633.0,562.0,296.0,449.0,569.0,693.0,1.084411928057754,2.128926209895268,186.0,0.293838862559242,167.0,0.263823064770932,23.0,0.056372549019608,151.0,0.21763085399449,22.0,0.074324324324324,67.0,0.119217081850534,49.0,0.07740916271722,142.0,0.22432859399684,0.236923076923077,8.74208852459016,57.41596,0.085493950491952,101.6699489,155802.20211497508,30.0,0.066815144766147,0.0,0.0,0.0,2.852767724269363,0.288897720110963,4.631328582763672,10.0,73.74001110792723,144.7669822728782,36.870005553963615,72.3834911364391,23.857062417270576,46.83637661769589,26.025886273386085,51.09422903748642,23.857062417270576,46.83637661769589,32.532357841732605,63.86778629685802,0.0,0.0,0.0,0.0,0.0,0.0,74.82442303598499,146.89590848277348,18.435002776981808,36.19174556821955,20.60382663309732,40.44959798801008,100.85030930937108,197.9901375202599,46.0,78.0,48.0,49.0,64.0,89.0,81.0,65.0,75.0,73.0,85.0,68.0,34.0,22.0,24.0,22.0,30.0,0.0,0.0,0.0,69.0,17.0,19.0,93.0,63.0,85.0,43.0,53.0,32.0,36.0,32.0,38.0,31.0,36.0,38.0,44.0,0.0,0.0,0.0,0.0,0.0,0.0,66.0,83.0,24.0,26.0,28.0,31.0,86.0,95.0,5.0,8.0,5.0,5.0,7.0,9.0,9.0,7.0,8.0,8.0,9.0,7.0,4.0,3.0,3.0,3.0,4.0,1.0,1.0,1.0,7.0,2.0,2.0,10.0,7.0,9.0,5.0,6.0,4.0,4.0,4.0,4.0,4.0,4.0,4.0,5.0,1.0,1.0,1.0,1.0,1.0,1.0,7.0,9.0,3.0,3.0,3.0,4.0,9.0,11.0,46 %ile,78 %ile,48 %ile,49 %ile,64 %ile,89 %ile,81 %ile,65 %ile,75 %ile,73 %ile,85 %ile,68 %ile,34 %ile,22 %ile,24 %ile,22 %ile,30 %ile,0 %ile,0 %ile,0 %ile,69 %ile,17 %ile,19 %ile,93 %ile,63 %ile,85 %ile,43 %ile,53 %ile,32 %ile,36 %ile,32 %ile,38 %ile,31 %ile,36 %ile,38 %ile,44 %ile,0 %ile,0 %ile,0 %ile,0 %ile,0 %ile,0 %ile,66 %ile,83 %ile,24 %ile,26 %ile,28 %ile,31 %ile,86 %ile,95 %ile,2654229.0,9333175.0,0.0,0.0,1.0,3.0,1.072425529222623,1.950719165653117,0.217955383976428,0.00112388668
280450302022,Mississippi,MS,Hancock County,4,456.0,456.0,383.0,246.0,277.0,383.0,396.0,0.976390815097244,2.480204538893158,0.0,0.0,190.0,0.416666666666667,0.0,0.0,86.0,0.21763085399449,0.0,0.0,123.0,0.321148825065274,0.0,0.0,121.0,0.265350877192982,0.236923076923077,8.74208852459016,57.41596,0.104926589329278,101.903299,77615.62257974665,15.0,0.054151624548736,0.0,0.0,0.0,2.449633689206103,0.217314987272227,3.457974910736084,10.0,66.3945754266126,168.6539086447347,33.1972877133063,84.32695432236734,29.29172445291733,74.40613616679475,23.433379562333865,59.524908933435775,14.645862226458664,37.20306808339737,26.362552007625595,66.96552255011525,0.0,0.0,0.0,0.0,0.0,0.0,64.44179379641812,163.6934995669484,15.622253041555908,39.68327262229053,9.763908150972442,24.802045388931575,90.8043458040437,230.65902211706367,41.0,88.0,0.0,72.0,0.0,89.0,0.0,93.0,0.0,82.0,85.0,68.0,34.0,30.0,24.0,15.0,27.0,0.0,0.0,0.0,66.0,16.0,10.0,93.0,60.0,90.0,40.0,61.0,37.0,56.0,29.0,44.0,21.0,28.0,32.0,46.0,0.0,0.0,0.0,0.0,0.0,0.0,62.0,87.0,21.0,29.0,15.0,19.0,85.0,97.0,5.0,9.0,1.0,8.0,1.0,9.0,1.0,10.0,1.0,9.0,9.0,7.0,4.0,4.0,3.0,2.0,3.0,1.0,1.0,1.0,7.0,2.0,2.0,10.0,7.0,10.0,5.0,7.0,4.0,6.0,3.0,5.0,3.0,3.0,4.0,5.0,1.0,1.0,1.0,1.0,1.0,1.0,7.0,9.0,3.0,3.0,2.0,2.0,9.0,11.0,41 %ile,88 %ile,0 %ile,72 %ile,0 %ile,89 %ile,0 %ile,93 %ile,0 %ile,82 %ile,85 %ile,68 %ile,34 %ile,30 %ile,24 %ile,15 %ile,27 %ile,0 %ile,0 %ile,0 %ile,66 %ile,16 %ile,10 %ile,93 %ile,60 %ile,90 %ile,40 %ile,61 %ile,37 %ile,56 %ile,29 %ile,44 %ile,21 %ile,28 %ile,32 %ile,46 %ile,0 %ile,0 %ile,0 %ile,0 %ile,0 %ile,0 %ile,62 %ile,87 %ile,21 %ile,29 %ile,15 %ile,19 %ile,85 %ile,97 %ile,2554744.0,0.0,0.0,0.0,1.0,3.0,0.951274104091118,1.949391485243778,0.076114164348857,0.0002395272435
280450302031,Mississippi,MS,Hancock County,4,2288.0,2288.0,1634.0,886.0,925.0,1968.0,2065.0,0.731635120999524,1.96515982549609,163.0,0.071241258741259,604.0,0.263986013986014,194.0,0.137784090909091,511.0,0.247576848518416,0.0,0.0,78.0,0.047735618115055,80.0,0.034965034965035,231.0,0.100961538461538,0.236923076923077,8.73457076502732,57.16648,0.124951505747397,108.1778431,153277.72791373671,193.0,0.208648648648649,0.0,0.0,0.0,5.965617514500694,0.43487574306396,5.163139820098877,8.676872607982505,49.019553106968125,131.66570830823807,24.143958992984295,64.85027424137098,27.80213459798192,74.67607336885142,17.559242903988583,47.16383581190617,15.364337540990007,41.2683563354179,35.850120928976686,96.29283144930845,0.0,0.0,0.0,0.0,0.0,0.0,59.99407992196098,161.14310569067942,13.169432177991435,35.37287685892963,18.290878024988107,49.128995637402255,67.31043113195622,180.79470394564032,28.0,72.0,16.0,49.0,90.0,94.0,0.0,35.0,38.0,25.0,85.0,67.0,33.0,38.0,24.0,21.0,49.0,0.0,0.0,0.0,82.0,18.0,25.0,92.0,51.0,81.0,31.0,48.0,36.0,56.0,22.0,35.0,22.0,31.0,41.0,63.0,0.0,0.0,0.0,0.0,0.0,0.0,60.0,86.0,18.0,26.0,26.0,38.0,81.0,93.0,3.0,8.0,2.0,5.0,10.0,10.0,1.0,4.0,4.0,3.0,9.0,7.0,4.0,4.0,3.0,3.0,5.0,1.0,1.0,1.0,9.0,2.0,3.0,10.0,6.0,9.0,4.0,5.0,4.0,6.0,3.0,4.0,3.0,4.0,5.0,7.0,1.0,1.0,1.0,1.0,1.0,1.0,7.0,9.0,2.0,3.0,3.0,4.0,9.0,10.0,28 %ile,72 %ile,16 %ile,49 %ile,90 %ile,94 %ile,0 %ile,35 %ile,38 %ile,25 %ile,85 %ile,67 %ile,33 %ile,38 %ile,24 %ile,21 %ile,49 %ile,0 %ile,0 %ile,0 %ile,82 %ile,18 %ile,25 %ile,92 %ile,51 %ile,81 %ile,31 %ile,48 %ile,36 %ile,56 %ile,22 %ile,35 %ile,22 %ile,31 %ile,41 %ile,63 %ile,0 %ile,0 %ile,0 %ile,0 %ile,0 %ile,0 %ile,60 %ile,86 %ile,18 %ile,26 %ile,26 %ile,38 %ile,81 %ile,93 %ile,3186434.0,39926.0,0.0,0.0,1.0,3.0,0.716671664762804,1.393256002374832,0.081105920187618,0.0003025389265
280450302032,Mississippi,MS,Hancock County,4,1323.0,1323.0,912.0,590.0,667.0,1183.0,1546.0,2.059634914961364,2.579834623830791,626.0,0.473167044595616,739.0,0.558578987150416,0.0,0.0,383.0,0.247576848518416,0.0,0.0,224.0,0.245614035087719,46.0,0.034769463340892,335.0,0.253212396069539,0.236923076923077,8.73457076502732,57.16648,0.127613085027781,105.7270889,115316.15949194937,79.0,0.118440779610195,0.0,0.0,0.0,9.012017473414996,0.363570984543639,4.659389019012451,10.0,137.99553930241134,172.84891979666295,67.967952193725,85.1345425864161,80.32576168349318,100.61355032940084,49.431237959072725,61.916030971938966,37.07342846930455,46.43702322895423,78.26612676853182,98.03371570557005,0.0,0.0,0.0,0.0,0.0,0.0,181.2478725166,227.0254468971096,37.07342846930455,46.43702322895423,41.19269829922728,51.59669247661581,191.5460470914068,239.92462001626356,79.0,90.0,63.0,86.0,0.0,94.0,0.0,87.0,38.0,80.0,85.0,67.0,33.0,39.0,24.0,18.0,38.0,0.0,0.0,0.0,88.0,18.0,20.0,93.0,83.0,91.0,63.0,61.0,66.0,70.0,51.0,45.0,42.0,35.0,67.0,64.0,0.0,0.0,0.0,0.0,0.0,0.0,90.0,96.0,42.0,34.0,45.0,39.0,95.0,98.0,8.0,10.0,7.0,9.0,1.0,10.0,1.0,9.0,4.0,9.0,9.0,7.0,4.0,4.0,3.0,2.0,4.0,1.0,1.0,1.0,9.0,2.0,3.0,10.0,9.0,10.0,7.0,7.0,7.0,8.0,6.0,5.0,5.0,4.0,7.0,7.0,1.0,1.0,1.0,1.0,1.0,1.0,10.0,11.0,5.0,4.0,5.0,4.0,11.0,11.0,79 %ile,90 %ile,63 %ile,86 %ile,0 %ile,94 %ile,0 %ile,87 %ile,38 %ile,80 %ile,85 %ile,67 %ile,33 %ile,39 %ile,24 %ile,18 %ile,38 %ile,0 %ile,0 %ile,0 %ile,88 %ile,18 %ile,20 %ile,93 %ile,83 %ile,91 %ile,63 %ile,61 %ile,66 %ile,70 %ile,51 %ile,45 %ile,42 %ile,35 %ile,67 %ile,64 %ile,0 %ile,0 %ile,0 %ile,0 %ile,0 %ile,0 %ile,90 %ile,96 %ile,42 %ile,34 %ile,45 %ile,39 %ile,95 %ile,98 %ile,2192249.0,1872.0,0.0,0.0,3.0,3.0,2.032271049471837,2.02611270664716,0.066267232970544,0.0002057320915
280450303011,Mississippi,MS,Hancock County,4,1035.0,1035.0,776.0,471.0,534.0,843.0,1256.0,1.556427308773054,1.982492837129613,203.0,0.196135265700483,550.0,0.531400966183575,48.0,0.103896103896104,227.0,0.180623973727422,0.0,0.0,40.0,0.051546391752577,42.0,0.040579710144928,204.0,0.197101449275362,0.231794871794872,8.92481612021858,56.87866,0.081298274888647,119.455746,179847.54185368508,33.0,0.061797752808989,0.0,0.219238563860647,0.120067590934015,3.060627097784647,0.394254789975494,4.495365142822266,10.0,112.06276623165984,142.73948427333215,49.805673880737714,63.43977078814763,32.68497348423413,41.63234957972188,38.91068271932634,49.562320928240325,35.79782810178023,45.597335253981115,45.13639195441856,57.49229227675879,0.0,0.0,70.03922889478741,89.2121776708326,29.572118866688015,37.66736390546265,108.94991161411374,138.77449859907293,28.015691557914963,35.68487106833304,28.015691557914963,35.68487106833304,144.74773971589397,184.371833853054,65.0,73.0,36.0,84.0,83.0,78.0,0.0,37.0,44.0,64.0,82.0,72.0,32.0,21.0,25.0,23.0,29.0,0.0,45.0,19.0,70.0,18.0,18.0,93.0,77.0,84.0,53.0,47.0,40.0,31.0,44.0,36.0,41.0,35.0,48.0,40.0,0.0,0.0,63.0,62.0,37.0,28.0,76.0,80.0,34.0,26.0,35.0,28.0,91.0,93.0,7.0,8.0,4.0,9.0,9.0,8.0,1.0,4.0,5.0,7.0,9.0,8.0,4.0,3.0,3.0,3.0,3.0,1.0,5.0,2.0,8.0,2.0,2.0,10.0,8.0,9.0,6.0,5.0,5.0,4.0,5.0,4.0,5.0,4.0,5.0,5.0,1.0,1.0,7.0,7.0,4.0,3.0,8.0,9.0,4.0,3.0,4.0,3.0,10.0,10.0,65 %ile,73 %ile,36 %ile,84 %ile,83 %ile,78 %ile,0 %ile,37 %ile,44 %ile,64 %ile,82 %ile,72 %ile,32 %ile,21 %ile,25 %ile,23 %ile,29 %ile,0 %ile,45 %ile,19 %ile,70 %ile,18 %ile,18 %ile,93 %ile,77 %ile,84 %ile,53 %ile,47 %ile,40 %ile,31 %ile,44 %ile,36 %ile,41 %ile,35 %ile,48 %ile,40 %ile,0 %ile,0 %ile,63 %ile,62 %ile,37 %ile,28 %ile,76 %ile,80 %ile,34 %ile,26 %ile,35 %ile,28 %ile,91 %ile,93 %ile,10359042.0,4200204.0,0.0,0.0,1.0,3.0,1.527008892781289,1.423864375646284,0.225783191583411,0.0013657757755
280450303012,Mississippi,MS,Hancock County,4,873.0,792.0,841.0,411.0,422.0,847.0,571.0,0.425148750848586,1.558781880619186,133.0,0.152348224513173,62.0,0.078282828282828,0.0,0.0,103.0,0.180623973727422,4.0,0.009732360097324,35.0,0.041617122473246,0.0,0.0,263.0,0.301260022909507,0.231794871794872,8.92481612021858,56.87866,0.08363186823443,153.0320209,151868.28049347273,44.0,0.104265402843602,0.0,0.251991676043058,0.139657816909573,3.238763346694766,0.253608926424083,4.475662708282471,10.0,30.610710061098228,112.23229540458142,13.604760027154768,49.881020179813966,9.353272518668902,34.293201373622104,11.904165023760422,43.645892657337214,8.928123767820317,32.73441949300292,15.305355030549114,56.11614770229071,0.0,0.0,20.407140040732152,74.82153026972094,8.50297501697173,31.175637612383728,30.185561310249643,110.67351352396224,7.227528764425971,26.49929197052617,7.652677515274557,28.058073851145355,39.53883382891854,144.96671489758432,11.0,51.0,30.0,13.0,0.0,78.0,59.0,32.0,0.0,88.0,82.0,72.0,32.0,22.0,28.0,21.0,36.0,0.0,48.0,20.0,71.0,17.0,18.0,93.0,37.0,73.0,18.0,37.0,14.0,25.0,16.0,32.0,14.0,24.0,22.0,39.0,0.0,0.0,35.0,54.0,18.0,23.0,42.0,71.0,11.0,19.0,12.0,21.0,76.0,88.0,2.0,6.0,4.0,2.0,1.0,8.0,6.0,4.0,1.0,9.0,9.0,8.0,4.0,3.0,3.0,3.0,4.0,1.0,5.0,3.0,8.0,2.0,2.0,10.0,4.0,8.0,2.0,4.0,2.0,3.0,2.0,4.0,2.0,3.0,3.0,4.0,1.0,1.0,4.0,6.0,2.0,3.0,5.0,8.0,2.0,2.0,2.0,3.0,8.0,9.0,11 %ile,51 %ile,30 %ile,13 %ile,0 %ile,78 %ile,59 %ile,32 %ile,0 %ile,88 %ile,82 %ile,72 %ile,32 %ile,22 %ile,28 %ile,21 %ile,36 %ile,0 %ile,48 %ile,20 %ile,71 %ile,17 %ile,18 %ile,93 %ile,37 %ile,73 %ile,18 %ile,37 %ile,14 %ile,25 %ile,16 %ile,32 %ile,14 %ile,24 %ile,22 %ile,39 %ile,0 %ile,0 %ile,35 %ile,54 %ile,18 %ile,23 %ile,42 %ile,71 %ile,11 %ile,19 %ile,12 %ile,21 %ile,76 %ile,88 %ile,4240945.0,15107295.0,0.0,0.0,0.0,1.0,0.422460661448331,1.058878252188846,0.191909361036353,0.001815123906
280450303021,Mississippi,MS,Hancock County,4,820.0,820.0,566.0,315.0,496.0,653.0,1173.0,1.042725337375767,1.944050030791709,149.0,0.181707317073171,264.0,0.321951219512195,0.0,0.0,216.0,0.183841714756801,0.0,0.0,78.0,0.137809187279152,64.0,0.078048780487805,170.0,0.207317073170732,0.231794871794872,8.79662431693989,56.78882,0.085293172325294,114.4519202,187235.21115379088,0.0,0.0,0.0,0.097538848670451,0.097538848670451,3.513536962751734,1.453225761785858,5.538380146026611,10.0,71.94804827892791,134.13945212462792,32.32448545864877,60.265550954542974,22.93995742226687,42.7691006774176,26.068133434394166,48.60125076979273,25.025408097018403,46.657200739001006,0.0,0.0,0.0,0.0,32.32448545864877,60.265550954542974,18.769056072763803,34.99290055425076,76.11894962843098,141.91565224779475,25.025408097018403,46.657200739001006,29.196309446521468,54.43340086216785,96.97345637594633,180.7966528636289,44.0,71.0,34.0,59.0,0.0,80.0,0.0,70.0,76.0,67.0,82.0,69.0,31.0,22.0,25.0,24.0,0.0,0.0,31.0,18.0,73.0,24.0,28.0,93.0,63.0,81.0,39.0,44.0,31.0,32.0,32.0,36.0,32.0,35.0,0.0,0.0,0.0,0.0,43.0,46.0,27.0,26.0,66.0,81.0,31.0,34.0,36.0,41.0,86.0,93.0,5.0,8.0,4.0,6.0,1.0,9.0,1.0,8.0,8.0,7.0,9.0,7.0,4.0,3.0,3.0,3.0,1.0,1.0,4.0,2.0,8.0,3.0,3.0,10.0,7.0,9.0,4.0,5.0,4.0,4.0,4.0,4.0,4.0,4.0,1.0,1.0,1.0,1.0,5.0,5.0,3.0,3.0,7.0,9.0,4.0,4.0,4.0,5.0,9.0,10.0,44 %ile,71 %ile,34 %ile,59 %ile,0 %ile,80 %ile,0 %ile,70 %ile,76 %ile,67 %ile,82 %ile,69 %ile,31 %ile,22 %ile,25 %ile,24 %ile,0 %ile,0 %ile,31 %ile,18 %ile,73 %ile,24 %ile,28 %ile,93 %ile,63 %ile,81 %ile,39 %ile,44 %ile,31 %ile,32 %ile,32 %ile,36 %ile,32 %ile,35 %ile,0 %ile,0 %ile,0 %ile,0 %ile,43 %ile,46 %ile,27 %ile,26 %ile,66 %ile,81 %ile,31 %ile,34 %ile,36 %ile,41 %ile,86 %ile,93 %ile,4082861.0,309357.0,0.0,0.0,1.0,3.0,1.025740249279756,1.400437794937475,0.105476192604714,0.000411960001
280450303022,Mississippi,MS,Hancock County,4,718.0,718.0,514.0,282.0,432.0,652.0,587.0,0.0,1.449772280177044,0.0,0.0,0.0,0.0,0.0,0.0,108.0,0.183841714756801,0.0,0.0,13.0,0.025291828793774,0.0,0.0,124.0,0.172701949860724,0.231794871794872,8.79662431693989,56.78882,0.075808853211421,115.264772,150704.4427468767,0.0,0.0,0.0,0.088706846605794,0.088706846605794,1.333505701990165,0.738419892470598,5.093939781188965,10.0,0.0,100.03428733221604,0.0,44.94294068548837,0.0,26.0959010431868,0.0,36.244307004426105,0.0,30.445217883717927,0.0,0.0,0.0,0.0,0.0,43.49316840531133,0.0,24.646128763009752,0.0,81.18724768991449,0.0,28.995445603540887,0.0,34.79453472424906,0.0,134.82882205646513,0.0,44.0,0.0,0.0,0.0,80.0,0.0,22.0,0.0,55.0,82.0,69.0,31.0,18.0,25.0,21.0,0.0,0.0,30.0,17.0,56.0,20.0,24.0,93.0,0.0,67.0,0.0,33.0,0.0,18.0,0.0,27.0,0.0,22.0,0.0,0.0,0.0,0.0,0.0,36.0,0.0,19.0,0.0,58.0,0.0,21.0,0.0,27.0,0.0,86.0,1.0,5.0,1.0,1.0,1.0,9.0,1.0,3.0,1.0,6.0,9.0,7.0,4.0,2.0,3.0,3.0,1.0,1.0,4.0,2.0,6.0,3.0,3.0,10.0,1.0,7.0,1.0,4.0,1.0,2.0,1.0,3.0,1.0,3.0,1.0,1.0,1.0,1.0,1.0,4.0,1.0,2.0,1.0,6.0,1.0,3.0,1.0,3.0,1.0,9.0,0 %ile,44 %ile,0 %ile,0 %ile,0 %ile,80 %ile,0 %ile,22 %ile,0 %ile,55 %ile,82 %ile,69 %ile,31 %ile,18 %ile,25 %ile,21 %ile,0 %ile,0 %ile,30 %ile,17 %ile,56 %ile,20 %ile,24 %ile,93 %ile,0 %ile,67 %ile,0 %ile,33 %ile,0 %ile,18 %ile,0 %ile,27 %ile,0 %ile,22 %ile,0 %ile,0 %ile,0 %ile,0 %ile,0 %ile,36 %ile,0 %ile,19 %ile,0 %ile,58 %ile,0 %ile,21 %ile,0 %ile,27 %ile,0 %ile,86 %ile,3456687.0,283192.0,0.0,0.0,0.0,1.0,0.0,0.899545341224777,0.102722927010039,0.0003507867175
280450303023,Mississippi,MS,Hancock County,4,888.0,852.0,780.0,391.0,511.0,780.0,666.0,0.094336364480788,1.442806715974172,2.0,0.002252252252252,33.0,0.038732394366197,0.0,0.0,122.0,0.183841714756801,0.0,0.0,0.0,0.0,75.0,0.084459459459459,132.0,0.148648648648649,0.231794871794872,8.79662431693989,56.78882,0.083858124603915,115.0849577,111862.2311202087,17.0,0.033268101761252,0.0,0.0,0.0,1.282776041996693,0.411063224785913,5.251242637634277,10.0,6.509209149174339,99.5536634022179,2.924427298904413,44.72700819519935,2.075400018577326,31.741747751431795,2.358409112019688,36.07016789935431,1.698054560654175,25.970520887535105,2.075400018577326,31.741747751431795,0.0,0.0,0.0,0.0,0.0,0.0,5.282836410924102,80.79717609455366,1.698054560654175,25.970520887535105,2.358409112019688,36.07016789935431,8.77328189671324,134.18102458559804,1.0,44.0,2.0,6.0,0.0,80.0,0.0,0.0,79.0,45.0,82.0,69.0,31.0,22.0,25.0,18.0,22.0,0.0,0.0,0.0,56.0,18.0,25.0,93.0,10.0,67.0,5.0,33.0,3.0,23.0,4.0,27.0,3.0,18.0,15.0,24.0,0.0,0.0,0.0,0.0,0.0,0.0,27.0,57.0,8.0,19.0,4.0,28.0,73.0,86.0,1.0,5.0,1.0,1.0,1.0,9.0,1.0,1.0,8.0,5.0,9.0,7.0,4.0,3.0,3.0,2.0,3.0,1.0,1.0,1.0,6.0,2.0,3.0,10.0,2.0,7.0,1.0,4.0,1.0,3.0,1.0,3.0,1.0,2.0,2.0,3.0,1.0,1.0,1.0,1.0,1.0,1.0,3.0,6.0,1.0,2.0,1.0,3.0,8.0,9.0,1 %ile,44 %ile,2 %ile,6 %ile,0 %ile,80 %ile,0 %ile,0 %ile,79 %ile,45 %ile,82 %ile,69 %ile,31 %ile,22 %ile,25 %ile,18 %ile,22 %ile,0 %ile,0 %ile,0 %ile,56 %ile,18 %ile,25 %ile,93 %ile,10 %ile,67 %ile,5 %ile,33 %ile,3 %ile,23 %ile,4 %ile,27 %ile,3 %ile,18 %ile,15 %ile,24 %ile,0 %ile,0 %ile,0 %ile,0 %ile,0 %ile,0 %ile,27 %ile,57 %ile,8 %ile,19 %ile,4 %ile,28 %ile,73 %ile,86 %ile,3615152.0,700389.0,0.0,0.0,0.0,1.0,0.092031594237718,0.888414039305373,0.097705518383314,0.0004048114425
280450303031,Mississippi,MS,Hancock County,4,765.0,765.0,513.0,219.0,250.0,638.0,552.0,0.076734321002702,1.491655215919728,37.0,0.048366013071895,0.0,0.0,0.0,0.0,97.0,0.17606100795756,0.0,0.0,33.0,0.064327485380117,13.0,0.016993464052288,47.0,0.061437908496732,0.231794871794872,8.65551666666667,57.06184,0.073034119034604,134.777651,43582.912570993845,0.0,0.0,0.0,0.0,0.0,3.69901827319856,0.129455276631977,2.770124912261963,0.0,4.987730865175648,96.95758903478232,2.532232593089175,49.22462212535103,1.304483457045939,25.358138670635377,2.071826667072961,40.27469082983266,0.844077531029725,16.40820737511701,0.0,0.0,0.0,0.0,0.0,0.0,0.0,0.0,5.678339754199969,110.38248597805988,1.151014815040534,22.37482823879592,0.383671605013511,7.45827607959864,0.0,0.0,1.0,47.0,11.0,0.0,0.0,77.0,0.0,44.0,21.0,11.0,82.0,65.0,33.0,17.0,27.0,11.0,0.0,0.0,0.0,0.0,74.0,15.0,5.0,0.0,8.0,66.0,4.0,36.0,2.0,18.0,3.0,30.0,2.0,11.0,0.0,0.0,0.0,0.0,0.0,0.0,0.0,0.0,27.0,71.0,8.0,16.0,1.0,5.0,0.0,0.0,1.0,5.0,2.0,1.0,1.0,8.0,1.0,5.0,3.0,2.0,9.0,7.0,4.0,2.0,3.0,2.0,1.0,1.0,1.0,1.0,8.0,2.0,1.0,1.0,1.0,7.0,1.0,4.0,1.0,2.0,1.0,4.0,1.0,2.0,1.0,1.0,1.0,1.0,1.0,1.0,1.0,1.0,3.0,8.0,1.0,2.0,1.0,1.0,1.0,1.0,1 %ile,47 %ile,11 %ile,0 %ile,0 %ile,77 %ile,0 %ile,44 %ile,21 %ile,11 %ile,82 %ile,65 %ile,33 %ile,17 %ile,27 %ile,11 %ile,0 %ile,0 %ile,0 %ile,0 %ile,74 %ile,15 %ile,5 %ile,0 %ile,8 %ile,66 %ile,4 %ile,36 %ile,2 %ile,18 %ile,3 %ile,30 %ile,2 %ile,11 %ile,0 %ile,0 %ile,0 %ile,0 %ile,0 %ile,0 %ile,0 %ile,0 %ile,27 %ile,71 %ile,8 %ile,16 %ile,1 %ile,5 %ile,0 %ile,0 %ile,3678671.0,5415.0,0.0,0.0,0.0,0.0,0.077379041857427,0.948971712227963,0.112621697526809,0.000345418753
280450303032,Mississippi,MS,Hancock County,4,1230.0,1230.0,807.0,550.0,726.0,839.0,903.0,2.137195428427072,2.307221423313845,109.0,0.088617886178862,1048.0,0.852032520325203,14.0,0.024518388791594,159.0,0.17606100795756,22.0,0.04,25.0,0.030978934324659,163.0,0.132520325203252,59.0,0.047967479674797,0.231794871794872,8.65551666666667,57.06184,0.083946307252564,116.6964544,77692.56543700577,0.0,0.0,0.0,0.0,0.0,1.336230903989735,0.169372366999201,3.427783250808716,0.0,138.91770284775967,149.9693925153999,70.52744913809337,76.13830696935686,47.01829942539558,50.758871312904574,53.42988571067679,57.68053558284612,32.05793142640608,34.608321349707666,0.0,0.0,0.0,0.0,0.0,0.0,0.0,0.0,119.682943991916,129.20439970557527,34.19512685483315,36.91554277302152,19.234758855843644,20.7649928098246,0.0,0.0,81.0,84.0,19.0,98.0,39.0,77.0,72.0,26.0,94.0,8.0,82.0,65.0,33.0,22.0,25.0,15.0,0.0,0.0,0.0,0.0,56.0,16.0,9.0,0.0,83.0,86.0,64.0,56.0,50.0,39.0,54.0,42.0,38.0,25.0,0.0,0.0,0.0,0.0,0.0,0.0,0.0,0.0,79.0,77.0,40.0,27.0,27.0,15.0,0.0,0.0,9.0,9.0,2.0,11.0,4.0,8.0,8.0,3.0,10.0,1.0,9.0,7.0,4.0,3.0,3.0,2.0,1.0,1.0,1.0,1.0,6.0,2.0,1.0,1.0,9.0,9.0,7.0,6.0,6.0,4.0,6.0,5.0,4.0,3.0,1.0,1.0,1.0,1.0,1.0,1.0,1.0,1.0,8.0,8.0,5.0,3.0,3.0,2.0,1.0,1.0,81 %ile,84 %ile,19 %ile,98 %ile,39 %ile,77 %ile,72 %ile,26 %ile,94 %ile,8 %ile,82 %ile,65 %ile,33 %ile,22 %ile,25 %ile,15 %ile,0 %ile,0 %ile,0 %ile,0 %ile,56 %ile,16 %ile,9 %ile,0 %ile,83 %ile,86 %ile,64 %ile,56 %ile,50 %ile,39 %ile,54 %ile,42 %ile,38 %ile,25 %ile,0 %ile,0 %ile,0 %ile,0 %ile,0 %ile,0 %ile,0 %ile,0 %ile,79 %ile,77 %ile,40 %ile,27 %ile,27 %ile,15 %ile,0 %ile,0 %ile,6768897.0,2398.0,0.0,0.0,1.0,1.0,2.087016097337966,1.941401850474325,0.14302230961598,0.000634892035
280450303033,Mississippi,MS,Hancock County,4,706.0,706.0,434.0,220.0,220.0,488.0,735.0,0.624831363872554,2.122428963111273,24.0,0.03399433427762,172.0,0.243626062322946,101.0,0.236533957845433,129.0,0.17606100795756,0.0,0.0,130.0,0.299539170506912,0.0,0.0,88.0,0.124645892351275,0.231794871794872,8.65551666666667,57.06184,0.067709878447754,127.9814067,42535.805003578345,0.0,0.0,0.0,0.0,0.0,3.666448116065537,0.118634858737873,3.193528652191162,0.0,40.614038651716,137.95788260223273,20.61943500779428,70.040155782672,9.372470458088308,31.836434446669088,16.245615460686402,55.18315304089309,6.873145002598092,23.346718594224,0.0,0.0,0.0,0.0,0.0,0.0,0.0,0.0,45.61268956269643,154.9373143071229,9.372470458088308,31.836434446669088,4.998650910980431,16.97943170489018,0.0,0.0,21.0,78.0,8.0,46.0,97.0,77.0,0.0,91.0,0.0,35.0,82.0,65.0,33.0,15.0,26.0,11.0,0.0,0.0,0.0,0.0,73.0,15.0,8.0,0.0,45.0,83.0,27.0,51.0,14.0,23.0,21.0,40.0,11.0,16.0,0.0,0.0,0.0,0.0,0.0,0.0,0.0,0.0,52.0,85.0,14.0,23.0,8.0,12.0,0.0,0.0,3.0,8.0,1.0,5.0,11.0,8.0,1.0,10.0,1.0,4.0,9.0,7.0,4.0,2.0,3.0,2.0,1.0,1.0,1.0,1.0,8.0,2.0,1.0,1.0,5.0,9.0,3.0,6.0,2.0,3.0,3.0,5.0,2.0,2.0,1.0,1.0,1.0,1.0,1.0,1.0,1.0,1.0,6.0,9.0,2.0,3.0,1.0,2.0,1.0,1.0,21 %ile,78 %ile,8 %ile,46 %ile,97 %ile,77 %ile,0 %ile,91 %ile,0 %ile,35 %ile,82 %ile,65 %ile,33 %ile,15 %ile,26 %ile,11 %ile,0 %ile,0 %ile,0 %ile,0 %ile,73 %ile,15 %ile,8 %ile,0 %ile,45 %ile,83 %ile,27 %ile,51 %ile,14 %ile,23 %ile,21 %ile,40 %ile,11 %ile,16 %ile,0 %ile,0 %ile,0 %ile,0 %ile,0 %ile,0 %ile,0 %ile,0 %ile,52 %ile,85 %ile,14 %ile,23 %ile,8 %ile,12 %ile,0 %ile,0 %ile,1404530.0,0.0,0.0,0.0,0.0,2.0,0.610598704722014,1.603926771989442,0.054802252169971,0.0001316827005
280450303034,Mississippi,MS,Hancock County,4,315.0,315.0,292.0,147.0,273.0,292.0,826.0,2.102820376688168,2.495980979064198,193.0,0.612698412698413,152.0,0.482539682539683,0.0,0.0,145.0,0.17606100795756,0.0,0.0,113.0,0.386986301369863,0.0,0.0,48.0,0.152380952380952,0.231794871794872,8.65551666666667,57.06184,0.084894868925274,126.3151346,55894.86625489019,0.0,0.0,0.0,0.0,0.0,0.0,0.143319715398175,3.759937524795532,0.0,136.68332448473092,162.2387636391729,69.39307243070955,82.36737230911855,46.2620482871397,54.91158153941237,54.67332979389237,64.89550545566917,27.336664896946186,32.44775272783458,0.0,0.0,0.0,0.0,0.0,0.0,0.0,0.0,0.0,0.0,31.54230565032252,37.439714685962976,25.233844520258017,29.951771748770383,0.0,0.0,80.0,89.0,73.0,79.0,0.0,77.0,0.0,96.0,0.0,47.0,82.0,65.0,33.0,22.0,26.0,13.0,0.0,0.0,0.0,0.0,0.0,15.0,12.0,0.0,83.0,89.0,64.0,60.0,49.0,42.0,55.0,47.0,34.0,24.0,0.0,0.0,0.0,0.0,0.0,0.0,0.0,0.0,0.0,0.0,37.0,27.0,33.0,23.0,0.0,0.0,9.0,9.0,8.0,8.0,1.0,8.0,1.0,11.0,1.0,5.0,9.0,7.0,4.0,3.0,3.0,2.0,1.0,1.0,1.0,1.0,1.0,2.0,2.0,1.0,9.0,9.0,7.0,7.0,5.0,5.0,6.0,5.0,4.0,3.0,1.0,1.0,1.0,1.0,1.0,1.0,1.0,1.0,1.0,1.0,4.0,3.0,4.0,3.0,1.0,1.0,80 %ile,89 %ile,73 %ile,79 %ile,0 %ile,77 %ile,0 %ile,96 %ile,0 %ile,47 %ile,82 %ile,65 %ile,33 %ile,22 %ile,26 %ile,13 %ile,0 %ile,0 %ile,0 %ile,0 %ile,0 %ile,15 %ile,12 %ile,0 %ile,83 %ile,89 %ile,64 %ile,60 %ile,49 %ile,42 %ile,55 %ile,47 %ile,34 %ile,24 %ile,0 %ile,0 %ile,0 %ile,0 %ile,0 %ile,0 %ile,0 %ile,0 %ile,0 %ile,0 %ile,37 %ile,27 %ile,33 %ile,23 %ile,0 %ile,0 %ile,1413521.0,0.0,0.0,0.0,1.0,1.0,2.081900127191783,1.982892193060873,0.050047578790442,0.0001325365715
280450303041,Mississippi,MS,Hancock County,4,813.0,813.0,633.0,300.0,320.0,670.0,584.0,1.232405311753741,2.203616291474601,23.0,0.028290282902829,412.0,0.506765067650677,37.0,0.122112211221122,133.0,0.227904391328516,0.0,0.0,67.0,0.105845181674566,67.0,0.082410824108241,307.0,0.377613776137761,0.231794871794872,8.73036803278688,56.88664,0.085881684148849,123.4891251,124082.35474011204,4.0,0.0125,0.0,0.0,0.0,0.842973777173024,0.244964833720035,4.241143226623535,10.0,82.57115588750067,147.64229152879827,39.43696997611973,70.51572132718724,27.112916858582317,48.479558412441214,32.04253810559728,57.29402357833963,23.415700923321086,41.86870953801743,20.950890299813604,37.46147695506822,0.0,0.0,0.0,0.0,0.0,0.0,61.62026558768707,110.18081457373006,20.950890299813604,37.46147695506822,19.718484988059863,35.25786066359362,114.61369399309795,204.93631510713791,53.0,81.0,7.0,82.0,87.0,91.0,0.0,61.0,78.0,94.0,82.0,67.0,32.0,22.0,26.0,19.0,17.0,0.0,0.0,0.0,50.0,17.0,16.0,93.0,67.0,85.0,45.0,52.0,35.0,37.0,38.0,42.0,31.0,32.0,27.0,28.0,0.0,0.0,0.0,0.0,0.0,0.0,60.0,71.0,27.0,27.0,28.0,27.0,88.0,95.0,6.0,9.0,1.0,9.0,9.0,10.0,1.0,7.0,8.0,10.0,9.0,7.0,4.0,3.0,3.0,2.0,2.0,1.0,1.0,1.0,6.0,2.0,2.0,10.0,7.0,9.0,5.0,6.0,4.0,4.0,4.0,5.0,4.0,4.0,3.0,3.0,1.0,1.0,1.0,1.0,1.0,1.0,7.0,8.0,3.0,3.0,3.0,3.0,9.0,11.0,53 %ile,81 %ile,7 %ile,82 %ile,87 %ile,91 %ile,0 %ile,61 %ile,78 %ile,94 %ile,82 %ile,67 %ile,32 %ile,22 %ile,26 %ile,19 %ile,17 %ile,0 %ile,0 %ile,0 %ile,50 %ile,17 %ile,16 %ile,93 %ile,67 %ile,85 %ile,45 %ile,52 %ile,35 %ile,37 %ile,38 %ile,42 %ile,31 %ile,32 %ile,27 %ile,28 %ile,0 %ile,0 %ile,0 %ile,0 %ile,0 %ile,0 %ile,60 %ile,71 %ile,27 %ile,27 %ile,28 %ile,27 %ile,88 %ile,95 %ile,6799300.0,336993.0,0.0,0.0,1.0,2.0,1.202234570131228,1.636991945039657,0.159793307426472,0.0006692860615
280450303042,Mississippi,MS,Hancock County,4,986.0,968.0,612.0,380.0,514.0,758.0,1215.0,2.023204389969206,2.385407260445786,290.0,0.294117647058824,643.0,0.664256198347107,57.0,0.188118811881188,277.0,0.227904391328516,0.0,0.0,77.0,0.125816993464052,55.0,0.05578093306288,177.0,0.179513184584179,0.231794871794872,8.73036803278688,56.88664,0.119396467608031,114.4768972,212638.1156242608,0.0,0.0,0.0,0.0,0.0,9.881282734541974,1.076522742056166,5.480143547058105,10.0,135.55469412793678,159.82228644986768,64.74254047901458,76.33303233426516,70.81215364892219,83.48925411560253,50.58010974923014,59.63518151114465,52.603314139199355,62.02058877159044,0.0,0.0,0.0,0.0,0.0,0.0,0.0,0.0,180.0651907072593,212.30124617967496,44.51049657932252,52.478959729807286,56.64972291913776,66.79140329248202,188.15800826713607,221.8428752214581,78.0,86.0,48.0,92.0,95.0,91.0,0.0,67.0,58.0,58.0,82.0,67.0,32.0,35.0,25.0,26.0,0.0,0.0,0.0,0.0,89.0,22.0,28.0,93.0,83.0,88.0,61.0,56.0,62.0,61.0,52.0,44.0,52.0,47.0,0.0,0.0,0.0,0.0,0.0,0.0,0.0,0.0,90.0,94.0,48.0,38.0,54.0,50.0,94.0,97.0,8.0,9.0,5.0,10.0,11.0,10.0,1.0,7.0,6.0,6.0,9.0,7.0,4.0,4.0,3.0,3.0,1.0,1.0,1.0,1.0,9.0,3.0,3.0,10.0,9.0,9.0,7.0,6.0,7.0,7.0,6.0,5.0,6.0,5.0,1.0,1.0,1.0,1.0,1.0,1.0,1.0,1.0,10.0,10.0,5.0,4.0,6.0,6.0,10.0,11.0,78 %ile,86 %ile,48 %ile,92 %ile,95 %ile,91 %ile,0 %ile,67 %ile,58 %ile,58 %ile,82 %ile,67 %ile,32 %ile,35 %ile,25 %ile,26 %ile,0 %ile,0 %ile,0 %ile,0 %ile,89 %ile,22 %ile,28 %ile,93 %ile,83 %ile,88 %ile,61 %ile,56 %ile,62 %ile,61 %ile,52 %ile,44 %ile,52 %ile,47 %ile,0 %ile,0 %ile,0 %ile,0 %ile,0 %ile,0 %ile,0 %ile,0 %ile,90 %ile,94 %ile,48 %ile,38 %ile,54 %ile,50 %ile,94 %ile,97 %ile,4989654.0,91080.0,0.0,0.0,3.0,3.0,1.987083555438465,1.81753750350999,0.103720220029037,0.0004764751185
280450304001,Mississippi,MS,Hancock County,4,762.0,762.0,634.0,237.0,331.0,715.0,618.0,0.982413749943819,2.129889780535552,237.0,0.311023622047244,159.0,0.208661417322835,15.0,0.034246575342466,177.0,0.285785785785786,0.0,0.0,69.0,0.108832807570978,0.0,0.0,124.0,0.162729658792651,0.234871794871795,8.53849808743169,56.96634,0.05514167774968,1191.194284,36943.99502279428,0.0,0.0,0.0,0.540571673389625,0.540571673389625,0.162151504889936,477.74731278155554,1.529298901557922,0.0,60.90965249651674,132.05316639320424,31.437239998202195,68.15647297713767,9.824137499438184,21.298897805355523,61.892066246460566,134.18305617373977,9.824137499438184,21.298897805355523,0.0,0.0,0.0,0.0,63.856893746348206,138.44283573481087,34.38448124803365,74.54614231874433,35.36689499797747,76.67603209927987,66.80413499617967,144.83250507641753,0.0,0.0,0.0,0.0,41.0,78.0,49.0,39.0,48.0,97.0,0.0,62.0,0.0,51.0,84.0,62.0,32.0,10.0,63.0,10.0,0.0,0.0,65.0,35.0,36.0,68.0,0.0,0.0,57.0,81.0,38.0,50.0,14.0,14.0,59.0,81.0,15.0,15.0,0.0,0.0,0.0,0.0,60.0,81.0,41.0,55.0,46.0,55.0,62.0,84.0,0.0,0.0,0.0,0.0,5.0,8.0,5.0,4.0,5.0,11.0,1.0,7.0,1.0,6.0,9.0,7.0,4.0,2.0,7.0,2.0,1.0,1.0,7.0,4.0,4.0,7.0,1.0,1.0,6.0,9.0,4.0,6.0,2.0,2.0,6.0,9.0,2.0,2.0,1.0,1.0,1.0,1.0,7.0,9.0,5.0,6.0,5.0,6.0,7.0,9.0,1.0,1.0,1.0,1.0,41 %ile,78 %ile,49 %ile,39 %ile,48 %ile,97 %ile,0 %ile,62 %ile,0 %ile,51 %ile,84 %ile,62 %ile,32 %ile,10 %ile,63 %ile,10 %ile,0 %ile,0 %ile,65 %ile,35 %ile,36 %ile,68 %ile,0 %ile,0 %ile,57 %ile,81 %ile,38 %ile,50 %ile,14 %ile,14 %ile,59 %ile,81 %ile,15 %ile,15 %ile,0 %ile,0 %ile,0 %ile,0 %ile,60 %ile,81 %ile,41 %ile,55 %ile,46 %ile,55 %ile,62 %ile,84 %ile,0 %ile,0 %ile,0 %ile,0 %ile,111991906.0,19167578.0,0.0,2.0,0.0,4.0,0.973981574606096,1.553476908743703,0.567383237926479,0.012289499063
280450304002,Mississippi,MS,Hancock County,4,501.0,501.0,501.0,347.0,359.0,501.0,569.0,1.237468507229751,2.734356833483632,119.0,0.2375249500998,184.0,0.367265469061876,0.0,0.0,162.0,0.285785785785786,0.0,0.0,188.0,0.375249500998004,0.0,0.0,244.0,0.487025948103792,0.234871794871795,8.53849808743169,56.96634,0.062402782854428,468.7509652,43430.73272593516,10.0,0.027855153203343,0.0,0.440294703317957,0.53511842452164,1.768758301365711,308.3749729728369,3.708847522735596,0.0,76.72304744824454,169.5301236759852,39.59899223135202,87.49941867147622,16.087090593986762,35.54663883528722,55.686082825338794,123.04605750676346,13.61215357952726,30.07792516831996,25.98683865182477,57.42149350315628,0.0,0.0,74.24811043378506,164.06141000901795,42.07392924581153,92.96813233844348,75.48557894101482,166.79576684250156,80.43545296993379,177.73319417643611,14.849622086757012,32.81228200180359,0.0,0.0,53.0,93.0,41.0,66.0,0.0,97.0,0.0,95.0,0.0,97.0,84.0,62.0,32.0,13.0,45.0,11.0,21.0,0.0,60.0,34.0,61.0,65.0,12.0,0.0,65.0,90.0,45.0,63.0,23.0,26.0,56.0,78.0,20.0,22.0,32.0,40.0,0.0,0.0,64.0,86.0,46.0,66.0,66.0,87.0,68.0,91.0,22.0,25.0,0.0,0.0,6.0,10.0,5.0,7.0,1.0,11.0,1.0,11.0,1.0,11.0,9.0,7.0,4.0,2.0,5.0,2.0,3.0,1.0,7.0,4.0,7.0,7.0,2.0,1.0,7.0,10.0,5.0,7.0,3.0,3.0,6.0,8.0,3.0,3.0,4.0,5.0,1.0,1.0,7.0,9.0,5.0,7.0,7.0,9.0,7.0,10.0,3.0,3.0,1.0,1.0,53 %ile,93 %ile,41 %ile,66 %ile,0 %ile,97 %ile,0 %ile,95 %ile,0 %ile,97 %ile,84 %ile,62 %ile,32 %ile,13 %ile,45 %ile,11 %ile,21 %ile,0 %ile,60 %ile,34 %ile,61 %ile,65 %ile,12 %ile,0 %ile,65 %ile,90 %ile,45 %ile,63 %ile,23 %ile,26 %ile,56 %ile,78 %ile,20 %ile,22 %ile,32 %ile,40 %ile,0 %ile,0 %ile,64 %ile,86 %ile,46 %ile,66 %ile,66 %ile,87 %ile,68 %ile,91 %ile,22 %ile,25 %ile,0 %ile,0 %ile,7697658.0,80569.0,0.0,0.0,0.0,4.0,1.218495922590307,2.188162742427827,0.14390536706509,0.0007290856885
280450304003,Mississippi,MS,Hancock County,4,735.0,735.0,572.0,434.0,474.0,702.0,812.0,1.379577664083472,2.426664490487483,165.0,0.224489795918367,321.0,0.436734693877551,24.0,0.059701492537313,232.0,0.285785785785786,0.0,0.0,90.0,0.157342657342657,0.0,0.0,150.0,0.204081632653061,0.234871794871795,8.53849808743169,56.96634,0.07122097136266,236.8272146,81901.56098326003,86.0,0.181434599156118,0.0,0.279218775642847,0.463451325492183,0.514420672978547,222.61403428938064,3.149078845977783,0.0,85.53381517317528,150.45319841022393,44.14648525067111,77.65326369559945,22.07324262533556,38.826631847799725,46.90564057883807,82.50659267657441,20.69366496125208,36.39996735731224,63.460572547839725,111.6265665624242,0.0,0.0,68.97888320417361,121.33322452437415,44.14648525067111,77.65326369559945,60.70141721967278,106.77323758144924,85.53381517317528,150.45319841022393,9.657043648584306,16.98665143341238,0.0,0.0,59.0,87.0,40.0,75.0,66.0,97.0,0.0,74.0,0.0,66.0,84.0,62.0,32.0,16.0,34.0,15.0,46.0,0.0,50.0,32.0,44.0,62.0,7.0,0.0,68.0,86.0,49.0,56.0,30.0,29.0,50.0,59.0,28.0,27.0,60.0,70.0,0.0,0.0,62.0,75.0,48.0,57.0,60.0,69.0,70.0,86.0,15.0,12.0,0.0,0.0,6.0,9.0,5.0,8.0,7.0,11.0,1.0,8.0,1.0,7.0,9.0,7.0,4.0,2.0,4.0,2.0,5.0,1.0,6.0,4.0,5.0,7.0,1.0,1.0,7.0,9.0,5.0,6.0,4.0,3.0,6.0,6.0,3.0,3.0,7.0,8.0,1.0,1.0,7.0,8.0,5.0,6.0,7.0,7.0,8.0,9.0,2.0,2.0,1.0,1.0,59 %ile,87 %ile,40 %ile,75 %ile,66 %ile,97 %ile,0 %ile,74 %ile,0 %ile,66 %ile,84 %ile,62 %ile,32 %ile,16 %ile,34 %ile,15 %ile,46 %ile,0 %ile,50 %ile,32 %ile,44 %ile,62 %ile,7 %ile,0 %ile,68 %ile,86 %ile,49 %ile,56 %ile,30 %ile,29 %ile,50 %ile,59 %ile,28 %ile,27 %ile,60 %ile,70 %ile,0 %ile,0 %ile,62 %ile,75 %ile,48 %ile,57 %ile,60 %ile,69 %ile,70 %ile,86 %ile,15 %ile,12 %ile,0 %ile,0 %ile,151417574.0,2414981.0,0.0,0.0,0.0,2.0,1.356243708062155,1.850950953613722,0.711183419124302,0.014425334522999
280450305011,Mississippi,MS,Hancock County,4,575.0,514.0,473.0,217.0,217.0,513.0,570.0,1.173902642441178,2.032455722594673,209.0,0.363478260869565,131.0,0.254863813229572,1.0,0.003597122302158,91.0,0.160386965376782,0.0,0.0,173.0,0.365750528541226,31.0,0.053913043478261,157.0,0.27304347826087,0.198974358974359,8.93735928961749,56.17069,0.098072040023554,102.5079124,157553.25464285223,38.0,0.175115207373272,0.0,0.133932026831741,0.133932026831741,3.592473944680256,0.383128578694429,4.483087539672852,0.0,85.69489289820604,148.3692677494111,32.869273988353,56.90876023265085,31.69537134591182,54.876304510056165,28.173663418588283,48.77893734227216,25.82585813370593,44.714025897082806,52.82561890985304,91.46050751676029,0.0,0.0,44.608300412764784,77.23331745859758,23.47805284882357,40.64911445189345,85.69489289820604,148.3692677494111,21.130247563941207,36.58420300670412,21.130247563941207,36.58420300670412,0.0,0.0,50.0,75.0,54.0,48.0,23.0,69.0,0.0,95.0,57.0,84.0,55.0,73.0,28.0,27.0,24.0,22.0,45.0,0.0,38.0,20.0,73.0,18.0,18.0,0.0,68.0,86.0,40.0,42.0,39.0,42.0,34.0,36.0,33.0,34.0,53.0,60.0,0.0,0.0,50.0,56.0,32.0,31.0,70.0,83.0,27.0,27.0,29.0,28.0,0.0,0.0,6.0,8.0,6.0,5.0,3.0,7.0,1.0,11.0,6.0,9.0,6.0,8.0,3.0,3.0,3.0,3.0,5.0,1.0,4.0,3.0,8.0,2.0,2.0,1.0,7.0,9.0,5.0,5.0,4.0,5.0,4.0,4.0,4.0,4.0,6.0,7.0,1.0,1.0,6.0,6.0,4.0,4.0,8.0,9.0,3.0,3.0,3.0,3.0,1.0,1.0,50 %ile,75 %ile,54 %ile,48 %ile,23 %ile,69 %ile,0 %ile,95 %ile,57 %ile,84 %ile,55 %ile,73 %ile,28 %ile,27 %ile,24 %ile,22 %ile,45 %ile,0 %ile,38 %ile,20 %ile,73 %ile,18 %ile,18 %ile,0 %ile,68 %ile,86 %ile,40 %ile,42 %ile,39 %ile,42 %ile,34 %ile,36 %ile,33 %ile,34 %ile,53 %ile,60 %ile,0 %ile,0 %ile,50 %ile,56 %ile,32 %ile,31 %ile,70 %ile,83 %ile,27 %ile,27 %ile,29 %ile,28 %ile,0 %ile,0 %ile,4717631.0,655960.0,0.0,0.0,0.0,2.0,1.16338460415822,1.509672097949074,0.119431006456486,0.0005043046985
280450305012,Mississippi,MS,Hancock County,4,1614.0,1614.0,1384.0,765.0,899.0,1384.0,1394.0,0.675327101133391,1.350287037204949,399.0,0.247211895910781,195.0,0.120817843866171,14.0,0.02020202020202,224.0,0.160386965376782,0.0,0.0,56.0,0.040462427745665,50.0,0.030978934324659,412.0,0.255266418835192,0.198974358974359,8.93735928961749,56.17069,0.065075268121318,121.107427,106898.60248067982,11.0,0.012235817575083,0.0,0.170043703936761,0.170043703936761,0.0,0.187503112407723,2.188382387161255,0.0,49.298878382737534,98.57095371596125,18.90915883173495,37.808037041738565,9.454579415867476,18.904018520869283,17.558504629468167,35.107462967328665,12.155887820401038,24.30516666968908,10.805233618134256,21.604592595279176,0.0,0.0,27.688411146469036,55.361768525402894,14.857196224934604,29.706314818508872,0.0,0.0,10.805233618134256,21.604592595279176,1.350654202266782,2.700574074409897,0.0,0.0,24.0,38.0,42.0,22.0,35.0,69.0,0.0,31.0,34.0,80.0,55.0,73.0,28.0,14.0,26.0,18.0,16.0,0.0,41.0,22.0,0.0,16.0,2.0,0.0,51.0,67.0,25.0,27.0,14.0,13.0,22.0,26.0,18.0,17.0,19.0,18.0,0.0,0.0,40.0,43.0,24.0,22.0,0.0,0.0,15.0,16.0,3.0,2.0,0.0,0.0,3.0,4.0,5.0,3.0,4.0,7.0,1.0,4.0,4.0,9.0,6.0,8.0,3.0,2.0,3.0,2.0,2.0,1.0,5.0,3.0,1.0,2.0,1.0,1.0,6.0,7.0,3.0,3.0,2.0,2.0,3.0,3.0,2.0,2.0,2.0,2.0,1.0,1.0,5.0,5.0,3.0,3.0,1.0,1.0,2.0,2.0,1.0,1.0,1.0,1.0,24 %ile,38 %ile,42 %ile,22 %ile,35 %ile,69 %ile,0 %ile,31 %ile,34 %ile,80 %ile,55 %ile,73 %ile,28 %ile,14 %ile,26 %ile,18 %ile,16 %ile,0 %ile,41 %ile,22 %ile,0 %ile,16 %ile,2 %ile,0 %ile,51 %ile,67 %ile,25 %ile,27 %ile,14 %ile,13 %ile,22 %ile,26 %ile,18 %ile,17 %ile,19 %ile,18 %ile,0 %ile,0 %ile,40 %ile,43 %ile,24 %ile,22 %ile,0 %ile,0 %ile,15 %ile,16 %ile,3 %ile,2 %ile,0 %ile,0 %ile,5258128.0,239150.0,0.0,0.0,0.0,0.0,0.67133953293469,0.789169826421739,0.148497161670774,0.0005160507785
280450305021,Mississippi,MS,Hancock County,4,1475.0,1475.0,1200.0,672.0,697.0,1318.0,1165.0,0.298935593813478,1.322125098219987,80.0,0.054237288135593,134.0,0.090847457627119,0.0,0.0,184.0,0.157939548744146,0.0,0.0,54.0,0.045,16.0,0.010847457627119,505.0,0.342372881355932,0.198974358974359,8.96250819672131,56.25428,0.064266458714258,105.0705731,122367.67016505408,6.0,0.008608321377331,0.0,0.197437728233839,0.197437728233839,0.0,0.181837143443524,3.129260063171387,0.0,21.82229834838387,96.51513217005908,8.669132220590853,38.34162784837964,3.88616271957521,17.187626276859838,7.174454251523464,31.731002357279696,5.679776282456076,25.12037686617976,4.782969501015643,21.1540015715198,0.0,0.0,12.85423053397954,56.85137922345945,6.875518657709986,30.40887725905971,0.0,0.0,4.782969501015643,21.1540015715198,2.092549156694344,9.254875687539911,0.0,0.0,5.0,36.0,12.0,16.0,0.0,68.0,0.0,34.0,16.0,92.0,55.0,73.0,29.0,13.0,24.0,19.0,16.0,0.0,43.0,23.0,0.0,16.0,7.0,0.0,28.0,66.0,12.0,28.0,5.0,11.0,10.0,23.0,9.0,18.0,16.0,18.0,0.0,0.0,31.0,44.0,17.0,23.0,0.0,0.0,9.0,15.0,4.0,6.0,0.0,0.0,1.0,4.0,2.0,2.0,1.0,7.0,1.0,4.0,2.0,10.0,6.0,8.0,3.0,2.0,3.0,2.0,2.0,1.0,5.0,3.0,1.0,2.0,1.0,1.0,3.0,7.0,2.0,3.0,1.0,2.0,2.0,3.0,1.0,2.0,2.0,2.0,1.0,1.0,4.0,5.0,2.0,3.0,1.0,1.0,1.0,2.0,1.0,1.0,1.0,1.0,5 %ile,36 %ile,12 %ile,16 %ile,0 %ile,68 %ile,0 %ile,34 %ile,16 %ile,92 %ile,55 %ile,73 %ile,29 %ile,13 %ile,24 %ile,19 %ile,16 %ile,0 %ile,43 %ile,23 %ile,0 %ile,16 %ile,7 %ile,0 %ile,28 %ile,66 %ile,12 %ile,28 %ile,5 %ile,11 %ile,10 %ile,23 %ile,9 %ile,18 %ile,16 %ile,18 %ile,0 %ile,0 %ile,31 %ile,44 %ile,17 %ile,23 %ile,0 %ile,0 %ile,9 %ile,15 %ile,4 %ile,6 %ile,0 %ile,0 %ile,2377385.0,69933.0,0.0,0.0,0.0,0.0,0.294182284582238,0.76311415436157,0.067748901275729,0.000229712728
280450305022,Mississippi,MS,Hancock County,4,904.0,904.0,669.0,360.0,376.0,778.0,1184.0,0.2544879755898,1.291312244260113,49.0,0.054203539823009,65.0,0.071902654867257,0.0,0.0,187.0,0.157939548744146,0.0,0.0,25.0,0.037369207772795,23.0,0.025442477876106,256.0,0.283185840707965,0.198974358974359,8.96250819672131,56.25428,0.087703623238941,106.6372151,219835.6491469472,0.0,0.0,0.0,0.161037451599072,0.161037451599072,2.071490817706276,0.252074054453555,4.088737487792969,0.0,18.577622218055414,94.26579383098824,7.380151292104205,37.44805508354328,5.853223438565404,29.700181617982597,6.107711414155204,30.991493862242702,6.616687365334805,33.57411835076293,0.0,0.0,0.0,0.0,10.179519023592007,51.65248977040452,5.344247487385804,27.11755712946237,16.03274246215741,81.35267138838711,4.326295585026603,21.95230815242192,3.817319633847003,19.369683663901693,0.0,0.0,4.0,34.0,12.0,12.0,0.0,68.0,0.0,29.0,28.0,85.0,55.0,73.0,29.0,23.0,24.0,26.0,0.0,0.0,40.0,21.0,63.0,17.0,15.0,0.0,25.0,64.0,10.0,27.0,8.0,21.0,8.0,23.0,10.0,25.0,0.0,0.0,0.0,0.0,30.0,40.0,16.0,21.0,32.0,58.0,9.0,16.0,6.0,14.0,0.0,0.0,1.0,4.0,2.0,2.0,1.0,7.0,1.0,3.0,3.0,9.0,6.0,8.0,3.0,3.0,3.0,3.0,1.0,1.0,5.0,3.0,7.0,2.0,2.0,1.0,3.0,7.0,2.0,3.0,1.0,3.0,1.0,3.0,2.0,3.0,1.0,1.0,1.0,1.0,4.0,5.0,2.0,3.0,4.0,6.0,1.0,2.0,1.0,2.0,1.0,1.0,4 %ile,34 %ile,12 %ile,12 %ile,0 %ile,68 %ile,0 %ile,29 %ile,28 %ile,85 %ile,55 %ile,73 %ile,29 %ile,23 %ile,24 %ile,26 %ile,0 %ile,0 %ile,40 %ile,21 %ile,63 %ile,17 %ile,15 %ile,0 %ile,25 %ile,64 %ile,10 %ile,27 %ile,8 %ile,21 %ile,8 %ile,23 %ile,10 %ile,25 %ile,0 %ile,0 %ile,0 %ile,0 %ile,30 %ile,40 %ile,16 %ile,21 %ile,32 %ile,58 %ile,9 %ile,16 %ile,6 %ile,14 %ile,0 %ile,0 %ile,1791034.0,13489.0,0.0,0.0,0.0,0.0,0.250876211218598,0.731783026401487,0.059308199049519,0.0001693582115
280450305031,Mississippi,MS,Hancock County,4,2279.0,2206.0,1474.0,872.0,978.0,1713.0,2062.0,0.680654497081802,1.302883477161117,404.0,0.177270732777534,376.0,0.170444242973708,10.0,0.010604453870626,243.0,0.117854915817917,0.0,0.0,96.0,0.065128900949796,371.0,0.162790697674419,454.0,0.199210179903466,0.198974358974359,8.95986584699454,56.37692,0.094412029442342,122.2699766,247282.95045699447,0.0,0.0,0.0,0.248555390122662,0.248555390122662,1.683423984519476,0.174834120103255,4.083581447601318,0.0,49.68777828697158,95.11049383276152,19.73898041537227,37.783620837672395,17.697016924126864,33.87497040618904,17.697016924126864,33.87497040618904,19.05832591829047,36.48073736051127,0.0,0.0,0.0,0.0,32.67141585992652,62.53840690373361,17.016362427045063,32.57208692902792,40.83926982490815,78.17300862966702,10.89047195330884,20.846135634577873,10.209817456227038,19.543252157416752,0.0,0.0,25.0,35.0,33.0,32.0,26.0,43.0,0.0,44.0,97.0,65.0,55.0,73.0,29.0,26.0,26.0,28.0,0.0,0.0,48.0,25.0,60.0,16.0,15.0,0.0,51.0,65.0,26.0,27.0,25.0,25.0,23.0,25.0,26.0,27.0,0.0,0.0,0.0,0.0,43.0,47.0,26.0,24.0,49.0,56.0,15.0,15.0,16.0,14.0,0.0,0.0,3.0,4.0,4.0,4.0,3.0,5.0,1.0,5.0,11.0,7.0,6.0,8.0,3.0,3.0,3.0,3.0,1.0,1.0,5.0,3.0,7.0,2.0,2.0,1.0,6.0,7.0,3.0,3.0,3.0,3.0,3.0,3.0,3.0,3.0,1.0,1.0,1.0,1.0,5.0,5.0,3.0,3.0,5.0,6.0,2.0,2.0,2.0,2.0,1.0,1.0,25 %ile,35 %ile,33 %ile,32 %ile,26 %ile,43 %ile,0 %ile,44 %ile,97 %ile,65 %ile,55 %ile,73 %ile,29 %ile,26 %ile,26 %ile,28 %ile,0 %ile,0 %ile,48 %ile,25 %ile,60 %ile,16 %ile,15 %ile,0 %ile,51 %ile,65 %ile,26 %ile,27 %ile,25 %ile,25 %ile,23 %ile,25 %ile,26 %ile,27 %ile,0 %ile,0 %ile,0 %ile,0 %ile,43 %ile,47 %ile,26 %ile,24 %ile,49 %ile,56 %ile,15 %ile,15 %ile,16 %ile,14 %ile,0 %ile,0 %ile,11908578.0,420589.0,0.0,0.0,0.0,0.0,0.672743125811111,0.757690353511582,0.240043341842139,0.001156979823
280450305032,Mississippi,MS,Hancock County,4,1170.0,1170.0,948.0,602.0,744.0,948.0,1361.0,0.612903492231398,1.316429420125607,130.0,0.111111111111111,218.0,0.186324786324786,61.0,0.114446529080675,160.0,0.117854915817917,0.0,0.0,61.0,0.064345991561181,83.0,0.070940170940171,329.0,0.281196581196581,0.198974358974359,8.95986584699454,56.37692,0.076260422012991,111.3783863,209683.0791527849,0.0,0.0,0.0,0.204793949397515,0.204793949397515,0.0,0.204528723380604,4.481275081634521,0.0,44.74195493289205,96.09934766916933,17.774201274710542,38.17645318364261,11.032262860165163,23.69572956226093,15.322587305784948,32.910735503140174,15.322587305784948,32.910735503140174,0.0,0.0,0.0,0.0,26.96775365818151,57.92289448552671,14.096780321322154,30.27787666288896,0.0,0.0,9.806455875702367,21.062870722009716,11.032262860165163,23.69572956226093,0.0,0.0,21.0,36.0,23.0,35.0,86.0,43.0,0.0,44.0,71.0,85.0,55.0,73.0,29.0,18.0,25.0,25.0,0.0,0.0,44.0,23.0,0.0,16.0,18.0,0.0,48.0,65.0,24.0,28.0,16.0,16.0,20.0,24.0,22.0,24.0,0.0,0.0,0.0,0.0,39.0,44.0,23.0,23.0,0.0,0.0,14.0,15.0,17.0,18.0,0.0,0.0,3.0,4.0,3.0,4.0,9.0,5.0,1.0,5.0,8.0,9.0,6.0,8.0,3.0,2.0,3.0,3.0,1.0,1.0,5.0,3.0,1.0,2.0,2.0,1.0,5.0,7.0,3.0,3.0,2.0,2.0,3.0,3.0,3.0,3.0,1.0,1.0,1.0,1.0,4.0,5.0,3.0,3.0,1.0,1.0,2.0,2.0,2.0,2.0,1.0,1.0,21 %ile,36 %ile,23 %ile,35 %ile,86 %ile,43 %ile,0 %ile,44 %ile,71 %ile,85 %ile,55 %ile,73 %ile,29 %ile,18 %ile,25 %ile,25 %ile,0 %ile,0 %ile,44 %ile,23 %ile,0 %ile,16 %ile,18 %ile,0 %ile,48 %ile,65 %ile,24 %ile,28 %ile,16 %ile,16 %ile,20 %ile,24 %ile,22 %ile,24 %ile,0 %ile,0 %ile,0 %ile,0 %ile,39 %ile,44 %ile,23 %ile,23 %ile,0 %ile,0 %ile,14 %ile,15 %ile,17 %ile,18 %ile,0 %ile,0 %ile,1415933.0,4015.0,0.0,0.0,0.0,0.0,0.603152929761115,0.770753343027084,0.058444839142203,0.0001332684155
280450305033,Mississippi,MS,Hancock County,4,1374.0,1374.0,979.0,619.0,619.0,1246.0,1388.0,0.421778766102392,1.142209105472279,126.0,0.091703056768559,162.0,0.117903930131004,20.0,0.030165912518854,164.0,0.117854915817917,0.0,0.0,0.0,0.0,55.0,0.040029112081514,396.0,0.2882096069869,0.198974358974359,8.95986584699454,56.37692,0.068629132909653,117.924481,192803.8276382656,0.0,0.0,0.0,0.26058482493408,0.26058482493408,0.0,0.171227272460279,3.798325061798096,0.0,30.78984992547458,83.38126469947633,12.231584216969354,33.124064058696085,6.326681491535872,17.13313658208418,10.544469152559788,28.55522763680697,10.122690386457396,27.41301853133469,0.0,0.0,0.0,0.0,20.667159539017184,55.96824616814165,10.544469152559788,28.55522763680697,0.0,0.0,6.748460257638264,18.275345687556456,5.061345193228698,13.706509265667345,0.0,0.0,10.0,25.0,20.0,21.0,44.0,43.0,0.0,0.0,43.0,86.0,55.0,73.0,29.0,15.0,25.0,24.0,0.0,0.0,49.0,25.0,0.0,16.0,12.0,0.0,37.0,58.0,16.0,24.0,9.0,11.0,14.0,21.0,15.0,19.0,0.0,0.0,0.0,0.0,35.0,43.0,20.0,22.0,0.0,0.0,11.0,13.0,8.0,10.0,0.0,0.0,2.0,3.0,3.0,3.0,5.0,5.0,1.0,1.0,5.0,9.0,6.0,8.0,3.0,2.0,3.0,3.0,1.0,1.0,5.0,3.0,1.0,2.0,2.0,1.0,4.0,6.0,2.0,3.0,1.0,2.0,2.0,3.0,2.0,2.0,1.0,1.0,1.0,1.0,4.0,5.0,3.0,3.0,1.0,1.0,2.0,2.0,1.0,2.0,1.0,1.0,10 %ile,25 %ile,20 %ile,21 %ile,44 %ile,43 %ile,0 %ile,0 %ile,43 %ile,86 %ile,55 %ile,73 %ile,29 %ile,15 %ile,25 %ile,24 %ile,0 %ile,0 %ile,49 %ile,25 %ile,0 %ile,16 %ile,12 %ile,0 %ile,37 %ile,58 %ile,16 %ile,24 %ile,9 %ile,11 %ile,14 %ile,21 %ile,15 %ile,19 %ile,0 %ile,0 %ile,0 %ile,0 %ile,35 %ile,43 %ile,20 %ile,22 %ile,0 %ile,0 %ile,11 %ile,13 %ile,8 %ile,10 %ile,0 %ile,0 %ile,1261089.0,4262.0,0.0,0.0,0.0,0.0,0.415893909997455,0.589960586085162,0.063503027017985,0.0001187638015
280450306031,Mississippi,MS,Hancock County,4,556.0,556.0,493.0,269.0,286.0,493.0,808.0,0.541621614678906,1.573327810797625,17.0,0.030575539568345,117.0,0.210431654676259,0.0,0.0,160.0,0.198071216617211,0.0,0.0,12.0,0.024340770791075,14.0,0.025179856115108,124.0,0.223021582733813,0.208205128205128,8.86640792349727,54.7102,0.040142747999587,74.20355698,0.0,0.0,0.0,0.0,0.0,0.0,0.127838181510174,0.00856368715588,2.86053729057312,0.184491978609626,38.45513464220235,111.70627456663136,10.832432293578126,31.46655621595249,2.708108073394532,7.866639053988123,11.374053908257034,33.03988402675012,0.0,0.0,0.0,0.0,0.0,0.0,0.0,0.0,0.0,0.0,18.415134899082812,53.49314556711924,5.95783776146797,17.306605918773872,2.708108073394532,7.866639053988123,40.07999948623906,116.42625799902424,17.0,52.0,7.0,40.0,0.0,84.0,0.0,22.0,28.0,72.0,64.0,71.0,20.0,5.0,21.0,0.0,0.0,0.0,0.0,0.0,34.0,11.0,5.0,74.0,43.0,73.0,15.0,22.0,4.0,5.0,15.0,24.0,0.0,0.0,0.0,0.0,0.0,0.0,0.0,0.0,0.0,0.0,33.0,40.0,10.0,13.0,5.0,5.0,76.0,82.0,2.0,6.0,1.0,5.0,1.0,9.0,1.0,3.0,3.0,8.0,7.0,8.0,3.0,1.0,3.0,1.0,1.0,1.0,1.0,1.0,4.0,2.0,1.0,8.0,5.0,8.0,2.0,3.0,1.0,1.0,2.0,3.0,1.0,1.0,1.0,1.0,1.0,1.0,1.0,1.0,1.0,1.0,4.0,5.0,2.0,2.0,1.0,1.0,8.0,9.0,17 %ile,52 %ile,7 %ile,40 %ile,0 %ile,84 %ile,0 %ile,22 %ile,28 %ile,72 %ile,64 %ile,71 %ile,20 %ile,5 %ile,21 %ile,0 %ile,0 %ile,0 %ile,0 %ile,0 %ile,34 %ile,11 %ile,5 %ile,74 %ile,43 %ile,73 %ile,15 %ile,22 %ile,4 %ile,5 %ile,15 %ile,24 %ile,0 %ile,0 %ile,0 %ile,0 %ile,0 %ile,0 %ile,0 %ile,0 %ile,0 %ile,0 %ile,33 %ile,40 %ile,10 %ile,13 %ile,5 %ile,5 %ile,76 %ile,82 %ile,65710244.0,1086935.0,0.0,0.0,0.0,1.0,0.52934434528587,1.000568474356869,0.354978512490941,0.0062829863055
280450306032,Mississippi,MS,Hancock County,4,2140.0,2140.0,1252.0,557.0,691.0,1432.0,1888.0,1.80349421211046,2.195220063572294,0.0,0.0,1647.0,0.769626168224299,54.0,0.068877551020408,374.0,0.198071216617211,0.0,0.0,102.0,0.0814696485623,236.0,0.110280373831776,192.0,0.089719626168224,0.208205128205128,8.86640792349727,54.7102,0.044563083757496,91.97257426,0.0,16.0,0.02315484804631,0.0,0.0,0.0,0.026488348553545,0.012027859005269,2.212442874908447,0.0,128.04808905984262,155.86062451363284,36.06988424220919,43.90440127144587,10.820965272662756,13.171320381433762,41.480366878540565,50.49006146216275,0.0,0.0,36.06988424220919,43.90440127144587,0.0,0.0,0.0,0.0,0.0,0.0,52.301332151203326,63.66138184359652,19.838436333215057,24.14742069929523,3.606988424220919,4.390440127144587,0.0,0.0,72.0,81.0,0.0,96.0,70.0,84.0,0.0,51.0,89.0,21.0,64.0,71.0,20.0,6.0,23.0,0.0,20.0,0.0,0.0,0.0,29.0,11.0,2.0,0.0,81.0,87.0,43.0,32.0,16.0,8.0,46.0,37.0,0.0,0.0,41.0,32.0,0.0,0.0,0.0,0.0,0.0,0.0,56.0,47.0,26.0,17.0,6.0,3.0,0.0,0.0,8.0,9.0,1.0,11.0,8.0,9.0,1.0,6.0,9.0,3.0,7.0,8.0,3.0,1.0,3.0,1.0,3.0,1.0,1.0,1.0,3.0,2.0,1.0,1.0,9.0,9.0,5.0,4.0,2.0,1.0,5.0,4.0,1.0,1.0,5.0,4.0,1.0,1.0,1.0,1.0,1.0,1.0,6.0,5.0,3.0,2.0,1.0,1.0,1.0,1.0,72 %ile,81 %ile,0 %ile,96 %ile,70 %ile,84 %ile,0 %ile,51 %ile,89 %ile,21 %ile,64 %ile,71 %ile,20 %ile,6 %ile,23 %ile,0 %ile,20 %ile,0 %ile,0 %ile,0 %ile,29 %ile,11 %ile,2 %ile,0 %ile,81 %ile,87 %ile,43 %ile,32 %ile,16 %ile,8 %ile,46 %ile,37 %ile,0 %ile,0 %ile,41 %ile,32 %ile,0 %ile,0 %ile,0 %ile,0 %ile,0 %ile,0 %ile,56 %ile,47 %ile,26 %ile,17 %ile,6 %ile,3 %ile,0 %ile,0 %ile,57877673.0,195093.0,0.0,0.0,1.0,1.0,1.75710106479036,1.616277402545747,0.352680528005074,0.0054580623745
280450306041,Mississippi,MS,Hancock County,4,543.0,543.0,477.0,334.0,447.0,543.0,876.0,1.415243322372063,1.731005561808227,155.0,0.285451197053407,223.0,0.410681399631676,0.0,0.0,123.0,0.140063846767757,0.0,0.0,55.0,0.115303983228512,0.0,0.0,129.0,0.237569060773481,0.208205128205128,8.75491338797814,54.72871,0.041004311137417,100.6327098,7886.748796325032,7.0,0.015659955257271,0.0,0.0,0.0,0.186356064001659,0.173105426678519,1.627751111984253,0.0,96.2365459213003,117.70837820295947,28.304866447441267,34.62011123616455,7.076216611860317,8.655027809041137,33.96583973692952,41.54413348339746,5.660973289488253,6.92402224723291,25.47437980269714,31.15810011254809,0.0,0.0,0.0,0.0,0.0,0.0,50.94875960539428,62.31620022509618,22.643893157953013,27.69608898893164,1.415243322372063,1.731005561808227,0.0,0.0,60.0,61.0,47.0,71.0,0.0,58.0,0.0,64.0,0.0,76.0,64.0,68.0,20.0,5.0,24.0,4.0,18.0,0.0,0.0,0.0,36.0,16.0,1.0,0.0,72.0,75.0,35.0,25.0,10.0,5.0,39.0,31.0,9.0,4.0,31.0,24.0,0.0,0.0,0.0,0.0,0.0,0.0,55.0,46.0,29.0,20.0,3.0,1.0,0.0,0.0,7.0,7.0,5.0,8.0,1.0,6.0,1.0,7.0,1.0,8.0,7.0,7.0,3.0,1.0,3.0,1.0,2.0,1.0,1.0,1.0,4.0,2.0,1.0,1.0,8.0,8.0,4.0,3.0,2.0,1.0,4.0,4.0,1.0,1.0,4.0,3.0,1.0,1.0,1.0,1.0,1.0,1.0,6.0,5.0,3.0,3.0,1.0,1.0,1.0,1.0,60 %ile,61 %ile,47 %ile,71 %ile,0 %ile,58 %ile,0 %ile,64 %ile,0 %ile,76 %ile,64 %ile,68 %ile,20 %ile,5 %ile,24 %ile,4 %ile,18 %ile,0 %ile,0 %ile,0 %ile,36 %ile,16 %ile,1 %ile,0 %ile,72 %ile,75 %ile,35 %ile,25 %ile,10 %ile,5 %ile,39 %ile,31 %ile,9 %ile,4 %ile,31 %ile,24 %ile,0 %ile,0 %ile,0 %ile,0 %ile,0 %ile,0 %ile,55 %ile,46 %ile,29 %ile,20 %ile,3 %ile,1 %ile,0 %ile,0 %ile,81040198.0,512267.0,0.0,0.0,0.0,0.0,1.394292479572867,1.184092501588763,0.375402868274671,0.007672003027
280450306042,Mississippi,MS,Hancock County,4,896.0,896.0,789.0,465.0,465.0,824.0,1114.0,1.024049215897813,1.723217872426421,150.0,0.167410714285714,290.0,0.323660714285714,75.0,0.141509433962264,156.0,0.140063846767757,0.0,0.0,125.0,0.158428390367554,7.0,0.0078125,117.0,0.130580357142857,0.208205128205128,8.75491338797814,54.72871,0.047314442415934,103.7119546,13873.833401095142,65.0,0.139784946236559,0.0,0.0,0.066547622159592,0.047797696791115,0.015147783525741,3.268646240234375,0.0,69.63534668105132,117.1788153249966,20.480984317956267,34.46435744852841,7.168344511284694,12.062525106984944,24.577181181547523,41.357228938234094,5.120246079489067,8.616089362132103,41.98601785181035,70.65193276948325,0.0,0.0,0.0,0.0,16.384787454365014,27.571485958822727,30.7214764769344,51.69653617279262,11.264541374875948,18.955396596690623,8.192393727182507,13.785742979411364,0.0,0.0,43.0,60.0,32.0,59.0,90.0,58.0,0.0,74.0,14.0,37.0,64.0,68.0,20.0,7.0,24.0,5.0,41.0,0.0,0.0,16.0,30.0,11.0,8.0,0.0,62.0,75.0,27.0,25.0,10.0,7.0,30.0,31.0,8.0,5.0,46.0,48.0,0.0,0.0,0.0,0.0,25.0,21.0,42.0,39.0,16.0,14.0,13.0,10.0,0.0,0.0,5.0,7.0,4.0,6.0,10.0,6.0,1.0,8.0,2.0,4.0,7.0,7.0,3.0,1.0,3.0,1.0,5.0,1.0,1.0,2.0,4.0,2.0,1.0,1.0,7.0,8.0,3.0,3.0,2.0,1.0,4.0,4.0,1.0,1.0,5.0,5.0,1.0,1.0,1.0,1.0,3.0,3.0,5.0,4.0,2.0,2.0,2.0,2.0,1.0,1.0,43 %ile,60 %ile,32 %ile,59 %ile,90 %ile,58 %ile,0 %ile,74 %ile,14 %ile,37 %ile,64 %ile,68 %ile,20 %ile,7 %ile,24 %ile,5 %ile,41 %ile,0 %ile,0 %ile,16 %ile,30 %ile,11 %ile,8 %ile,0 %ile,62 %ile,75 %ile,27 %ile,25 %ile,10 %ile,7 %ile,30 %ile,31 %ile,8 %ile,5 %ile,46 %ile,48 %ile,0 %ile,0 %ile,0 %ile,0 %ile,25 %ile,21 %ile,42 %ile,39 %ile,16 %ile,14 %ile,13 %ile,10 %ile,0 %ile,0 %ile,42908734.0,294817.0,0.0,0.0,0.0,0.0,1.006770504998018,1.183913547751814,0.422183257823238,0.0040596975645
280450306043,Mississippi,MS,Hancock County,4,641.0,641.0,549.0,360.0,435.0,621.0,1500.0,0.426072268063339,1.365951676449846,85.0,0.132605304212168,59.0,0.09204368174727,36.0,0.175609756097561,210.0,0.140063846767757,0.0,0.0,42.0,0.076502732240437,0.0,0.0,290.0,0.452418096723869,0.208205128205128,8.75491338797814,54.72871,0.043095934420797,111.6001089,12991.346789560446,0.0,0.0,0.0,0.0,0.0,0.288365902514868,0.015344537546401,2.594919681549072,0.0,28.972914228307044,92.8847139985895,8.521445361266778,27.31903352899691,2.130361340316695,6.829758382249228,10.651806701583473,34.14879191124614,2.130361340316695,6.829758382249228,0.0,0.0,0.0,0.0,0.0,0.0,0.0,0.0,16.616818454470216,53.272115381543976,4.686794948696727,15.025468440948302,1.704289072253355,5.463806705799382,0.0,0.0,11.0,39.0,27.0,16.0,94.0,58.0,0.0,49.0,0.0,97.0,64.0,68.0,20.0,5.0,25.0,5.0,0.0,0.0,0.0,0.0,39.0,11.0,4.0,0.0,35.0,64.0,12.0,19.0,3.0,4.0,14.0,25.0,3.0,4.0,0.0,0.0,0.0,0.0,0.0,0.0,0.0,0.0,32.0,40.0,9.0,11.0,3.0,4.0,0.0,0.0,2.0,4.0,3.0,2.0,10.0,6.0,1.0,5.0,1.0,11.0,7.0,7.0,3.0,1.0,3.0,1.0,1.0,1.0,1.0,1.0,4.0,2.0,1.0,1.0,4.0,7.0,2.0,2.0,1.0,1.0,2.0,3.0,1.0,1.0,1.0,1.0,1.0,1.0,1.0,1.0,1.0,1.0,4.0,5.0,1.0,2.0,1.0,1.0,1.0,1.0,11 %ile,39 %ile,27 %ile,16 %ile,94 %ile,58 %ile,0 %ile,49 %ile,0 %ile,97 %ile,64 %ile,68 %ile,20 %ile,5 %ile,25 %ile,5 %ile,0 %ile,0 %ile,0 %ile,0 %ile,39 %ile,11 %ile,4 %ile,0 %ile,35 %ile,64 %ile,12 %ile,19 %ile,3 %ile,4 %ile,14 %ile,25 %ile,3 %ile,4 %ile,0 %ile,0 %ile,0 %ile,0 %ile,0 %ile,0 %ile,0 %ile,0 %ile,32 %ile,40 %ile,9 %ile,11 %ile,3 %ile,4 %ile,0 %ile,0 %ile,24819496.0,472577.0,0.0,0.0,0.0,0.0,0.422291499048506,0.82176355151054,0.237129557782854,0.00237766073
280450306044,Mississippi,MS,Hancock County,4,2932.0,2932.0,1707.0,908.0,908.0,2002.0,1522.0,0.865492617705992,1.510196501310114,152.0,0.051841746248295,980.0,0.334242837653479,113.0,0.06928264868179,213.0,0.140063846767757,0.0,0.0,48.0,0.028119507908612,174.0,0.059345156889495,205.0,0.069918144611187,0.208205128205128,8.75491338797814,54.72871,0.043407120906152,109.106621,1282.127551218391,110.0,0.121145374449339,0.0,0.0,0.0,0.0,0.011691745653918,2.35698127746582,0.0,58.85349800400749,102.69336208908778,17.309852354119847,30.203930026202286,5.192955706235955,9.061179007860687,20.771822824943815,36.24471603144274,0.865492617705992,1.510196501310114,32.88871947282771,57.38746704978434,0.0,0.0,0.0,0.0,0.0,0.0,0.0,0.0,9.520418794765916,16.61216151441126,2.596477853117977,4.530589503930344,0.0,0.0,35.0,48.0,12.0,61.0,71.0,58.0,0.0,24.0,62.0,14.0,64.0,68.0,20.0,6.0,24.0,1.0,38.0,0.0,0.0,0.0,0.0,11.0,3.0,0.0,56.0,69.0,23.0,21.0,7.0,5.0,26.0,27.0,2.0,1.0,38.0,40.0,0.0,0.0,0.0,0.0,0.0,0.0,0.0,0.0,14.0,12.0,4.0,3.0,0.0,0.0,4.0,5.0,2.0,7.0,8.0,6.0,1.0,3.0,7.0,2.0,7.0,7.0,3.0,1.0,3.0,1.0,4.0,1.0,1.0,1.0,1.0,2.0,1.0,1.0,6.0,7.0,3.0,3.0,1.0,1.0,3.0,3.0,1.0,1.0,4.0,5.0,1.0,1.0,1.0,1.0,1.0,1.0,1.0,1.0,2.0,2.0,1.0,1.0,1.0,1.0,35 %ile,48 %ile,12 %ile,61 %ile,71 %ile,58 %ile,0 %ile,24 %ile,62 %ile,14 %ile,64 %ile,68 %ile,20 %ile,6 %ile,24 %ile,1 %ile,38 %ile,0 %ile,0 %ile,0 %ile,0 %ile,11 %ile,3 %ile,0 %ile,56 %ile,69 %ile,23 %ile,21 %ile,7 %ile,5 %ile,26 %ile,27 %ile,2 %ile,1 %ile,38 %ile,40 %ile,0 %ile,0 %ile,0 %ile,0 %ile,0 %ile,0 %ile,0 %ile,0 %ile,14 %ile,12 %ile,4 %ile,3 %ile,0 %ile,0 %ile,68199064.0,1029853.0,0.0,0.0,0.0,0.0,0.84603547639843,0.953985992896027,0.357389082008272,0.0065087613075
280450306051,Mississippi,MS,Hancock County,4,845.0,845.0,585.0,339.0,388.0,683.0,1249.0,1.426751797824032,2.516849012116475,175.0,0.207100591715976,396.0,0.468639053254438,0.0,0.0,285.0,0.227873183619551,0.0,0.0,211.0,0.360683760683761,67.0,0.079289940828402,238.0,0.281656804733728,0.214358974358974,8.88263961748634,55.58398,0.053594869912126,96.97159841000001,42128.88662452495,0.0,0.0,0.0,0.092352078696917,0.092352078696917,0.424708406405682,0.127038365539539,2.941630363464355,0.0,101.29937764550624,178.69627986026975,35.668794945600794,62.921225302911886,12.840766180416288,22.65164110904828,32.81529134995273,57.88752727867894,15.694269776064353,27.685339133281232,0.0,0.0,0.0,0.0,42.80255393472096,75.50547036349427,24.25478056300854,42.78643320598008,61.35032730643337,108.22450752100843,21.40127696736048,37.752735181747134,8.56051078694419,15.101094072698851,0.0,0.0,61.0,89.0,38.0,78.0,0.0,91.0,0.0,95.0,76.0,85.0,70.0,71.0,25.0,9.0,23.0,11.0,0.0,0.0,30.0,17.0,43.0,15.0,6.0,0.0,74.0,92.0,42.0,46.0,19.0,15.0,38.0,42.0,23.0,20.0,0.0,0.0,0.0,0.0,49.0,55.0,33.0,32.0,60.0,70.0,27.0,28.0,14.0,11.0,0.0,0.0,7.0,9.0,4.0,8.0,1.0,10.0,1.0,11.0,8.0,9.0,8.0,8.0,3.0,1.0,3.0,2.0,1.0,1.0,4.0,2.0,5.0,2.0,1.0,1.0,8.0,10.0,5.0,5.0,2.0,2.0,4.0,5.0,3.0,3.0,1.0,1.0,1.0,1.0,5.0,6.0,4.0,4.0,7.0,8.0,3.0,3.0,2.0,2.0,1.0,1.0,61 %ile,89 %ile,38 %ile,78 %ile,0 %ile,91 %ile,0 %ile,95 %ile,76 %ile,85 %ile,70 %ile,71 %ile,25 %ile,9 %ile,23 %ile,11 %ile,0 %ile,0 %ile,30 %ile,17 %ile,43 %ile,15 %ile,6 %ile,0 %ile,74 %ile,92 %ile,42 %ile,46 %ile,19 %ile,15 %ile,38 %ile,42 %ile,23 %ile,20 %ile,0 %ile,0 %ile,0 %ile,0 %ile,49 %ile,55 %ile,33 %ile,32 %ile,60 %ile,70 %ile,27 %ile,28 %ile,14 %ile,11 %ile,0 %ile,0 %ile,20363589.0,53844.0,0.0,0.0,0.0,1.0,1.40126284484908,1.974357780039873,0.19108683461893,0.001917141491999
280450306052,Mississippi,MS,Hancock County,4,2418.0,2392.0,1495.0,848.0,967.0,2039.0,2129.0,0.922255116234222,1.98208270396807,347.0,0.143507030603805,709.0,0.296404682274247,0.0,0.0,485.0,0.227873183619551,0.0,0.0,213.0,0.14247491638796,59.0,0.024400330851944,472.0,0.19520264681555,0.214358974358974,8.88263961748634,55.58398,0.051068029918644,108.3360263,38601.39970619509,0.0,0.0,0.0,0.099786989196122,0.099786989196122,0.027048961572087,0.099832194969034,1.462535262107849,0.0,65.48011325262975,140.727871981733,23.056377905855545,49.55206759920176,7.378040929873774,15.856661631744563,22.134122789621323,47.56998489523369,9.222551162342215,19.820827039680704,0.0,0.0,0.0,0.0,29.512163719495096,63.426646526978246,16.60059209221599,35.677488671425266,26.74539837079243,57.48039841507404,13.833826743513326,29.73124055952105,0.0,0.0,0.0,0.0,38.0,73.0,28.0,55.0,0.0,91.0,0.0,71.0,27.0,63.0,70.0,71.0,25.0,8.0,24.0,10.0,0.0,0.0,32.0,18.0,29.0,15.0,0.0,0.0,60.0,83.0,30.0,36.0,11.0,10.0,28.0,35.0,14.0,13.0,0.0,0.0,0.0,0.0,41.0,47.0,25.0,27.0,39.0,43.0,19.0,22.0,0.0,0.0,0.0,0.0,4.0,8.0,3.0,6.0,1.0,10.0,1.0,8.0,3.0,7.0,8.0,8.0,3.0,1.0,3.0,2.0,1.0,1.0,4.0,2.0,3.0,2.0,1.0,1.0,7.0,9.0,4.0,4.0,2.0,2.0,3.0,4.0,2.0,2.0,1.0,1.0,1.0,1.0,5.0,5.0,3.0,3.0,4.0,5.0,2.0,3.0,1.0,1.0,1.0,1.0,38 %ile,73 %ile,28 %ile,55 %ile,0 %ile,91 %ile,0 %ile,71 %ile,27 %ile,63 %ile,70 %ile,71 %ile,25 %ile,8 %ile,24 %ile,10 %ile,0 %ile,0 %ile,32 %ile,18 %ile,29 %ile,15 %ile,0 %ile,0 %ile,60 %ile,83 %ile,30 %ile,36 %ile,11 %ile,10 %ile,28 %ile,35 %ile,14 %ile,13 %ile,0 %ile,0 %ile,0 %ile,0 %ile,41 %ile,47 %ile,25 %ile,27 %ile,39 %ile,43 %ile,19 %ile,22 %ile,0 %ile,0 %ile,0 %ile,0 %ile,57135759.0,233157.0,0.0,0.0,0.0,1.0,0.906300764801777,1.415861403455354,0.340984891877113,0.0053884684825
280450306053,Mississippi,MS,Hancock County,4,1279.0,1279.0,965.0,468.0,559.0,1041.0,1163.0,0.341431266436019,1.704225237352621,2.0,0.001563721657545,185.0,0.144644253322909,22.0,0.040072859744991,265.0,0.227873183619551,0.0,0.0,61.0,0.063212435233161,124.0,0.096950742767787,412.0,0.322126661454261,0.214358974358974,8.88263961748634,55.58398,0.05045222794816,90.26967736,22846.31124657212,0.0,0.0,0.0,0.0,0.0,0.273849006054546,0.04631899401233,3.585283756256104,,24.241619916957323,120.9999918520361,8.535781660900465,42.605630933815526,2.731450131488149,13.63380189882097,7.852919128028429,39.197180459110285,2.39001886505213,11.929576661468348,0.0,0.0,0.0,0.0,0.0,0.0,0.0,0.0,13.315819391004728,66.46478425675224,4.438606463668242,22.154928085584075,3.414312664360186,17.04225237352621,,,7.0,59.0,2.0,27.0,52.0,91.0,0.0,43.0,85.0,90.0,70.0,71.0,25.0,8.0,23.0,7.0,0.0,0.0,0.0,0.0,39.0,13.0,10.0,,31.0,77.0,12.0,31.0,4.0,8.0,11.0,29.0,4.0,8.0,0.0,0.0,0.0,0.0,0.0,0.0,0.0,0.0,30.0,49.0,9.0,16.0,6.0,12.0,,,1.0,6.0,1.0,3.0,6.0,10.0,1.0,5.0,9.0,10.0,8.0,8.0,3.0,1.0,3.0,1.0,1.0,1.0,1.0,1.0,4.0,2.0,2.0,,4.0,8.0,2.0,4.0,1.0,1.0,2.0,3.0,1.0,1.0,1.0,1.0,1.0,1.0,1.0,1.0,1.0,1.0,4.0,5.0,1.0,2.0,1.0,2.0,,,7 %ile,59 %ile,2 %ile,27 %ile,52 %ile,91 %ile,0 %ile,43 %ile,85 %ile,90 %ile,70 %ile,71 %ile,25 %ile,8 %ile,23 %ile,7 %ile,0 %ile,0 %ile,0 %ile,0 %ile,39 %ile,13 %ile,10 %ile,,31 %ile,77 %ile,12 %ile,31 %ile,4 %ile,8 %ile,11 %ile,29 %ile,4 %ile,8 %ile,0 %ile,0 %ile,0 %ile,0 %ile,0 %ile,0 %ile,0 %ile,0 %ile,30 %ile,49 %ile,9 %ile,16 %ile,6 %ile,12 %ile,,,32678590.0,117102.0,0.0,0.0,0.0,0.0,0.332732939924578,1.131534934735635,0.292997077744189,0.003080135463
280450306061,Mississippi,MS,Hancock County,4,1363.0,1358.0,941.0,491.0,763.0,1107.0,968.0,0.921949969850082,1.636259622582406,36.0,0.026412325752018,510.0,0.375552282768778,0.0,0.0,166.0,0.17109634551495,0.0,0.0,3.0,0.003188097768332,74.0,0.054292002934703,342.0,0.250917094644167,0.214358974358974,8.70352349726776,55.76065,0.068752753419775,102.0227143,70610.7686999294,39.0,0.051114023591088,0.0,0.088172835237792,0.088172835237792,1.264960688807194,0.160449683162039,3.194597244262695,0.0,61.77064797995549,109.6293947130212,23.97069921610213,42.54275018714256,13.829249547751228,24.543894338736088,22.126799276401965,39.27023094197775,12.907299577901146,22.907634716153687,24.89264918595221,44.17900980972497,0.0,0.0,27.658499095502453,49.087788677472176,15.673149487451392,27.816413583900907,50.70724834175449,89.99427924203233,14.751199517601307,26.180153961318496,7.375599758800655,13.09007698065925,0.0,0.0,38.0,55.0,6.0,67.0,0.0,74.0,0.0,10.0,57.0,79.0,70.0,67.0,26.0,15.0,24.0,14.0,27.0,0.0,30.0,17.0,55.0,16.0,8.0,0.0,58.0,72.0,31.0,31.0,20.0,17.0,28.0,29.0,19.0,16.0,31.0,32.0,0.0,0.0,39.0,39.0,24.0,21.0,55.0,62.0,20.0,19.0,12.0,9.0,0.0,0.0,4.0,6.0,1.0,7.0,1.0,8.0,1.0,2.0,6.0,8.0,8.0,7.0,3.0,2.0,3.0,2.0,3.0,1.0,4.0,2.0,6.0,2.0,1.0,1.0,6.0,8.0,4.0,4.0,3.0,2.0,3.0,3.0,2.0,2.0,4.0,4.0,1.0,1.0,4.0,4.0,3.0,3.0,6.0,7.0,3.0,2.0,2.0,1.0,1.0,1.0,38 %ile,55 %ile,6 %ile,67 %ile,0 %ile,74 %ile,0 %ile,10 %ile,57 %ile,79 %ile,70 %ile,67 %ile,26 %ile,15 %ile,24 %ile,14 %ile,27 %ile,0 %ile,30 %ile,17 %ile,55 %ile,16 %ile,8 %ile,0 %ile,58 %ile,72 %ile,31 %ile,31 %ile,20 %ile,17 %ile,28 %ile,29 %ile,19 %ile,16 %ile,31 %ile,32 %ile,0 %ile,0 %ile,39 %ile,39 %ile,24 %ile,21 %ile,55 %ile,62 %ile,20 %ile,19 %ile,12 %ile,9 %ile,0 %ile,0 %ile,30561855.0,2391027.0,0.0,0.0,0.0,0.0,0.899663715620607,1.068978847359165,0.37597769373256,0.003093037428501
280450306062,Mississippi,MS,Hancock County,4,448.0,448.0,266.0,239.0,337.0,392.0,838.0,0.730766597636056,1.674768041914478,4.0,0.008928571428571,137.0,0.305803571428571,3.0,0.014354066985646,143.0,0.17109634551495,0.0,0.0,17.0,0.06390977443609,34.0,0.075892857142857,82.0,0.183035714285714,0.214358974358974,8.70352349726776,55.76065,0.055034399116976,130.0372799,89309.59474894538,49.0,0.14540059347181,0.066460378086237,0.038703100113372,0.173483538022785,0.167100270278906,9.830586213763493,2.270408391952515,0.0,48.96136204161577,112.20945880827,18.999931538537464,43.54396908977642,7.307665976360563,16.74768041914478,18.999931538537464,43.54396908977642,11.6922655621769,26.796288670631643,30.692197100714367,70.34025776040808,40.92292946761916,93.78701034721075,20.461464733809574,46.89350517360538,16.07686514799324,36.8448969221185,26.307597514898028,60.2916495089212,26.307597514898028,60.2916495089212,1.461533195272113,3.349536083828955,0.0,0.0,28.0,58.0,3.0,56.0,30.0,74.0,0.0,44.0,74.0,59.0,70.0,67.0,26.0,10.0,26.0,16.0,42.0,56.0,28.0,22.0,36.0,36.0,2.0,0.0,51.0,73.0,25.0,32.0,10.0,11.0,24.0,32.0,18.0,19.0,36.0,48.0,63.0,71.0,35.0,38.0,25.0,28.0,39.0,45.0,32.0,44.0,3.0,2.0,0.0,0.0,3.0,6.0,1.0,6.0,4.0,8.0,1.0,5.0,8.0,6.0,8.0,7.0,3.0,2.0,3.0,2.0,5.0,6.0,3.0,3.0,4.0,4.0,1.0,1.0,6.0,8.0,3.0,4.0,2.0,2.0,3.0,4.0,2.0,2.0,4.0,5.0,7.0,8.0,4.0,4.0,3.0,3.0,4.0,5.0,4.0,5.0,1.0,1.0,1.0,1.0,28 %ile,58 %ile,3 %ile,56 %ile,30 %ile,74 %ile,0 %ile,44 %ile,74 %ile,59 %ile,70 %ile,67 %ile,26 %ile,10 %ile,26 %ile,16 %ile,42 %ile,56 %ile,28 %ile,22 %ile,36 %ile,36 %ile,2 %ile,0 %ile,51 %ile,73 %ile,25 %ile,32 %ile,10 %ile,11 %ile,24 %ile,32 %ile,18 %ile,19 %ile,36 %ile,48 %ile,63 %ile,71 %ile,35 %ile,38 %ile,25 %ile,28 %ile,39 %ile,45 %ile,32 %ile,44 %ile,3 %ile,2 %ile,0 %ile,0 %ile,359392211.0,3834686.0,0.0,1.0,0.0,0.0,0.712451744016325,1.116928140118332,1.028950293391614,0.034099208466
280459900000,Mississippi,MS,Hancock County,4,0.0,0.0,0.0,0.0,0.0,0.0,0.0,0.0,0.385545010846213,0.0,0.0,0.0,0.0,0.0,0.0,0.0,0.0,0.0,0.0,0.0,0.0,0.0,0.0,0.0,0.0,,8.58875519125683,57.81781,,,,0.0,0.0,,,,,,,,0.0,24.674880694157647,0.0,13.879620390463678,,,,,,,0.0,0.0,,,,,,,,,,,,,,,0.0,0.0,0.0,0.0,0.0,0.0,0.0,0.0,0.0,0.0,,64.0,36.0,,,,0.0,,,,,,,,0.0,19.0,0.0,9.0,,,,,,,0.0,0.0,,,,,,,,,,,,,,,1.0,1.0,1.0,1.0,1.0,1.0,1.0,1.0,1.0,1.0,,7.0,4.0,,,,1.0,,,,,,,,1.0,2.0,1.0,1.0,,,,,,,1.0,1.0,,,,,,,,,,,,,,,0 %ile,0 %ile,0 %ile,0 %ile,0 %ile,0 %ile,0 %ile,0 %ile,0 %ile,0 %ile,,64 %ile,36 %ile,,,,0 %ile,,,,,,,,0 %ile,19 %ile,0 %ile,9 %ile,,,,,,,0 %ile,0 %ile,,,,,,,,,,,,,,,0.0,127998875.0,0.0,0.0,0.0,0.0,0.0,0.0,0.643747952580447,0.011993479830498
280470006001,Mississippi,MS,Harrison County,4,652.0,652.0,599.0,311.0,484.0,600.0,699.0,1.513705323406864,2.535019403523087,241.0,0.369631901840491,258.0,0.395705521472393,40.0,0.10230179028133,139.0,0.199089134677944,50.0,0.160771704180064,145.0,0.242070116861436,0.0,0.0,123.0,0.188650306748466,,9.20733770491803,57.30725,0.109129799789333,466.1182508,1075250.4266574087,256.0,0.528925619834711,0.0,0.924073852169367,1.363577168455875,13.775963247946027,0.372503750140702,9.612879753112791,0.0,118.0690152257354,197.7315134748008,51.46598099583338,86.19065971978496,48.43857034901965,81.12062091273879,68.11673955330888,114.07587315853893,84.76749811078439,141.96108659729288,115.04160457892166,192.6614746677546,0.0,0.0,119.58272054914224,200.2665328783239,77.19897149375007,129.28598957967745,140.77459507683835,235.7568045276471,27.246695821323552,45.63034926341557,105.95937263848047,177.4513582466161,0.0,0.0,64.0,90.0,55.0,69.0,83.0,85.0,91.0,87.0,0.0,61.0,,78.0,34.0,32.0,45.0,56.0,76.0,0.0,79.0,51.0,93.0,18.0,70.0,0.0,78.0,94.0,54.0,62.0,51.0,60.0,63.0,74.0,67.0,84.0,79.0,92.0,0.0,0.0,78.0,92.0,64.0,80.0,83.0,96.0,33.0,33.0,73.0,90.0,0.0,0.0,7.0,10.0,6.0,7.0,9.0,9.0,10.0,9.0,1.0,7.0,,8.0,4.0,4.0,5.0,6.0,8.0,1.0,8.0,6.0,10.0,2.0,8.0,1.0,8.0,10.0,6.0,7.0,6.0,7.0,7.0,8.0,7.0,9.0,8.0,10.0,1.0,1.0,8.0,10.0,7.0,9.0,9.0,11.0,4.0,4.0,8.0,10.0,1.0,1.0,64 %ile,90 %ile,55 %ile,69 %ile,83 %ile,85 %ile,91 %ile,87 %ile,0 %ile,61 %ile,,78 %ile,34 %ile,32 %ile,45 %ile,56 %ile,76 %ile,0 %ile,79 %ile,51 %ile,93 %ile,18 %ile,70 %ile,0 %ile,78 %ile,94 %ile,54 %ile,62 %ile,51 %ile,60 %ile,63 %ile,74 %ile,67 %ile,84 %ile,79 %ile,92 %ile,0 %ile,0 %ile,78 %ile,92 %ile,64 %ile,80 %ile,83 %ile,96 %ile,33 %ile,33 %ile,73 %ile,90 %ile,0 %ile,0 %ile,879557.0,0.0,0.0,0.0,1.0,7.0,1.494779360239341,3.107690335119322,0.047768716724008,8.2560019e-05
280470006002,Mississippi,MS,Harrison County,4,885.0,885.0,680.0,388.0,526.0,726.0,838.0,1.081430049740147,1.827295853838045,169.0,0.190960451977401,294.0,0.332203389830508,30.0,0.062761506276151,167.0,0.199089134677944,34.0,0.087628865979381,17.0,0.025,55.0,0.062146892655367,191.0,0.215819209039548,,9.20733770491803,57.30725,0.104888561254628,453.9856623,1095362.92855819,326.0,0.619771863117871,0.0,0.575619800321399,0.981864273675492,6.664056185334567,0.500968121883627,9.457414627075195,0.0,84.3515438797315,142.5290765993675,36.76862169116501,62.128059030493525,32.44290149220441,54.818875615141344,48.664352238306634,82.22831342271202,60.560082785448245,102.3285678149305,87.59583402895193,148.01096416088163,0.0,0.0,72.45581333258987,122.428822207149,48.664352238306634,82.22831342271202,90.84012417817235,153.49285172239576,20.5471709450628,34.71862122292285,74.61867343207014,126.08341391482509,0.0,0.0,46.0,66.0,35.0,61.0,67.0,85.0,83.0,22.0,64.0,70.0,,78.0,34.0,30.0,45.0,56.0,81.0,0.0,67.0,45.0,84.0,19.0,69.0,0.0,68.0,84.0,43.0,46.0,39.0,42.0,51.0,58.0,56.0,70.0,71.0,83.0,0.0,0.0,64.0,76.0,51.0,60.0,71.0,84.0,26.0,25.0,63.0,78.0,0.0,0.0,5.0,7.0,4.0,7.0,7.0,9.0,9.0,3.0,7.0,8.0,,8.0,4.0,4.0,5.0,6.0,9.0,1.0,7.0,5.0,9.0,2.0,7.0,1.0,7.0,9.0,5.0,5.0,4.0,5.0,6.0,6.0,6.0,8.0,8.0,9.0,1.0,1.0,7.0,8.0,6.0,7.0,8.0,9.0,3.0,3.0,7.0,8.0,1.0,1.0,46 %ile,66 %ile,35 %ile,61 %ile,67 %ile,85 %ile,83 %ile,22 %ile,64 %ile,70 %ile,,78 %ile,34 %ile,30 %ile,45 %ile,56 %ile,81 %ile,0 %ile,67 %ile,45 %ile,84 %ile,19 %ile,69 %ile,0 %ile,68 %ile,84 %ile,43 %ile,46 %ile,39 %ile,42 %ile,51 %ile,58 %ile,56 %ile,70 %ile,71 %ile,83 %ile,0 %ile,0 %ile,64 %ile,76 %ile,51 %ile,60 %ile,71 %ile,84 %ile,26 %ile,25 %ile,63 %ile,78 %ile,0 %ile,0 %ile,1244634.0,5913608.0,0.0,0.0,0.0,3.0,1.06395030437823,1.906250166303055,0.125489578745499,0.0006718514305
280470009001,Mississippi,MS,Harrison County,4,1943.0,0.0,420.0,0.0,0.0,1943.0,543.0,0.805923310910902,0.432459693917014,987.0,0.507977354606279,0.0,0.0,0.0,0.0,6.0,0.011727078891258,0.0,0.0,0.0,0.0,0.0,0.0,0.0,0.0,,9.23691393442623,57.16775,0.105209821743142,449.9206915,671166.0194585985,0.0,0.0,0.0,0.638779696393474,0.982062487753707,2.764512460732971,0.50797380158037,8.453778266906738,0.0,62.86201825105034,33.73185612552711,26.59546926005976,14.271169899261468,24.17769932732705,12.973790817510428,35.46062568007968,19.028226532348626,36.266548990990586,19.46068622626564,0.0,0.0,0.0,0.0,55.608708452852234,29.83971888027398,36.266548990990586,19.46068622626564,54.80278514194133,29.407259186356967,15.312542907307137,8.21673418442327,47.54947534374321,25.51512194110384,0.0,0.0,32.0,0.0,66.0,0.0,0.0,0.0,0.0,0.0,0.0,0.0,,78.0,33.0,30.0,44.0,45.0,0.0,0.0,69.0,45.0,68.0,19.0,59.0,0.0,58.0,25.0,34.0,10.0,32.0,8.0,41.0,14.0,42.0,13.0,0.0,0.0,0.0,0.0,56.0,30.0,42.0,17.0,57.0,28.0,21.0,8.0,49.0,19.0,0.0,0.0,4.0,1.0,7.0,1.0,1.0,1.0,1.0,1.0,1.0,1.0,,8.0,4.0,4.0,5.0,5.0,1.0,1.0,7.0,5.0,7.0,2.0,6.0,1.0,6.0,3.0,4.0,2.0,4.0,1.0,5.0,2.0,5.0,2.0,1.0,1.0,1.0,1.0,6.0,4.0,5.0,2.0,6.0,3.0,3.0,1.0,5.0,2.0,1.0,1.0,32 %ile,0 %ile,66 %ile,0 %ile,0 %ile,0 %ile,0 %ile,0 %ile,0 %ile,0 %ile,,78 %ile,33 %ile,30 %ile,44 %ile,45 %ile,0 %ile,0 %ile,69 %ile,45 %ile,68 %ile,19 %ile,59 %ile,0 %ile,58 %ile,25 %ile,34 %ile,10 %ile,32 %ile,8 %ile,41 %ile,14 %ile,42 %ile,13 %ile,0 %ile,0 %ile,0 %ile,0 %ile,56 %ile,30 %ile,42 %ile,17 %ile,57 %ile,28 %ile,21 %ile,8 %ile,49 %ile,19 %ile,0 %ile,0 %ile,4442234.0,9030.0,0.0,1.0,0.0,0.0,0.812694669008085,0.042100288426686,0.098631957384405,0.000417859233
280470009002,Mississippi,MS,Harrison County,4,1194.0,1194.0,540.0,299.0,346.0,721.0,395.0,0.618414142589912,0.58908329175034,331.0,0.277219430485762,91.0,0.076214405360134,4.0,0.021052631578947,5.0,0.011727078891258,0.0,0.0,17.0,0.031481481481481,132.0,0.110552763819095,10.0,0.008375209380235,,9.23691393442623,57.16775,0.105598181090541,446.1002264,614509.277797976,5.0,0.014450867052023,0.0,0.570643179809185,0.566282339184295,1.412464998688583,0.628674637842135,8.389533042907715,0.0,48.23630312201316,45.94849675652655,20.407666705467108,19.439748627761237,18.55242427769737,17.67249875251021,27.21022227395614,25.919664837014977,26.591808131366232,25.33058154526464,10.51304042402851,10.014415959755786,0.0,0.0,41.43374755352413,39.4685805472728,21.644494990646933,20.617915211261916,35.249606127625,33.5777476297694,12.368282851798249,11.781665835006809,35.86802027021491,34.16683092151974,0.0,0.0,21.0,1.0,46.0,13.0,36.0,0.0,0.0,26.0,89.0,2.0,,78.0,33.0,30.0,44.0,43.0,17.0,0.0,67.0,35.0,57.0,20.0,58.0,0.0,50.0,34.0,27.0,13.0,26.0,12.0,33.0,19.0,34.0,18.0,19.0,15.0,0.0,0.0,48.0,34.0,30.0,17.0,46.0,29.0,17.0,9.0,42.0,26.0,0.0,0.0,3.0,1.0,5.0,2.0,4.0,1.0,1.0,3.0,9.0,1.0,,8.0,4.0,4.0,5.0,5.0,2.0,1.0,7.0,4.0,6.0,3.0,6.0,1.0,6.0,4.0,3.0,2.0,3.0,2.0,4.0,2.0,4.0,2.0,2.0,2.0,1.0,1.0,5.0,4.0,4.0,2.0,5.0,3.0,2.0,1.0,5.0,3.0,1.0,1.0,21 %ile,1 %ile,46 %ile,13 %ile,36 %ile,0 %ile,0 %ile,26 %ile,89 %ile,2 %ile,,78 %ile,33 %ile,30 %ile,44 %ile,43 %ile,17 %ile,0 %ile,67 %ile,35 %ile,57 %ile,20 %ile,58 %ile,0 %ile,50 %ile,34 %ile,27 %ile,13 %ile,26 %ile,12 %ile,33 %ile,19 %ile,34 %ile,18 %ile,19 %ile,15 %ile,0 %ile,0 %ile,48 %ile,34 %ile,30 %ile,17 %ile,46 %ile,29 %ile,17 %ile,9 %ile,42 %ile,26 %ile,0 %ile,0 %ile,1249661.0,907197.0,0.0,0.0,0.0,0.0,0.617515276025807,0.201455207410383,0.100016051798804,0.000202490844
280470012031,Mississippi,MS,Harrison County,4,753.0,753.0,597.0,326.0,326.0,658.0,763.0,0.678377883208428,1.40853666260027,288.0,0.382470119521912,23.0,0.030544488711819,0.0,0.0,85.0,0.111168831168831,0.0,0.0,13.0,0.02177554438861,19.0,0.025232403718459,174.0,0.231075697211155,0.265641025641026,9.27860300546448,57.2511,0.11304210343877,405.6954691,612302.1408644529,4.0,0.012269938650307,0.0,1.644790818694473,0.762459842982753,0.0,1.215456243463342,9.06861972808838,0.0,53.59185277346582,111.2743963454213,22.386470145878125,46.481709865808895,22.386470145878125,46.481709865808895,29.170248977962405,60.5670764918116,29.170248977962405,60.5670764918116,11.532424014543276,23.945123264204582,0.0,0.0,61.73238737196695,128.17683629662454,27.13511532833712,56.34146650401079,0.0,0.0,15.602691313793846,32.39634323980621,44.09456240854782,91.55488306901752,0.0,0.0,24.0,42.0,56.0,5.0,0.0,38.0,0.0,20.0,28.0,74.0,95.0,79.0,33.0,33.0,43.0,43.0,17.0,0.0,91.0,40.0,0.0,23.0,65.0,0.0,53.0,73.0,29.0,34.0,30.0,35.0,35.0,44.0,36.0,46.0,19.0,20.0,0.0,0.0,59.0,78.0,35.0,43.0,0.0,0.0,21.0,24.0,47.0,64.0,0.0,0.0,3.0,5.0,6.0,1.0,1.0,4.0,1.0,3.0,3.0,8.0,11.0,8.0,4.0,4.0,5.0,5.0,2.0,1.0,10.0,5.0,1.0,3.0,7.0,1.0,6.0,8.0,3.0,4.0,4.0,4.0,4.0,5.0,4.0,5.0,2.0,3.0,1.0,1.0,6.0,8.0,4.0,5.0,1.0,1.0,3.0,3.0,5.0,7.0,1.0,1.0,24 %ile,42 %ile,56 %ile,5 %ile,0 %ile,38 %ile,0 %ile,20 %ile,28 %ile,74 %ile,95 %ile,79 %ile,33 %ile,33 %ile,43 %ile,43 %ile,17 %ile,0 %ile,91 %ile,40 %ile,0 %ile,23 %ile,65 %ile,0 %ile,53 %ile,73 %ile,29 %ile,34 %ile,30 %ile,35 %ile,35 %ile,44 %ile,36 %ile,46 %ile,19 %ile,20 %ile,0 %ile,0 %ile,59 %ile,78 %ile,35 %ile,43 %ile,0 %ile,0 %ile,21 %ile,24 %ile,47 %ile,64 %ile,0 %ile,0 %ile,1491845.0,1209158.0,0.0,0.0,0.0,0.0,0.681634999900369,0.899161258314961,0.07888343551254,0.0002535760175
280470012032,Mississippi,MS,Harrison County,4,837.0,837.0,348.0,247.0,290.0,415.0,734.0,1.577507453737316,1.872621114012166,237.0,0.283154121863799,403.0,0.481481481481481,48.0,0.233009708737864,82.0,0.111168831168831,0.0,0.0,16.0,0.045977011494253,260.0,0.31063321385902,0.0,0.0,0.265641025641026,9.27860300546448,57.2511,0.113055169148435,410.4577152,660906.5146353481,0.0,0.0,0.0,0.727177239490281,0.521401014430198,1.552873032145162,0.807657722681625,8.44124984741211,0.0,124.62308884524796,147.9370680069611,52.05774597333144,61.79649676240148,52.05774597333144,61.79649676240148,67.8328205107046,80.52270790252314,70.98783541817923,84.26795013054748,0.0,0.0,0.0,0.0,115.15804412282408,136.7013413228881,53.63525342706875,63.66911787641365,91.49543231676432,108.61202461270562,33.12765652848364,39.32504339425549,93.07293977050163,110.4846457267178,0.0,0.0,66.0,68.0,46.0,79.0,97.0,38.0,0.0,34.0,99.0,0.0,95.0,79.0,33.0,33.0,43.0,45.0,0.0,0.0,73.0,34.0,58.0,21.0,59.0,0.0,80.0,85.0,54.0,45.0,53.0,47.0,63.0,57.0,61.0,61.0,0.0,0.0,0.0,0.0,77.0,80.0,53.0,48.0,71.0,70.0,39.0,29.0,69.0,72.0,0.0,0.0,7.0,7.0,5.0,8.0,11.0,4.0,1.0,4.0,11.0,1.0,11.0,8.0,4.0,4.0,5.0,5.0,1.0,1.0,8.0,4.0,6.0,3.0,6.0,1.0,9.0,9.0,6.0,5.0,6.0,5.0,7.0,6.0,7.0,7.0,1.0,1.0,1.0,1.0,8.0,9.0,6.0,5.0,8.0,8.0,4.0,3.0,7.0,8.0,1.0,1.0,66 %ile,68 %ile,46 %ile,79 %ile,97 %ile,38 %ile,0 %ile,34 %ile,99 %ile,0 %ile,95 %ile,79 %ile,33 %ile,33 %ile,43 %ile,45 %ile,0 %ile,0 %ile,73 %ile,34 %ile,58 %ile,21 %ile,59 %ile,0 %ile,80 %ile,85 %ile,54 %ile,45 %ile,53 %ile,47 %ile,63 %ile,57 %ile,61 %ile,61 %ile,0 %ile,0 %ile,0 %ile,0 %ile,77 %ile,80 %ile,53 %ile,48 %ile,71 %ile,70 %ile,39 %ile,29 %ile,69 %ile,72 %ile,0 %ile,0 %ile,263403.0,0.0,0.0,0.0,1.0,2.0,1.552258154367506,1.355465190597898,0.02096649284364,2.4726872e-05
280470012033,Mississippi,MS,Harrison County,4,550.0,550.0,345.0,171.0,216.0,380.0,428.0,0.585575252094089,1.367446396974463,203.0,0.369090909090909,0.0,0.0,0.0,0.0,48.0,0.111168831168831,0.0,0.0,5.0,0.014492753623188,11.0,0.02,67.0,0.121818181818182,0.265641025641026,9.27860300546448,57.2511,0.113107970393688,406.6782875,597932.4284986451,0.0,0.0,0.0,1.17107412511316,0.676057925232154,4.24124213599799,0.962723211916841,8.232083320617676,0.0,46.260444915433006,108.02826536098256,19.32398331910493,45.12573110015728,19.32398331910493,45.12573110015728,25.179735840045808,58.80019506990191,25.179735840045808,58.80019506990191,0.0,0.0,0.0,0.0,49.18832117590345,114.86549734585488,22.251859579575367,51.96296308502959,44.503719159150734,103.92592617005918,12.882655546069952,30.083820733438188,33.37778936936306,77.94444462754439,0.0,0.0,19.0,39.0,55.0,0.0,0.0,38.0,0.0,15.0,23.0,34.0,95.0,79.0,33.0,33.0,43.0,43.0,0.0,0.0,84.0,38.0,76.0,22.0,57.0,0.0,49.0,71.0,25.0,33.0,27.0,34.0,31.0,43.0,32.0,45.0,0.0,0.0,0.0,0.0,53.0,73.0,31.0,40.0,52.0,68.0,18.0,22.0,40.0,57.0,0.0,0.0,2.0,4.0,6.0,1.0,1.0,4.0,1.0,2.0,3.0,4.0,11.0,8.0,4.0,4.0,5.0,5.0,1.0,1.0,9.0,4.0,8.0,3.0,6.0,1.0,5.0,8.0,3.0,4.0,3.0,4.0,4.0,5.0,4.0,5.0,1.0,1.0,1.0,1.0,6.0,8.0,4.0,5.0,6.0,7.0,2.0,3.0,5.0,6.0,1.0,1.0,19 %ile,39 %ile,55 %ile,0 %ile,0 %ile,38 %ile,0 %ile,15 %ile,23 %ile,34 %ile,95 %ile,79 %ile,33 %ile,33 %ile,43 %ile,43 %ile,0 %ile,0 %ile,84 %ile,38 %ile,76 %ile,22 %ile,57 %ile,0 %ile,49 %ile,71 %ile,25 %ile,33 %ile,27 %ile,34 %ile,31 %ile,43 %ile,32 %ile,45 %ile,0 %ile,0 %ile,0 %ile,0 %ile,53 %ile,73 %ile,31 %ile,40 %ile,52 %ile,68 %ile,18 %ile,22 %ile,40 %ile,57 %ile,0 %ile,0 %ile,386250.0,6707.0,0.0,0.0,0.0,0.0,0.590495248415197,0.857876878859456,0.027726519251118,3.6889202e-05
280470012041,Mississippi,MS,Harrison County,4,1446.0,1306.0,959.0,601.0,601.0,1032.0,992.0,2.248010464627351,2.472403597198509,981.0,0.678423236514523,653.0,0.5,3.0,0.006578947368421,197.0,0.198315198315198,21.0,0.034941763727121,178.0,0.185610010427529,157.0,0.108575380359613,464.0,0.32088520055325,0.265641025641026,9.26071639344262,57.30838,0.11330617821235,391.0142568,774852.7681776336,16.0,0.026622296173045,0.0,4.361592174353393,0.754301643870245,6.260530014188491,1.362756809648145,7.813750267028809,0.0,177.59282670556067,195.31988417868223,76.43235579732992,84.06172230474931,74.18434533270258,81.5893187075508,94.41643951434872,103.84095108233738,107.90450230211285,118.67537266552844,47.20821975717436,51.920475541168685,0.0,0.0,222.55303599810767,244.7679561226524,89.92041858509401,98.89614388794037,186.5848685640701,205.20949856747623,51.70424068642907,56.865282735565714,116.89654416062223,128.56498705432247,0.0,0.0,83.0,88.0,76.0,81.0,24.0,85.0,70.0,79.0,89.0,90.0,95.0,79.0,34.0,33.0,42.0,48.0,21.0,0.0,99.0,40.0,83.0,23.0,52.0,0.0,90.0,94.0,67.0,61.0,63.0,60.0,74.0,70.0,74.0,77.0,49.0,37.0,0.0,0.0,94.0,96.0,69.0,68.0,90.0,93.0,53.0,41.0,76.0,79.0,0.0,0.0,9.0,9.0,8.0,9.0,3.0,9.0,8.0,8.0,9.0,10.0,11.0,8.0,4.0,4.0,5.0,5.0,3.0,1.0,11.0,5.0,9.0,3.0,6.0,1.0,10.0,10.0,7.0,7.0,7.0,7.0,8.0,8.0,8.0,8.0,5.0,4.0,1.0,1.0,10.0,11.0,7.0,7.0,10.0,10.0,6.0,5.0,8.0,8.0,1.0,1.0,83 %ile,88 %ile,76 %ile,81 %ile,24 %ile,85 %ile,70 %ile,79 %ile,89 %ile,90 %ile,95 %ile,79 %ile,34 %ile,33 %ile,42 %ile,48 %ile,21 %ile,0 %ile,99 %ile,40 %ile,83 %ile,23 %ile,52 %ile,0 %ile,90 %ile,94 %ile,67 %ile,61 %ile,63 %ile,60 %ile,74 %ile,70 %ile,74 %ile,77 %ile,49 %ile,37 %ile,0 %ile,0 %ile,94 %ile,96 %ile,69 %ile,68 %ile,90 %ile,93 %ile,53 %ile,41 %ile,76 %ile,79 %ile,0 %ile,0 %ile,644688.0,6867.0,0.0,0.0,3.0,3.0,2.226913819820459,2.12018940747958,0.033240707337437,6.11640195e-05
280470012042,Mississippi,MS,Harrison County,4,1568.0,1483.0,993.0,603.0,739.0,1133.0,1389.0,1.830572256788866,2.651717395338008,627.0,0.399872448979592,757.0,0.510451786918409,102.0,0.117511520737327,275.0,0.198315198315198,40.0,0.066334991708126,249.0,0.250755287009063,46.0,0.029336734693878,149.0,0.095025510204082,0.265641025641026,9.26071639344262,57.30838,0.11318215902189,394.770597,717829.0676609165,9.0,0.012178619756428,0.0,2.596098465119969,0.654254331855127,5.86618448518268,1.128865306619159,8.01937484741211,0.0,144.6152082863204,209.48567423170263,62.23945673082144,90.15839144149228,60.408884474032575,87.50667404615427,76.88403478513237,111.37213060419634,86.03689606907669,124.63071758088638,29.289156108621853,42.42747832540813,0.0,0.0,177.56550890851997,257.2165873477868,67.73117350118804,98.1135436275063,150.106925056687,217.44082641771664,40.27258964935505,58.337782697436175,98.85090186659873,143.19273934825245,0.0,0.0,73.0,92.0,58.0,82.0,86.0,85.0,79.0,88.0,32.0,23.0,95.0,79.0,34.0,33.0,42.0,47.0,16.0,0.0,97.0,37.0,82.0,22.0,54.0,0.0,85.0,95.0,60.0,64.0,57.0,63.0,67.0,73.0,67.0,79.0,35.0,31.0,0.0,0.0,89.0,97.0,60.0,68.0,85.0,95.0,45.0,42.0,71.0,83.0,0.0,0.0,8.0,10.0,6.0,9.0,9.0,9.0,8.0,9.0,4.0,3.0,11.0,8.0,4.0,4.0,5.0,5.0,2.0,1.0,11.0,4.0,9.0,3.0,6.0,1.0,9.0,11.0,7.0,7.0,6.0,7.0,7.0,8.0,7.0,8.0,4.0,4.0,1.0,1.0,9.0,11.0,7.0,7.0,9.0,11.0,5.0,5.0,8.0,9.0,1.0,1.0,73 %ile,92 %ile,58 %ile,82 %ile,86 %ile,85 %ile,79 %ile,88 %ile,32 %ile,23 %ile,95 %ile,79 %ile,34 %ile,33 %ile,42 %ile,47 %ile,16 %ile,0 %ile,97 %ile,37 %ile,82 %ile,22 %ile,54 %ile,0 %ile,85 %ile,95 %ile,60 %ile,64 %ile,57 %ile,63 %ile,67 %ile,73 %ile,67 %ile,79 %ile,35 %ile,31 %ile,0 %ile,0 %ile,89 %ile,97 %ile,60 %ile,68 %ile,85 %ile,95 %ile,45 %ile,42 %ile,71 %ile,83 %ile,0 %ile,0 %ile,466267.0,0.0,0.0,0.0,3.0,4.0,1.805132484211193,2.465851943896499,0.030867484640769,4.3770268e-05
280470012043,Mississippi,MS,Harrison County,4,115.0,115.0,96.0,62.0,84.0,96.0,468.0,1.116682496799319,2.263813624925602,13.0,0.11304347826087,46.0,0.4,0.0,0.0,93.0,0.198315198315198,0.0,0.0,15.0,0.15625,0.0,0.0,36.0,0.31304347826087,0.265641025641026,9.26071639344262,57.30838,0.113089748783629,399.550783,737300.4427369724,66.0,0.785714285714286,0.0,1.197713992580811,0.672077030286348,4.696827756823083,0.938253716344151,8.095000267028809,0.0,88.21791724714618,178.84127636912257,37.967204891176834,76.96966324747046,36.85052239437752,74.70584962254486,48.017347362370714,97.34398587180088,52.48407734956798,106.39924037150332,101.618107208738,206.0070398682298,0.0,0.0,94.9180122279421,192.42415811867616,42.43393487837411,86.02491774717288,87.10123475034686,176.57746274419696,23.450332432785693,47.540086123437646,61.41753732396253,124.50974937090812,0.0,0.0,48.0,83.0,23.0,70.0,0.0,85.0,0.0,74.0,0.0,89.0,95.0,79.0,34.0,33.0,43.0,47.0,91.0,0.0,85.0,38.0,78.0,21.0,55.0,0.0,69.0,92.0,44.0,56.0,43.0,56.0,50.0,67.0,52.0,72.0,75.0,94.0,0.0,0.0,72.0,91.0,47.0,62.0,70.0,89.0,29.0,35.0,57.0,77.0,0.0,0.0,5.0,9.0,3.0,8.0,1.0,9.0,1.0,8.0,1.0,9.0,11.0,8.0,4.0,4.0,5.0,5.0,10.0,1.0,9.0,4.0,8.0,3.0,6.0,1.0,7.0,10.0,5.0,6.0,5.0,6.0,6.0,7.0,6.0,8.0,8.0,10.0,1.0,1.0,8.0,10.0,5.0,7.0,8.0,9.0,3.0,4.0,6.0,8.0,1.0,1.0,48 %ile,83 %ile,23 %ile,70 %ile,0 %ile,85 %ile,0 %ile,74 %ile,0 %ile,89 %ile,95 %ile,79 %ile,34 %ile,33 %ile,43 %ile,47 %ile,91 %ile,0 %ile,85 %ile,38 %ile,78 %ile,21 %ile,55 %ile,0 %ile,69 %ile,92 %ile,44 %ile,56 %ile,43 %ile,56 %ile,50 %ile,67 %ile,52 %ile,72 %ile,75 %ile,94 %ile,0 %ile,0 %ile,72 %ile,91 %ile,47 %ile,62 %ile,70 %ile,89 %ile,29 %ile,35 %ile,57 %ile,77 %ile,0 %ile,0 %ile,470540.0,0.0,0.0,0.0,0.0,4.0,1.094077328240545,1.734091786818297,0.045463466459667,4.4170671e-05
280470012051,Mississippi,MS,Harrison County,4,562.0,562.0,498.0,339.0,419.0,498.0,1117.0,0.239535179872536,1.25818468239872,11.0,0.019572953736655,50.0,0.088967971530249,11.0,0.047619047619048,154.0,0.138053097345133,0.0,0.0,2.0,0.004016064257028,9.0,0.016014234875445,213.0,0.379003558718861,0.213333333333333,9.280420218579232,57.43011,0.103399446151242,328.2356071,764195.7937885326,0.0,0.0,0.10765838993599,0.771477267051563,1.136226333502752,2.775127321689481,2.550672973866006,5.98695707321167,0.0,18.92327920993031,99.3965899094989,8.14419611566621,42.77827920155649,6.946520216303532,36.48735578956288,9.341872015028889,49.06920261355009,11.497688633881708,60.39286475513857,0.0,0.0,14.611645972224672,76.74926562632194,17.725603310567635,93.10566649750528,11.258153454009172,59.13468007273985,16.28839223133242,85.55655840311297,6.467449856558461,33.97098642476544,7.904660935793674,41.520094519157766,0.0,0.0,3.0,32.0,5.0,15.0,58.0,57.0,0.0,10.0,20.0,94.0,69.0,79.0,34.0,29.0,39.0,48.0,0.0,61.0,74.0,47.0,68.0,27.0,33.0,0.0,25.0,67.0,11.0,31.0,10.0,27.0,12.0,36.0,17.0,46.0,0.0,0.0,57.0,65.0,33.0,64.0,20.0,45.0,32.0,60.0,11.0,25.0,13.0,32.0,0.0,0.0,1.0,4.0,1.0,2.0,6.0,6.0,1.0,2.0,3.0,10.0,7.0,8.0,4.0,3.0,4.0,5.0,1.0,7.0,8.0,5.0,7.0,3.0,4.0,1.0,3.0,7.0,2.0,4.0,2.0,3.0,2.0,4.0,2.0,5.0,1.0,1.0,6.0,7.0,4.0,7.0,3.0,5.0,4.0,7.0,2.0,3.0,2.0,4.0,1.0,1.0,3 %ile,32 %ile,5 %ile,15 %ile,58 %ile,57 %ile,0 %ile,10 %ile,20 %ile,94 %ile,69 %ile,79 %ile,34 %ile,29 %ile,39 %ile,48 %ile,0 %ile,61 %ile,74 %ile,47 %ile,68 %ile,27 %ile,33 %ile,0 %ile,25 %ile,67 %ile,11 %ile,31 %ile,10 %ile,27 %ile,12 %ile,36 %ile,17 %ile,46 %ile,0 %ile,0 %ile,57 %ile,65 %ile,33 %ile,64 %ile,20 %ile,45 %ile,32 %ile,60 %ile,11 %ile,25 %ile,13 %ile,32 %ile,0 %ile,0 %ile,1759610.0,425387.0,0.0,0.0,0.0,0.0,0.234433089323594,0.708221618970304,0.059715878585088,0.0002051172305
280470012052,Mississippi,MS,Harrison County,4,1546.0,1546.0,1238.0,639.0,639.0,1389.0,1104.0,0.558140239949187,1.342300952773604,247.0,0.159767141009056,201.0,0.130012936610608,201.0,0.201402805611222,152.0,0.138053097345133,0.0,0.0,38.0,0.030694668820679,115.0,0.074385510996119,409.0,0.264553686934023,0.213333333333333,9.280420218579232,57.43011,0.110411583615191,383.9033768,814996.3065256202,267.0,0.417840375586854,0.09565981177041,1.150677280249887,0.874558900331753,3.89545620015502,1.771213606001897,7.402500152587891,0.0,44.093078955985774,106.0417752691147,18.97676815827236,45.63823239430253,17.860487678373985,42.95363048875532,23.441890077865857,56.376640016491365,27.907011997459357,67.1150476386802,37.95353631654472,91.27646478860505,32.37213391705285,77.85345526086903,46.88378015573171,112.75328003298272,23.441890077865857,56.376640016491365,41.30237775623984,99.33027050524669,13.953505998729677,33.5575238193401,26.790731517560975,64.43044573313297,0.0,0.0,18.0,37.0,31.0,24.0,95.0,57.0,0.0,25.0,73.0,82.0,69.0,79.0,34.0,32.0,42.0,50.0,68.0,58.0,84.0,42.0,74.0,25.0,48.0,0.0,47.0,70.0,25.0,33.0,25.0,32.0,29.0,41.0,35.0,51.0,42.0,60.0,61.0,65.0,51.0,72.0,32.0,43.0,50.0,66.0,19.0,24.0,34.0,48.0,0.0,0.0,2.0,4.0,4.0,3.0,11.0,6.0,1.0,3.0,8.0,9.0,7.0,8.0,4.0,4.0,5.0,6.0,7.0,6.0,9.0,5.0,8.0,3.0,5.0,1.0,5.0,8.0,3.0,4.0,3.0,4.0,3.0,5.0,4.0,6.0,5.0,7.0,7.0,7.0,6.0,8.0,4.0,5.0,6.0,7.0,2.0,3.0,4.0,5.0,1.0,1.0,18 %ile,37 %ile,31 %ile,24 %ile,95 %ile,57 %ile,0 %ile,25 %ile,73 %ile,82 %ile,69 %ile,79 %ile,34 %ile,32 %ile,42 %ile,50 %ile,68 %ile,58 %ile,84 %ile,42 %ile,74 %ile,25 %ile,48 %ile,0 %ile,47 %ile,70 %ile,25 %ile,33 %ile,25 %ile,32 %ile,29 %ile,41 %ile,35 %ile,51 %ile,42 %ile,60 %ile,61 %ile,65 %ile,51 %ile,72 %ile,32 %ile,43 %ile,50 %ile,66 %ile,19 %ile,24 %ile,34 %ile,48 %ile,0 %ile,0 %ile,982134.0,0.0,0.0,0.0,0.0,0.0,0.552432748562495,0.794757235865678,0.041371610839305,9.219573e-05
280470012053,Mississippi,MS,Harrison County,4,775.0,747.0,518.0,252.0,285.0,553.0,604.0,0.7503140492717,1.187997736448052,342.0,0.441290322580645,16.0,0.021419009370817,0.0,0.0,83.0,0.138053097345133,0.0,0.0,0.0,0.0,84.0,0.108387096774194,101.0,0.130322580645161,0.213333333333333,9.280420218579232,57.43011,0.109812861187602,383.6856702,692921.9859593444,0.0,0.0,0.096118514851529,1.13937628947873,0.887296419140232,0.0,2.103998130009309,7.402500152587891,0.0,59.27480989246429,93.85182117939608,25.510677675237798,40.39192303923376,24.0100495766944,38.01592756633766,31.513190069411397,49.895904930818176,34.5144462664982,54.647895876610384,0.0,0.0,43.51821485775859,68.90386871398701,63.026380138822795,99.79180986163635,32.263504118683095,51.08390266726623,0.0,0.0,18.757851231792497,29.699943411201296,36.01507436504159,57.023891349506485,0.0,0.0,29.0,27.0,61.0,4.0,0.0,57.0,0.0,0.0,89.0,37.0,69.0,79.0,34.0,32.0,42.0,46.0,0.0,58.0,84.0,43.0,0.0,25.0,48.0,0.0,56.0,64.0,32.0,29.0,32.0,28.0,37.0,37.0,40.0,42.0,0.0,0.0,64.0,62.0,60.0,67.0,39.0,39.0,0.0,0.0,24.0,22.0,42.0,43.0,0.0,0.0,3.0,3.0,7.0,1.0,1.0,6.0,1.0,1.0,9.0,4.0,7.0,8.0,4.0,4.0,5.0,5.0,1.0,6.0,9.0,5.0,1.0,3.0,5.0,1.0,6.0,7.0,4.0,3.0,4.0,3.0,4.0,4.0,5.0,5.0,1.0,1.0,7.0,7.0,7.0,7.0,4.0,4.0,1.0,1.0,3.0,3.0,5.0,5.0,1.0,1.0,29 %ile,27 %ile,61 %ile,4 %ile,0 %ile,57 %ile,0 %ile,0 %ile,89 %ile,37 %ile,69 %ile,79 %ile,34 %ile,32 %ile,42 %ile,46 %ile,0 %ile,58 %ile,84 %ile,43 %ile,0 %ile,25 %ile,48 %ile,0 %ile,56 %ile,64 %ile,32 %ile,29 %ile,32 %ile,28 %ile,37 %ile,37 %ile,40 %ile,42 %ile,0 %ile,0 %ile,64 %ile,62 %ile,60 %ile,67 %ile,39 %ile,39 %ile,0 %ile,0 %ile,24 %ile,22 %ile,42 %ile,43 %ile,0 %ile,0 %ile,579160.0,425023.0,0.0,0.0,0.0,0.0,0.754905326447434,0.639150238906249,0.043640894745583,9.4272502e-05
280470012061,Mississippi,MS,Harrison County,4,1027.0,1027.0,800.0,574.0,800.0,964.0,999.0,2.137109593075508,1.869469379170573,413.0,0.402142161635832,657.0,0.639727361246349,109.0,0.167177914110429,125.0,0.125125125125125,0.0,0.0,67.0,0.08375,25.0,0.024342745861733,217.0,0.211295034079844,0.213333333333333,9.26139945355191,57.6245,0.103464244245578,331.3451489,845843.8656843426,46.0,0.0575,0.105802877462978,0.710094546851769,1.012192882426261,8.704550053253554,1.703787096602107,5.592999935150146,0.0,168.83165785296512,147.6880809544753,74.79883575764276,65.43142827097007,61.976178199189725,54.21461199594663,85.4843837230203,74.77877516682294,106.8554796537754,93.47346895852867,59.83906860611423,52.34514261677606,128.22657558453048,112.1681627502344,153.87189070143657,134.60179530028128,96.16993168839784,84.1261220626758,185.9285345975692,162.64383598783988,51.2906302338122,44.86726510009376,61.976178199189725,54.21461199594663,0.0,0.0,81.0,68.0,58.0,91.0,93.0,48.0,0.0,52.0,27.0,69.0,69.0,79.0,35.0,29.0,40.0,50.0,28.0,60.0,72.0,45.0,87.0,24.0,29.0,0.0,89.0,85.0,66.0,48.0,58.0,42.0,71.0,54.0,74.0,66.0,58.0,37.0,83.0,77.0,85.0,79.0,71.0,61.0,90.0,86.0,53.0,33.0,57.0,41.0,0.0,0.0,9.0,7.0,6.0,10.0,10.0,5.0,1.0,6.0,3.0,7.0,7.0,8.0,4.0,3.0,5.0,6.0,3.0,7.0,8.0,5.0,9.0,3.0,3.0,1.0,9.0,9.0,7.0,5.0,6.0,5.0,8.0,6.0,8.0,7.0,6.0,4.0,9.0,8.0,9.0,8.0,8.0,7.0,10.0,9.0,6.0,4.0,6.0,5.0,1.0,1.0,81 %ile,68 %ile,58 %ile,91 %ile,93 %ile,48 %ile,0 %ile,52 %ile,27 %ile,69 %ile,69 %ile,79 %ile,35 %ile,29 %ile,40 %ile,50 %ile,28 %ile,60 %ile,72 %ile,45 %ile,87 %ile,24 %ile,29 %ile,0 %ile,89 %ile,85 %ile,66 %ile,48 %ile,58 %ile,42 %ile,71 %ile,54 %ile,74 %ile,66 %ile,58 %ile,37 %ile,83 %ile,77 %ile,85 %ile,79 %ile,71 %ile,61 %ile,90 %ile,86 %ile,53 %ile,33 %ile,57 %ile,41 %ile,0 %ile,0 %ile,566334.0,4742.0,0.0,0.0,4.0,2.0,2.103907330479418,1.320660805169707,0.039836964475794,5.3604559e-05
280470012071,Mississippi,MS,Harrison County,4,1079.0,1079.0,369.0,350.0,369.0,516.0,824.0,2.185395218673127,1.706278313498747,637.0,0.590361445783133,575.0,0.532900834105653,7.0,0.016706443914081,85.0,0.102650874224478,13.0,0.037142857142857,18.0,0.048780487804878,322.0,0.298424467099166,32.0,0.029657089898054,0.213333333333333,9.252432786885247,57.44685,0.113058419473566,394.6123501,813748.8385069363,40.0,0.10840108401084,0.0,0.95932757169177,0.752890966385829,4.801454021175596,1.090736581487719,6.486082077026367,0.0,172.64622227517702,134.79598676640103,74.30343743488632,58.0134626589574,72.11804221621318,56.30718434545866,91.78659918427132,71.66368916694738,107.08436571498322,83.60763736143859,80.8596230909057,63.13229759945364,0.0,0.0,172.64622227517702,134.79598676640103,87.4158087469251,68.25113253994988,170.4608270565039,133.08970845290227,48.07869481080879,37.53812289697244,83.04501830957882,64.8385759129524,0.0,0.0,82.0,59.0,71.0,84.0,32.0,32.0,71.0,36.0,99.0,4.0,69.0,79.0,34.0,33.0,42.0,49.0,37.0,0.0,79.0,40.0,78.0,22.0,38.0,0.0,89.0,82.0,66.0,43.0,62.0,43.0,73.0,52.0,74.0,61.0,68.0,43.0,0.0,0.0,88.0,79.0,68.0,51.0,88.0,79.0,50.0,27.0,66.0,49.0,0.0,0.0,9.0,6.0,8.0,9.0,4.0,4.0,8.0,4.0,11.0,1.0,7.0,8.0,4.0,4.0,5.0,5.0,4.0,1.0,8.0,5.0,8.0,3.0,4.0,1.0,9.0,9.0,7.0,5.0,7.0,5.0,8.0,6.0,8.0,7.0,7.0,5.0,1.0,1.0,9.0,8.0,7.0,6.0,9.0,8.0,6.0,3.0,7.0,5.0,1.0,1.0,82 %ile,59 %ile,71 %ile,84 %ile,32 %ile,32 %ile,71 %ile,36 %ile,99 %ile,4 %ile,69 %ile,79 %ile,34 %ile,33 %ile,42 %ile,49 %ile,37 %ile,0 %ile,79 %ile,40 %ile,78 %ile,22 %ile,38 %ile,0 %ile,89 %ile,82 %ile,66 %ile,43 %ile,62 %ile,43 %ile,73 %ile,52 %ile,74 %ile,61 %ile,68 %ile,43 %ile,0 %ile,0 %ile,88 %ile,79 %ile,68 %ile,51 %ile,88 %ile,79 %ile,50 %ile,27 %ile,66 %ile,49 %ile,0 %ile,0 %ile,2037559.0,100319.0,0.0,0.0,3.0,1.0,2.161141440954496,1.350222829658366,0.084251439735379,0.000200678302
280470012072,Mississippi,MS,Harrison County,4,697.0,697.0,589.0,507.0,589.0,628.0,949.0,1.418920380568771,1.48630090868564,229.0,0.328550932568149,267.0,0.383070301291248,16.0,0.040100250626566,97.0,0.102650874224478,0.0,0.0,25.0,0.042444821731749,21.0,0.03012912482066,183.0,0.262553802008608,0.213333333333333,9.252432786885247,57.44685,0.103277437814646,358.7729606,909151.780514002,0.0,0.0,0.098234264708504,0.847667873690293,0.871800767360847,4.67209787008795,1.584594600189775,5.620416641235352,0.0,112.09471006493294,117.41777178616555,48.24329293933823,50.53423089531175,41.14869103649437,43.102726351883554,58.175735603319616,60.93833725611123,73.78385978957611,77.28764725165328,0.0,0.0,82.29738207298875,86.20545270376711,107.83794892322662,112.95886906010863,59.5946559838884,62.42463816479688,110.67578968436416,115.93147087747992,34.054089133650514,35.67122180845536,41.14869103649437,43.102726351883554,0.0,0.0,60.0,46.0,51.0,68.0,52.0,32.0,0.0,32.0,33.0,82.0,69.0,79.0,34.0,29.0,41.0,52.0,0.0,58.0,76.0,42.0,78.0,24.0,29.0,0.0,77.0,75.0,52.0,37.0,46.0,33.0,57.0,45.0,62.0,57.0,0.0,0.0,74.0,68.0,75.0,72.0,57.0,47.0,77.0,73.0,40.0,26.0,45.0,33.0,0.0,0.0,7.0,5.0,6.0,7.0,6.0,4.0,1.0,4.0,4.0,9.0,7.0,8.0,4.0,3.0,5.0,6.0,1.0,6.0,8.0,5.0,8.0,3.0,3.0,1.0,8.0,8.0,6.0,4.0,5.0,4.0,6.0,5.0,7.0,6.0,1.0,1.0,8.0,7.0,8.0,8.0,6.0,5.0,8.0,8.0,5.0,3.0,5.0,4.0,1.0,1.0,60 %ile,46 %ile,51 %ile,68 %ile,52 %ile,32 %ile,0 %ile,32 %ile,33 %ile,82 %ile,69 %ile,79 %ile,34 %ile,29 %ile,41 %ile,52 %ile,0 %ile,58 %ile,76 %ile,42 %ile,78 %ile,24 %ile,29 %ile,0 %ile,77 %ile,75 %ile,52 %ile,37 %ile,46 %ile,33 %ile,57 %ile,45 %ile,62 %ile,57 %ile,0 %ile,0 %ile,74 %ile,68 %ile,75 %ile,72 %ile,57 %ile,47 %ile,77 %ile,73 %ile,40 %ile,26 %ile,45 %ile,33 %ile,0 %ile,0 %ile,507524.0,755.0,0.0,0.0,0.0,0.0,1.40020845888372,0.945784036185412,0.029289249669154,4.77102795e-05
280470013011,Mississippi,MS,Harrison County,4,531.0,531.0,376.0,253.0,560.0,433.0,517.0,2.60176485680352,2.809725638434769,311.0,0.585687382297552,379.0,0.713747645951036,6.0,0.036363636363636,112.0,0.216741405082212,0.0,0.0,109.0,0.289893617021277,14.0,0.026365348399247,114.0,0.214689265536723,0.258461538461539,9.22788825136612,57.56938,0.10826875436441,416.3614176,888720.3379605116,71.0,0.126785714285714,0.0,0.56100257226156,0.509162530375715,7.817173840519748,0.622569671917417,7.255000114440918,0.0,202.9376588306745,219.158599797912,91.0617699881232,98.34039734521693,80.65471056090912,87.10149479147783,111.87588884255133,120.81820245269508,132.6900076969795,143.29600756017322,101.46882941533725,109.579299898956,0.0,0.0,171.71648054903233,185.4418921366948,88.46000513131966,95.53067170678217,223.75177768510267,241.63640490539012,52.0352971360704,56.19451276869539,119.68118341296191,129.2473793679994,0.0,0.0,89.0,94.0,71.0,94.0,49.0,89.0,0.0,91.0,29.0,70.0,93.0,78.0,35.0,31.0,43.0,51.0,39.0,0.0,66.0,34.0,86.0,20.0,46.0,0.0,93.0,96.0,72.0,69.0,66.0,63.0,79.0,77.0,80.0,84.0,75.0,69.0,0.0,0.0,88.0,90.0,69.0,67.0,94.0,97.0,53.0,41.0,77.0,79.0,0.0,0.0,9.0,10.0,8.0,10.0,5.0,9.0,1.0,10.0,3.0,8.0,10.0,8.0,4.0,4.0,5.0,6.0,4.0,1.0,7.0,4.0,9.0,3.0,5.0,1.0,10.0,11.0,8.0,7.0,7.0,7.0,8.0,8.0,9.0,9.0,8.0,7.0,1.0,1.0,9.0,10.0,7.0,7.0,10.0,11.0,6.0,5.0,8.0,8.0,1.0,1.0,89 %ile,94 %ile,71 %ile,94 %ile,49 %ile,89 %ile,0 %ile,91 %ile,29 %ile,70 %ile,93 %ile,78 %ile,35 %ile,31 %ile,43 %ile,51 %ile,39 %ile,0 %ile,66 %ile,34 %ile,86 %ile,20 %ile,46 %ile,0 %ile,93 %ile,96 %ile,72 %ile,69 %ile,66 %ile,63 %ile,79 %ile,77 %ile,80 %ile,84 %ile,75 %ile,69 %ile,0 %ile,0 %ile,88 %ile,90 %ile,69 %ile,67 %ile,94 %ile,97 %ile,53 %ile,41 %ile,77 %ile,79 %ile,0 %ile,0 %ile,553639.0,0.0,0.0,0.0,4.0,4.0,2.566547308572166,2.279610018577809,0.033903905591628,5.1966712e-05
280470013012,Mississippi,MS,Harrison County,4,807.0,807.0,750.0,423.0,788.0,770.0,821.0,0.427383550731444,1.803601645581434,114.0,0.141263940520446,70.0,0.086741016109046,9.0,0.014173228346457,178.0,0.216741405082212,0.0,0.0,34.0,0.045333333333333,10.0,0.012391573729864,134.0,0.166047087980173,0.258461538461539,9.22788825136612,57.56938,0.110953865440126,403.4666084,814052.936284699,128.0,0.16243654822335,0.075555558975808,0.896258110171301,0.889717953342986,4.293316119184588,0.852372095073293,6.869285583496094,0.0,33.3359169570526,140.68092835535188,14.958424275600526,63.12605759535021,13.676273623406196,57.7152526586059,18.377492681452075,77.55487076000166,20.941793985840736,88.37648063349029,18.80487623218352,79.3584724055831,23.933478840960845,101.00169215256032,33.3359169570526,140.68092835535188,18.377492681452075,77.55487076000166,32.48114985558971,137.073725064189,8.975054565360317,37.87563455721012,17.950109130720634,75.75126911442024,0.0,0.0,11.0,64.0,28.0,15.0,29.0,89.0,0.0,34.0,17.0,52.0,93.0,78.0,35.0,32.0,43.0,49.0,44.0,56.0,78.0,43.0,76.0,21.0,42.0,0.0,39.0,83.0,20.0,46.0,20.0,44.0,23.0,56.0,28.0,64.0,25.0,53.0,59.0,73.0,43.0,81.0,27.0,57.0,44.0,80.0,13.0,28.0,26.0,55.0,0.0,0.0,2.0,7.0,3.0,2.0,3.0,9.0,1.0,4.0,2.0,6.0,10.0,8.0,4.0,4.0,5.0,5.0,5.0,6.0,8.0,5.0,8.0,3.0,5.0,1.0,4.0,9.0,3.0,5.0,3.0,5.0,3.0,6.0,3.0,7.0,3.0,6.0,6.0,8.0,5.0,9.0,3.0,6.0,5.0,9.0,2.0,3.0,3.0,6.0,1.0,1.0,11 %ile,64 %ile,28 %ile,15 %ile,29 %ile,89 %ile,0 %ile,34 %ile,17 %ile,52 %ile,93 %ile,78 %ile,35 %ile,32 %ile,43 %ile,49 %ile,44 %ile,56 %ile,78 %ile,43 %ile,76 %ile,21 %ile,42 %ile,0 %ile,39 %ile,83 %ile,20 %ile,46 %ile,20 %ile,44 %ile,23 %ile,56 %ile,28 %ile,64 %ile,25 %ile,53 %ile,59 %ile,73 %ile,43 %ile,81 %ile,27 %ile,57 %ile,44 %ile,80 %ile,13 %ile,28 %ile,26 %ile,55 %ile,0 %ile,0 %ile,1864136.0,9239724.0,0.0,0.0,0.0,3.0,0.424037846927783,1.257354226448824,0.171943532751389,0.001042149153
280470013021,Mississippi,MS,Harrison County,4,1096.0,1096.0,719.0,501.0,602.0,976.0,1381.0,1.061992512194344,2.259137617791369,357.0,0.325729927007299,255.0,0.232664233576642,35.0,0.064814814814815,369.0,0.267175572519084,14.0,0.027944111776447,77.0,0.107093184979138,0.0,0.0,200.0,0.182481751824818,0.258461538461539,9.24898442622951,57.55974,0.11160085746173,389.7638968,754551.7823179096,122.0,0.20265780730897,0.091448459144908,0.849783444770113,0.825151471928857,4.773796229242931,1.21495357339701,5.757500171661377,0.0,83.89740846335317,178.47187180551816,37.16973792680204,79.0698166226979,35.04575290241335,74.55154138711518,44.60368551216244,94.8837799472375,50.975640585328506,108.43860565398572,52.03763309752285,110.69774327177709,60.5335731950776,128.77084421410805,81.77342343896446,173.95359656993543,43.5416929999681,92.62464232944612,82.83541595115882,176.2127341877268,24.42582778046991,51.960165209201485,32.92176787802466,70.03326615153244,0.0,0.0,45.0,83.0,51.0,44.0,68.0,96.0,68.0,61.0,0.0,59.0,93.0,79.0,35.0,33.0,42.0,48.0,49.0,57.0,77.0,41.0,78.0,23.0,31.0,0.0,68.0,92.0,43.0,57.0,42.0,56.0,48.0,66.0,51.0,73.0,53.0,70.0,69.0,82.0,67.0,88.0,47.0,65.0,69.0,89.0,30.0,38.0,39.0,52.0,0.0,0.0,5.0,9.0,6.0,5.0,7.0,11.0,7.0,7.0,1.0,6.0,10.0,8.0,4.0,4.0,5.0,5.0,5.0,6.0,8.0,5.0,8.0,3.0,4.0,1.0,7.0,10.0,5.0,6.0,5.0,6.0,5.0,7.0,6.0,8.0,6.0,8.0,7.0,9.0,7.0,9.0,5.0,7.0,7.0,9.0,4.0,4.0,4.0,6.0,1.0,1.0,45 %ile,83 %ile,51 %ile,44 %ile,68 %ile,96 %ile,68 %ile,61 %ile,0 %ile,59 %ile,93 %ile,79 %ile,35 %ile,33 %ile,42 %ile,48 %ile,49 %ile,57 %ile,77 %ile,41 %ile,78 %ile,23 %ile,31 %ile,0 %ile,68 %ile,92 %ile,43 %ile,57 %ile,42 %ile,56 %ile,48 %ile,66 %ile,51 %ile,73 %ile,53 %ile,70 %ile,69 %ile,82 %ile,67 %ile,88 %ile,47 %ile,65 %ile,69 %ile,89 %ile,30 %ile,38 %ile,39 %ile,52 %ile,0 %ile,0 %ile,1275836.0,6807.0,0.0,0.0,0.0,4.0,1.052309480161572,1.841586256629554,0.057062814238577,0.000120391303
280470013022,Mississippi,MS,Harrison County,4,710.0,696.0,508.0,288.0,447.0,609.0,322.0,1.324670547783404,2.163063335302319,299.0,0.42112676056338,195.0,0.280172413793103,18.0,0.066666666666667,86.0,0.267175572519084,0.0,0.0,28.0,0.05511811023622,45.0,0.063380281690141,191.0,0.269014084507042,0.258461538461539,9.24898442622951,57.55974,0.099303154345702,338.2234436,746680.1122230694,0.0,0.0,0.103142877671848,0.677892791161015,0.889543786367635,6.332827029259237,1.434198007668132,6.579999923706055,0.0,104.64897327488892,170.88200348888319,46.36346917241914,75.70721673558117,37.09077533793531,60.565773388464926,52.98682191133616,86.52253341209276,63.5841862936034,103.82704009451132,0.0,0.0,79.48023286700422,129.78380011813914,94.05160889262169,153.57749680646464,56.96083355468637,93.01172341799972,109.94765546602252,179.5342568300925,30.46742259901829,49.750456711953326,51.66215136355275,84.35947007679043,0.0,0.0,57.0,80.0,59.0,52.0,69.0,96.0,0.0,39.0,65.0,83.0,93.0,79.0,35.0,28.0,40.0,48.0,0.0,60.0,71.0,43.0,83.0,23.0,39.0,0.0,75.0,91.0,51.0,55.0,43.0,46.0,54.0,61.0,58.0,71.0,0.0,0.0,74.0,82.0,71.0,84.0,55.0,66.0,77.0,90.0,36.0,36.0,52.0,60.0,0.0,0.0,6.0,9.0,6.0,6.0,7.0,11.0,1.0,4.0,7.0,9.0,10.0,8.0,4.0,3.0,5.0,5.0,1.0,7.0,8.0,5.0,9.0,3.0,4.0,1.0,8.0,10.0,6.0,6.0,5.0,5.0,6.0,7.0,6.0,8.0,1.0,1.0,8.0,9.0,8.0,9.0,6.0,7.0,8.0,10.0,4.0,4.0,6.0,7.0,1.0,1.0,57 %ile,80 %ile,59 %ile,52 %ile,69 %ile,96 %ile,0 %ile,39 %ile,65 %ile,83 %ile,93 %ile,79 %ile,35 %ile,28 %ile,40 %ile,48 %ile,0 %ile,60 %ile,71 %ile,43 %ile,83 %ile,23 %ile,39 %ile,0 %ile,75 %ile,91 %ile,51 %ile,55 %ile,43 %ile,46 %ile,54 %ile,61 %ile,58 %ile,71 %ile,0 %ile,0 %ile,74 %ile,82 %ile,71 %ile,84 %ile,55 %ile,66 %ile,77 %ile,90 %ile,36 %ile,36 %ile,52 %ile,60 %ile,0 %ile,0 %ile,777320.0,0.0,0.0,0.0,0.0,4.0,1.313395361131406,1.596838144997504,0.035966873004623,7.2959409e-05
280470014011,Mississippi,MS,Harrison County,4,1146.0,1127.0,875.0,603.0,1120.0,951.0,1127.0,1.010922952502999,1.915564965646004,167.0,0.145724258289703,375.0,0.332741792369122,19.0,0.061093247588424,194.0,0.172138420585626,18.0,0.029850746268657,29.0,0.033142857142857,79.0,0.068935427574171,514.0,0.448516579406632,0.256410256410256,9.26301994535519,57.75628,0.096465660649458,220.7960626,730837.8533096105,89.0,0.079464285714286,0.118467647956138,0.506172143521411,1.095699300487097,2.996402664060769,1.311714319293758,6.345000267028809,0.0,79.86291324773688,151.32963228603435,36.39322629010795,68.96033876325616,27.29491971758096,51.72025407244212,33.36045743259896,63.213643866318144,47.51337876764093,90.0315533853622,32.349534480095954,61.29807890067214,63.68814600768891,120.68059283569828,64.69906896019191,122.59615780134428,47.51337876764093,90.0315533853622,70.76460667520992,134.08954759522027,23.251227907568968,44.057994209858094,37.40414924261095,70.87590372890216,0.0,0.0,43.0,70.0,29.0,61.0,66.0,75.0,68.0,27.0,69.0,97.0,93.0,79.0,36.0,27.0,33.0,47.0,32.0,63.0,64.0,47.0,70.0,23.0,37.0,0.0,66.0,86.0,43.0,51.0,35.0,40.0,39.0,46.0,49.0,64.0,38.0,42.0,70.0,79.0,60.0,76.0,50.0,64.0,64.0,79.0,29.0,32.0,43.0,52.0,0.0,0.0,5.0,8.0,3.0,7.0,7.0,8.0,7.0,3.0,7.0,11.0,10.0,8.0,4.0,3.0,4.0,5.0,4.0,7.0,7.0,5.0,8.0,3.0,4.0,1.0,7.0,9.0,5.0,6.0,4.0,5.0,4.0,5.0,5.0,7.0,4.0,5.0,8.0,8.0,7.0,8.0,6.0,7.0,7.0,8.0,3.0,4.0,5.0,6.0,1.0,1.0,43 %ile,70 %ile,29 %ile,61 %ile,66 %ile,75 %ile,68 %ile,27 %ile,69 %ile,97 %ile,93 %ile,79 %ile,36 %ile,27 %ile,33 %ile,47 %ile,32 %ile,63 %ile,64 %ile,47 %ile,70 %ile,23 %ile,37 %ile,0 %ile,66 %ile,86 %ile,43 %ile,51 %ile,35 %ile,40 %ile,39 %ile,46 %ile,49 %ile,64 %ile,38 %ile,42 %ile,70 %ile,79 %ile,60 %ile,76 %ile,50 %ile,64 %ile,64 %ile,79 %ile,29 %ile,32 %ile,43 %ile,52 %ile,0 %ile,0 %ile,1401758.0,0.0,0.0,0.0,0.0,1.0,0.992807751939408,1.525875620130435,0.078045404909449,0.0001315645555
280470014021,Mississippi,MS,Harrison County,4,470.0,470.0,405.0,264.0,363.0,413.0,450.0,0.957450935470416,1.92963933924054,164.0,0.348936170212766,81.0,0.172340425531915,54.0,0.215139442231076,81.0,0.180606060606061,0.0,0.0,59.0,0.145679012345679,9.0,0.019148936170213,129.0,0.274468085106383,0.256410256410256,9.24113606557377,57.99195,0.148509649505577,152.3643618,906765.7775021892,133.0,0.366391184573003,0.158243521052856,0.420809862077972,1.36537573715054,7.419968422977425,0.755733072202828,7.153500080108643,0.0,74.68117296669244,150.51186846076214,35.42568461240539,71.3966555519,45.000193967109546,90.6930489443054,26.808626193171648,54.02990149873513,49.78744864446163,100.3412456405081,61.27685987010663,123.49691771139457,64.14921267651786,129.2858357291162,56.48960519275454,113.84872101519188,48.829997708991215,98.41160630126755,81.38332951498535,164.0193438354459,20.106469644878736,40.52242612405135,43.08529209616872,86.8337702658243,0.0,0.0,40.0,70.0,53.0,32.0,96.0,78.0,0.0,72.0,23.0,84.0,93.0,78.0,37.0,47.0,28.0,52.0,64.0,67.0,59.0,51.0,85.0,21.0,45.0,0.0,64.0,86.0,42.0,52.0,48.0,65.0,32.0,40.0,50.0,69.0,59.0,75.0,70.0,82.0,56.0,73.0,51.0,68.0,68.0,87.0,26.0,30.0,46.0,61.0,0.0,0.0,5.0,8.0,6.0,4.0,11.0,8.0,1.0,8.0,3.0,9.0,10.0,8.0,4.0,5.0,3.0,6.0,7.0,7.0,6.0,6.0,9.0,3.0,5.0,1.0,7.0,9.0,5.0,6.0,5.0,7.0,4.0,5.0,6.0,7.0,6.0,8.0,8.0,9.0,6.0,8.0,6.0,7.0,7.0,9.0,3.0,4.0,5.0,7.0,1.0,1.0,40 %ile,70 %ile,53 %ile,32 %ile,96 %ile,78 %ile,0 %ile,72 %ile,23 %ile,84 %ile,93 %ile,78 %ile,37 %ile,47 %ile,28 %ile,52 %ile,64 %ile,67 %ile,59 %ile,51 %ile,85 %ile,21 %ile,45 %ile,0 %ile,64 %ile,86 %ile,42 %ile,52 %ile,48 %ile,65 %ile,32 %ile,40 %ile,50 %ile,69 %ile,59 %ile,75 %ile,70 %ile,82 %ile,56 %ile,73 %ile,51 %ile,68 %ile,68 %ile,87 %ile,26 %ile,30 %ile,46 %ile,61 %ile,0 %ile,0 %ile,2642350.0,14275278.0,0.0,0.0,0.0,3.0,0.951713569139706,1.404916962061195,0.2444288881604,0.0015875902155
280470014022,Mississippi,MS,Harrison County,4,355.0,355.0,286.0,199.0,334.0,342.0,375.0,1.553378450481269,2.3677996132765,160.0,0.450704225352113,127.0,0.357746478873239,27.0,0.138461538461538,68.0,0.180606060606061,16.0,0.080402010050251,61.0,0.213286713286713,13.0,0.036619718309859,62.0,0.174647887323944,0.256410256410256,9.24113606557377,57.99195,0.124038392075034,181.2627245,839165.4284129429,106.0,0.317365269461078,0.143210216674152,0.477423207378678,1.17110805863668,0.0,1.017574877508296,5.813380241394043,0.0,121.16351913753898,184.68836983556704,57.47500266780696,87.60858569123052,57.47500266780696,87.60858569123052,48.15473196491934,73.4017880115715,77.66892252406346,118.38998066382501,93.20270702887616,142.06797679659,102.52297773176376,156.27477447624904,96.30946392983869,146.80357602314302,74.56216562310092,113.65438143727202,0.0,0.0,34.17432591058792,52.091591492083005,48.15473196491934,73.4017880115715,0.0,0.0,65.0,86.0,62.0,64.0,90.0,78.0,82.0,83.0,40.0,56.0,93.0,78.0,37.0,37.0,31.0,50.0,60.0,66.0,62.0,48.0,0.0,22.0,31.0,0.0,79.0,93.0,57.0,63.0,56.0,63.0,51.0,53.0,64.0,77.0,73.0,81.0,78.0,88.0,72.0,83.0,63.0,75.0,0.0,0.0,40.0,38.0,50.0,54.0,0.0,0.0,7.0,9.0,7.0,7.0,10.0,8.0,9.0,9.0,5.0,6.0,10.0,8.0,4.0,4.0,4.0,6.0,7.0,7.0,7.0,5.0,1.0,3.0,4.0,1.0,8.0,10.0,6.0,7.0,6.0,7.0,6.0,6.0,7.0,8.0,8.0,9.0,8.0,9.0,8.0,9.0,7.0,8.0,1.0,1.0,5.0,4.0,6.0,6.0,1.0,1.0,65 %ile,86 %ile,62 %ile,64 %ile,90 %ile,78 %ile,82 %ile,83 %ile,40 %ile,56 %ile,93 %ile,78 %ile,37 %ile,37 %ile,31 %ile,50 %ile,60 %ile,66 %ile,62 %ile,48 %ile,0 %ile,22 %ile,31 %ile,0 %ile,79 %ile,93 %ile,57 %ile,63 %ile,56 %ile,63 %ile,51 %ile,53 %ile,64 %ile,77 %ile,73 %ile,81 %ile,78 %ile,88 %ile,72 %ile,83 %ile,63 %ile,75 %ile,0 %ile,0 %ile,40 %ile,38 %ile,50 %ile,54 %ile,0 %ile,0 %ile,1246764.0,3037.0,0.0,0.0,0.0,4.0,1.53782135969906,2.25261152774065,0.07375648898781,0.0001172930395
280470015031,Mississippi,MS,Harrison County,4,901.0,901.0,778.0,373.0,373.0,824.0,841.0,1.593449578687909,2.123838019455563,354.0,0.392896781354051,373.0,0.413984461709212,61.0,0.183183183183183,181.0,0.215243902439024,0.0,0.0,211.0,0.27120822622108,31.0,0.034406215316315,149.0,0.165371809100999,0.184615384615385,9.28324836065574,57.75027,0.095729063877579,185.6613145,744319.3246742258,165.0,0.442359249329759,0.132348525749683,0.517566644515954,1.132799891929254,0.0,1.430259283285798,5.894583702087402,0.0,125.88251671634484,167.78320353698948,57.364184832764735,76.45816870040025,41.42968904588564,55.21978850584464,49.396936939325194,65.83897860312246,76.48557977701965,101.944224933867,111.54147050815364,148.6686613618894,101.9807730360262,135.92563324515604,101.9807730360262,135.92563324515604,74.89213019833174,99.82038691441146,0.0,0.0,36.64934030982192,48.84827444747794,50.990386518013096,67.96281662257802,0.0,0.0,66.0,78.0,57.0,72.0,94.0,89.0,0.0,89.0,37.0,52.0,41.0,79.0,36.0,26.0,31.0,48.0,70.0,64.0,64.0,47.0,0.0,23.0,32.0,0.0,80.0,90.0,57.0,56.0,46.0,42.0,51.0,48.0,63.0,70.0,78.0,83.0,78.0,84.0,74.0,80.0,63.0,69.0,0.0,0.0,42.0,36.0,51.0,51.0,0.0,0.0,7.0,8.0,6.0,8.0,10.0,9.0,1.0,9.0,4.0,6.0,5.0,8.0,4.0,3.0,4.0,5.0,8.0,7.0,7.0,5.0,1.0,3.0,4.0,1.0,9.0,10.0,6.0,6.0,5.0,5.0,6.0,5.0,7.0,8.0,8.0,9.0,8.0,9.0,8.0,9.0,7.0,7.0,1.0,1.0,5.0,4.0,6.0,6.0,1.0,1.0,66 %ile,78 %ile,57 %ile,72 %ile,94 %ile,89 %ile,0 %ile,89 %ile,37 %ile,52 %ile,41 %ile,79 %ile,36 %ile,26 %ile,31 %ile,48 %ile,70 %ile,64 %ile,64 %ile,47 %ile,0 %ile,23 %ile,32 %ile,0 %ile,80 %ile,90 %ile,57 %ile,56 %ile,46 %ile,42 %ile,51 %ile,48 %ile,63 %ile,70 %ile,78 %ile,83 %ile,78 %ile,84 %ile,74 %ile,80 %ile,63 %ile,69 %ile,0 %ile,0 %ile,42 %ile,36 %ile,51 %ile,51 %ile,0 %ile,0 %ile,590804.0,4574.0,0.0,0.0,1.0,4.0,1.57373188081584,1.559412071269001,0.036206862540887,5.5882129e-05
280470015032,Mississippi,MS,Harrison County,4,879.0,879.0,532.0,370.0,440.0,700.0,799.0,1.793909082583205,1.932515149672912,248.0,0.282138794084187,505.0,0.574516496018203,43.0,0.094091903719912,172.0,0.215243902439024,0.0,0.0,38.0,0.071428571428571,148.0,0.168373151308305,92.0,0.104664391353811,0.184615384615385,9.28324836065574,57.75027,0.105433584898779,198.1756405,896384.0127193477,32.0,0.072727272727273,0.139596389536564,0.548072448632154,1.225619887170507,5.327890542158728,1.723147479630524,6.08650016784668,0.0,141.7188175240732,152.66869682416004,64.5807269729954,69.57054538822483,53.81727247749616,57.97545449018735,57.405090642662564,61.84048478953318,93.28327229432671,100.4907877829914,55.611181560079366,59.90796963986026,116.60409036790836,125.61348472873927,118.39799945049155,127.54599987841216,87.90154504657707,94.69324233397268,143.51272660665643,154.60121197383296,43.05381798199693,46.38036359214989,60.992908807828975,65.705515088879,0.0,0.0,72.0,71.0,46.0,87.0,80.0,89.0,0.0,47.0,97.0,27.0,41.0,79.0,36.0,30.0,32.0,52.0,31.0,65.0,66.0,49.0,80.0,24.0,34.0,0.0,84.0,87.0,61.0,51.0,54.0,45.0,57.0,45.0,69.0,69.0,55.0,41.0,81.0,81.0,78.0,77.0,68.0,66.0,84.0,85.0,47.0,34.0,56.0,49.0,0.0,0.0,8.0,8.0,5.0,9.0,9.0,9.0,1.0,5.0,11.0,3.0,5.0,8.0,4.0,4.0,4.0,6.0,4.0,7.0,7.0,5.0,9.0,3.0,4.0,1.0,9.0,9.0,7.0,6.0,6.0,5.0,6.0,5.0,7.0,7.0,6.0,5.0,9.0,9.0,8.0,8.0,7.0,7.0,9.0,9.0,5.0,4.0,6.0,5.0,1.0,1.0,72 %ile,71 %ile,46 %ile,87 %ile,80 %ile,89 %ile,0 %ile,47 %ile,97 %ile,27 %ile,41 %ile,79 %ile,36 %ile,30 %ile,32 %ile,52 %ile,31 %ile,65 %ile,66 %ile,49 %ile,80 %ile,24 %ile,34 %ile,0 %ile,84 %ile,87 %ile,61 %ile,51 %ile,54 %ile,45 %ile,57 %ile,45 %ile,69 %ile,69 %ile,55 %ile,41 %ile,81 %ile,81 %ile,78 %ile,77 %ile,68 %ile,66 %ile,84 %ile,85 %ile,47 %ile,34 %ile,56 %ile,49 %ile,0 %ile,0 %ile,479942.0,0.0,0.0,0.0,3.0,3.0,1.76303808827763,1.338690359519956,0.032434795630198,4.50498635e-05
280470015041,Mississippi,MS,Harrison County,4,918.0,910.0,756.0,455.0,482.0,848.0,964.0,0.677405414249979,1.636895246496616,237.0,0.258169934640523,104.0,0.114285714285714,52.0,0.090592334494774,155.0,0.160746538229982,88.0,0.193406593406593,33.0,0.043650793650794,13.0,0.014161220043573,172.0,0.187363834422658,0.184615384615385,9.27965628415301,57.66619,0.101242357723688,224.1048222,687258.9955565868,0.0,0.0,0.121471208113078,0.531642745631135,1.141920795046201,6.059612617728563,1.580452152703769,6.345000267028809,0.0,53.51502772574832,129.31472447323267,24.386594912999232,58.928228873878176,19.644757013249382,47.46996214840186,22.354378670249297,54.017543134388326,31.160649055499015,75.29718133884435,0.0,0.0,42.676541097748654,103.1244005292868,44.03135192624862,106.39819102228005,31.838054469749,76.93407658534096,55.54724396849825,134.22541021272252,16.25772994199949,39.28548591591879,25.064000327249207,60.5651241203748,0.0,0.0,24.0,56.0,44.0,20.0,79.0,70.0,93.0,33.0,18.0,61.0,41.0,79.0,36.0,29.0,33.0,46.0,0.0,63.0,65.0,47.0,82.0,24.0,37.0,0.0,53.0,80.0,31.0,43.0,27.0,36.0,28.0,40.0,38.0,56.0,0.0,0.0,64.0,74.0,50.0,70.0,39.0,57.0,58.0,79.0,22.0,29.0,33.0,46.0,0.0,0.0,3.0,6.0,5.0,3.0,8.0,8.0,10.0,4.0,2.0,7.0,5.0,8.0,4.0,3.0,4.0,5.0,1.0,7.0,7.0,5.0,9.0,3.0,4.0,1.0,6.0,9.0,4.0,5.0,3.0,4.0,3.0,5.0,4.0,6.0,1.0,1.0,7.0,8.0,6.0,8.0,4.0,6.0,6.0,8.0,3.0,3.0,4.0,5.0,1.0,1.0,24 %ile,56 %ile,44 %ile,20 %ile,79 %ile,70 %ile,93 %ile,33 %ile,18 %ile,61 %ile,41 %ile,79 %ile,36 %ile,29 %ile,33 %ile,46 %ile,0 %ile,63 %ile,65 %ile,47 %ile,82 %ile,24 %ile,37 %ile,0 %ile,53 %ile,80 %ile,31 %ile,43 %ile,27 %ile,36 %ile,28 %ile,40 %ile,38 %ile,56 %ile,0 %ile,0 %ile,64 %ile,74 %ile,50 %ile,70 %ile,39 %ile,57 %ile,58 %ile,79 %ile,22 %ile,29 %ile,33 %ile,46 %ile,0 %ile,0 %ile,987215.0,0.0,0.0,0.0,0.0,1.0,0.673957674604351,2.043621854445074,0.045465157367503,9.26624365e-05
280470015042,Mississippi,MS,Harrison County,4,750.0,750.0,520.0,334.0,390.0,678.0,697.0,1.34221087493858,1.600125844937113,249.0,0.332,261.0,0.348,42.0,0.109375,112.0,0.160746538229982,20.0,0.059880239520958,20.0,0.038461538461538,0.0,0.0,133.0,0.177333333333333,0.184615384615385,9.27965628415301,57.66619,0.103868932610738,225.4058034,858937.391641055,48.0,0.123076923076923,0.124252961852653,0.552795954730516,1.182424021391717,7.227268299279578,1.889691660112086,5.992500305175781,0.0,106.03465912014784,126.40994175003188,48.319591497788885,57.60453041773605,40.266326248157405,48.00377534811338,44.29295887297315,52.80415288292471,68.4527546218676,81.60641809179273,52.34622412260463,62.40490795254739,84.55928512113054,100.80792823103808,88.5859177459463,105.60830576584942,64.42612199705187,76.80604055698142,114.08792436977932,136.01069681965456,33.55527187346451,40.00314612342781,44.29295887297315,52.80415288292471,0.0,0.0,57.0,53.0,51.0,63.0,84.0,70.0,78.0,30.0,0.0,57.0,41.0,79.0,36.0,30.0,33.0,51.0,39.0,63.0,66.0,48.0,85.0,25.0,33.0,0.0,75.0,79.0,52.0,42.0,45.0,37.0,48.0,39.0,60.0,60.0,53.0,43.0,75.0,73.0,70.0,69.0,59.0,57.0,78.0,80.0,39.0,29.0,47.0,40.0,0.0,0.0,6.0,6.0,6.0,7.0,9.0,8.0,8.0,4.0,1.0,6.0,5.0,8.0,4.0,4.0,4.0,6.0,4.0,7.0,7.0,5.0,9.0,3.0,4.0,1.0,8.0,8.0,6.0,5.0,5.0,4.0,5.0,4.0,7.0,7.0,6.0,5.0,8.0,8.0,8.0,7.0,6.0,6.0,8.0,9.0,4.0,3.0,5.0,5.0,1.0,1.0,57 %ile,53 %ile,51 %ile,63 %ile,84 %ile,70 %ile,78 %ile,30 %ile,0 %ile,57 %ile,41 %ile,79 %ile,36 %ile,30 %ile,33 %ile,51 %ile,39 %ile,63 %ile,66 %ile,48 %ile,85 %ile,25 %ile,33 %ile,0 %ile,75 %ile,79 %ile,52 %ile,42 %ile,45 %ile,37 %ile,48 %ile,39 %ile,60 %ile,60 %ile,53 %ile,43 %ile,75 %ile,73 %ile,70 %ile,69 %ile,59 %ile,57 %ile,78 %ile,80 %ile,39 %ile,29 %ile,47 %ile,40 %ile,0 %ile,0 %ile,672649.0,0.0,0.0,0.0,0.0,1.0,1.325658970951754,1.327349230588584,0.047492570054678,6.3139633e-05
280470015051,Mississippi,MS,Harrison County,4,1149.0,1149.0,691.0,340.0,351.0,705.0,938.0,0.747814200563985,1.243594309837171,97.0,0.084421235857267,301.0,0.261966927763272,15.0,0.034324942791762,79.0,0.083880037488285,0.0,0.0,20.0,0.028943560057887,107.0,0.093124456048738,135.0,0.117493472584856,0.204102564102564,9.3072,57.49322,0.122375652689313,437.5657637,714945.366375084,0.0,0.0,0.187147672369124,0.724403117097006,2.012614702723567,0.0,3.700623023826366,6.333250045776367,,59.82513604511881,99.4875447869737,26.17349701973948,43.525800844301,27.66912542086745,46.01298946397534,32.903824824815345,54.718149632835534,35.147267426507305,58.448932562347046,0.0,0.0,51.59917983891498,85.80800737876481,54.59043664117092,90.78238461811353,44.121037833275125,73.3720642803931,0.0,0.0,21.68661181635557,36.06423498527797,27.66912542086745,46.01298946397534,,,28.0,31.0,18.0,49.0,48.0,19.0,0.0,24.0,83.0,32.0,60.0,80.0,35.0,37.0,44.0,47.0,0.0,69.0,73.0,59.0,0.0,29.0,37.0,,57.0,67.0,33.0,32.0,35.0,35.0,38.0,40.0,41.0,45.0,0.0,0.0,66.0,68.0,55.0,63.0,48.0,54.0,0.0,0.0,28.0,26.0,35.0,35.0,,,3.0,4.0,2.0,5.0,5.0,2.0,1.0,3.0,9.0,4.0,7.0,9.0,4.0,4.0,5.0,5.0,1.0,7.0,8.0,6.0,1.0,3.0,4.0,,6.0,7.0,4.0,4.0,4.0,4.0,4.0,5.0,5.0,5.0,1.0,1.0,7.0,7.0,6.0,7.0,5.0,6.0,1.0,1.0,3.0,3.0,4.0,4.0,,,28 %ile,31 %ile,18 %ile,49 %ile,48 %ile,19 %ile,0 %ile,24 %ile,83 %ile,32 %ile,60 %ile,80 %ile,35 %ile,37 %ile,44 %ile,47 %ile,0 %ile,69 %ile,73 %ile,59 %ile,0 %ile,29 %ile,37 %ile,,57 %ile,67 %ile,33 %ile,32 %ile,35 %ile,35 %ile,38 %ile,40 %ile,41 %ile,45 %ile,0 %ile,0 %ile,66 %ile,68 %ile,55 %ile,63 %ile,48 %ile,54 %ile,0 %ile,0 %ile,28 %ile,26 %ile,35 %ile,35 %ile,,,1886814.0,336320.0,0.0,0.0,0.0,0.0,0.733148144672478,0.705481869656382,0.1014548206061,0.000208715717
280470015052,Mississippi,MS,Harrison County,4,1002.0,1002.0,763.0,461.0,532.0,899.0,1196.0,0.971952899788057,1.258971752806227,283.0,0.282435129740519,224.0,0.223552894211577,0.0,0.0,100.0,0.083880037488285,0.0,0.0,45.0,0.058977719528178,17.0,0.016966067864271,253.0,0.25249500998004,0.204102564102564,9.3072,57.49322,0.110149474757746,254.4660725,673229.0562600727,60.0,0.112781954887218,0.155945557038555,0.623200954021737,1.632583642427914,0.0,3.685882815264456,5.955900192260742,,77.75623198304453,100.71774022449812,34.018351492581985,44.064011348217925,31.102492793217813,40.28709608979925,34.018351492581985,44.064011348217925,43.73788049046255,56.65372887628019,35.9622572921581,46.58195485383038,65.12084428579979,84.35110743801718,67.0647500853759,86.86905094362963,52.48545658855505,67.98447465153623,0.0,0.0,28.186634093853645,36.510180831380566,32.07444569300587,41.546067842605474,,,41.0,32.0,46.0,42.0,0.0,19.0,0.0,41.0,21.0,80.0,60.0,80.0,35.0,32.0,35.0,45.0,37.0,67.0,69.0,54.0,0.0,29.0,33.0,,65.0,68.0,41.0,32.0,38.0,30.0,39.0,33.0,47.0,43.0,41.0,33.0,70.0,68.0,61.0,61.0,53.0,51.0,0.0,0.0,34.0,27.0,39.0,32.0,,,5.0,4.0,5.0,5.0,1.0,2.0,1.0,5.0,3.0,9.0,7.0,9.0,4.0,4.0,4.0,5.0,4.0,7.0,7.0,6.0,1.0,3.0,4.0,,7.0,7.0,5.0,4.0,4.0,4.0,4.0,4.0,5.0,5.0,5.0,4.0,8.0,7.0,7.0,7.0,6.0,6.0,1.0,1.0,4.0,3.0,4.0,4.0,,,41 %ile,32 %ile,46 %ile,42 %ile,0 %ile,19 %ile,0 %ile,41 %ile,21 %ile,80 %ile,60 %ile,80 %ile,35 %ile,32 %ile,35 %ile,45 %ile,37 %ile,67 %ile,69 %ile,54 %ile,0 %ile,29 %ile,33 %ile,,65 %ile,68 %ile,41 %ile,32 %ile,38 %ile,30 %ile,39 %ile,33 %ile,47 %ile,43 %ile,41 %ile,33 %ile,70 %ile,68 %ile,61 %ile,61 %ile,53 %ile,51 %ile,0 %ile,0 %ile,34 %ile,27 %ile,39 %ile,32 %ile,,,2605480.0,312207.0,0.0,0.0,0.0,0.0,0.962241978913015,0.725623354781122,0.083132917399518,0.000273922259
280470015061,Mississippi,MS,Harrison County,4,689.0,689.0,430.0,295.0,399.0,448.0,986.0,1.860858713556501,2.067593371719036,399.0,0.579100145137881,277.0,0.402031930333817,85.0,0.361702127659574,134.0,0.135871593878313,36.0,0.122033898305085,88.0,0.204651162790698,20.0,0.029027576197388,200.0,0.290275761973875,0.204102564102564,9.285474043715848,57.54902,0.105259438929184,221.304025,805995.9992985677,29.0,0.072681704260652,0.136821043495221,0.573148811663793,1.328767946380936,3.470958851548729,2.503470624642789,5.757500171661377,0.0,147.0078383709636,163.3398763658039,65.13005497447755,72.36576801016628,55.82576140669504,62.0278011515711,61.40833754736455,68.23058126672821,91.18207696426856,101.3120752142328,57.68662012025153,64.09539452329012,120.95581638117258,134.39356916173736,124.67753380828557,138.52875590517544,93.04293567782508,103.3796685859518,133.9818273760681,148.8667227637706,48.38232655246904,53.757427664694944,57.68662012025153,64.09539452329012,0.0,0.0,74.0,76.0,70.0,70.0,99.0,55.0,87.0,82.0,32.0,86.0,60.0,79.0,35.0,30.0,33.0,49.0,31.0,65.0,67.0,50.0,72.0,26.0,31.0,0.0,85.0,89.0,62.0,53.0,55.0,47.0,59.0,50.0,69.0,70.0,56.0,44.0,82.0,83.0,80.0,81.0,70.0,70.0,82.0,83.0,51.0,39.0,55.0,48.0,0.0,0.0,8.0,8.0,8.0,8.0,11.0,6.0,9.0,9.0,4.0,9.0,7.0,8.0,4.0,4.0,4.0,5.0,4.0,7.0,7.0,6.0,8.0,3.0,4.0,1.0,9.0,9.0,7.0,6.0,6.0,5.0,6.0,6.0,7.0,8.0,6.0,5.0,9.0,9.0,9.0,9.0,8.0,8.0,9.0,9.0,6.0,4.0,6.0,5.0,1.0,1.0,74 %ile,76 %ile,70 %ile,70 %ile,99 %ile,55 %ile,87 %ile,82 %ile,32 %ile,86 %ile,60 %ile,79 %ile,35 %ile,30 %ile,33 %ile,49 %ile,31 %ile,65 %ile,67 %ile,50 %ile,72 %ile,26 %ile,31 %ile,0 %ile,85 %ile,89 %ile,62 %ile,53 %ile,55 %ile,47 %ile,59 %ile,50 %ile,69 %ile,70 %ile,56 %ile,44 %ile,82 %ile,83 %ile,80 %ile,81 %ile,70 %ile,70 %ile,82 %ile,83 %ile,51 %ile,39 %ile,55 %ile,48 %ile,0 %ile,0 %ile,1335557.0,223688.0,0.0,0.0,4.0,4.0,1.844343613703513,2.146743122849496,0.058615547326147,0.0001463705905
280470015062,Mississippi,MS,Harrison County,4,2033.0,1986.0,1055.0,760.0,906.0,1502.0,1693.0,2.379946524332971,2.057006889803112,1258.0,0.618789965568126,1185.0,0.596676737160121,0.0,0.0,230.0,0.135871593878313,80.0,0.105263157894737,116.0,0.109952606635071,117.0,0.057550418101328,62.0,0.03049680275455,0.204102564102564,9.285474043715848,57.54902,0.103808023487034,306.5998142,768043.052265087,51.0,0.056291390728477,0.120051478602267,0.58346963660265,1.157349817993555,4.402244598620043,2.605491976063238,5.888116836547852,0.0,188.01577542230473,162.50354429444587,83.29812835165399,71.99524114310893,71.39839572998913,61.710206694093365,90.43796792465291,78.16626181251827,114.2374331679826,98.73633071054941,66.63850268132319,57.59619291448714,149.93663103297715,129.59143405759608,159.45641713030906,137.81946161680852,114.2374331679826,98.73633071054941,183.2558823736388,158.38953051483966,64.25855615699022,55.53918602468404,76.15828877865508,65.8242204736996,0.0,0.0,86.0,76.0,73.0,88.0,0.0,55.0,86.0,62.0,60.0,5.0,60.0,79.0,35.0,30.0,38.0,48.0,28.0,63.0,67.0,48.0,77.0,27.0,32.0,0.0,92.0,89.0,69.0,53.0,62.0,47.0,73.0,56.0,76.0,69.0,62.0,40.0,87.0,82.0,86.0,80.0,76.0,68.0,90.0,85.0,60.0,40.0,63.0,49.0,0.0,0.0,9.0,8.0,8.0,9.0,1.0,6.0,9.0,7.0,7.0,1.0,7.0,8.0,4.0,4.0,4.0,5.0,3.0,7.0,7.0,5.0,8.0,3.0,4.0,1.0,10.0,9.0,7.0,6.0,7.0,5.0,8.0,6.0,8.0,7.0,7.0,5.0,9.0,9.0,9.0,9.0,8.0,7.0,10.0,9.0,7.0,5.0,7.0,5.0,1.0,1.0,86 %ile,76 %ile,73 %ile,88 %ile,0 %ile,55 %ile,86 %ile,62 %ile,60 %ile,5 %ile,60 %ile,79 %ile,35 %ile,30 %ile,38 %ile,48 %ile,28 %ile,63 %ile,67 %ile,48 %ile,77 %ile,27 %ile,32 %ile,0 %ile,92 %ile,89 %ile,69 %ile,53 %ile,62 %ile,47 %ile,73 %ile,56 %ile,76 %ile,69 %ile,62 %ile,40 %ile,87 %ile,82 %ile,86 %ile,80 %ile,76 %ile,68 %ile,90 %ile,85 %ile,60 %ile,40 %ile,63 %ile,49 %ile,0 %ile,0 %ile,1383166.0,79969.0,0.0,0.0,4.0,4.0,2.352227281677317,2.034808992509279,0.051875993812799,0.0001373528505
280470016001,Mississippi,MS,Harrison County,4,1017.0,1017.0,836.0,385.0,390.0,917.0,1212.0,1.143609485771997,1.458833818428119,256.0,0.251720747295969,323.0,0.317600786627335,0.0,0.0,156.0,0.128532809043991,0.0,0.0,134.0,0.160287081339713,0.0,0.0,188.0,0.184857423795477,0.163076923076923,9.316801092896172,57.62863,0.123433733600914,309.2693187,695971.0164148487,119.0,0.305128205128205,0.208180482484314,0.771222273472234,2.045655838728588,1.27032945958929,2.097009362824923,5.715775012969971,0.0,91.4887588617597,116.70670547424947,40.02633200201988,51.05918364498415,42.31355097356387,53.97685128184039,44.60076994510786,56.89451891869663,52.60603634551184,67.10635564769346,67.47295966054779,86.071195287259,81.19627348981174,103.57720110839642,84.62710194712774,107.95370256368076,67.47295966054779,86.071195287259,62.89852171745981,80.23586001354653,28.590237144299916,36.47084546070297,34.308284573159895,43.76501455284356,0.0,0.0,49.0,45.0,43.0,58.0,0.0,50.0,0.0,75.0,0.0,60.0,20.0,80.0,35.0,37.0,39.0,46.0,59.0,71.0,74.0,59.0,55.0,25.0,30.0,0.0,70.0,75.0,46.0,37.0,47.0,41.0,48.0,42.0,52.0,51.0,62.0,57.0,74.0,74.0,68.0,70.0,60.0,62.0,61.0,57.0,34.0,27.0,40.0,34.0,0.0,0.0,5.0,5.0,5.0,6.0,1.0,6.0,1.0,8.0,1.0,7.0,3.0,9.0,4.0,4.0,4.0,5.0,6.0,8.0,8.0,6.0,6.0,3.0,4.0,1.0,8.0,8.0,5.0,4.0,5.0,5.0,5.0,5.0,6.0,6.0,7.0,6.0,8.0,8.0,7.0,8.0,7.0,7.0,7.0,6.0,4.0,3.0,5.0,4.0,1.0,1.0,49 %ile,45 %ile,43 %ile,58 %ile,0 %ile,50 %ile,0 %ile,75 %ile,0 %ile,60 %ile,20 %ile,80 %ile,35 %ile,37 %ile,39 %ile,46 %ile,59 %ile,71 %ile,74 %ile,59 %ile,55 %ile,25 %ile,30 %ile,0 %ile,70 %ile,75 %ile,46 %ile,37 %ile,47 %ile,41 %ile,48 %ile,42 %ile,52 %ile,51 %ile,62 %ile,57 %ile,74 %ile,74 %ile,68 %ile,70 %ile,60 %ile,62 %ile,61 %ile,57 %ile,34 %ile,27 %ile,40 %ile,34 %ile,0 %ile,0 %ile,1145261.0,25381.0,0.0,0.0,0.0,0.0,1.127819924009188,0.89947432793704,0.046130467200065,0.0001098915905
280470016002,Mississippi,MS,Harrison County,4,1069.0,1069.0,726.0,398.0,398.0,786.0,760.0,0.528838030471835,1.213804777396262,24.0,0.02245088868101,225.0,0.210477081384471,23.0,0.046938775510204,98.0,0.128532809043991,0.0,0.0,55.0,0.075757575757576,166.0,0.155285313376988,200.0,0.187090739008419,0.163076923076923,9.316801092896172,57.62863,0.123726731625538,390.8604528,720815.1032347574,175.0,0.439698492462312,0.251141045286143,1.103988657080981,3.079545533014328,2.503919113964534,2.227504047153145,6.49366283416748,0.0,42.307042437746794,97.10438219170096,18.50933106651422,42.483167208869176,19.567007127457888,44.910776763661694,22.211197279817064,50.97980065064301,24.85538743217624,57.04882453762432,37.01866213302844,84.96633441773835,39.134014254915776,89.82155352732339,43.893556529162296,100.74579652388977,35.960986072084765,82.53872486294583,34.9033100111411,80.1111153081533,13.749788792267706,31.558924212302816,20.095845157929723,46.12458154105797,0.0,0.0,16.0,29.0,6.0,40.0,57.0,50.0,0.0,49.0,96.0,60.0,20.0,80.0,35.0,37.0,42.0,47.0,70.0,74.0,83.0,68.0,66.0,26.0,38.0,0.0,46.0,66.0,25.0,31.0,27.0,34.0,28.0,37.0,32.0,44.0,42.0,57.0,63.0,70.0,50.0,67.0,42.0,60.0,45.0,57.0,19.0,23.0,28.0,35.0,0.0,0.0,2.0,3.0,1.0,5.0,6.0,6.0,1.0,5.0,11.0,7.0,3.0,9.0,4.0,4.0,5.0,5.0,8.0,8.0,9.0,7.0,7.0,3.0,4.0,1.0,5.0,7.0,3.0,4.0,3.0,4.0,3.0,4.0,4.0,5.0,5.0,6.0,7.0,8.0,6.0,7.0,5.0,7.0,5.0,6.0,2.0,3.0,3.0,4.0,1.0,1.0,16 %ile,29 %ile,6 %ile,40 %ile,57 %ile,50 %ile,0 %ile,49 %ile,96 %ile,60 %ile,20 %ile,80 %ile,35 %ile,37 %ile,42 %ile,47 %ile,70 %ile,74 %ile,83 %ile,68 %ile,66 %ile,26 %ile,38 %ile,0 %ile,46 %ile,66 %ile,25 %ile,31 %ile,27 %ile,34 %ile,28 %ile,37 %ile,32 %ile,44 %ile,42 %ile,57 %ile,63 %ile,70 %ile,50 %ile,67 %ile,42 %ile,60 %ile,45 %ile,57 %ile,19 %ile,23 %ile,28 %ile,35 %ile,0 %ile,0 %ile,1518073.0,2704.0,0.0,0.0,0.0,0.0,0.516449720836418,0.646226975445995,0.066280231262441,0.0001427694795
280470016003,Mississippi,MS,Harrison County,4,1147.0,1147.0,623.0,328.0,395.0,785.0,1349.0,0.218784855728103,0.916325945021396,105.0,0.091543156059285,36.0,0.031386224934612,4.0,0.006622516556291,173.0,0.128532809043991,0.0,0.0,0.0,0.0,78.0,0.068003487358326,87.0,0.075850043591979,0.163076923076923,9.316801092896172,57.62863,0.124351278619772,577.4130138,681704.3672962026,209.0,0.529113924050633,0.255814177059548,1.626422269902246,3.254799222259932,0.582874482432834,4.083902855300661,6.788986682891846,0.0,17.502788458248233,73.30607560171171,7.657469950483602,32.07140807574887,8.095039661939808,33.90405996579166,10.720457930677044,44.899971306048414,10.064103363492734,42.15099347098423,16.62764903533582,69.64077182162612,16.190079323879615,67.80811993158332,19.909421871257365,83.38566099694705,15.0961550452391,63.226490206476335,10.064103363492734,42.15099347098423,6.344760816114984,26.573452405620493,8.97017908485222,37.56936374587725,0.0,0.0,3.0,12.0,20.0,5.0,24.0,50.0,0.0,0.0,69.0,16.0,20.0,80.0,35.0,37.0,49.0,46.0,76.0,74.0,91.0,69.0,46.0,29.0,41.0,0.0,24.0,52.0,10.0,23.0,12.0,25.0,14.0,33.0,15.0,32.0,23.0,47.0,57.0,62.0,35.0,59.0,24.0,48.0,29.0,33.0,11.0,19.0,14.0,29.0,0.0,0.0,1.0,2.0,3.0,1.0,3.0,6.0,1.0,1.0,7.0,2.0,3.0,9.0,4.0,4.0,5.0,5.0,8.0,8.0,10.0,7.0,5.0,3.0,5.0,1.0,3.0,6.0,2.0,3.0,2.0,3.0,2.0,4.0,2.0,4.0,3.0,5.0,6.0,7.0,4.0,6.0,3.0,5.0,3.0,4.0,2.0,2.0,2.0,3.0,1.0,1.0,3 %ile,12 %ile,20 %ile,5 %ile,24 %ile,50 %ile,0 %ile,0 %ile,69 %ile,16 %ile,20 %ile,80 %ile,35 %ile,37 %ile,49 %ile,46 %ile,76 %ile,74 %ile,91 %ile,69 %ile,46 %ile,29 %ile,41 %ile,0 %ile,24 %ile,52 %ile,10 %ile,23 %ile,12 %ile,25 %ile,14 %ile,33 %ile,15 %ile,32 %ile,23 %ile,47 %ile,57 %ile,62 %ile,35 %ile,59 %ile,24 %ile,48 %ile,29 %ile,33 %ile,11 %ile,19 %ile,14 %ile,29 %ile,0 %ile,0 %ile,2404349.0,438806.0,0.0,0.0,0.0,0.0,0.218113164616423,0.343385994462906,0.136821548227494,0.000266933724
280470016004,Mississippi,MS,Harrison County,4,836.0,821.0,520.0,270.0,270.0,580.0,748.0,1.201349220095388,1.418353397291007,245.0,0.293062200956938,258.0,0.314250913520097,30.0,0.094936708860759,96.0,0.128532809043991,0.0,0.0,72.0,0.138461538461538,34.0,0.04066985645933,140.0,0.167464114832536,0.163076923076923,9.316801092896172,57.62863,0.124854381418635,291.6696334,721096.0976059978,101.0,0.374074074074074,0.242893693975733,0.83145237459045,2.243772217576814,7.994513857466064,1.402196462619994,6.096950054168701,0.0,96.107937607631,113.46827178328056,42.04722270333857,49.64236890518524,45.651270363624725,53.89742909705826,45.651270363624725,53.89742909705826,56.463413344483214,66.66260967267732,78.0876993062002,92.19297082391546,87.6984930669633,103.53979800224351,91.30254072724945,107.79485819411651,73.28230242581864,86.51955723475142,103.31603292820334,121.9783921670266,27.63103206219392,32.62212813769316,40.84587348324318,48.22401550789424,0.0,0.0,52.0,42.0,48.0,58.0,81.0,50.0,0.0,70.0,44.0,53.0,20.0,80.0,35.0,38.0,38.0,47.0,65.0,73.0,76.0,61.0,86.0,23.0,34.0,0.0,72.0,74.0,47.0,36.0,49.0,41.0,49.0,40.0,54.0,50.0,67.0,61.0,75.0,74.0,70.0,70.0,63.0,62.0,75.0,75.0,34.0,24.0,45.0,37.0,0.0,0.0,6.0,5.0,5.0,6.0,9.0,6.0,1.0,8.0,5.0,6.0,3.0,9.0,4.0,4.0,4.0,5.0,7.0,8.0,8.0,7.0,9.0,3.0,4.0,1.0,8.0,8.0,5.0,4.0,5.0,5.0,5.0,5.0,6.0,6.0,7.0,7.0,8.0,8.0,8.0,8.0,7.0,7.0,8.0,8.0,4.0,3.0,5.0,4.0,1.0,1.0,52 %ile,42 %ile,48 %ile,58 %ile,81 %ile,50 %ile,0 %ile,70 %ile,44 %ile,53 %ile,20 %ile,80 %ile,35 %ile,38 %ile,38 %ile,47 %ile,65 %ile,73 %ile,76 %ile,61 %ile,86 %ile,23 %ile,34 %ile,0 %ile,72 %ile,74 %ile,47 %ile,36 %ile,49 %ile,41 %ile,49 %ile,40 %ile,54 %ile,50 %ile,67 %ile,61 %ile,75 %ile,74 %ile,70 %ile,70 %ile,63 %ile,62 %ile,75 %ile,75 %ile,34 %ile,24 %ile,45 %ile,37 %ile,0 %ile,0 %ile,780831.0,3805.0,0.0,0.0,0.0,0.0,1.186312672241716,0.856285784728616,0.034429836743772,7.36544885e-05
280470017011,Mississippi,MS,Harrison County,4,712.0,712.0,604.0,489.0,549.0,650.0,1012.0,3.119725565476868,2.444134620855738,440.0,0.617977528089888,650.0,0.912921348314607,35.0,0.191256830601093,192.0,0.189201249442213,0.0,0.0,69.0,0.114238410596026,30.0,0.042134831460674,367.0,0.515449438202247,0.225641025641026,9.286183060109288,57.81034,0.122806759158583,216.6091686,864630.8735730685,97.0,0.176684881602914,0.1509078227899,0.55599358052938,1.327521988429019,1.570353079962294,1.738424332359739,6.03166675567627,0.0,246.45831967267256,193.08663504760327,112.31012035716726,87.98884635080654,115.42984592264412,90.43298097166229,102.95094366073664,80.65644248823932,159.10600383932027,124.65086566364262,143.50737601193595,112.43019255936392,205.90188732147328,161.31288497647867,205.90188732147328,161.31288497647867,155.98627827384342,122.20673104278688,184.0638083631352,144.2039426304885,74.87341357144483,58.65923090053769,102.95094366073664,80.65644248823932,0.0,0.0,96.0,88.0,73.0,99.0,95.0,82.0,0.0,63.0,45.0,98.0,78.0,79.0,36.0,37.0,33.0,51.0,46.0,66.0,66.0,50.0,59.0,24.0,33.0,0.0,97.0,94.0,79.0,63.0,77.0,65.0,77.0,57.0,86.0,79.0,85.0,71.0,94.0,89.0,92.0,86.0,85.0,78.0,90.0,82.0,65.0,43.0,72.0,58.0,0.0,0.0,11.0,9.0,8.0,11.0,11.0,9.0,1.0,7.0,5.0,11.0,8.0,8.0,4.0,4.0,4.0,6.0,5.0,7.0,7.0,6.0,6.0,3.0,4.0,1.0,11.0,10.0,8.0,7.0,8.0,7.0,8.0,6.0,9.0,8.0,9.0,8.0,10.0,9.0,10.0,9.0,9.0,8.0,10.0,9.0,7.0,5.0,8.0,6.0,1.0,1.0,96 %ile,88 %ile,73 %ile,99 %ile,95 %ile,82 %ile,0 %ile,63 %ile,45 %ile,98 %ile,78 %ile,79 %ile,36 %ile,37 %ile,33 %ile,51 %ile,46 %ile,66 %ile,66 %ile,50 %ile,59 %ile,24 %ile,33 %ile,0 %ile,97 %ile,94 %ile,79 %ile,63 %ile,77 %ile,65 %ile,77 %ile,57 %ile,86 %ile,79 %ile,85 %ile,71 %ile,94 %ile,89 %ile,92 %ile,86 %ile,85 %ile,78 %ile,90 %ile,82 %ile,65 %ile,43 %ile,72 %ile,58 %ile,0 %ile,0 %ile,1845197.0,98969.0,0.0,0.0,7.0,4.0,3.072932234184238,1.878197223304847,0.064744037054733,0.000182487729
280470017012,Mississippi,MS,Harrison County,4,1569.0,1569.0,1109.0,594.0,637.0,1261.0,1229.0,1.909841356946763,2.060178660572857,747.0,0.476099426386233,773.0,0.492670490758445,77.0,0.085746102449889,232.0,0.189201249442213,8.0,0.013468013468013,117.0,0.105500450856628,54.0,0.034416826003824,141.0,0.089866156787763,0.225641025641026,9.286183060109288,57.81034,0.124333845820552,203.0179107,773489.5874902759,134.0,0.210361067503925,0.15920391552473,0.541533227815969,1.348203857801257,8.78796723526727,1.226127392260479,6.110000133514404,0.0,150.87746719879428,162.7541141852557,68.75428885008347,74.16643178062284,70.66413020703024,76.2266104411957,61.114923422296414,65.92571713833142,91.67238513344464,98.88857570749713,93.58222649039139,100.94875436806998,127.95937091543313,138.03197025838142,124.1396882015396,133.9116129372357,97.40190920428495,105.0691116892157,168.06603941131516,181.2957221304114,43.926351209775554,47.38410919317571,64.93460613618994,70.04607445947714,0.0,0.0,75.0,76.0,64.0,80.0,78.0,82.0,60.0,60.0,37.0,21.0,78.0,79.0,36.0,37.0,32.0,48.0,49.0,67.0,65.0,51.0,88.0,23.0,34.0,0.0,86.0,89.0,63.0,54.0,62.0,57.0,59.0,48.0,69.0,69.0,73.0,65.0,83.0,84.0,79.0,79.0,71.0,71.0,88.0,90.0,47.0,35.0,58.0,52.0,0.0,0.0,8.0,8.0,7.0,9.0,8.0,9.0,7.0,7.0,4.0,3.0,8.0,8.0,4.0,4.0,4.0,5.0,5.0,7.0,7.0,6.0,9.0,3.0,4.0,1.0,9.0,9.0,7.0,6.0,7.0,6.0,6.0,5.0,7.0,7.0,8.0,7.0,9.0,9.0,8.0,8.0,8.0,8.0,9.0,10.0,5.0,4.0,6.0,6.0,1.0,1.0,75 %ile,76 %ile,64 %ile,80 %ile,78 %ile,82 %ile,60 %ile,60 %ile,37 %ile,21 %ile,78 %ile,79 %ile,36 %ile,37 %ile,32 %ile,48 %ile,49 %ile,67 %ile,65 %ile,51 %ile,88 %ile,23 %ile,34 %ile,0 %ile,86 %ile,89 %ile,63 %ile,54 %ile,62 %ile,57 %ile,59 %ile,48 %ile,69 %ile,69 %ile,73 %ile,65 %ile,83 %ile,84 %ile,79 %ile,79 %ile,71 %ile,71 %ile,88 %ile,90 %ile,47 %ile,35 %ile,58 %ile,52 %ile,0 %ile,0 %ile,1600547.0,0.0,0.0,0.0,3.0,3.0,1.88648955139787,1.571160008876628,0.052824770528955,0.0001502241305
280470017021,Mississippi,MS,Harrison County,4,1679.0,1679.0,1136.0,660.0,831.0,1398.0,1597.0,0.800057556348178,1.235767495796376,216.0,0.128648004764741,427.0,0.254318046456224,52.0,0.04626334519573,101.0,0.063243581715717,0.0,0.0,5.0,0.004401408450704,22.0,0.013103037522335,161.0,0.095890410958904,0.225641025641026,9.29220846994536,57.81642,0.123675358015276,246.3517267,779796.9382248721,46.0,0.055354993983153,0.180566214269433,0.643549854295231,1.644213361710542,8.927148152231641,1.745129655342476,5.757500171661377,0.0,63.204546951506046,97.62563216791372,28.8020720285344,44.48762984866956,29.602129584882576,45.72339734446593,28.002014472186225,43.251862352873175,38.40276270471253,59.31683979822607,21.6015540214008,33.36572238650216,55.20397138802426,85.26795720994997,56.00402894437244,86.50372470574635,44.003165599149774,67.96721226880071,70.40506495863964,108.74753963008112,19.201381352356265,29.658419899113035,24.801784246793513,38.30879236968767,0.0,0.0,31.0,31.0,26.0,48.0,57.0,8.0,0.0,10.0,18.0,23.0,78.0,79.0,36.0,37.0,35.0,48.0,27.0,69.0,70.0,55.0,88.0,24.0,31.0,0.0,59.0,66.0,36.0,32.0,37.0,35.0,34.0,32.0,43.0,45.0,28.0,25.0,67.0,68.0,56.0,61.0,48.0,51.0,64.0,70.0,25.0,22.0,33.0,30.0,0.0,0.0,4.0,4.0,3.0,5.0,6.0,1.0,1.0,2.0,2.0,3.0,8.0,8.0,4.0,4.0,4.0,5.0,3.0,7.0,8.0,6.0,9.0,3.0,4.0,1.0,6.0,7.0,4.0,4.0,4.0,4.0,4.0,4.0,5.0,5.0,3.0,3.0,7.0,7.0,6.0,7.0,5.0,6.0,7.0,8.0,3.0,3.0,4.0,4.0,1.0,1.0,31 %ile,31 %ile,26 %ile,48 %ile,57 %ile,8 %ile,0 %ile,10 %ile,18 %ile,23 %ile,78 %ile,79 %ile,36 %ile,37 %ile,35 %ile,48 %ile,27 %ile,69 %ile,70 %ile,55 %ile,88 %ile,24 %ile,31 %ile,0 %ile,59 %ile,66 %ile,36 %ile,32 %ile,37 %ile,35 %ile,34 %ile,32 %ile,43 %ile,45 %ile,28 %ile,25 %ile,67 %ile,68 %ile,56 %ile,61 %ile,48 %ile,51 %ile,64 %ile,70 %ile,25 %ile,22 %ile,33 %ile,30 %ile,0 %ile,0 %ile,651949.0,12660.0,0.0,0.0,0.0,0.0,0.78644212040318,0.713043445912083,0.033721973628636,6.23851755e-05
280470017031,Mississippi,MS,Harrison County,4,490.0,486.0,425.0,257.0,298.0,443.0,937.0,2.292529963823311,2.369197704746923,233.0,0.475510204081633,319.0,0.656378600823045,62.0,0.279279279279279,223.0,0.237842255823457,0.0,0.0,51.0,0.12,15.0,0.030612244897959,102.0,0.208163265306122,0.225641025641026,9.28515573770492,57.9039,0.126101773718139,195.6080695,740630.2300321838,147.0,0.493288590604027,0.172662840454829,0.527106840895608,1.390766651348955,5.925784143863698,0.997159489437439,5.853512763977051,0.0,181.1098671420416,187.16661867500687,84.8236086614625,87.66031507563616,87.11613862528581,90.02951278038307,73.36095884234595,75.81432655190153,107.7489082996956,111.35229212310536,167.3546873591017,172.95143244652536,155.89203753998515,161.10544392279076,149.0144476485152,153.99785080854997,116.91902815498887,120.82908294209307,187.98745703351153,194.27421178924763,50.43565920411284,52.12234950443231,73.36095884234595,75.81432655190153,0.0,0.0,84.0,86.0,64.0,92.0,98.0,93.0,0.0,65.0,33.0,68.0,78.0,79.0,37.0,38.0,32.0,47.0,73.0,68.0,65.0,51.0,82.0,22.0,32.0,0.0,91.0,93.0,70.0,63.0,68.0,65.0,65.0,55.0,74.0,74.0,89.0,89.0,87.0,89.0,84.0,84.0,77.0,77.0,91.0,92.0,52.0,38.0,62.0,55.0,0.0,0.0,9.0,9.0,7.0,10.0,11.0,10.0,1.0,7.0,4.0,7.0,8.0,8.0,4.0,4.0,4.0,5.0,8.0,7.0,7.0,6.0,9.0,3.0,4.0,1.0,10.0,10.0,8.0,7.0,7.0,7.0,7.0,6.0,8.0,8.0,9.0,9.0,9.0,9.0,9.0,9.0,8.0,8.0,10.0,10.0,6.0,4.0,7.0,6.0,1.0,1.0,84 %ile,86 %ile,64 %ile,92 %ile,98 %ile,93 %ile,0 %ile,65 %ile,33 %ile,68 %ile,78 %ile,79 %ile,37 %ile,38 %ile,32 %ile,47 %ile,73 %ile,68 %ile,65 %ile,51 %ile,82 %ile,22 %ile,32 %ile,0 %ile,91 %ile,93 %ile,70 %ile,63 %ile,68 %ile,65 %ile,65 %ile,55 %ile,74 %ile,74 %ile,89 %ile,89 %ile,87 %ile,89 %ile,84 %ile,84 %ile,77 %ile,77 %ile,91 %ile,92 %ile,52 %ile,38 %ile,62 %ile,55 %ile,0 %ile,0 %ile,1557571.0,8060.0,0.0,0.0,5.0,5.0,2.259301961622302,1.794207170524252,0.05222979055737,0.000146941012
280470017032,Mississippi,MS,Harrison County,4,1961.0,1961.0,1370.0,726.0,770.0,1594.0,1510.0,2.393983808772814,2.510370234996095,1033.0,0.526772055073942,1304.0,0.664966853646099,261.0,0.223076923076923,359.0,0.237842255823457,0.0,0.0,271.0,0.197810218978102,110.0,0.056093829678735,224.0,0.114227434982152,0.225641025641026,9.28515573770492,57.9039,0.125310726976775,231.3827519,817566.1758030013,99.0,0.128571428571429,0.196071985607269,0.64758158698358,1.6941577448204,8.878498434391101,1.313068144209178,5.859312534332275,0.0,189.12472089305237,198.31924856469143,88.57740092459413,92.88369869485548,90.97138473336695,95.39406892985161,81.3954494982757,85.35258798986722,119.69919043864073,125.51851174980472,93.36536854213976,97.90443916484767,167.57886661409702,175.7259164497266,167.57886661409702,175.7259164497266,131.6691094825048,138.0703629247852,210.67057517200763,220.91258067965632,55.06162760177473,57.738515404910174,76.60748188073006,80.33184751987503,0.0,0.0,86.0,89.0,67.0,92.0,96.0,93.0,0.0,81.0,59.0,30.0,78.0,79.0,37.0,38.0,34.0,50.0,39.0,70.0,70.0,55.0,88.0,23.0,32.0,0.0,92.0,94.0,71.0,66.0,69.0,67.0,69.0,60.0,77.0,79.0,73.0,64.0,89.0,91.0,87.0,89.0,80.0,82.0,93.0,95.0,55.0,42.0,63.0,58.0,0.0,0.0,9.0,9.0,7.0,10.0,11.0,10.0,1.0,9.0,6.0,4.0,8.0,8.0,4.0,4.0,4.0,6.0,4.0,8.0,8.0,6.0,9.0,3.0,4.0,1.0,10.0,10.0,8.0,7.0,7.0,7.0,7.0,7.0,8.0,8.0,8.0,7.0,9.0,10.0,9.0,9.0,9.0,9.0,10.0,11.0,6.0,5.0,7.0,6.0,1.0,1.0,86 %ile,89 %ile,67 %ile,92 %ile,96 %ile,93 %ile,0 %ile,81 %ile,59 %ile,30 %ile,78 %ile,79 %ile,37 %ile,38 %ile,34 %ile,50 %ile,39 %ile,70 %ile,70 %ile,55 %ile,88 %ile,23 %ile,32 %ile,0 %ile,92 %ile,94 %ile,71 %ile,66 %ile,69 %ile,67 %ile,69 %ile,60 %ile,77 %ile,79 %ile,73 %ile,64 %ile,89 %ile,91 %ile,87 %ile,89 %ile,80 %ile,82 %ile,93 %ile,95 %ile,55 %ile,42 %ile,63 %ile,58 %ile,0 %ile,0 %ile,1163044.0,8995.0,0.0,0.0,5.0,5.0,2.360921428265707,1.945115304659491,0.048747964625515,0.000110011877
280470018001,Mississippi,MS,Harrison County,4,793.0,793.0,391.0,270.0,346.0,400.0,540.0,3.793515484023505,3.178975953721854,747.0,0.941992433795713,778.0,0.981084489281211,18.0,0.059016393442623,155.0,0.286815728604472,0.0,0.0,60.0,0.153452685421995,298.0,0.37578814627995,45.0,0.056746532156368,0.284102564102564,9.30538087431694,57.59223,0.186876934036057,166.8387194,1034766.3544548363,115.0,0.332369942196532,0.396615287250023,0.621329429452119,1.983154639419074,0.0,1.067239091191595,5.708974838256836,0.0,299.68772323785686,251.13910034402645,132.77304194082268,111.26415838026487,227.61092904141032,190.73855722331123,113.80546452070516,95.3692786116556,208.6433516212928,174.84367745470195,231.4044445254338,193.91753317703308,303.4812387218804,254.3180762977483,261.75256839762187,219.34934080680793,220.02389807336328,184.3806053158675,0.0,0.0,83.45734064851712,69.93747098188078,113.80546452070516,95.3692786116556,0.0,0.0,99.0,97.0,91.0,99.0,65.0,97.0,0.0,73.0,99.0,10.0,98.0,79.0,35.0,60.0,30.0,55.0,61.0,80.0,69.0,58.0,0.0,22.0,30.0,0.0,99.0,98.0,83.0,75.0,95.0,93.0,80.0,66.0,93.0,90.0,96.0,92.0,99.0,98.0,97.0,94.0,94.0,92.0,0.0,0.0,69.0,50.0,75.0,66.0,0.0,0.0,11.0,11.0,10.0,11.0,7.0,11.0,1.0,8.0,11.0,2.0,11.0,8.0,4.0,7.0,4.0,6.0,7.0,9.0,7.0,6.0,1.0,3.0,4.0,1.0,11.0,11.0,9.0,8.0,11.0,10.0,9.0,7.0,10.0,10.0,11.0,10.0,11.0,11.0,11.0,10.0,10.0,10.0,1.0,1.0,7.0,6.0,8.0,7.0,1.0,1.0,99 %ile,97 %ile,91 %ile,99 %ile,65 %ile,97 %ile,0 %ile,73 %ile,99 %ile,10 %ile,98 %ile,79 %ile,35 %ile,60 %ile,30 %ile,55 %ile,61 %ile,80 %ile,69 %ile,58 %ile,0 %ile,22 %ile,30 %ile,0 %ile,99 %ile,98 %ile,83 %ile,75 %ile,95 %ile,93 %ile,80 %ile,66 %ile,93 %ile,90 %ile,96 %ile,92 %ile,99 %ile,98 %ile,97 %ile,94 %ile,94 %ile,92 %ile,0 %ile,0 %ile,69 %ile,50 %ile,75 %ile,66 %ile,0 %ile,0 %ile,743039.0,0.0,0.0,0.0,9.0,7.0,3.746932402764633,2.615729977894987,0.033417302636289,6.97514585e-05
280470018002,Mississippi,MS,Harrison County,4,755.0,755.0,518.0,453.0,491.0,620.0,976.0,3.213858731311241,3.487799694186458,624.0,0.826490066225166,613.0,0.811920529801324,50.0,0.201612903225806,280.0,0.286815728604472,0.0,0.0,221.0,0.426640926640927,0.0,0.0,265.0,0.350993377483444,0.284102564102564,9.30538087431694,57.59223,0.179797403920172,166.9730089,911493.6057264903,27.0,0.054989816700611,0.280237360428777,0.634055861033634,1.826720176756681,2.097860700562304,1.040332337589374,5.751279830932617,0.0,253.894839773588,275.5361758407301,112.4850555958934,122.072989296526,186.403806416052,202.29238226281447,96.4157619393372,104.63399082559371,167.1206540281845,181.3655840976958,86.7741857454035,94.17059174303436,241.03940484834305,261.5849770639843,221.7562524604756,240.6581788988656,183.18994768474073,198.8045825686281,202.47310007260816,219.7313807337468,70.70489208884729,76.73159327210206,96.4157619393372,104.63399082559371,0.0,0.0,97.0,98.0,84.0,97.0,95.0,97.0,0.0,97.0,0.0,93.0,98.0,79.0,35.0,58.0,30.0,52.0,27.0,75.0,69.0,57.0,63.0,22.0,30.0,0.0,97.0,99.0,79.0,79.0,90.0,94.0,75.0,70.0,87.0,91.0,70.0,62.0,97.0,98.0,94.0,96.0,90.0,93.0,92.0,95.0,63.0,55.0,70.0,70.0,0.0,0.0,11.0,11.0,9.0,11.0,11.0,11.0,1.0,11.0,1.0,10.0,11.0,8.0,4.0,6.0,4.0,6.0,3.0,8.0,7.0,6.0,7.0,3.0,4.0,1.0,11.0,11.0,8.0,8.0,10.0,10.0,8.0,8.0,9.0,10.0,8.0,7.0,11.0,11.0,10.0,11.0,10.0,10.0,10.0,11.0,7.0,6.0,8.0,8.0,1.0,1.0,97 %ile,98 %ile,84 %ile,97 %ile,95 %ile,97 %ile,0 %ile,97 %ile,0 %ile,93 %ile,98 %ile,79 %ile,35 %ile,58 %ile,30 %ile,52 %ile,27 %ile,75 %ile,69 %ile,57 %ile,63 %ile,22 %ile,30 %ile,0 %ile,97 %ile,99 %ile,79 %ile,79 %ile,90 %ile,94 %ile,75 %ile,70 %ile,87 %ile,91 %ile,70 %ile,62 %ile,97 %ile,98 %ile,94 %ile,96 %ile,90 %ile,93 %ile,92 %ile,95 %ile,63 %ile,55 %ile,70 %ile,70 %ile,0 %ile,0 %ile,3166691.0,20149.0,0.0,0.0,7.0,7.0,3.175933220433123,2.963540931928001,0.106190722517801,0.000299130749
280470018003,Mississippi,MS,Harrison County,4,1047.0,1046.0,514.0,336.0,376.0,647.0,1078.0,3.190328137584998,2.906525008990027,967.0,0.923591212989494,770.0,0.736137667304015,8.0,0.019464720194647,309.0,0.286815728604472,0.0,0.0,66.0,0.1284046692607,132.0,0.126074498567335,92.0,0.087870105062082,0.284102564102564,9.30538087431694,57.59223,0.158964344949921,650.5372609,937526.0813423336,122.0,0.324468085106383,0.718541925517814,1.260673988347194,3.201378955707993,6.757244946581496,1.277610696554838,7.283083438873291,0.0,252.0359228692148,229.61547571021208,111.66148481547492,101.72837531465092,162.70673501683487,148.23277545849135,162.70673501683487,148.23277545849135,169.08739129200487,154.0458254764714,191.41968825509983,174.3915005394016,280.7488761074798,255.77420079112235,274.3682198323098,249.9611507731423,220.13264149336484,200.55022562031183,267.9875635571398,244.14810075516223,73.37754716445494,66.85007520677061,149.9454224664949,136.60667542253125,0.0,0.0,97.0,95.0,90.0,95.0,34.0,97.0,0.0,67.0,93.0,20.0,98.0,79.0,35.0,51.0,51.0,53.0,60.0,88.0,86.0,69.0,84.0,23.0,47.0,0.0,97.0,97.0,78.0,71.0,86.0,85.0,89.0,85.0,87.0,86.0,92.0,89.0,99.0,98.0,97.0,97.0,94.0,94.0,98.0,97.0,65.0,48.0,83.0,81.0,0.0,0.0,11.0,11.0,10.0,11.0,4.0,11.0,1.0,7.0,10.0,3.0,11.0,8.0,4.0,6.0,6.0,6.0,7.0,9.0,9.0,7.0,9.0,3.0,5.0,1.0,11.0,11.0,8.0,8.0,9.0,9.0,9.0,9.0,9.0,9.0,10.0,9.0,11.0,11.0,11.0,11.0,10.0,10.0,11.0,11.0,7.0,5.0,9.0,9.0,1.0,1.0,97 %ile,95 %ile,90 %ile,95 %ile,34 %ile,97 %ile,0 %ile,67 %ile,93 %ile,20 %ile,98 %ile,79 %ile,35 %ile,51 %ile,51 %ile,53 %ile,60 %ile,88 %ile,86 %ile,69 %ile,84 %ile,23 %ile,47 %ile,0 %ile,97 %ile,97 %ile,78 %ile,71 %ile,86 %ile,85 %ile,89 %ile,85 %ile,87 %ile,86 %ile,92 %ile,89 %ile,99 %ile,98 %ile,97 %ile,97 %ile,94 %ile,94 %ile,98 %ile,97 %ile,65 %ile,48 %ile,83 %ile,81 %ile,0 %ile,0 %ile,5618924.0,172455.0,1.0,1.0,10.0,10.0,3.158265187824455,2.345984535460199,0.144051095173693,0.0005437448185
280470019001,Mississippi,MS,Harrison County,4,703.0,703.0,550.0,359.0,504.0,632.0,1055.0,2.199962905705693,3.018568291511794,288.0,0.409672830725462,465.0,0.661450924608819,40.0,0.153846153846154,310.0,0.29366005445352,15.0,0.041782729805014,140.0,0.254545454545455,29.0,0.041251778093883,180.0,0.256045519203414,0.257435897435897,9.267193715846988,57.89123,0.128602531515323,192.2599593,757959.3188871427,58.0,0.115079365079365,0.182921529472823,0.51698047211025,1.431787739286031,0.769528443028774,0.91601784194281,5.391837596893311,0.0,173.79706955074977,238.46689502943167,81.39862751111065,111.68702678593638,85.79855332252205,117.72416336895996,68.1988500768765,93.57561703686562,105.59821947387329,144.8912779925661,83.59859041681635,114.70559507744817,151.79744049369285,208.28121211431375,140.79762596516437,193.1883706567548,114.39807109669604,156.96555115861327,107.79818237957896,147.9098462840779,46.19922101981956,63.38993412174767,59.39899845405372,81.50134387081843,0.0,0.0,82.0,96.0,59.0,92.0,92.0,98.0,73.0,88.0,44.0,80.0,93.0,79.0,37.0,39.0,31.0,48.0,38.0,69.0,64.0,52.0,49.0,21.0,27.0,0.0,90.0,97.0,69.0,75.0,68.0,76.0,63.0,65.0,73.0,84.0,69.0,72.0,87.0,95.0,83.0,91.0,76.0,87.0,76.0,83.0,49.0,46.0,56.0,59.0,0.0,0.0,9.0,11.0,6.0,10.0,10.0,11.0,8.0,9.0,5.0,9.0,10.0,8.0,4.0,4.0,4.0,5.0,4.0,7.0,7.0,6.0,5.0,3.0,3.0,1.0,10.0,11.0,7.0,8.0,7.0,8.0,7.0,7.0,8.0,9.0,7.0,8.0,9.0,11.0,9.0,10.0,8.0,9.0,8.0,9.0,5.0,5.0,6.0,6.0,1.0,1.0,82 %ile,96 %ile,59 %ile,92 %ile,92 %ile,98 %ile,73 %ile,88 %ile,44 %ile,80 %ile,93 %ile,79 %ile,37 %ile,39 %ile,31 %ile,48 %ile,38 %ile,69 %ile,64 %ile,52 %ile,49 %ile,21 %ile,27 %ile,0 %ile,90 %ile,97 %ile,69 %ile,75 %ile,68 %ile,76 %ile,63 %ile,65 %ile,73 %ile,84 %ile,69 %ile,72 %ile,87 %ile,95 %ile,83 %ile,91 %ile,76 %ile,87 %ile,76 %ile,83 %ile,49 %ile,46 %ile,56 %ile,59 %ile,0 %ile,0 %ile,1076704.0,7276.0,0.0,0.0,3.0,6.0,2.165551528513279,2.670041446999129,0.046722510224639,0.000101735847
280470019002,Mississippi,MS,Harrison County,4,898.0,874.0,723.0,376.0,406.0,820.0,799.0,2.205664679570844,2.70820442613479,520.0,0.579064587973274,480.0,0.549199084668192,87.0,0.205673758865248,235.0,0.29366005445352,0.0,0.0,130.0,0.179806362378976,23.0,0.025612472160356,156.0,0.173719376391982,0.257435897435897,9.267193715846988,57.89123,0.158875201110868,132.2767332,753528.8633803646,99.0,0.24384236453202,0.178343744425046,0.371900815140218,1.415044142957508,5.625827557293829,0.817795592407977,5.920460224151611,0.227642276422764,174.2475096860967,213.9481496646484,81.60959314412123,100.20356376698724,112.48889865811304,138.1184257328743,59.55294634841279,73.12151950563933,105.87190461940052,129.99381245446992,116.90022801725472,143.53483458514387,152.19086289038825,186.86610540330048,123.51722205596727,151.65944786354822,114.69456333768387,140.82663015900908,178.65883904523838,219.364558516918,46.31895827098773,56.87229294883059,70.58126974626701,86.66254163631328,163.21918628824247,200.4071275339745,82.0,92.0,70.0,85.0,96.0,98.0,0.0,78.0,29.0,55.0,93.0,79.0,37.0,51.0,27.0,48.0,53.0,69.0,56.0,52.0,81.0,21.0,32.0,74.0,90.0,96.0,69.0,70.0,76.0,83.0,58.0,53.0,73.0,80.0,79.0,82.0,87.0,93.0,79.0,84.0,76.0,83.0,89.0,95.0,49.0,41.0,61.0,61.0,93.0,95.0,9.0,10.0,8.0,9.0,11.0,11.0,1.0,8.0,3.0,6.0,10.0,8.0,4.0,6.0,3.0,5.0,6.0,7.0,6.0,6.0,9.0,3.0,4.0,8.0,10.0,11.0,7.0,8.0,8.0,9.0,6.0,6.0,8.0,9.0,8.0,9.0,9.0,10.0,8.0,9.0,8.0,9.0,9.0,11.0,5.0,5.0,7.0,7.0,10.0,11.0,82 %ile,92 %ile,70 %ile,85 %ile,96 %ile,98 %ile,0 %ile,78 %ile,29 %ile,55 %ile,93 %ile,79 %ile,37 %ile,51 %ile,27 %ile,48 %ile,53 %ile,69 %ile,56 %ile,52 %ile,81 %ile,21 %ile,32 %ile,74 %ile,90 %ile,96 %ile,69 %ile,70 %ile,76 %ile,83 %ile,58 %ile,53 %ile,73 %ile,80 %ile,79 %ile,82 %ile,87 %ile,93 %ile,79 %ile,84 %ile,76 %ile,83 %ile,89 %ile,95 %ile,49 %ile,41 %ile,61 %ile,61 %ile,93 %ile,95 %ile,622184.0,643.0,0.0,0.0,4.0,9.0,2.18027785401543,2.142176401875973,0.036338734981392,5.84515045e-05
280470019003,Mississippi,MS,Harrison County,4,970.0,970.0,625.0,412.0,497.0,929.0,717.0,2.049113469998842,2.397949345919877,470.0,0.484536082474227,530.0,0.54639175257732,289.0,0.517921146953405,210.0,0.29366005445352,0.0,0.0,0.0,0.0,22.0,0.022680412371134,211.0,0.217525773195876,0.257435897435897,9.267193715846988,57.89123,0.146341134410138,178.3430012,716918.4284936904,390.0,0.784708249496982,0.178360543477294,0.48377983807539,1.396101439953956,5.845545089661762,0.850904923340854,5.286125183105469,0.0,161.8799641299085,189.43799832767033,75.81719838995714,88.72412579903546,94.25921961994672,110.30566991231436,61.47340409996525,71.93848037759632,96.30833308994556,112.70361925823423,186.46932576989457,218.21339047870885,141.3888294299201,165.45850486847152,129.09414860992703,151.07080879295228,104.50478696994092,122.29541664191375,168.02730453990503,196.63184636542996,43.03138286997568,50.35693626431743,53.27695021996989,62.34668299391681,0.0,0.0,79.0,87.0,64.0,85.0,99.0,98.0,0.0,0.0,26.0,71.0,93.0,79.0,37.0,46.0,30.0,47.0,91.0,69.0,63.0,51.0,82.0,21.0,26.0,0.0,88.0,93.0,67.0,64.0,71.0,74.0,59.0,52.0,70.0,75.0,92.0,95.0,85.0,89.0,80.0,84.0,74.0,78.0,88.0,92.0,47.0,37.0,52.0,47.0,0.0,0.0,8.0,9.0,7.0,9.0,11.0,11.0,1.0,1.0,3.0,8.0,10.0,8.0,4.0,5.0,4.0,5.0,10.0,7.0,7.0,6.0,9.0,3.0,3.0,1.0,9.0,10.0,7.0,7.0,8.0,8.0,6.0,6.0,8.0,8.0,10.0,11.0,9.0,9.0,9.0,9.0,8.0,8.0,9.0,10.0,5.0,4.0,6.0,5.0,1.0,1.0,79 %ile,87 %ile,64 %ile,85 %ile,99 %ile,98 %ile,0 %ile,0 %ile,26 %ile,71 %ile,93 %ile,79 %ile,37 %ile,46 %ile,30 %ile,47 %ile,91 %ile,69 %ile,63 %ile,51 %ile,82 %ile,21 %ile,26 %ile,0 %ile,88 %ile,93 %ile,67 %ile,64 %ile,71 %ile,74 %ile,59 %ile,52 %ile,70 %ile,75 %ile,92 %ile,95 %ile,85 %ile,89 %ile,80 %ile,84 %ile,74 %ile,78 %ile,88 %ile,92 %ile,47 %ile,37 %ile,52 %ile,47 %ile,0 %ile,0 %ile,564173.0,0.0,0.0,0.0,5.0,5.0,2.022635802027936,1.809013136992171,0.036072842829483,5.2947438e-05
280470020011,Mississippi,MS,Harrison County,4,735.0,735.0,566.0,241.0,257.0,636.0,801.0,2.840397516688282,3.086399378375392,505.0,0.687074829931973,549.0,0.746938775510204,68.0,0.195402298850575,249.0,0.311436950146628,0.0,0.0,96.0,0.169611307420495,31.0,0.042176870748299,64.0,0.087074829931973,0.288205128205128,9.24745464480874,57.89324,0.164854192382244,82.97732917,844948.8822183112,85.0,0.330739299610895,0.177917566295742,0.350738226978512,1.553635526132937,7.97036672140687,0.783156309184582,6.202366828918457,0.0,224.39140381837433,243.82555089165592,105.09470811746644,114.19677699988948,150.54106838447896,163.57916705389576,62.48874536714221,67.90078632425862,142.0198758344141,154.31996891876955,173.2642485179852,188.27036208089888,193.1470311348032,209.87515772952665,156.22186341785553,169.7519658106465,150.54106838447896,163.57916705389576,244.27418643519223,265.43034654028367,59.64834785045392,64.81438694588323,99.41391308408988,108.0239782431387,0.0,0.0,93.0,96.0,77.0,95.0,95.0,98.0,0.0,77.0,45.0,20.0,98.0,79.0,37.0,53.0,22.0,50.0,61.0,68.0,55.0,53.0,86.0,21.0,35.0,0.0,95.0,98.0,77.0,76.0,84.0,88.0,60.0,49.0,82.0,86.0,90.0,91.0,92.0,95.0,85.0,88.0,84.0,88.0,96.0,98.0,58.0,47.0,71.0,71.0,0.0,0.0,10.0,11.0,8.0,11.0,11.0,11.0,1.0,8.0,5.0,3.0,11.0,8.0,4.0,6.0,3.0,6.0,7.0,7.0,6.0,6.0,9.0,3.0,4.0,1.0,11.0,11.0,8.0,8.0,9.0,9.0,7.0,5.0,9.0,9.0,10.0,10.0,10.0,11.0,9.0,9.0,9.0,9.0,11.0,11.0,6.0,5.0,8.0,8.0,1.0,1.0,93 %ile,96 %ile,77 %ile,95 %ile,95 %ile,98 %ile,0 %ile,77 %ile,45 %ile,20 %ile,98 %ile,79 %ile,37 %ile,53 %ile,22 %ile,50 %ile,61 %ile,68 %ile,55 %ile,53 %ile,86 %ile,21 %ile,35 %ile,0 %ile,95 %ile,98 %ile,77 %ile,76 %ile,84 %ile,88 %ile,60 %ile,49 %ile,82 %ile,86 %ile,90 %ile,91 %ile,92 %ile,95 %ile,85 %ile,88 %ile,84 %ile,88 %ile,96 %ile,98 %ile,58 %ile,47 %ile,71 %ile,71 %ile,0 %ile,0 %ile,616435.0,7628.0,0.0,0.0,8.0,8.0,2.804530702295927,2.524979929251766,0.040042922717275,5.8567436e-05
280470020012,Mississippi,MS,Harrison County,4,1002.0,1002.0,808.0,399.0,475.0,887.0,904.0,2.050081982346919,2.838453223487651,701.0,0.699600798403194,402.0,0.401197604790419,66.0,0.146017699115044,282.0,0.311436950146628,0.0,0.0,173.0,0.214108910891089,0.0,0.0,64.0,0.063872255489022,0.288205128205128,9.24745464480874,57.89324,0.168053505045214,77.27887015,837791.5642658285,163.0,0.343157894736842,0.164418810636643,0.324748039592055,1.466805198816841,3.414679458729381,0.73054001466647,7.611999988555908,0.0,161.95647660540664,224.2378046555244,75.85303334683601,105.02276926904305,110.70442704673364,153.27647406833313,43.05172162928531,59.60751769324066,102.50409911734596,141.9226611743825,127.105082905509,175.9840998562343,139.4055747995905,193.01481919716025,108.65434506438672,150.43802084484548,106.6042630820398,147.59956762135783,147.6059027289782,204.36863209111084,41.00163964693839,56.769064469753005,102.50409911734596,141.9226611743825,0.0,0.0,79.0,94.0,77.0,70.0,91.0,98.0,0.0,84.0,0.0,12.0,98.0,79.0,37.0,54.0,21.0,50.0,62.0,68.0,53.0,52.0,72.0,20.0,50.0,0.0,88.0,97.0,67.0,72.0,75.0,86.0,47.0,44.0,72.0,84.0,82.0,89.0,85.0,93.0,76.0,84.0,74.0,85.0,85.0,93.0,45.0,41.0,72.0,82.0,0.0,0.0,8.0,10.0,8.0,8.0,10.0,11.0,1.0,9.0,1.0,2.0,11.0,8.0,4.0,6.0,3.0,6.0,7.0,7.0,6.0,6.0,8.0,3.0,6.0,1.0,9.0,11.0,7.0,8.0,8.0,9.0,5.0,5.0,8.0,9.0,9.0,9.0,9.0,10.0,8.0,9.0,8.0,9.0,9.0,10.0,5.0,5.0,8.0,9.0,1.0,1.0,79 %ile,94 %ile,77 %ile,70 %ile,91 %ile,98 %ile,0 %ile,84 %ile,0 %ile,12 %ile,98 %ile,79 %ile,37 %ile,54 %ile,21 %ile,50 %ile,62 %ile,68 %ile,53 %ile,52 %ile,72 %ile,20 %ile,50 %ile,0 %ile,88 %ile,97 %ile,67 %ile,72 %ile,75 %ile,86 %ile,47 %ile,44 %ile,72 %ile,84 %ile,82 %ile,89 %ile,85 %ile,93 %ile,76 %ile,84 %ile,74 %ile,85 %ile,85 %ile,93 %ile,45 %ile,41 %ile,72 %ile,82 %ile,0 %ile,0 %ile,624078.0,0.0,0.0,0.0,4.0,9.0,2.035223454169409,2.291056257958501,0.045054652890392,5.8565516e-05
280470020021,Mississippi,MS,Harrison County,4,932.0,932.0,724.0,367.0,467.0,824.0,726.0,2.4044118001326,3.27720708725483,510.0,0.547210300429185,611.0,0.655579399141631,10.0,0.021929824561404,223.0,0.306846576711644,0.0,0.0,246.0,0.339779005524862,74.0,0.079399141630901,54.0,0.05793991416309,0.288205128205128,9.26431475409836,57.82505,0.174198143094014,88.68153497999998,1046258.0643067613,306.0,0.65524625267666,0.214510791885678,0.401182104672314,1.819899628623642,10.980425474467664,0.937174229683862,6.554775238037109,0.0,189.94853221047535,258.89935989313153,86.55882480477358,117.97945514117389,134.6470608074256,183.52359688627047,52.8970596029172,72.09855591960626,132.24264900729298,180.24638979901565,199.56617941100575,272.0081882421509,170.71323780941455,232.6817031950929,139.4558844076908,190.07801106078009,137.0514726075582,186.8008039735253,216.397062011934,294.94863785293467,50.4926478027846,68.82134883235142,93.77206020517137,127.81107640293835,0.0,0.0,86.0,97.0,68.0,92.0,37.0,98.0,0.0,94.0,76.0,10.0,98.0,79.0,36.0,56.0,22.0,55.0,83.0,71.0,58.0,57.0,90.0,21.0,39.0,0.0,92.0,98.0,71.0,78.0,81.0,92.0,54.0,52.0,80.0,91.0,93.0,98.0,89.0,97.0,82.0,91.0,82.0,92.0,94.0,99.0,52.0,50.0,69.0,78.0,0.0,0.0,9.0,11.0,7.0,10.0,4.0,11.0,1.0,10.0,8.0,2.0,11.0,8.0,4.0,6.0,3.0,6.0,9.0,8.0,6.0,6.0,10.0,3.0,4.0,1.0,10.0,11.0,8.0,8.0,9.0,10.0,6.0,6.0,9.0,10.0,10.0,11.0,9.0,11.0,9.0,10.0,9.0,10.0,10.0,11.0,6.0,6.0,7.0,8.0,1.0,1.0,86 %ile,97 %ile,68 %ile,92 %ile,37 %ile,98 %ile,0 %ile,94 %ile,76 %ile,10 %ile,98 %ile,79 %ile,36 %ile,56 %ile,22 %ile,55 %ile,83 %ile,71 %ile,58 %ile,57 %ile,90 %ile,21 %ile,39 %ile,0 %ile,92 %ile,98 %ile,71 %ile,78 %ile,81 %ile,92 %ile,54 %ile,52 %ile,80 %ile,91 %ile,93 %ile,98 %ile,89 %ile,97 %ile,82 %ile,91 %ile,82 %ile,92 %ile,94 %ile,99 %ile,52 %ile,50 %ile,69 %ile,78 %ile,0 %ile,0 %ile,1378216.0,7784.0,0.0,0.0,8.0,8.0,2.372187738995664,2.741242347165924,0.057458487899733,0.0001300801045
280470020022,Mississippi,MS,Harrison County,4,1069.0,1069.0,647.0,402.0,535.0,762.0,1275.0,3.344620272398596,3.65256438789475,942.0,0.881197380729654,888.0,0.830682881197381,218.0,0.512941176470588,391.0,0.306846576711644,28.0,0.069651741293532,251.0,0.387944358578053,149.0,0.139382600561272,41.0,0.038353601496726,0.288205128205128,9.26431475409836,57.82505,0.161216407368261,123.3726813,876190.0086956918,82.0,0.153271028037383,0.200468848796913,0.507977336384725,1.561187282140316,1.218583157997727,0.880918981425801,5.582129955291748,0.0,264.2250015194891,288.55258664368523,120.40632980634948,131.492317964211,170.57563389232843,186.28078378263223,86.9601270823635,94.9666740852635,170.57563389232843,186.28078378263223,143.81867171313965,157.06026867947426,234.12341906790172,255.67950715263248,214.05569743351015,233.764120825264,180.60949470952417,197.23847694631647,183.9541149819228,200.89104133421125,70.23702572037053,76.70385214578974,96.9939878995593,105.92436724894775,0.0,0.0,98.0,98.0,87.0,98.0,99.0,98.0,80.0,96.0,95.0,6.0,98.0,79.0,36.0,51.0,26.0,51.0,43.0,70.0,64.0,54.0,55.0,21.0,29.0,0.0,98.0,99.0,81.0,82.0,88.0,92.0,71.0,66.0,88.0,92.0,85.0,85.0,96.0,98.0,93.0,96.0,90.0,93.0,90.0,93.0,63.0,55.0,71.0,70.0,0.0,0.0,11.0,11.0,9.0,11.0,11.0,11.0,9.0,11.0,11.0,1.0,11.0,8.0,4.0,6.0,3.0,6.0,5.0,8.0,7.0,6.0,6.0,3.0,3.0,1.0,11.0,11.0,9.0,9.0,9.0,10.0,8.0,7.0,9.0,10.0,9.0,9.0,11.0,11.0,10.0,11.0,10.0,10.0,10.0,10.0,7.0,6.0,8.0,8.0,1.0,1.0,98 %ile,98 %ile,87 %ile,98 %ile,99 %ile,98 %ile,80 %ile,96 %ile,95 %ile,6 %ile,98 %ile,79 %ile,36 %ile,51 %ile,26 %ile,51 %ile,43 %ile,70 %ile,64 %ile,54 %ile,55 %ile,21 %ile,29 %ile,0 %ile,98 %ile,99 %ile,81 %ile,82 %ile,88 %ile,92 %ile,71 %ile,66 %ile,88 %ile,92 %ile,85 %ile,85 %ile,96 %ile,98 %ile,93 %ile,96 %ile,90 %ile,93 %ile,90 %ile,93 %ile,63 %ile,55 %ile,71 %ile,70 %ile,0 %ile,0 %ile,1538366.0,29923.0,0.0,0.0,9.0,9.0,3.30629301563373,3.469697957282016,0.060012856331201,0.000147191987
280470023001,Mississippi,MS,Harrison County,4,178.0,178.0,101.0,105.0,209.0,172.0,399.0,2.866289143991455,2.470544486311223,134.0,0.752808988764045,127.0,0.713483146067416,0.0,0.0,84.0,0.211086226203807,0.0,0.0,4.0,0.03960396039604,6.0,0.033707865168539,29.0,0.162921348314607,0.28,9.23015792349727,57.80499,0.174110394318384,74.60954875,862730.5020143203,74.0,0.354066985645933,0.176490508041685,0.318745764404826,6.016463266844505,11.004109079843346,0.672819842029225,6.252812385559082,0.0,223.57055323133352,192.70246993227536,103.1864091836924,88.93960150720403,160.51219206352147,138.3504912334285,60.19207202382056,51.88143421253569,146.1807463435642,125.99776880187238,180.5762160714617,155.64430263760707,194.90766179141892,167.9970250691632,151.91332463154714,130.93885777449483,235.03570980729927,202.58464787752027,257.96602295923094,222.34900376801008,57.32578287982911,49.41088972622446,103.1864091836924,88.93960150720403,0.0,0.0,93.0,88.0,80.0,94.0,0.0,88.0,0.0,31.0,37.0,51.0,97.0,78.0,36.0,56.0,21.0,51.0,63.0,68.0,53.0,82.0,90.0,20.0,36.0,0.0,95.0,94.0,76.0,64.0,86.0,83.0,58.0,38.0,83.0,79.0,91.0,85.0,92.0,90.0,85.0,78.0,96.0,94.0,97.0,95.0,56.0,36.0,72.0,63.0,0.0,0.0,10.0,9.0,9.0,10.0,1.0,9.0,1.0,4.0,4.0,6.0,11.0,8.0,4.0,6.0,3.0,6.0,7.0,7.0,6.0,9.0,10.0,3.0,4.0,1.0,11.0,10.0,8.0,7.0,9.0,9.0,6.0,4.0,9.0,8.0,10.0,9.0,10.0,10.0,9.0,8.0,11.0,10.0,11.0,11.0,6.0,4.0,8.0,7.0,1.0,1.0,93 %ile,88 %ile,80 %ile,94 %ile,0 %ile,88 %ile,0 %ile,31 %ile,37 %ile,51 %ile,97 %ile,78 %ile,36 %ile,56 %ile,21 %ile,51 %ile,63 %ile,68 %ile,53 %ile,82 %ile,90 %ile,20 %ile,36 %ile,0 %ile,95 %ile,94 %ile,76 %ile,64 %ile,86 %ile,83 %ile,58 %ile,38 %ile,83 %ile,79 %ile,91 %ile,85 %ile,92 %ile,90 %ile,85 %ile,78 %ile,96 %ile,94 %ile,97 %ile,95 %ile,56 %ile,36 %ile,72 %ile,63 %ile,0 %ile,0 %ile,993540.0,6569.0,0.0,1.0,8.0,6.0,2.833315277422248,1.921872624573746,0.054012961122722,9.38590725e-05
280470023002,Mississippi,MS,Harrison County,4,521.0,521.0,347.0,195.0,241.0,436.0,570.0,2.606006565223318,2.767325929537272,392.0,0.752399232245681,314.0,0.602687140115163,73.0,0.251724137931034,120.0,0.211086226203807,0.0,0.0,95.0,0.273775216138329,15.0,0.028790786948177,41.0,0.078694817658349,0.28,9.23015792349727,57.80499,0.166713255307793,72.28475478,663794.6079220439,37.0,0.153526970954357,0.159530641519059,0.28544221286397,1.935992927150572,1.864500039164106,0.451402794783954,7.18910026550293,0.0,203.2685120874188,215.8514225039072,93.81623634803944,99.62373346334178,138.11834795683586,146.6682742654754,54.72613786968968,58.113844520282704,117.27029543504932,124.5296668291772,112.05828230460268,118.99501497010267,174.60243986996232,185.4108372789972,132.90633482638924,141.13362240640086,151.14838078295244,160.50490391316174,158.9664004786224,168.80688170177356,49.51412473924304,52.57919266120816,119.87630200027264,127.29699275871448,0.0,0.0,89.0,93.0,80.0,89.0,97.0,88.0,0.0,90.0,32.0,17.0,97.0,78.0,36.0,53.0,21.0,45.0,43.0,67.0,51.0,58.0,61.0,19.0,46.0,0.0,93.0,96.0,73.0,70.0,82.0,85.0,55.0,43.0,77.0,79.0,78.0,74.0,90.0,92.0,81.0,81.0,85.0,88.0,86.0,88.0,51.0,38.0,77.0,78.0,0.0,0.0,9.0,10.0,9.0,9.0,11.0,9.0,1.0,10.0,4.0,2.0,11.0,8.0,4.0,6.0,3.0,5.0,5.0,7.0,6.0,6.0,7.0,2.0,5.0,1.0,10.0,11.0,8.0,8.0,9.0,9.0,6.0,5.0,8.0,8.0,8.0,8.0,10.0,10.0,9.0,9.0,9.0,9.0,9.0,9.0,6.0,4.0,8.0,8.0,1.0,1.0,89 %ile,93 %ile,80 %ile,89 %ile,97 %ile,88 %ile,0 %ile,90 %ile,32 %ile,17 %ile,97 %ile,78 %ile,36 %ile,53 %ile,21 %ile,45 %ile,43 %ile,67 %ile,51 %ile,58 %ile,61 %ile,19 %ile,46 %ile,0 %ile,93 %ile,96 %ile,73 %ile,70 %ile,82 %ile,85 %ile,55 %ile,43 %ile,77 %ile,79 %ile,78 %ile,74 %ile,90 %ile,92 %ile,81 %ile,81 %ile,85 %ile,88 %ile,86 %ile,88 %ile,51 %ile,38 %ile,77 %ile,78 %ile,0 %ile,0 %ile,535107.0,109.0,0.0,0.0,6.0,6.0,2.579706031612746,2.251248273036955,0.033269698030946,5.0226655e-05
280470023003,Mississippi,MS,Harrison County,4,1100.0,1100.0,945.0,520.0,580.0,1001.0,817.0,1.736263812412022,2.535789301439253,517.0,0.47,465.0,0.422727272727273,55.0,0.119565217391304,172.0,0.211086226203807,0.0,0.0,224.0,0.237037037037037,60.0,0.054545454545455,211.0,0.191818181818182,0.28,9.23015792349727,57.80499,0.176064475242951,67.12997868,790999.2226242883,249.0,0.429310344827586,0.15033062188804,0.276384726446768,1.604025060029186,10.8375038044267,0.520075065146603,7.442820072174072,0.0,135.42857736813772,197.7915655122617,62.5054972468328,91.2884148518131,97.23077349507325,142.00420088059815,34.72527624824045,50.715786028785054,85.07692680818909,124.2536757705234,119.80220305642952,174.96946179930845,114.59341161919346,167.3620938949907,86.8131906206011,126.78946507196264,93.75824587024921,136.93262227771967,156.263743117082,228.2210371295328,32.98901243582842,48.17999672734581,83.34066299577705,121.71788646908412,0.0,0.0,71.0,90.0,63.0,73.0,87.0,88.0,0.0,86.0,57.0,62.0,97.0,78.0,36.0,56.0,20.0,49.0,69.0,66.0,50.0,54.0,90.0,19.0,48.0,0.0,83.0,94.0,60.0,65.0,72.0,84.0,40.0,37.0,67.0,79.0,80.0,89.0,81.0,90.0,69.0,77.0,70.0,82.0,86.0,96.0,39.0,35.0,66.0,76.0,0.0,0.0,8.0,10.0,7.0,8.0,9.0,9.0,1.0,9.0,6.0,7.0,11.0,8.0,4.0,6.0,3.0,5.0,7.0,7.0,6.0,6.0,10.0,2.0,5.0,1.0,9.0,10.0,7.0,7.0,8.0,9.0,5.0,4.0,7.0,8.0,9.0,9.0,9.0,10.0,7.0,8.0,8.0,9.0,9.0,11.0,4.0,4.0,7.0,8.0,1.0,1.0,71 %ile,90 %ile,63 %ile,73 %ile,87 %ile,88 %ile,0 %ile,86 %ile,57 %ile,62 %ile,97 %ile,78 %ile,36 %ile,56 %ile,20 %ile,49 %ile,69 %ile,66 %ile,50 %ile,54 %ile,90 %ile,19 %ile,48 %ile,0 %ile,83 %ile,94 %ile,60 %ile,65 %ile,72 %ile,84 %ile,40 %ile,37 %ile,67 %ile,79 %ile,80 %ile,89 %ile,81 %ile,90 %ile,69 %ile,77 %ile,70 %ile,82 %ile,86 %ile,96 %ile,39 %ile,35 %ile,66 %ile,76 %ile,0 %ile,0 %ile,1005836.0,0.0,0.0,0.0,4.0,6.0,1.717046885895638,2.01935639581421,0.051403835144678,9.4387201e-05
280470024011,Mississippi,MS,Harrison County,4,1590.0,1590.0,774.0,642.0,772.0,1200.0,1573.0,3.223493792438274,2.651786568728832,1337.0,0.840880503144654,1282.0,0.806289308176101,106.0,0.18307426597582,187.0,0.118881118881119,0.0,0.0,260.0,0.335917312661499,278.0,0.174842767295597,145.0,0.091194968553459,0.256410256410256,9.23822978142077,57.57314,0.112183544152465,62.25763098,574679.0854809294,54.0,0.069948186528497,0.183361586244548,0.296471259450726,1.304133861393719,0.379970998418025,0.525898749415443,2.421560049057007,0.0,251.43251581018532,206.8393523608489,112.82228273533956,92.81252990550912,106.37529515046305,87.50895676805148,61.2463820563272,50.38394480584782,135.3867392824075,111.37503588661096,96.70481377314819,79.55359706186498,222.42107167824088,182.97327324228945,164.39818341435196,135.24111500517043,161.17468962191367,132.58932843644163,135.3867392824075,111.37503588661096,61.2463820563272,50.38394480584782,9.670481377314822,7.955359706186497,0.0,0.0,97.0,92.0,85.0,97.0,94.0,44.0,0.0,94.0,98.0,21.0,93.0,78.0,35.0,33.0,19.0,42.0,30.0,69.0,51.0,50.0,42.0,19.0,3.0,0.0,97.0,95.0,79.0,66.0,74.0,63.0,59.0,37.0,81.0,74.0,74.0,54.0,95.0,92.0,87.0,80.0,86.0,81.0,82.0,71.0,59.0,37.0,15.0,5.0,0.0,0.0,11.0,10.0,9.0,11.0,10.0,5.0,1.0,10.0,11.0,3.0,10.0,8.0,4.0,4.0,2.0,5.0,4.0,7.0,6.0,6.0,5.0,2.0,1.0,1.0,11.0,11.0,8.0,7.0,8.0,7.0,6.0,4.0,9.0,8.0,8.0,6.0,11.0,10.0,9.0,9.0,9.0,9.0,9.0,8.0,6.0,4.0,2.0,1.0,1.0,1.0,97 %ile,92 %ile,85 %ile,97 %ile,94 %ile,44 %ile,0 %ile,94 %ile,98 %ile,21 %ile,93 %ile,78 %ile,35 %ile,33 %ile,19 %ile,42 %ile,30 %ile,69 %ile,51 %ile,50 %ile,42 %ile,19 %ile,3 %ile,0 %ile,97 %ile,95 %ile,79 %ile,66 %ile,74 %ile,63 %ile,59 %ile,37 %ile,81 %ile,74 %ile,74 %ile,54 %ile,95 %ile,92 %ile,87 %ile,80 %ile,86 %ile,81 %ile,82 %ile,71 %ile,59 %ile,37 %ile,15 %ile,5 %ile,0 %ile,0 %ile,3504264.0,0.0,0.0,0.0,6.0,4.0,3.18609955728856,2.156359546241263,0.079663936481628,0.000328910591
280470024021,Mississippi,MS,Harrison County,4,610.0,610.0,395.0,301.0,301.0,435.0,724.0,3.458887681142587,2.826987925055427,584.0,0.957377049180328,505.0,0.827868852459016,0.0,0.0,173.0,0.23860811930406,0.0,0.0,80.0,0.20253164556962,5.0,0.008196721311475,164.0,0.268852459016393,0.256410256410256,9.25914398907104,57.64955,0.175007943653929,103.4114133,706357.9063160347,16.0,0.053156146179402,0.322826593836285,0.46459694251678,1.675998992746625,0.0,2.178360805245906,3.96541428565979,0.0,273.2521268102644,223.33204607937876,121.06106883999054,98.94457737693998,193.6977101439849,158.31132380310393,83.01330434742209,67.84771020133026,159.108833332559,130.04144455254965,93.38996739084983,76.32867397649653,266.3343514479792,217.6780702292679,214.4510362308404,175.27325135343648,190.23882246284228,155.4843358780485,0.0,0.0,89.93107970970726,73.5016860514411,48.424427535996216,39.57783095077598,0.0,0.0,98.0,94.0,93.0,98.0,0.0,93.0,0.0,82.0,14.0,83.0,93.0,79.0,35.0,56.0,24.0,46.0,27.0,77.0,62.0,55.0,0.0,26.0,14.0,0.0,98.0,97.0,81.0,69.0,91.0,87.0,70.0,49.0,86.0,80.0,73.0,52.0,98.0,96.0,93.0,89.0,91.0,87.0,0.0,0.0,71.0,53.0,50.0,31.0,0.0,0.0,11.0,10.0,10.0,11.0,1.0,10.0,1.0,9.0,2.0,9.0,10.0,8.0,4.0,6.0,3.0,5.0,3.0,8.0,7.0,6.0,1.0,3.0,2.0,1.0,11.0,11.0,9.0,7.0,10.0,9.0,8.0,5.0,9.0,9.0,8.0,6.0,11.0,11.0,10.0,9.0,10.0,9.0,1.0,1.0,8.0,6.0,6.0,4.0,1.0,1.0,98 %ile,94 %ile,93 %ile,98 %ile,0 %ile,93 %ile,0 %ile,82 %ile,14 %ile,83 %ile,93 %ile,79 %ile,35 %ile,56 %ile,24 %ile,46 %ile,27 %ile,77 %ile,62 %ile,55 %ile,0 %ile,26 %ile,14 %ile,0 %ile,98 %ile,97 %ile,81 %ile,69 %ile,91 %ile,87 %ile,70 %ile,49 %ile,86 %ile,80 %ile,73 %ile,52 %ile,98 %ile,96 %ile,93 %ile,89 %ile,91 %ile,87 %ile,0 %ile,0 %ile,71 %ile,53 %ile,50 %ile,31 %ile,0 %ile,0 %ile,1268511.0,0.0,0.0,0.0,7.0,6.0,3.421745532303347,2.274674544417995,0.054592144285976,0.000119078463
280470024022,Mississippi,MS,Harrison County,4,1102.0,1102.0,442.0,397.0,465.0,766.0,825.0,3.471265016078147,3.157880389147741,909.0,0.82486388384755,1017.0,0.922867513611615,65.0,0.207667731629393,197.0,0.23860811930406,0.0,0.0,152.0,0.343891402714932,115.0,0.104355716878403,23.0,0.020871143375681,0.256410256410256,9.25914398907104,57.64955,0.196624359929673,89.94392277999998,757783.4300059086,49.0,0.105376344086022,0.261659465020202,0.415285361539053,1.958977517638186,7.235343221270132,1.183981288913591,4.541871547698975,0.0,274.2299362701736,249.47255074267156,121.49427556273515,110.52581362017092,218.6896960129233,198.94646451630769,76.36783035371923,69.47336856125031,166.62072077175105,151.57825867909156,124.96554057881328,113.68369400931869,256.8736111897829,233.68314879693284,204.80463594861064,186.31494295971672,201.3333709325325,183.15706257056897,295.0575263666425,268.419833077558,79.83909536979738,72.63124895039805,65.9540353054848,59.999727393807085,0.0,0.0,98.0,97.0,84.0,99.0,96.0,93.0,0.0,94.0,87.0,3.0,93.0,79.0,35.0,63.0,22.0,48.0,36.0,74.0,59.0,58.0,85.0,23.0,19.0,0.0,98.0,98.0,81.0,75.0,94.0,94.0,67.0,50.0,87.0,86.0,81.0,71.0,98.0,97.0,92.0,90.0,92.0,91.0,99.0,98.0,67.0,52.0,59.0,45.0,0.0,0.0,11.0,11.0,9.0,11.0,11.0,10.0,1.0,10.0,9.0,1.0,10.0,8.0,4.0,7.0,3.0,5.0,4.0,8.0,6.0,6.0,9.0,3.0,2.0,1.0,11.0,11.0,9.0,8.0,10.0,10.0,7.0,6.0,9.0,9.0,9.0,8.0,11.0,11.0,10.0,10.0,10.0,10.0,11.0,11.0,7.0,6.0,6.0,5.0,1.0,1.0,98 %ile,97 %ile,84 %ile,99 %ile,96 %ile,93 %ile,0 %ile,94 %ile,87 %ile,3 %ile,93 %ile,79 %ile,35 %ile,63 %ile,22 %ile,48 %ile,36 %ile,74 %ile,59 %ile,58 %ile,85 %ile,23 %ile,19 %ile,0 %ile,98 %ile,98 %ile,81 %ile,75 %ile,94 %ile,94 %ile,67 %ile,50 %ile,87 %ile,86 %ile,81 %ile,71 %ile,98 %ile,97 %ile,92 %ile,90 %ile,92 %ile,91 %ile,99 %ile,98 %ile,67 %ile,52 %ile,59 %ile,45 %ile,0 %ile,0 %ile,2318213.0,2042.0,0.0,0.0,9.0,7.0,3.426629932134563,2.621339518056955,0.074036138067398,0.000217780958
280470024023,Mississippi,MS,Harrison County,4,702.0,702.0,383.0,262.0,301.0,488.0,864.0,2.267245358729046,2.617895465762694,566.0,0.806267806267806,296.0,0.421652421652422,34.0,0.097701149425287,206.0,0.23860811930406,0.0,0.0,116.0,0.302872062663185,28.0,0.03988603988604,65.0,0.092592592592593,0.256410256410256,9.25914398907104,57.64955,0.14389383826365,78.93230219,632062.6918430835,40.0,0.132890365448505,0.246873045800324,0.383698896494515,1.650220670109056,0.0,1.723686636361492,3.451266765594482,0.0,179.11238333959463,206.81374179525287,79.35358755551663,91.62634130169432,102.02604114280707,117.80529595932124,47.61215253330997,54.975804781016585,99.75879578407805,115.18740049355856,90.68981434916184,104.71581863050778,165.50891118722035,191.1063690006767,129.23298544755565,149.22004154847355,124.69849473009756,143.9842506169482,0.0,0.0,54.41388860949712,62.82949117830466,20.405208228561417,23.56105919186425,0.0,0.0,83.0,91.0,83.0,73.0,81.0,93.0,0.0,92.0,43.0,22.0,93.0,79.0,35.0,45.0,21.0,44.0,40.0,73.0,57.0,55.0,0.0,24.0,9.0,0.0,90.0,95.0,68.0,65.0,73.0,76.0,50.0,40.0,72.0,75.0,72.0,67.0,89.0,93.0,80.0,83.0,79.0,84.0,0.0,0.0,54.0,45.0,28.0,18.0,0.0,0.0,9.0,10.0,9.0,8.0,9.0,10.0,1.0,10.0,5.0,3.0,10.0,8.0,4.0,5.0,3.0,5.0,5.0,8.0,6.0,6.0,1.0,3.0,1.0,1.0,10.0,11.0,7.0,7.0,8.0,8.0,6.0,5.0,8.0,8.0,8.0,7.0,9.0,10.0,9.0,9.0,8.0,9.0,1.0,1.0,6.0,5.0,3.0,2.0,1.0,1.0,83 %ile,91 %ile,83 %ile,73 %ile,81 %ile,93 %ile,0 %ile,92 %ile,43 %ile,22 %ile,93 %ile,79 %ile,35 %ile,45 %ile,21 %ile,44 %ile,40 %ile,73 %ile,57 %ile,55 %ile,0 %ile,24 %ile,9 %ile,0 %ile,90 %ile,95 %ile,68 %ile,65 %ile,73 %ile,76 %ile,50 %ile,40 %ile,72 %ile,75 %ile,72 %ile,67 %ile,89 %ile,93 %ile,80 %ile,83 %ile,79 %ile,84 %ile,0 %ile,0 %ile,54 %ile,45 %ile,28 %ile,18 %ile,0 %ile,0 %ile,1209979.0,13230.0,0.0,0.0,3.0,4.0,2.252575687420572,2.088198413255118,0.069844714362527,0.0001148147515
280470025001,Mississippi,MS,Harrison County,4,1646.0,1211.0,706.0,407.0,520.0,1169.0,1049.0,1.613717801484328,1.343269548504336,560.0,0.340218712029162,555.0,0.458298926507019,20.0,0.060606060606061,58.0,0.055290753098189,17.0,0.041769041769042,34.0,0.048158640226629,143.0,0.086877278250304,73.0,0.044349939246659,,9.21497513661202,57.67599,0.124405928374069,59.94269985,562663.0055148243,0.0,0.0,0.153059071315075,0.264450288521751,1.803476706516665,0.301420984845193,0.437333990985109,4.293228626251221,0.0,125.8699885157776,104.77502478333815,58.09384085343581,48.35770374615608,59.70755865492014,49.700973294660415,30.660638228202235,25.522121421582376,67.77614766234178,56.41732103718209,0.0,0.0,108.11909269944996,89.99905974979046,79.07217227273206,65.82020787671244,90.36819688312238,75.22309471624278,64.54871205937312,53.73078194017342,29.046920426717904,24.17885187307804,25.81948482374925,21.49231277606937,0.0,0.0,67.0,37.0,52.0,77.0,66.0,5.0,73.0,36.0,80.0,7.0,,78.0,36.0,37.0,19.0,42.0,0.0,67.0,49.0,56.0,40.0,18.0,16.0,0.0,80.0,70.0,58.0,35.0,57.0,38.0,36.0,19.0,60.0,43.0,0.0,0.0,80.0,70.0,66.0,49.0,69.0,56.0,62.0,41.0,35.0,17.0,34.0,16.0,0.0,0.0,7.0,4.0,6.0,8.0,7.0,1.0,8.0,4.0,9.0,1.0,,8.0,4.0,4.0,2.0,5.0,1.0,7.0,5.0,6.0,5.0,2.0,2.0,1.0,9.0,8.0,6.0,4.0,6.0,4.0,4.0,2.0,7.0,5.0,1.0,1.0,9.0,8.0,7.0,5.0,7.0,6.0,7.0,5.0,4.0,2.0,4.0,2.0,1.0,1.0,67 %ile,37 %ile,52 %ile,77 %ile,66 %ile,5 %ile,73 %ile,36 %ile,80 %ile,7 %ile,,78 %ile,36 %ile,37 %ile,19 %ile,42 %ile,0 %ile,67 %ile,49 %ile,56 %ile,40 %ile,18 %ile,16 %ile,0 %ile,80 %ile,70 %ile,58 %ile,35 %ile,57 %ile,38 %ile,36 %ile,19 %ile,60 %ile,43 %ile,0 %ile,0 %ile,80 %ile,70 %ile,66 %ile,49 %ile,69 %ile,56 %ile,62 %ile,41 %ile,35 %ile,17 %ile,34 %ile,16 %ile,0 %ile,0 %ile,4442866.0,59727.0,0.0,0.0,2.0,0.0,1.590626622224523,1.192140391723501,0.107753998344074,0.000422556008
280470026001,Mississippi,MS,Harrison County,4,1526.0,1231.0,1089.0,378.0,408.0,1279.0,1326.0,2.195432719681063,3.561097561648601,689.0,0.451507208387942,777.0,0.631194151096669,123.0,0.229906542056075,354.0,0.267115061253903,0.0,0.0,324.0,0.297520661157025,28.0,0.018348623853211,284.0,0.18610747051114,0.38974358974359,9.19726830601093,57.76774,0.122937988740406,63.64470161,597562.1900414972,6.0,0.014705882352941,0.150057798694164,0.265220258027724,1.415749621459133,1.952153653493551,0.426893049768299,6.766200065612793,0.0,171.24375213512295,277.76560980859085,79.03557790851829,128.19951221934963,81.23101062819934,131.76060978099824,41.71322167394021,67.66085367132341,94.40360694628573,153.12719515088983,37.32235623457808,60.538658548026206,144.8985594989502,235.03243906880763,107.57620326437213,174.49378052078143,114.1625014234153,185.1770732057272,136.11682862022593,220.78804882221323,39.517788954259146,64.09975610967481,90.0127415069236,146.0050000275926,0.0,0.0,82.0,98.0,62.0,90.0,97.0,96.0,0.0,91.0,22.0,60.0,99.0,78.0,36.0,37.0,19.0,43.0,17.0,66.0,49.0,52.0,62.0,18.0,41.0,0.0,89.0,99.0,68.0,81.0,66.0,81.0,46.0,49.0,70.0,86.0,42.0,42.0,86.0,97.0,75.0,88.0,76.0,92.0,82.0,95.0,44.0,46.0,68.0,83.0,0.0,0.0,9.0,11.0,7.0,10.0,11.0,11.0,1.0,10.0,3.0,7.0,11.0,8.0,4.0,4.0,2.0,5.0,2.0,7.0,5.0,6.0,7.0,2.0,5.0,1.0,9.0,11.0,7.0,9.0,7.0,9.0,5.0,5.0,8.0,9.0,5.0,5.0,9.0,11.0,8.0,9.0,8.0,10.0,9.0,11.0,5.0,5.0,7.0,9.0,1.0,1.0,82 %ile,98 %ile,62 %ile,90 %ile,97 %ile,96 %ile,0 %ile,91 %ile,22 %ile,60 %ile,99 %ile,78 %ile,36 %ile,37 %ile,19 %ile,43 %ile,17 %ile,66 %ile,49 %ile,52 %ile,62 %ile,18 %ile,41 %ile,0 %ile,89 %ile,99 %ile,68 %ile,81 %ile,66 %ile,81 %ile,46 %ile,49 %ile,70 %ile,86 %ile,42 %ile,42 %ile,86 %ile,97 %ile,75 %ile,88 %ile,76 %ile,92 %ile,82 %ile,95 %ile,44 %ile,46 %ile,68 %ile,83 %ile,0 %ile,0 %ile,974235.0,0.0,0.0,0.0,3.0,9.0,2.163402877913794,3.087878286489948,0.045026168812698,9.1423015e-05
280470026002,Mississippi,MS,Harrison County,4,951.0,951.0,464.0,321.0,337.0,544.0,740.0,3.459827749395287,3.598463546770764,910.0,0.956887486855941,788.0,0.828601472134595,45.0,0.175097276264591,198.0,0.267115061253903,0.0,0.0,98.0,0.211206896551724,40.0,0.042060988433228,107.0,0.112513144058885,0.38974358974359,9.19726830601093,57.76774,0.116092110358252,57.12008929,552803.5719028627,100.0,0.29673590504451,0.129636483276442,0.232550161823651,1.058633412187659,1.925164230165029,0.346740201983767,6.089580059051514,0.0,269.8665644528324,280.68015664811963,124.55379897823032,129.54468768374753,117.63414347943976,122.347760590206,62.276899489115166,64.77234384187376,141.85293772520677,147.5370054176013,200.67000946492664,208.71088571270437,221.4289759612984,230.3016669933289,162.61190422157847,169.12778669822592,159.1520764721832,165.52932315145517,214.50932046250776,223.1047398997874,62.276899489115166,64.77234384187376,117.63414347943976,122.347760590206,0.0,0.0,98.0,98.0,93.0,98.0,94.0,96.0,0.0,83.0,45.0,30.0,99.0,78.0,36.0,34.0,18.0,41.0,58.0,64.0,47.0,46.0,62.0,18.0,34.0,0.0,98.0,99.0,82.0,82.0,77.0,78.0,60.0,47.0,82.0,85.0,93.0,94.0,95.0,97.0,86.0,87.0,86.0,89.0,94.0,95.0,59.0,47.0,76.0,77.0,0.0,0.0,11.0,11.0,10.0,11.0,10.0,11.0,1.0,9.0,5.0,4.0,11.0,8.0,4.0,4.0,2.0,5.0,6.0,7.0,5.0,5.0,7.0,2.0,4.0,1.0,11.0,11.0,9.0,9.0,8.0,8.0,7.0,5.0,9.0,9.0,10.0,10.0,11.0,11.0,9.0,9.0,9.0,9.0,10.0,11.0,6.0,5.0,8.0,8.0,1.0,1.0,98 %ile,98 %ile,93 %ile,98 %ile,94 %ile,96 %ile,0 %ile,83 %ile,45 %ile,30 %ile,99 %ile,78 %ile,36 %ile,34 %ile,18 %ile,41 %ile,58 %ile,64 %ile,47 %ile,46 %ile,62 %ile,18 %ile,34 %ile,0 %ile,98 %ile,99 %ile,82 %ile,82 %ile,77 %ile,78 %ile,60 %ile,47 %ile,82 %ile,85 %ile,93 %ile,94 %ile,95 %ile,97 %ile,86 %ile,87 %ile,86 %ile,89 %ile,94 %ile,95 %ile,59 %ile,47 %ile,76 %ile,77 %ile,0 %ile,0 %ile,549679.0,0.0,0.0,0.0,8.0,8.0,3.422634912279021,3.10945510030143,0.030104414766435,5.15786285e-05
280470026003,Mississippi,MS,Harrison County,4,880.0,880.0,593.0,474.0,490.0,612.0,1153.0,2.962758795039036,3.236545186921637,766.0,0.870454545454545,594.0,0.675,0.0,0.0,308.0,0.267115061253903,2.0,0.0042194092827,47.0,0.079258010118044,61.0,0.069318181818182,69.0,0.078409090909091,0.38974358974359,9.19726830601093,57.76774,0.110187791655122,55.01885331,443313.4595546844,29.0,0.059183673469388,0.125522879033258,0.221129642338646,0.757395115586506,0.0,0.345539879225598,5.921899795532227,0.0,231.0951860130448,252.45052457988768,106.65931662140528,116.51562672917893,94.80828144124915,103.5694459814924,53.32965831070265,58.257813364589474,109.62207541644432,119.75217191610056,82.95724626109299,90.62326523380585,189.61656288249833,207.1388919629848,133.3241457767566,145.64453341147367,118.51035180156144,129.4618074768655,0.0,0.0,53.32965831070265,58.257813364589474,94.80828144124915,103.5694459814924,0.0,0.0,94.0,97.0,87.0,93.0,0.0,96.0,57.0,51.0,70.0,17.0,99.0,78.0,36.0,32.0,18.0,37.0,28.0,64.0,45.0,40.0,0.0,18.0,32.0,0.0,96.0,98.0,77.0,77.0,71.0,71.0,54.0,43.0,75.0,77.0,69.0,60.0,92.0,95.0,81.0,82.0,77.0,80.0,0.0,0.0,54.0,42.0,70.0,69.0,0.0,0.0,10.0,11.0,9.0,10.0,1.0,11.0,6.0,6.0,8.0,2.0,11.0,8.0,4.0,4.0,2.0,4.0,3.0,7.0,5.0,5.0,1.0,2.0,4.0,1.0,11.0,11.0,8.0,8.0,8.0,8.0,6.0,5.0,8.0,8.0,7.0,7.0,10.0,11.0,9.0,9.0,8.0,9.0,1.0,1.0,6.0,5.0,8.0,7.0,1.0,1.0,94 %ile,97 %ile,87 %ile,93 %ile,0 %ile,96 %ile,57 %ile,51 %ile,70 %ile,17 %ile,99 %ile,78 %ile,36 %ile,32 %ile,18 %ile,37 %ile,28 %ile,64 %ile,45 %ile,40 %ile,0 %ile,18 %ile,32 %ile,0 %ile,96 %ile,98 %ile,77 %ile,77 %ile,71 %ile,71 %ile,54 %ile,43 %ile,75 %ile,77 %ile,69 %ile,60 %ile,92 %ile,95 %ile,81 %ile,82 %ile,77 %ile,80 %ile,0 %ile,0 %ile,54 %ile,42 %ile,70 %ile,69 %ile,0 %ile,0 %ile,941907.0,0.0,0.0,0.0,3.0,4.0,2.933672916503352,2.755652950188554,0.039626826367729,8.83828615e-05
280470026004,Mississippi,MS,Harrison County,4,1101.0,1101.0,763.0,481.0,500.0,863.0,945.0,2.973811709255858,3.478881255735369,857.0,0.778383287920073,817.0,0.74205267938238,51.0,0.112087912087912,252.0,0.267115061253903,0.0,0.0,144.0,0.18872870249017,186.0,0.168937329700272,149.0,0.135331516802906,0.38974358974359,9.19726830601093,57.76774,0.118978457132002,58.32338924,520692.4214494469,102.0,0.204,0.137719064282842,0.243064296098646,1.135206662267593,1.604702485466798,0.38557369998915,6.089580059051514,0.0,231.9573133219569,271.3527379473588,107.05722153321088,125.23972520647328,104.08340982395504,121.7608439507379,56.502422475861295,66.098743858972,118.95246837023431,139.15525022941475,145.71677375353704,170.46518153103307,193.2977611016308,226.12728162279896,139.76915033502533,163.50741901956232,139.76915033502533,163.50741901956232,175.45489084609562,205.25399408838675,53.528610766605446,62.61986260323664,101.10959811469915,118.28196269500252,0.0,0.0,94.0,98.0,82.0,95.0,85.0,96.0,0.0,80.0,97.0,39.0,99.0,78.0,36.0,35.0,19.0,40.0,49.0,65.0,47.0,47.0,59.0,18.0,34.0,0.0,96.0,99.0,77.0,80.0,74.0,78.0,56.0,48.0,77.0,83.0,86.0,88.0,92.0,96.0,83.0,86.0,82.0,88.0,89.0,93.0,54.0,45.0,72.0,75.0,0.0,0.0,10.0,11.0,9.0,11.0,9.0,11.0,1.0,9.0,11.0,4.0,11.0,8.0,4.0,4.0,2.0,5.0,5.0,7.0,5.0,5.0,6.0,2.0,4.0,1.0,11.0,11.0,8.0,9.0,8.0,8.0,6.0,5.0,8.0,9.0,9.0,9.0,10.0,11.0,9.0,9.0,9.0,9.0,9.0,10.0,6.0,5.0,8.0,8.0,1.0,1.0,94 %ile,98 %ile,82 %ile,95 %ile,85 %ile,96 %ile,0 %ile,80 %ile,97 %ile,39 %ile,99 %ile,78 %ile,36 %ile,35 %ile,19 %ile,40 %ile,49 %ile,65 %ile,47 %ile,47 %ile,59 %ile,18 %ile,34 %ile,0 %ile,96 %ile,99 %ile,77 %ile,80 %ile,74 %ile,78 %ile,56 %ile,48 %ile,77 %ile,83 %ile,86 %ile,88 %ile,92 %ile,96 %ile,83 %ile,86 %ile,82 %ile,88 %ile,89 %ile,93 %ile,54 %ile,45 %ile,72 %ile,75 %ile,0 %ile,0 %ile,484139.0,0.0,0.0,0.0,6.0,8.0,2.939456574590864,2.989087386526434,0.029115077466904,4.5430703e-05
280470027011,Mississippi,MS,Harrison County,4,770.0,770.0,440.0,246.0,390.0,645.0,924.0,1.137066767704001,2.301628820018674,125.0,0.162337662337662,289.0,0.375324675324675,50.0,0.177304964539007,205.0,0.221864951768489,0.0,0.0,44.0,0.1,32.0,0.041558441558442,57.0,0.074025974025974,0.282051282051282,9.11997568306011,57.62532,0.082263596936599,48.38656243,347786.9662964513,20.0,0.051282051282051,0.0,0.117853789442082,0.158475684055161,6.611063612524256,0.101566813582727,4.58385705947876,0.0,87.55414111320806,177.22541914143792,39.79733686964003,80.55700870065358,23.878402121784013,48.33420522039216,19.330135050968007,39.12768994031747,37.523203334232015,75.95375106061626,30.70080272800802,62.1439781405042,0.0,0.0,40.934403637344026,82.85863752067227,23.878402121784013,48.33420522039216,95.51360848713603,193.33682088156863,17.056001515560013,34.52443230028011,21.604268586376016,43.73094758035481,0.0,0.0,49.0,84.0,31.0,67.0,94.0,90.0,0.0,59.0,45.0,15.0,97.0,77.0,35.0,21.0,17.0,33.0,27.0,0.0,36.0,21.0,84.0,15.0,19.0,0.0,69.0,92.0,46.0,58.0,32.0,37.0,24.0,29.0,43.0,56.0,36.0,43.0,0.0,0.0,48.0,59.0,32.0,37.0,73.0,92.0,23.0,25.0,30.0,34.0,0.0,0.0,5.0,9.0,4.0,7.0,10.0,10.0,1.0,6.0,5.0,2.0,11.0,8.0,4.0,3.0,2.0,4.0,3.0,1.0,4.0,3.0,9.0,2.0,2.0,1.0,7.0,10.0,5.0,6.0,4.0,4.0,3.0,3.0,5.0,6.0,4.0,5.0,1.0,1.0,5.0,6.0,4.0,4.0,8.0,10.0,3.0,3.0,4.0,4.0,1.0,1.0,49 %ile,84 %ile,31 %ile,67 %ile,94 %ile,90 %ile,0 %ile,59 %ile,45 %ile,15 %ile,97 %ile,77 %ile,35 %ile,21 %ile,17 %ile,33 %ile,27 %ile,0 %ile,36 %ile,21 %ile,84 %ile,15 %ile,19 %ile,0 %ile,69 %ile,92 %ile,46 %ile,58 %ile,32 %ile,37 %ile,24 %ile,29 %ile,43 %ile,56 %ile,36 %ile,43 %ile,0 %ile,0 %ile,48 %ile,59 %ile,32 %ile,37 %ile,73 %ile,92 %ile,23 %ile,25 %ile,30 %ile,34 %ile,0 %ile,0 %ile,928778.0,0.0,0.0,0.0,0.0,2.0,1.116606123753165,1.766389258340456,0.046510339632746,8.71407725e-05
280470027012,Mississippi,MS,Harrison County,4,1132.0,1132.0,701.0,424.0,454.0,860.0,734.0,0.521991095941849,1.964524925669135,176.0,0.15547703180212,133.0,0.117491166077739,0.0,0.0,163.0,0.221864951768489,0.0,0.0,31.0,0.044222539229672,0.0,0.0,240.0,0.212014134275618,0.282051282051282,9.11997568306011,57.62532,0.080475338862981,51.602204,227632.9198511748,34.0,0.07488986784141,0.0,0.153072174033082,0.121406952966782,0.0,0.083071664658168,3.834271430969238,0.0,40.19331438752239,151.2684192765234,18.26968835796472,68.75837239841974,10.439821918836984,39.290498513382715,9.395839726953286,35.36144866204444,13.57176849448808,51.07764806739752,16.181723974197325,60.90027269574319,0.0,0.0,20.879643837673967,78.5809970267654,9.917830822895136,37.32597358771357,0.0,0.0,7.30787534318589,27.50334895936789,6.78588424724404,25.53882403369876,0.0,0.0,16.0,72.0,30.0,21.0,0.0,90.0,0.0,33.0,0.0,69.0,97.0,77.0,35.0,20.0,18.0,26.0,31.0,0.0,40.0,19.0,0.0,14.0,13.0,0.0,45.0,86.0,24.0,50.0,15.0,29.0,12.0,26.0,20.0,39.0,23.0,42.0,0.0,0.0,35.0,56.0,19.0,28.0,0.0,0.0,12.0,20.0,11.0,19.0,0.0,0.0,2.0,8.0,4.0,3.0,1.0,10.0,1.0,4.0,1.0,7.0,11.0,8.0,4.0,3.0,2.0,3.0,4.0,1.0,5.0,2.0,1.0,2.0,2.0,1.0,5.0,9.0,3.0,6.0,2.0,3.0,2.0,3.0,3.0,4.0,3.0,5.0,1.0,1.0,4.0,6.0,2.0,3.0,1.0,1.0,2.0,3.0,2.0,2.0,1.0,1.0,16 %ile,72 %ile,30 %ile,21 %ile,0 %ile,90 %ile,0 %ile,33 %ile,0 %ile,69 %ile,97 %ile,77 %ile,35 %ile,20 %ile,18 %ile,26 %ile,31 %ile,0 %ile,40 %ile,19 %ile,0 %ile,14 %ile,13 %ile,0 %ile,45 %ile,86 %ile,24 %ile,50 %ile,15 %ile,29 %ile,12 %ile,26 %ile,20 %ile,39 %ile,23 %ile,42 %ile,0 %ile,0 %ile,35 %ile,56 %ile,19 %ile,28 %ile,0 %ile,0 %ile,12 %ile,20 %ile,11 %ile,19 %ile,0 %ile,0 %ile,1032965.0,0.0,0.0,0.0,0.0,1.0,0.516981230891077,1.428374944917622,0.043979530653153,9.69092925e-05
280470027013,Mississippi,MS,Harrison County,4,946.0,946.0,635.0,352.0,428.0,739.0,1141.0,0.698117779724656,2.077150286266576,112.0,0.118393234672304,206.0,0.217758985200846,18.0,0.042654028436019,253.0,0.221864951768489,0.0,0.0,35.0,0.05511811023622,82.0,0.086680761099366,109.0,0.115221987315011,0.282051282051282,9.11997568306011,57.62532,0.081243993938223,48.87137364,269570.82459960185,18.0,0.042056074766355,0.0,0.130961289366608,0.140998504989904,2.616127294370779,0.099064063921055,4.219180107116699,0.0,53.75506903879854,159.94057204252638,24.43412229036297,72.70026001933017,14.660473374217784,43.6201560115981,11.868002255319158,35.31155486653179,20.245415612015037,60.237358301730715,17.45294449311641,51.9287571566644,0.0,0.0,26.528475629536945,78.9317108781299,13.962355594493127,41.543005725331525,46.77389124155198,139.1690691798606,10.471766695869846,31.157254293998644,11.169884475594502,33.23440458026522,0.0,0.0,26.0,76.0,24.0,41.0,54.0,90.0,0.0,39.0,80.0,31.0,97.0,77.0,35.0,21.0,17.0,29.0,25.0,0.0,38.0,20.0,67.0,15.0,16.0,0.0,53.0,88.0,31.0,53.0,21.0,33.0,16.0,26.0,28.0,46.0,24.0,37.0,0.0,0.0,39.0,57.0,23.0,31.0,53.0,80.0,15.0,23.0,17.0,26.0,0.0,0.0,3.0,8.0,3.0,5.0,6.0,10.0,1.0,4.0,9.0,4.0,11.0,8.0,4.0,3.0,2.0,3.0,3.0,1.0,4.0,3.0,7.0,2.0,2.0,1.0,6.0,9.0,4.0,6.0,3.0,4.0,2.0,3.0,3.0,5.0,3.0,4.0,1.0,1.0,4.0,6.0,3.0,4.0,6.0,9.0,2.0,3.0,2.0,3.0,1.0,1.0,26 %ile,76 %ile,24 %ile,41 %ile,54 %ile,90 %ile,0 %ile,39 %ile,80 %ile,31 %ile,97 %ile,77 %ile,35 %ile,21 %ile,17 %ile,29 %ile,25 %ile,0 %ile,38 %ile,20 %ile,67 %ile,15 %ile,16 %ile,0 %ile,53 %ile,88 %ile,31 %ile,53 %ile,21 %ile,33 %ile,16 %ile,26 %ile,28 %ile,46 %ile,24 %ile,37 %ile,0 %ile,0 %ile,39 %ile,57 %ile,23 %ile,31 %ile,53 %ile,80 %ile,15 %ile,23 %ile,17 %ile,26 %ile,0 %ile,0 %ile,1309234.0,68199.0,0.0,0.0,0.0,2.0,0.686569431394275,1.539974892877368,0.05353048953923,0.000129234412
280470027021,Mississippi,MS,Harrison County,4,1425.0,1425.0,878.0,477.0,525.0,1043.0,944.0,0.926551918730657,2.223568622035989,364.0,0.255438596491228,317.0,0.222456140350877,13.0,0.01726427622842,174.0,0.184573930616369,47.0,0.09853249475891,89.0,0.101366742596811,58.0,0.040701754385965,215.0,0.150877192982456,0.282051282051282,9.1626349726776,57.7036,0.106635974777814,52.16894984,414726.8978575009,35.0,0.066666666666667,0.114472370599359,0.202996271282715,0.657909879511866,0.0,0.132809964547176,5.40036678314209,0.0,71.34449774226063,171.21478389677117,33.35586907430367,80.04847039329562,28.723109480650383,68.93062728311567,16.677934537151835,40.02423519664781,33.35586907430367,80.04847039329562,27.796557561919723,66.70705866107967,57.446218961300765,137.8612545662313,40.76828442414893,97.83701936958352,35.20897291176498,84.49560763736758,0.0,0.0,13.898278780959862,33.353529330539835,25.016901805727752,60.036352794971705,0.0,0.0,38.0,82.0,43.0,42.0,32.0,80.0,85.0,59.0,44.0,46.0,97.0,77.0,36.0,31.0,18.0,36.0,30.0,62.0,44.0,38.0,0.0,15.0,27.0,0.0,62.0,91.0,40.0,58.0,36.0,52.0,21.0,30.0,39.0,59.0,34.0,46.0,68.0,84.0,48.0,66.0,42.0,61.0,0.0,0.0,19.0,24.0,33.0,45.0,0.0,0.0,4.0,9.0,5.0,5.0,4.0,9.0,9.0,6.0,5.0,5.0,11.0,8.0,4.0,4.0,2.0,4.0,4.0,7.0,5.0,4.0,1.0,2.0,3.0,1.0,7.0,10.0,5.0,6.0,4.0,6.0,3.0,4.0,4.0,6.0,4.0,5.0,7.0,9.0,5.0,7.0,5.0,7.0,1.0,1.0,2.0,3.0,4.0,5.0,1.0,1.0,38 %ile,82 %ile,43 %ile,42 %ile,32 %ile,80 %ile,85 %ile,59 %ile,44 %ile,46 %ile,97 %ile,77 %ile,36 %ile,31 %ile,18 %ile,36 %ile,30 %ile,62 %ile,44 %ile,38 %ile,0 %ile,15 %ile,27 %ile,0 %ile,62 %ile,91 %ile,40 %ile,58 %ile,36 %ile,52 %ile,21 %ile,30 %ile,39 %ile,59 %ile,34 %ile,46 %ile,68 %ile,84 %ile,48 %ile,66 %ile,42 %ile,61 %ile,0 %ile,0 %ile,19 %ile,24 %ile,33 %ile,45 %ile,0 %ile,0 %ile,832057.0,884.0,0.0,0.0,0.0,2.0,0.916547245446044,2.201212097046416,0.036078001609452,7.8155482e-05
280470027022,Mississippi,MS,Harrison County,4,622.0,622.0,505.0,335.0,429.0,552.0,762.0,0.940490900660454,1.96369594231889,190.0,0.305466237942122,121.0,0.194533762057878,0.0,0.0,141.0,0.184573930616369,0.0,0.0,36.0,0.071287128712871,0.0,0.0,91.0,0.146302250803859,0.282051282051282,9.1626349726776,57.7036,0.105440820281213,49.68102765,402574.5407858208,109.0,0.254079254079254,0.107742473779352,0.195726470144943,0.506945364114604,0.0,0.119750612953365,5.001620292663574,0.0,72.41779935085498,151.20458755855452,33.85767242377635,70.69305392348004,28.214727019813633,58.9108782695667,15.988345311227722,33.38283101942113,32.9171815231159,68.72935798116113,50.786508635664525,106.03958088522006,57.3699449402877,119.78545248145228,40.441108728399534,84.43892551971227,31.976690622455443,66.76566203884227,0.0,0.0,14.107363509906817,29.45543913478335,21.63129071519045,45.165006673334474,0.0,0.0,39.0,72.0,49.0,37.0,0.0,80.0,0.0,47.0,0.0,44.0,97.0,77.0,36.0,30.0,17.0,35.0,54.0,61.0,43.0,34.0,0.0,15.0,23.0,0.0,63.0,86.0,41.0,52.0,36.0,45.0,21.0,25.0,39.0,52.0,52.0,68.0,68.0,79.0,48.0,59.0,39.0,50.0,0.0,0.0,19.0,21.0,30.0,35.0,0.0,0.0,4.0,8.0,5.0,4.0,1.0,9.0,1.0,5.0,1.0,5.0,11.0,8.0,4.0,4.0,2.0,4.0,6.0,7.0,5.0,4.0,1.0,2.0,3.0,1.0,7.0,9.0,5.0,6.0,4.0,5.0,3.0,3.0,4.0,6.0,6.0,7.0,7.0,8.0,5.0,6.0,4.0,6.0,1.0,1.0,2.0,3.0,4.0,4.0,1.0,1.0,39 %ile,72 %ile,49 %ile,37 %ile,0 %ile,80 %ile,0 %ile,47 %ile,0 %ile,44 %ile,97 %ile,77 %ile,36 %ile,30 %ile,17 %ile,35 %ile,54 %ile,61 %ile,43 %ile,34 %ile,0 %ile,15 %ile,23 %ile,0 %ile,63 %ile,86 %ile,41 %ile,52 %ile,36 %ile,45 %ile,21 %ile,25 %ile,39 %ile,52 %ile,52 %ile,68 %ile,68 %ile,79 %ile,48 %ile,59 %ile,39 %ile,50 %ile,0 %ile,0 %ile,19 %ile,21 %ile,30 %ile,35 %ile,0 %ile,0 %ile,728162.0,2315.0,0.0,0.0,0.0,1.0,0.932836261737003,1.441394115378777,0.033958148087305,6.8538999e-05
280470027023,Mississippi,MS,Harrison County,4,926.0,922.0,613.0,478.0,534.0,747.0,1263.0,1.400231471497726,2.429798176001035,80.0,0.086393088552916,497.0,0.539045553145336,27.0,0.074175824175824,233.0,0.184573930616369,0.0,0.0,95.0,0.154975530179445,52.0,0.056155507559395,296.0,0.319654427645788,0.282051282051282,9.1626349726776,57.7036,0.099370354476883,48.89396849,406072.89889686,30.0,0.056179775280899,0.106877571749639,0.292899193702418,0.581556084157718,2.201656635381453,0.152550935476024,4.174699783325195,0.0,107.8178233053249,187.09445955207968,50.408332973918135,87.47273433603726,39.20648120193633,68.03434892802898,23.803935015461345,41.3065689920176,49.00810150242041,85.04293616003622,39.20648120193633,68.03434892802898,84.01388828986357,145.78789056006207,71.41180504638402,123.91970697605278,50.408332973918135,87.47273433603726,89.61481417585446,155.50708326406624,22.403703543963616,38.87677081601656,21.00347207246589,36.44697264001552,0.0,0.0,60.0,87.0,19.0,84.0,73.0,80.0,0.0,74.0,59.0,90.0,97.0,77.0,36.0,28.0,17.0,35.0,28.0,60.0,51.0,36.0,64.0,16.0,15.0,0.0,76.0,93.0,53.0,63.0,45.0,52.0,29.0,31.0,50.0,62.0,43.0,46.0,75.0,86.0,63.0,76.0,52.0,63.0,71.0,85.0,28.0,28.0,29.0,28.0,0.0,0.0,7.0,9.0,2.0,9.0,8.0,9.0,1.0,8.0,6.0,10.0,11.0,8.0,4.0,3.0,2.0,4.0,3.0,7.0,6.0,4.0,7.0,2.0,2.0,1.0,8.0,10.0,6.0,7.0,5.0,6.0,3.0,4.0,6.0,7.0,5.0,5.0,8.0,9.0,7.0,8.0,6.0,7.0,8.0,9.0,3.0,3.0,3.0,3.0,1.0,1.0,60 %ile,87 %ile,19 %ile,84 %ile,73 %ile,80 %ile,0 %ile,74 %ile,59 %ile,90 %ile,97 %ile,77 %ile,36 %ile,28 %ile,17 %ile,35 %ile,28 %ile,60 %ile,51 %ile,36 %ile,64 %ile,16 %ile,15 %ile,0 %ile,76 %ile,93 %ile,53 %ile,63 %ile,45 %ile,52 %ile,29 %ile,31 %ile,50 %ile,62 %ile,43 %ile,46 %ile,75 %ile,86 %ile,63 %ile,76 %ile,52 %ile,63 %ile,71 %ile,85 %ile,28 %ile,28 %ile,29 %ile,28 %ile,0 %ile,0 %ile,2409499.0,2150.0,0.0,0.0,0.0,3.0,1.368889371456863,1.909883271585027,0.079887316237766,0.000226290536
280470028011,Mississippi,MS,Harrison County,4,1035.0,1035.0,565.0,442.0,485.0,906.0,1020.0,1.169750962153079,1.419343652617644,320.0,0.309178743961353,300.0,0.289855072463768,14.0,0.024647887323944,122.0,0.11943661971831,0.0,0.0,40.0,0.070796460176991,8.0,0.007729468599034,161.0,0.155555555555556,0.196923076923077,9.097487158469947,57.73795,0.081405655442104,51.69390673,274821.6586260429,0.0,0.0,0.0,0.149544892596664,0.118421431534938,0.0,0.076435658097317,5.473799705505371,0.0,88.90107312363403,107.87011759894096,42.11103463751086,51.09637149423519,24.56477020521467,29.806216704970527,21.05551731875543,25.5481857471176,33.92277790243931,41.16096592591168,0.0,0.0,0.0,0.0,45.6202875239701,55.35440245208813,22.22526828090851,26.96752939973524,0.0,0.0,16.376513470143113,19.870811136647017,32.753026940286226,39.741622273294034,0.0,0.0,50.0,42.0,49.0,54.0,39.0,44.0,0.0,47.0,14.0,48.0,53.0,76.0,36.0,21.0,18.0,29.0,0.0,0.0,39.0,19.0,0.0,14.0,28.0,0.0,69.0,71.0,47.0,37.0,32.0,21.0,26.0,19.0,40.0,31.0,0.0,0.0,0.0,0.0,51.0,43.0,31.0,20.0,0.0,0.0,22.0,14.0,39.0,31.0,0.0,0.0,6.0,5.0,5.0,6.0,4.0,5.0,1.0,5.0,2.0,5.0,6.0,8.0,4.0,3.0,2.0,3.0,1.0,1.0,4.0,2.0,1.0,2.0,3.0,1.0,7.0,8.0,5.0,4.0,4.0,3.0,3.0,2.0,5.0,4.0,1.0,1.0,1.0,1.0,6.0,5.0,4.0,3.0,1.0,1.0,3.0,2.0,4.0,4.0,1.0,1.0,50 %ile,42 %ile,49 %ile,54 %ile,39 %ile,44 %ile,0 %ile,47 %ile,14 %ile,48 %ile,53 %ile,76 %ile,36 %ile,21 %ile,18 %ile,29 %ile,0 %ile,0 %ile,39 %ile,19 %ile,0 %ile,14 %ile,28 %ile,0 %ile,69 %ile,71 %ile,47 %ile,37 %ile,32 %ile,21 %ile,26 %ile,19 %ile,40 %ile,31 %ile,0 %ile,0 %ile,0 %ile,0 %ile,51 %ile,43 %ile,31 %ile,20 %ile,0 %ile,0 %ile,22 %ile,14 %ile,39 %ile,31 %ile,0 %ile,0 %ile,514373.0,0.0,0.0,0.0,0.0,0.0,1.156399832345887,0.870374841604011,0.028701464529272,4.82541275e-05
280470028012,Mississippi,MS,Harrison County,4,808.0,808.0,672.0,398.0,438.0,735.0,755.0,0.582471027579115,1.29009855786575,81.0,0.100247524752475,146.0,0.180693069306931,109.0,0.249427917620137,90.0,0.11943661971831,0.0,0.0,37.0,0.055059523809524,57.0,0.070544554455446,201.0,0.248762376237624,0.196923076923077,9.097487158469947,57.73795,0.080244674318343,52.62349729,330880.6208306749,13.0,0.029680365296804,0.073689054799862,0.305167073709628,0.312264015027824,6.411927977376489,0.088578985206582,6.566188812255859,,44.26779809601275,98.04749039779696,20.968956992848145,46.443548083167,11.6494205515823,25.801971157314995,10.484478496424073,23.221774041583497,18.63907288253168,41.28315385170399,12.231891579161417,27.092069715180745,32.618377544430444,72.24551924048198,30.288493434113985,67.085125009019,15.726717744636106,34.832661062375244,48.34509528906655,107.07818030285723,8.154594386107611,18.061379810120496,22.716370075585488,50.31384375676424,,,19.0,34.0,21.0,34.0,97.0,44.0,0.0,39.0,71.0,79.0,53.0,76.0,36.0,20.0,18.0,32.0,21.0,56.0,52.0,27.0,83.0,14.0,39.0,,47.0,66.0,27.0,34.0,17.0,18.0,14.0,17.0,26.0,31.0,20.0,21.0,61.0,63.0,41.0,50.0,25.0,26.0,54.0,70.0,12.0,13.0,31.0,39.0,,,2.0,4.0,3.0,4.0,11.0,5.0,1.0,4.0,8.0,8.0,6.0,8.0,4.0,3.0,2.0,4.0,3.0,6.0,6.0,3.0,9.0,2.0,4.0,,5.0,7.0,3.0,4.0,2.0,2.0,2.0,2.0,3.0,4.0,3.0,3.0,7.0,7.0,5.0,6.0,3.0,3.0,6.0,8.0,2.0,2.0,4.0,4.0,,,19 %ile,34 %ile,21 %ile,34 %ile,97 %ile,44 %ile,0 %ile,39 %ile,71 %ile,79 %ile,53 %ile,76 %ile,36 %ile,20 %ile,18 %ile,32 %ile,21 %ile,56 %ile,52 %ile,27 %ile,83 %ile,14 %ile,39 %ile,,47 %ile,66 %ile,27 %ile,34 %ile,17 %ile,18 %ile,14 %ile,17 %ile,26 %ile,31 %ile,20 %ile,21 %ile,61 %ile,63 %ile,41 %ile,50 %ile,25 %ile,26 %ile,54 %ile,70 %ile,12 %ile,13 %ile,31 %ile,39 %ile,,,1320909.0,9561390.0,0.0,0.0,0.0,0.0,0.572915133576935,0.741750980893008,0.183242801088489,0.001021063808001
280470028021,Mississippi,MS,Harrison County,4,717.0,717.0,563.0,301.0,326.0,589.0,631.0,0.903703814900995,1.694779482424082,17.0,0.02370990237099,265.0,0.369595536959554,12.0,0.047430830039526,135.0,0.213343677269201,0.0,0.0,7.0,0.012433392539964,53.0,0.073919107391911,202.0,0.281729428172943,0.196923076923077,9.127802185792348,57.68714,0.105733493549514,51.25717544,530743.6331137485,88.0,0.269938650306748,0.105491910111685,0.286059628016749,0.608778285661807,10.313277381221004,0.103566428783211,7.115416526794434,0.0,69.58519374737661,130.4980201466543,32.533337336435814,61.01206136726695,27.111114447029845,50.84338447272246,15.362964853316912,28.811251201209394,37.05185641094079,69.48595877938736,50.60741363445571,94.90765101574861,54.22222889405969,101.68676894544492,46.08889455995074,86.43375360362819,32.533337336435814,61.01206136726695,81.33334334108953,152.53015341816737,13.555557223514922,25.42169223636123,40.666671670544766,76.26507670908369,0.0,0.0,37.0,59.0,6.0,66.0,58.0,88.0,0.0,14.0,73.0,85.0,53.0,77.0,36.0,30.0,17.0,41.0,56.0,60.0,51.0,36.0,90.0,15.0,45.0,0.0,62.0,80.0,39.0,45.0,35.0,39.0,20.0,21.0,42.0,52.0,52.0,62.0,67.0,74.0,51.0,60.0,40.0,46.0,68.0,84.0,18.0,18.0,45.0,56.0,0.0,0.0,4.0,6.0,1.0,7.0,6.0,9.0,1.0,2.0,8.0,9.0,6.0,8.0,4.0,4.0,2.0,5.0,6.0,7.0,6.0,4.0,10.0,2.0,5.0,1.0,7.0,9.0,4.0,5.0,4.0,4.0,3.0,3.0,5.0,6.0,6.0,7.0,7.0,8.0,6.0,7.0,5.0,5.0,7.0,9.0,2.0,2.0,5.0,6.0,1.0,1.0,37 %ile,59 %ile,6 %ile,66 %ile,58 %ile,88 %ile,0 %ile,14 %ile,73 %ile,85 %ile,53 %ile,77 %ile,36 %ile,30 %ile,17 %ile,41 %ile,56 %ile,60 %ile,51 %ile,36 %ile,90 %ile,15 %ile,45 %ile,0 %ile,62 %ile,80 %ile,39 %ile,45 %ile,35 %ile,39 %ile,20 %ile,21 %ile,42 %ile,52 %ile,52 %ile,62 %ile,67 %ile,74 %ile,51 %ile,60 %ile,40 %ile,46 %ile,68 %ile,84 %ile,18 %ile,18 %ile,45 %ile,56 %ile,0 %ile,0 %ile,1468667.0,0.0,0.0,0.0,0.0,2.0,0.881740610532928,1.105588437926243,0.061544142649118,0.0001377945445
280470028022,Mississippi,MS,Harrison County,4,656.0,656.0,575.0,326.0,437.0,582.0,658.0,0.484353987814951,1.641221846550234,57.0,0.086890243902439,97.0,0.147865853658537,37.0,0.128472222222222,140.0,0.213343677269201,0.0,0.0,59.0,0.102608695652174,0.0,0.0,217.0,0.330792682926829,0.196923076923077,9.127802185792348,57.68714,0.087475492043657,49.2188492,338286.95394184167,100.0,0.22883295194508,0.0,0.122791515769038,0.146669414815617,9.173809155899814,0.080540566333769,6.702357292175293,0.0,37.295257061751215,126.37408218436802,17.436743561338236,59.083986475808416,11.140141719743871,37.748102470655375,8.234017792854166,27.900771391353977,15.499327610078431,52.51909908960749,24.7020533785625,83.70231417406193,0.0,0.0,17.436743561338236,59.083986475808416,10.171433744113973,34.465658777554914,42.623150927715685,144.42752249642055,6.780955829409313,22.977105851703275,19.37415951259804,65.64887386200935,0.0,0.0,14.0,56.0,19.0,27.0,88.0,88.0,0.0,59.0,0.0,91.0,53.0,77.0,36.0,23.0,17.0,32.0,51.0,0.0,36.0,21.0,88.0,14.0,40.0,0.0,42.0,79.0,23.0,43.0,16.0,28.0,11.0,21.0,22.0,40.0,31.0,56.0,0.0,0.0,33.0,45.0,19.0,26.0,50.0,82.0,11.0,17.0,27.0,49.0,0.0,0.0,2.0,6.0,2.0,3.0,9.0,9.0,1.0,6.0,1.0,10.0,6.0,8.0,4.0,3.0,2.0,4.0,6.0,1.0,4.0,3.0,9.0,2.0,5.0,1.0,5.0,8.0,3.0,5.0,2.0,3.0,2.0,3.0,3.0,5.0,4.0,6.0,1.0,1.0,4.0,5.0,2.0,3.0,6.0,9.0,2.0,2.0,3.0,5.0,1.0,1.0,14 %ile,56 %ile,19 %ile,27 %ile,88 %ile,88 %ile,0 %ile,59 %ile,0 %ile,91 %ile,53 %ile,77 %ile,36 %ile,23 %ile,17 %ile,32 %ile,51 %ile,0 %ile,36 %ile,21 %ile,88 %ile,14 %ile,40 %ile,0 %ile,42 %ile,79 %ile,23 %ile,43 %ile,16 %ile,28 %ile,11 %ile,21 %ile,22 %ile,40 %ile,31 %ile,56 %ile,0 %ile,0 %ile,33 %ile,45 %ile,19 %ile,26 %ile,50 %ile,82 %ile,11 %ile,17 %ile,27 %ile,49 %ile,0 %ile,0 %ile,1411913.0,0.0,0.0,0.0,0.0,1.0,0.476598868786767,1.068899867273654,0.057444941866574,0.0001324597015
280470029001,Mississippi,MS,Harrison County,4,1016.0,1016.0,644.0,394.0,521.0,678.0,866.0,0.309780064013738,1.315580796736294,30.0,0.029527559055118,114.0,0.112204724409449,22.0,0.055555555555556,180.0,0.207951070336391,0.0,0.0,3.0,0.004658385093168,126.0,0.124015748031496,254.0,0.25,0.175384615384615,8.97888879781421,57.53594,0.074867695745509,68.79932499,207377.36175984424,44.0,0.084452975047985,0.0,0.241558265927412,0.092958052199073,3.980182591158493,0.079262812581954,4.266914367675781,0.0,22.92372473701665,97.35297895848576,10.842302240480846,46.04532788577029,5.576041152247292,23.680454341253288,6.19560128027477,26.31161593472588,7.744501600343462,32.88951991840735,10.22274211245337,43.41416629229769,0.0,0.0,14.559663008645709,61.83229744660582,5.266261088233554,22.364873544517,23.233504801030385,98.66855975522206,4.336920896192339,18.41813115430812,4.956481024219816,21.049292747780704,0.0,0.0,6.0,36.0,7.0,20.0,63.0,87.0,0.0,10.0,92.0,79.0,32.0,74.0,35.0,18.0,20.0,25.0,33.0,0.0,47.0,17.0,75.0,14.0,16.0,0.0,30.0,66.0,15.0,34.0,8.0,16.0,8.0,19.0,12.0,24.0,18.0,31.0,0.0,0.0,32.0,46.0,16.0,18.0,37.0,66.0,9.0,13.0,8.0,15.0,0.0,0.0,1.0,4.0,1.0,3.0,7.0,9.0,1.0,2.0,10.0,8.0,4.0,8.0,4.0,2.0,3.0,3.0,4.0,1.0,5.0,2.0,8.0,2.0,2.0,1.0,4.0,7.0,2.0,4.0,1.0,2.0,1.0,2.0,2.0,3.0,2.0,4.0,1.0,1.0,4.0,5.0,2.0,2.0,4.0,7.0,1.0,2.0,1.0,2.0,1.0,1.0,6 %ile,36 %ile,7 %ile,20 %ile,63 %ile,87 %ile,0 %ile,10 %ile,92 %ile,79 %ile,32 %ile,74 %ile,35 %ile,18 %ile,20 %ile,25 %ile,33 %ile,0 %ile,47 %ile,17 %ile,75 %ile,14 %ile,16 %ile,0 %ile,30 %ile,66 %ile,15 %ile,34 %ile,8 %ile,16 %ile,8 %ile,19 %ile,12 %ile,24 %ile,18 %ile,31 %ile,0 %ile,0 %ile,32 %ile,46 %ile,16 %ile,18 %ile,37 %ile,66 %ile,9 %ile,13 %ile,8 %ile,15 %ile,0 %ile,0 %ile,1999740.0,0.0,0.0,0.0,0.0,0.0,0.303409954808554,0.72181119004221,0.087188231747472,0.0001875814795
280470029002,Mississippi,MS,Harrison County,4,619.0,619.0,466.0,321.0,612.0,529.0,769.0,0.419650596675644,1.31903655746309,50.0,0.080775444264943,77.0,0.124394184168013,31.0,0.089595375722543,160.0,0.207951070336391,0.0,0.0,0.0,0.0,31.0,0.050080775444265,206.0,0.332794830371567,0.175384615384615,8.97888879781421,57.53594,0.073349353759099,96.04792563,221800.16114934537,65.0,0.106209150326797,0.0,0.573010240378538,0.163255924853822,2.961648542083667,0.078139017661211,5.063581466674805,0.0,31.054144153997665,97.60870525226865,14.687770883647543,46.16627951120815,7.134060143485949,22.42362147687253,9.651963723539811,30.33784082165107,10.910915513566746,34.29495049404034,15.107421480323186,47.48531606867124,0.0,0.0,28.116589977268152,88.37544935002703,8.812662530188526,27.699767706724888,29.375541767295086,92.3325590224163,5.875108353459018,18.46651180448326,10.071614320215458,31.65687737911416,0.0,0.0,10.0,36.0,17.0,23.0,79.0,87.0,0.0,0.0,53.0,91.0,32.0,74.0,35.0,17.0,23.0,26.0,36.0,0.0,67.0,21.0,70.0,14.0,24.0,0.0,37.0,66.0,20.0,34.0,10.0,15.0,13.0,22.0,17.0,25.0,22.0,34.0,0.0,0.0,40.0,61.0,18.0,21.0,41.0,63.0,10.0,13.0,16.0,24.0,0.0,0.0,2.0,4.0,2.0,3.0,8.0,9.0,1.0,1.0,6.0,10.0,4.0,8.0,4.0,2.0,3.0,3.0,4.0,1.0,7.0,3.0,8.0,2.0,3.0,1.0,4.0,7.0,3.0,4.0,2.0,2.0,2.0,3.0,2.0,3.0,3.0,4.0,1.0,1.0,5.0,7.0,2.0,3.0,5.0,7.0,2.0,2.0,2.0,3.0,1.0,1.0,10 %ile,36 %ile,17 %ile,23 %ile,79 %ile,87 %ile,0 %ile,0 %ile,53 %ile,91 %ile,32 %ile,74 %ile,35 %ile,17 %ile,23 %ile,26 %ile,36 %ile,0 %ile,67 %ile,21 %ile,70 %ile,14 %ile,24 %ile,0 %ile,37 %ile,66 %ile,20 %ile,34 %ile,10 %ile,15 %ile,13 %ile,22 %ile,17 %ile,25 %ile,22 %ile,34 %ile,0 %ile,0 %ile,40 %ile,61 %ile,18 %ile,21 %ile,41 %ile,63 %ile,10 %ile,13 %ile,16 %ile,24 %ile,0 %ile,0 %ile,4580111.0,6259752.0,0.0,0.0,0.0,0.0,0.413228841862639,0.724377783896298,0.242552729782053,0.001016651938
280470030011,Mississippi,MS,Harrison County,4,1269.0,1112.0,937.0,508.0,619.0,968.0,1017.0,1.844870163855499,1.825219631764721,616.0,0.485421591804571,510.0,0.45863309352518,52.0,0.083333333333333,132.0,0.130030959752322,0.0,0.0,91.0,0.097118463180363,48.0,0.037825059101655,289.0,0.227738376674547,0.230769230769231,9.02269863387978,57.38178,0.074841257040913,100.5643351,143617.5366291908,10.0,0.016155088852989,0.0,0.947190360598795,0.103082957504033,4.998511027735996,0.01817991393302,3.911915302276611,0.0,138.36526228916244,136.89147238235407,62.725585571086974,62.057467480000525,33.20766294939899,32.85395337176499,44.27688393253199,43.805271162353314,38.74227344096549,38.32961226705915,33.20766294939899,32.85395337176499,0.0,0.0,145.74474294458443,144.192350909413,33.20766294939899,32.85395337176499,145.74474294458443,144.192350909413,22.138441966265994,21.902635581176657,23.983312130121487,23.727855212941375,0.0,0.0,74.0,66.0,64.0,77.0,77.0,51.0,0.0,58.0,41.0,73.0,82.0,75.0,34.0,18.0,24.0,21.0,18.0,0.0,79.0,18.0,79.0,12.0,13.0,0.0,83.0,82.0,60.0,46.0,40.0,24.0,48.0,32.0,43.0,29.0,38.0,25.0,0.0,0.0,84.0,82.0,40.0,25.0,84.0,82.0,28.0,16.0,32.0,18.0,0.0,0.0,8.0,7.0,7.0,8.0,8.0,6.0,1.0,6.0,5.0,8.0,9.0,8.0,4.0,2.0,3.0,3.0,2.0,1.0,8.0,2.0,8.0,2.0,2.0,1.0,9.0,9.0,7.0,5.0,5.0,3.0,5.0,4.0,5.0,3.0,4.0,3.0,1.0,1.0,9.0,9.0,5.0,3.0,9.0,9.0,3.0,2.0,4.0,2.0,1.0,1.0,74 %ile,66 %ile,64 %ile,77 %ile,77 %ile,51 %ile,0 %ile,58 %ile,41 %ile,73 %ile,82 %ile,75 %ile,34 %ile,18 %ile,24 %ile,21 %ile,18 %ile,0 %ile,79 %ile,18 %ile,79 %ile,12 %ile,13 %ile,0 %ile,83 %ile,82 %ile,60 %ile,46 %ile,40 %ile,24 %ile,48 %ile,32 %ile,43 %ile,29 %ile,38 %ile,25 %ile,0 %ile,0 %ile,84 %ile,82 %ile,40 %ile,25 %ile,84 %ile,82 %ile,28 %ile,16 %ile,32 %ile,18 %ile,0 %ile,0 %ile,2988591.0,33930.0,0.0,0.0,3.0,3.0,1.823694401065236,1.290234643440621,0.090841282196799,0.0002835056625
280470030012,Mississippi,MS,Harrison County,4,1042.0,1042.0,642.0,398.0,483.0,829.0,1244.0,1.495024762537151,1.817723990755963,397.0,0.380998080614203,396.0,0.380038387715931,65.0,0.121722846441948,162.0,0.130030959752322,11.0,0.027638190954774,68.0,0.105919003115265,67.0,0.064299424184261,94.0,0.09021113243762,0.230769230769231,9.02269863387978,57.38178,0.074615049126712,99.84187063,183678.93245617425,12.0,0.024844720496894,0.0,1.117093090602509,0.179173163242316,1.730645194236695,0.057215319291194,3.399620771408081,0.0,112.12685719028634,136.3292993066972,50.83084192626315,61.802615685702726,26.910445725668723,32.719031833607325,35.88059430089163,43.62537577814311,35.88059430089163,43.62537577814311,29.900495250743027,36.354479815119255,0.0,0.0,124.08705529058356,150.8710912327449,32.890544775817325,39.98992779663118,89.70148575222908,109.06343944535776,20.93034667552012,25.44813587058348,13.45522286283436,16.359515916803666,0.0,0.0,63.0,65.0,56.0,67.0,87.0,51.0,67.0,61.0,66.0,21.0,82.0,75.0,34.0,18.0,24.0,24.0,20.0,0.0,83.0,22.0,60.0,14.0,9.0,0.0,77.0,82.0,53.0,45.0,35.0,24.0,41.0,32.0,41.0,33.0,35.0,27.0,0.0,0.0,79.0,84.0,40.0,30.0,71.0,70.0,27.0,18.0,20.0,12.0,0.0,0.0,7.0,7.0,6.0,7.0,9.0,6.0,7.0,7.0,7.0,3.0,9.0,8.0,4.0,2.0,3.0,3.0,3.0,1.0,9.0,3.0,7.0,2.0,1.0,1.0,8.0,9.0,6.0,5.0,4.0,3.0,5.0,4.0,5.0,4.0,4.0,3.0,1.0,1.0,8.0,9.0,5.0,4.0,8.0,8.0,3.0,2.0,3.0,2.0,1.0,1.0,63 %ile,65 %ile,56 %ile,67 %ile,87 %ile,51 %ile,67 %ile,61 %ile,66 %ile,21 %ile,82 %ile,75 %ile,34 %ile,18 %ile,24 %ile,24 %ile,20 %ile,0 %ile,83 %ile,22 %ile,60 %ile,14 %ile,9 %ile,0 %ile,77 %ile,82 %ile,53 %ile,45 %ile,35 %ile,24 %ile,41 %ile,32 %ile,41 %ile,33 %ile,35 %ile,27 %ile,0 %ile,0 %ile,79 %ile,84 %ile,40 %ile,30 %ile,71 %ile,70 %ile,27 %ile,18 %ile,20 %ile,12 %ile,0 %ile,0 %ile,6524604.0,580830.0,0.0,0.0,0.0,2.0,1.477194727469353,1.425103124323625,0.215622587529085,0.000666535280001
280470030021,Mississippi,MS,Harrison County,4,291.0,291.0,291.0,149.0,236.0,291.0,412.0,0.373777071063675,1.656293269196724,8.0,0.027491408934708,41.0,0.140893470790378,0.0,0.0,76.0,0.185483870967742,0.0,0.0,20.0,0.06872852233677,0.0,0.0,112.0,0.384879725085911,0.230769230769231,8.95783306010929,57.2897,0.07322619900111,149.0183257,158920.70980160194,0.0,0.0,0.0,0.385689791646379,0.118536924687985,0.0,0.106293967599851,5.463088989257812,0.0,27.285726187648272,120.90940865136082,12.708420416164948,56.3139711526886,6.354210208082474,28.1569855763443,10.4657579897829,46.376211537508254,8.22309556340085,36.43845192232792,0.0,0.0,0.0,0.0,21.305293050629476,94.40871634421325,7.101764350209825,31.469572114737748,0.0,0.0,5.606656065955125,24.84439903795085,10.4657579897829,46.376211537508254,0.0,0.0,8.0,57.0,7.0,26.0,0.0,80.0,0.0,46.0,0.0,95.0,82.0,73.0,34.0,17.0,28.0,22.0,0.0,0.0,57.0,19.0,0.0,15.0,28.0,0.0,34.0,77.0,17.0,41.0,9.0,20.0,14.0,34.0,13.0,27.0,0.0,0.0,0.0,0.0,35.0,64.0,17.0,24.0,0.0,0.0,10.0,18.0,16.0,36.0,0.0,0.0,1.0,6.0,1.0,3.0,1.0,9.0,1.0,5.0,1.0,11.0,9.0,8.0,4.0,2.0,3.0,3.0,1.0,1.0,6.0,2.0,1.0,2.0,3.0,1.0,4.0,8.0,2.0,5.0,1.0,3.0,2.0,4.0,2.0,3.0,1.0,1.0,1.0,1.0,4.0,7.0,2.0,3.0,1.0,1.0,2.0,2.0,2.0,4.0,1.0,1.0,8 %ile,57 %ile,7 %ile,26 %ile,0 %ile,80 %ile,0 %ile,46 %ile,0 %ile,95 %ile,82 %ile,73 %ile,34 %ile,17 %ile,28 %ile,22 %ile,0 %ile,0 %ile,57 %ile,19 %ile,0 %ile,15 %ile,28 %ile,0 %ile,34 %ile,77 %ile,17 %ile,41 %ile,9 %ile,20 %ile,14 %ile,34 %ile,13 %ile,27 %ile,0 %ile,0 %ile,0 %ile,0 %ile,35 %ile,64 %ile,17 %ile,24 %ile,0 %ile,0 %ile,10 %ile,18 %ile,16 %ile,36 %ile,0 %ile,0 %ile,2890957.0,5683160.0,0.0,0.0,0.0,0.0,0.365650459212631,1.107129573093548,0.139234823523157,0.000804206437499
280470030022,Mississippi,MS,Harrison County,4,1693.0,1693.0,1143.0,624.0,844.0,1323.0,1572.0,1.398145229054659,1.827109067269668,526.0,0.310691080921441,654.0,0.38629651506202,49.0,0.074809160305344,292.0,0.185483870967742,0.0,0.0,39.0,0.034120734908136,82.0,0.048434731246308,360.0,0.212640283520378,0.230769230769231,8.95783306010929,57.2897,0.074773375616931,136.9312128,127257.95615916404,0.0,0.0,0.0,0.482980473499048,0.124196941194042,2.775778035567058,0.081686258837888,4.489930629730225,0.0,102.06460172099013,133.37896191068575,47.536937787858406,62.121708287168715,25.166614122983862,32.887963210854025,37.7499211844758,49.33194481628104,26.564759352038525,34.715072278123685,0.0,0.0,0.0,0.0,88.08314943044353,115.10787123798907,27.962904581093184,36.54218134539336,95.07387557571681,124.2434165743374,19.57403320676523,25.579526941775352,25.166614122983862,32.887963210854025,0.0,0.0,60.0,66.0,49.0,68.0,73.0,80.0,0.0,28.0,51.0,69.0,82.0,73.0,34.0,18.0,27.0,19.0,0.0,0.0,63.0,20.0,68.0,14.0,18.0,0.0,74.0,81.0,51.0,46.0,33.0,24.0,43.0,36.0,34.0,26.0,0.0,0.0,0.0,0.0,69.0,73.0,36.0,27.0,72.0,76.0,25.0,19.0,33.0,25.0,0.0,0.0,7.0,7.0,5.0,7.0,8.0,9.0,1.0,3.0,6.0,7.0,9.0,8.0,4.0,2.0,3.0,2.0,1.0,1.0,7.0,3.0,7.0,2.0,2.0,1.0,8.0,9.0,6.0,5.0,4.0,3.0,5.0,4.0,4.0,3.0,1.0,1.0,1.0,1.0,7.0,8.0,4.0,3.0,8.0,8.0,3.0,2.0,4.0,3.0,1.0,1.0,60 %ile,66 %ile,49 %ile,68 %ile,73 %ile,80 %ile,0 %ile,28 %ile,51 %ile,69 %ile,82 %ile,73 %ile,34 %ile,18 %ile,27 %ile,19 %ile,0 %ile,0 %ile,63 %ile,20 %ile,68 %ile,14 %ile,18 %ile,0 %ile,74 %ile,81 %ile,51 %ile,46 %ile,33 %ile,24 %ile,43 %ile,36 %ile,34 %ile,26 %ile,0 %ile,0 %ile,0 %ile,0 %ile,69 %ile,73 %ile,36 %ile,27 %ile,72 %ile,76 %ile,25 %ile,19 %ile,33 %ile,25 %ile,0 %ile,0 %ile,4328433.0,1911527.0,0.0,0.0,0.0,1.0,1.37900075833596,1.267605977443046,0.119862053315396,0.0005853149335
280470031031,Mississippi,MS,Harrison County,4,762.0,762.0,532.0,211.0,211.0,532.0,1147.0,3.016763929016731,2.101391312548799,641.0,0.841207349081365,547.0,0.717847769028871,80.0,0.271186440677966,139.0,0.12128949888286,0.0,0.0,85.0,0.159774436090226,32.0,0.041994750656168,203.0,0.266404199475066,0.221538461538461,9.23118770491803,57.24275,0.11294739360683,59.28388654,726031.6027167964,0.0,0.0,0.437965419241439,0.491283909585684,1.59326944143153,3.011043126526376,0.891101741438866,3.615782499313354,0.0,235.30758646330503,163.9085223788063,99.55320965755213,69.34591331411038,99.55320965755213,69.34591331411038,57.31851465131789,39.92643493842719,141.78790466378635,98.76539168979357,0.0,0.0,244.3578782503552,170.2126963164527,190.05612752805408,132.38765269057436,162.90525216690347,113.47513087763517,211.1734750311712,147.09739187841595,63.35204250935136,44.12921756352478,33.18440321918404,23.11530443803679,0.0,0.0,95.0,77.0,85.0,94.0,98.0,45.0,0.0,75.0,45.0,82.0,75.0,78.0,33.0,33.0,19.0,47.0,0.0,81.0,63.0,54.0,70.0,21.0,11.0,0.0,96.0,89.0,75.0,51.0,72.0,52.0,57.0,30.0,82.0,69.0,0.0,0.0,97.0,90.0,90.0,79.0,87.0,75.0,93.0,83.0,60.0,32.0,40.0,17.0,0.0,0.0,11.0,8.0,9.0,10.0,11.0,5.0,1.0,8.0,5.0,9.0,8.0,8.0,4.0,4.0,2.0,5.0,1.0,9.0,7.0,6.0,8.0,3.0,2.0,1.0,11.0,9.0,8.0,6.0,8.0,6.0,6.0,4.0,9.0,7.0,1.0,1.0,11.0,10.0,10.0,8.0,9.0,8.0,10.0,9.0,7.0,4.0,5.0,2.0,1.0,1.0,95 %ile,77 %ile,85 %ile,94 %ile,98 %ile,45 %ile,0 %ile,75 %ile,45 %ile,82 %ile,75 %ile,78 %ile,33 %ile,33 %ile,19 %ile,47 %ile,0 %ile,81 %ile,63 %ile,54 %ile,70 %ile,21 %ile,11 %ile,0 %ile,96 %ile,89 %ile,75 %ile,51 %ile,72 %ile,52 %ile,57 %ile,30 %ile,82 %ile,69 %ile,0 %ile,0 %ile,97 %ile,90 %ile,90 %ile,79 %ile,87 %ile,75 %ile,93 %ile,83 %ile,60 %ile,32 %ile,40 %ile,17 %ile,0 %ile,0 %ile,21986602.0,77234.0,0.0,0.0,6.0,3.0,2.984705316127471,1.566078035023585,0.216702998447171,0.0020713827525
280470031032,Mississippi,MS,Harrison County,4,2371.0,2371.0,1244.0,699.0,738.0,1367.0,1986.0,2.745627926496903,1.962672842359482,1514.0,0.638549135385913,1753.0,0.739350485027415,0.0,0.0,241.0,0.12128949888286,10.0,0.014306151645207,64.0,0.051446945337621,313.0,0.132011809363138,153.0,0.064529734289329,0.221538461538461,9.23118770491803,57.24275,0.083156089792734,47.31251411,414043.8635187768,69.0,0.09349593495935,0.124185925910526,0.305115238710057,0.780802918371724,1.515081998102575,0.352906346112799,3.2380211353302,0.0,214.1589782667584,153.0884817040396,90.60572157439779,64.76820379786291,57.65818645643496,41.21612968954913,46.67567475044735,33.365438320111195,98.8426053538885,70.65622232494135,93.3513495008947,66.73087664022239,172.97455936930487,123.64838906864736,142.77265217783895,102.05898780269305,109.82511705987612,78.50691369437926,159.24641973682037,113.83502485684996,49.42130267694425,35.32811116247068,21.965023411975224,15.701382738875855,0.0,0.0,92.0,72.0,74.0,95.0,0.0,45.0,61.0,37.0,94.0,12.0,75.0,78.0,33.0,21.0,17.0,36.0,34.0,63.0,52.0,40.0,58.0,18.0,8.0,0.0,95.0,87.0,72.0,48.0,56.0,31.0,50.0,25.0,71.0,53.0,73.0,46.0,90.0,80.0,83.0,68.0,75.0,58.0,86.0,72.0,51.0,26.0,30.0,11.0,0.0,0.0,10.0,8.0,8.0,11.0,1.0,5.0,7.0,4.0,10.0,2.0,8.0,8.0,4.0,3.0,2.0,4.0,4.0,7.0,6.0,5.0,6.0,2.0,1.0,1.0,11.0,9.0,8.0,5.0,6.0,4.0,6.0,3.0,8.0,6.0,8.0,5.0,10.0,9.0,9.0,7.0,8.0,6.0,9.0,8.0,6.0,3.0,4.0,2.0,1.0,1.0,92 %ile,72 %ile,74 %ile,95 %ile,0 %ile,45 %ile,61 %ile,37 %ile,94 %ile,12 %ile,75 %ile,78 %ile,33 %ile,21 %ile,17 %ile,36 %ile,34 %ile,63 %ile,52 %ile,40 %ile,58 %ile,18 %ile,8 %ile,0 %ile,95 %ile,87 %ile,72 %ile,48 %ile,56 %ile,31 %ile,50 %ile,25 %ile,71 %ile,53 %ile,73 %ile,46 %ile,90 %ile,80 %ile,83 %ile,68 %ile,75 %ile,58 %ile,86 %ile,72 %ile,51 %ile,26 %ile,30 %ile,11 %ile,0 %ile,0 %ile,14243563.0,62754.0,0.0,0.0,4.0,2.0,2.709571685647306,1.485126731138465,0.196968467862478,0.001342936403
280470031041,Mississippi,MS,Harrison County,4,512.0,512.0,473.0,236.0,265.0,498.0,470.0,1.08374697274823,1.671491542767754,44.0,0.0859375,207.0,0.404296875,0.0,0.0,65.0,0.138639281129653,0.0,0.0,41.0,0.086680761099366,0.0,0.0,128.0,0.25,0.208205128205128,9.06298961748634,56.7495,0.069567824213991,95.77011975,140267.50613863135,93.0,0.350943396226415,0.0,0.485855124752234,0.121281418390702,0.08336702697748,0.060437940670878,2.829261779785156,0.0,82.36476992886546,127.03335725034928,33.59615615519512,51.81623782580037,17.339951563971674,26.743864684284063,24.92618037320928,38.44430548365833,21.674939454964598,33.42983085535508,68.27605928313847,105.30396719436848,0.0,0.0,68.27605928313847,105.30396719436848,20.591192482216364,31.758339312587324,34.67990312794335,53.487729368568125,15.172457618475214,23.400881598748555,5.418734863741149,8.35745771383877,0.0,0.0,46.0,57.0,18.0,71.0,0.0,57.0,0.0,54.0,0.0,79.0,64.0,76.0,31.0,16.0,23.0,20.0,63.0,0.0,63.0,19.0,32.0,14.0,5.0,0.0,67.0,79.0,40.0,38.0,24.0,19.0,31.0,28.0,29.0,24.0,62.0,67.0,0.0,0.0,62.0,69.0,29.0,24.0,45.0,40.0,20.0,17.0,9.0,6.0,0.0,0.0,5.0,6.0,2.0,8.0,1.0,6.0,1.0,6.0,1.0,8.0,7.0,8.0,4.0,2.0,3.0,3.0,7.0,1.0,7.0,2.0,4.0,2.0,1.0,1.0,7.0,8.0,5.0,4.0,3.0,2.0,4.0,3.0,3.0,3.0,7.0,7.0,1.0,1.0,7.0,7.0,3.0,3.0,5.0,5.0,3.0,2.0,1.0,1.0,1.0,1.0,46 %ile,57 %ile,18 %ile,71 %ile,0 %ile,57 %ile,0 %ile,54 %ile,0 %ile,79 %ile,64 %ile,76 %ile,31 %ile,16 %ile,23 %ile,20 %ile,63 %ile,0 %ile,63 %ile,19 %ile,32 %ile,14 %ile,5 %ile,0 %ile,67 %ile,79 %ile,40 %ile,38 %ile,24 %ile,19 %ile,31 %ile,28 %ile,29 %ile,24 %ile,62 %ile,67 %ile,0 %ile,0 %ile,62 %ile,69 %ile,29 %ile,24 %ile,45 %ile,40 %ile,20 %ile,17 %ile,9 %ile,6 %ile,0 %ile,0 %ile,13848416.0,1227533.0,0.0,0.0,0.0,0.0,1.060521464351896,1.121542785442961,0.21012730100767,0.001414504074
280470031042,Mississippi,MS,Harrison County,4,407.0,407.0,320.0,209.0,209.0,362.0,660.0,1.101132571898585,1.766466282289969,24.0,0.058968058968059,175.0,0.42997542997543,0.0,0.0,91.0,0.138639281129653,0.0,0.0,41.0,0.128125,0.0,0.0,132.0,0.324324324324324,0.208205128205128,9.06298961748634,56.7495,0.061693108814022,212.0529649,130759.55115321004,0.0,0.0,0.0,0.382116069287987,0.293222756424955,1.025856254660443,0.13142238624368,3.04231858253479,,83.68607546429244,134.25143745403764,34.13510972885613,54.76045475098904,13.213590862783017,21.197595387479627,36.337374872653285,58.29338731556897,22.022651437971696,35.32932564579938,0.0,0.0,0.0,0.0,62.76455659821933,100.68857809052822,29.73057944126179,47.69458962182916,57.25889373872641,91.85624667907838,16.51698857847877,26.496994234349533,6.606795431391508,10.598797693739812,,,47.0,63.0,13.0,74.0,0.0,57.0,0.0,67.0,0.0,90.0,64.0,76.0,31.0,12.0,33.0,20.0,0.0,0.0,57.0,27.0,52.0,15.0,6.0,,67.0,81.0,41.0,40.0,19.0,14.0,41.0,43.0,29.0,26.0,0.0,0.0,0.0,0.0,59.0,67.0,37.0,36.0,58.0,63.0,22.0,19.0,11.0,7.0,,,5.0,7.0,2.0,8.0,1.0,6.0,1.0,7.0,1.0,10.0,7.0,8.0,4.0,2.0,4.0,3.0,1.0,1.0,6.0,3.0,6.0,2.0,1.0,,7.0,9.0,5.0,5.0,2.0,2.0,5.0,5.0,3.0,3.0,1.0,1.0,1.0,1.0,6.0,7.0,4.0,4.0,6.0,7.0,3.0,2.0,2.0,1.0,,,47 %ile,63 %ile,13 %ile,74 %ile,0 %ile,57 %ile,0 %ile,67 %ile,0 %ile,90 %ile,64 %ile,76 %ile,31 %ile,12 %ile,33 %ile,20 %ile,0 %ile,0 %ile,57 %ile,27 %ile,52 %ile,15 %ile,6 %ile,,67 %ile,81 %ile,41 %ile,40 %ile,19 %ile,14 %ile,41 %ile,43 %ile,29 %ile,26 %ile,0 %ile,0 %ile,0 %ile,0 %ile,59 %ile,67 %ile,37 %ile,36 %ile,58 %ile,63 %ile,22 %ile,19 %ile,11 %ile,7 %ile,,,27063879.0,82298.0,0.0,0.0,0.0,1.0,1.075999653767072,1.221194157693875,0.245737772635218,0.002548450264501
280470031043,Mississippi,MS,Harrison County,4,1216.0,1216.0,775.0,371.0,409.0,933.0,673.0,1.713994814036744,1.616199504922487,587.0,0.482730263157895,492.0,0.404605263157895,0.0,0.0,93.0,0.138639281129653,0.0,0.0,42.0,0.054193548387097,43.0,0.035361842105263,144.0,0.118421052631579,0.208205128205128,9.06298961748634,56.7495,0.065718694441288,371.8010548,165623.95631267564,55.0,0.134474327628362,0.0,0.530118227997729,0.365548499540819,0.24265137061788,0.135439755435626,2.922112226486206,,130.26360586679257,122.831162374109,53.13383923513908,50.1021846525971,23.99592739651442,22.626793068914814,70.27378737550653,66.26417970182197,37.70788590880838,35.55638910829472,68.55979256146978,64.64798019689948,0.0,0.0,111.40966291238838,105.05296781996167,49.705849607065595,46.86978564275213,65.13180293339629,61.41558118705451,25.709922210551166,24.242992573837306,10.283968884220467,9.697197029534925,,,70.0,54.0,64.0,71.0,0.0,57.0,0.0,39.0,38.0,32.0,64.0,76.0,31.0,14.0,41.0,22.0,40.0,0.0,65.0,29.0,38.0,15.0,6.0,,81.0,77.0,55.0,37.0,32.0,15.0,64.0,48.0,43.0,26.0,63.0,44.0,0.0,0.0,76.0,69.0,51.0,36.0,62.0,46.0,32.0,17.0,16.0,7.0,,,8.0,6.0,7.0,8.0,1.0,6.0,1.0,4.0,4.0,4.0,7.0,8.0,4.0,2.0,5.0,3.0,5.0,1.0,7.0,3.0,4.0,2.0,1.0,,9.0,8.0,6.0,4.0,4.0,2.0,7.0,5.0,5.0,3.0,7.0,5.0,1.0,1.0,8.0,7.0,6.0,4.0,7.0,5.0,4.0,2.0,2.0,1.0,,,70 %ile,54 %ile,64 %ile,71 %ile,0 %ile,57 %ile,0 %ile,39 %ile,38 %ile,32 %ile,64 %ile,76 %ile,31 %ile,14 %ile,41 %ile,22 %ile,40 %ile,0 %ile,65 %ile,29 %ile,38 %ile,15 %ile,6 %ile,,81 %ile,77 %ile,55 %ile,37 %ile,32 %ile,15 %ile,64 %ile,48 %ile,43 %ile,26 %ile,63 %ile,44 %ile,0 %ile,0 %ile,76 %ile,69 %ile,51 %ile,36 %ile,62 %ile,46 %ile,32 %ile,17 %ile,16 %ile,7 %ile,,,25984858.0,16945146.0,0.0,1.0,1.0,0.0,1.696039979093764,1.062092056265707,0.334540344453007,0.004028557184501
280470031044,Mississippi,MS,Harrison County,4,981.0,981.0,531.0,284.0,417.0,687.0,1314.0,1.584240957846443,1.877282399079754,535.0,0.545361875637105,301.0,0.306829765545362,8.0,0.015873015873016,182.0,0.138639281129653,59.0,0.207746478873239,19.0,0.035781544256121,122.0,0.124362895005097,81.0,0.08256880733945,0.208205128205128,9.06298961748634,56.7495,0.073159650280662,107.2006061,184943.60158664885,0.0,0.0,0.0,0.36471790571762,0.217786788176447,1.455968443541487,0.064522401552966,3.929199934005737,0.0,120.40231279632964,142.67346233006128,49.11146969323973,58.19575437147236,26.932096283389527,31.913800784355807,38.021782988314634,45.05477757791409,38.021782988314634,45.05477757791409,0.0,0.0,0.0,0.0,88.71749363940079,105.1278143484662,38.021782988314634,45.05477757791409,90.30173459724723,107.00509674754593,22.1793734098502,26.28195358711655,20.59513245200376,24.4046711880368,0.0,0.0,66.0,68.0,68.0,57.0,31.0,57.0,93.0,28.0,92.0,18.0,64.0,76.0,31.0,17.0,24.0,24.0,0.0,0.0,56.0,24.0,57.0,14.0,13.0,0.0,79.0,84.0,52.0,43.0,35.0,23.0,43.0,33.0,43.0,34.0,0.0,0.0,0.0,0.0,70.0,69.0,44.0,34.0,71.0,70.0,28.0,19.0,28.0,18.0,0.0,0.0,7.0,7.0,7.0,6.0,4.0,6.0,10.0,3.0,10.0,2.0,7.0,8.0,4.0,2.0,3.0,3.0,1.0,1.0,6.0,3.0,6.0,2.0,2.0,1.0,8.0,9.0,6.0,5.0,4.0,3.0,5.0,4.0,5.0,4.0,1.0,1.0,1.0,1.0,8.0,7.0,5.0,4.0,8.0,8.0,3.0,2.0,3.0,2.0,1.0,1.0,66 %ile,68 %ile,68 %ile,57 %ile,31 %ile,57 %ile,93 %ile,28 %ile,92 %ile,18 %ile,64 %ile,76 %ile,31 %ile,17 %ile,24 %ile,24 %ile,0 %ile,0 %ile,56 %ile,24 %ile,57 %ile,14 %ile,13 %ile,0 %ile,79 %ile,84 %ile,52 %ile,43 %ile,35 %ile,23 %ile,43 %ile,33 %ile,43 %ile,34 %ile,0 %ile,0 %ile,0 %ile,0 %ile,70 %ile,69 %ile,44 %ile,34 %ile,71 %ile,70 %ile,28 %ile,19 %ile,28 %ile,18 %ile,0 %ile,0 %ile,7812637.0,35393.0,0.0,0.0,0.0,1.0,1.573014922159668,2.37058298879666,0.122668295032035,0.0007366344885
280470031051,Mississippi,MS,Harrison County,4,448.0,448.0,365.0,225.0,257.0,365.0,715.0,1.209524397082042,1.848571632738816,55.0,0.122767857142857,194.0,0.433035714285714,14.0,0.134615384615385,131.0,0.183558282208589,0.0,0.0,33.0,0.09041095890411,0.0,0.0,138.0,0.308035714285714,0.208205128205128,9.14367131147541,57.03893,0.066708876241482,56.32105964,276890.5634722568,0.0,0.0,0.073747493112421,0.237229587704785,0.280069419833071,1.555300259077406,0.097659835105244,3.465199947357178,0.0,93.13337857531725,142.34001572088883,38.70478070662535,59.15429224764211,16.93334155914859,25.880002858343424,21.77143914747676,33.27428938929869,35.076207515379224,53.60857734942567,0.0,0.0,67.73336623659436,103.52001143337368,56.84764666285598,86.88286673872433,31.447634324133094,48.062862451209206,70.15241503075845,107.21715469885132,18.142865956230636,27.72857449108224,12.09524397082042,18.48571632738816,0.0,0.0,52.0,67.0,25.0,74.0,89.0,80.0,0.0,55.0,0.0,89.0,64.0,77.0,32.0,14.0,18.0,29.0,0.0,56.0,47.0,26.0,58.0,15.0,10.0,0.0,71.0,84.0,45.0,43.0,24.0,18.0,27.0,25.0,41.0,41.0,0.0,0.0,71.0,74.0,57.0,61.0,39.0,37.0,64.0,70.0,24.0,20.0,19.0,13.0,0.0,0.0,6.0,7.0,3.0,8.0,9.0,9.0,1.0,6.0,1.0,9.0,7.0,8.0,4.0,2.0,2.0,3.0,1.0,6.0,5.0,3.0,6.0,2.0,2.0,1.0,8.0,9.0,5.0,5.0,3.0,2.0,3.0,3.0,5.0,5.0,1.0,1.0,8.0,8.0,6.0,7.0,4.0,4.0,7.0,8.0,3.0,3.0,2.0,2.0,1.0,1.0,52 %ile,67 %ile,25 %ile,74 %ile,89 %ile,80 %ile,0 %ile,55 %ile,0 %ile,89 %ile,64 %ile,77 %ile,32 %ile,14 %ile,18 %ile,29 %ile,0 %ile,56 %ile,47 %ile,26 %ile,58 %ile,15 %ile,10 %ile,0 %ile,71 %ile,84 %ile,45 %ile,43 %ile,24 %ile,18 %ile,27 %ile,25 %ile,41 %ile,41 %ile,0 %ile,0 %ile,71 %ile,74 %ile,57 %ile,61 %ile,39 %ile,37 %ile,64 %ile,70 %ile,24 %ile,20 %ile,19 %ile,13 %ile,0 %ile,0 %ile,12166653.0,159371.0,0.0,0.0,0.0,1.0,1.185057458503244,1.283653858701834,0.175555104348843,0.0011572305965
280470031052,Mississippi,MS,Harrison County,4,1211.0,1211.0,889.0,427.0,465.0,922.0,1419.0,1.16949575758233,1.99465000862334,197.0,0.162675474814203,471.0,0.388934764657308,49.0,0.11368909512761,260.0,0.183558282208589,15.0,0.035128805620609,144.0,0.161979752530934,90.0,0.074318744838976,153.0,0.126341866226259,0.208205128205128,9.14367131147541,57.03893,0.074362500706791,56.99613094,276617.92335715325,87.0,0.187096774193548,0.081311195613136,0.255692860356358,0.283797489151455,1.593198004045991,0.100079859876785,3.681418657302856,0.0,90.05117333383944,153.58805066399717,37.423864242634565,63.82880027594688,21.050923636481947,35.903700155220115,21.050923636481947,35.903700155220115,33.91537696988758,57.844850250076846,54.96630060636953,93.74855040529695,65.4917624246105,111.70040048290701,56.135796363951854,95.7432004139203,30.40688969714059,51.86090022420684,69.00024969735749,117.68435050877704,17.542436363734957,29.919750129350096,12.864453333405637,21.941150094856734,0.0,0.0,50.0,73.0,31.0,69.0,85.0,80.0,71.0,75.0,73.0,36.0,64.0,77.0,32.0,18.0,18.0,29.0,47.0,56.0,48.0,26.0,59.0,15.0,11.0,0.0,70.0,87.0,44.0,47.0,29.0,26.0,26.0,27.0,40.0,44.0,55.0,62.0,70.0,77.0,56.0,65.0,38.0,39.0,63.0,74.0,23.0,22.0,20.0,16.0,0.0,0.0,6.0,8.0,4.0,7.0,9.0,9.0,8.0,8.0,8.0,4.0,7.0,8.0,4.0,2.0,2.0,3.0,5.0,6.0,5.0,3.0,6.0,2.0,2.0,1.0,8.0,9.0,5.0,5.0,3.0,3.0,3.0,3.0,5.0,5.0,6.0,7.0,8.0,8.0,6.0,7.0,4.0,4.0,7.0,8.0,3.0,3.0,3.0,2.0,1.0,1.0,50 %ile,73 %ile,31 %ile,69 %ile,85 %ile,80 %ile,71 %ile,75 %ile,73 %ile,36 %ile,64 %ile,77 %ile,32 %ile,18 %ile,18 %ile,29 %ile,47 %ile,56 %ile,48 %ile,26 %ile,59 %ile,15 %ile,11 %ile,0 %ile,70 %ile,87 %ile,44 %ile,47 %ile,29 %ile,26 %ile,26 %ile,27 %ile,40 %ile,44 %ile,55 %ile,62 %ile,70 %ile,77 %ile,56 %ile,65 %ile,38 %ile,39 %ile,63 %ile,74 %ile,23 %ile,22 %ile,20 %ile,16 %ile,0 %ile,0 %ile,23320832.0,849822.0,0.0,0.0,0.0,1.0,1.148219199051796,1.617050956841925,0.194262108085403,0.0022686244815
280470031053,Mississippi,MS,Harrison County,4,1947.0,1947.0,1060.0,590.0,590.0,1454.0,1206.0,0.336842945411726,1.500260586531415,84.0,0.043143297380586,223.0,0.114535182331792,0.0,0.0,221.0,0.183558282208589,0.0,0.0,65.0,0.061320754716981,175.0,0.089881869542886,381.0,0.195685670261941,0.208205128205128,9.14367131147541,57.03893,0.077116867329975,55.50192951,218388.3824009513,0.0,0.0,0.0,0.168924405682085,0.111976641379712,1.131803272789297,0.114891844653383,3.438508272171021,0.0,25.936906796702875,115.52006516291895,10.77897425317522,48.008338769005285,6.400015962822788,28.50495114409689,6.063173017411062,27.00469055756547,8.757916580704867,39.00677524981679,0.0,0.0,0.0,0.0,13.810560761880753,61.51068404778802,6.400015962822788,28.50495114409689,18.189519052233187,81.01407167269642,5.052644181175885,22.503908797971228,3.031586508705531,13.502345278782736,0.0,0.0,7.0,47.0,10.0,21.0,0.0,80.0,0.0,42.0,82.0,64.0,64.0,77.0,32.0,19.0,18.0,26.0,0.0,0.0,41.0,19.0,54.0,15.0,9.0,0.0,32.0,75.0,15.0,35.0,9.0,20.0,8.0,20.0,13.0,29.0,0.0,0.0,0.0,0.0,31.0,46.0,17.0,21.0,33.0,58.0,9.0,16.0,5.0,9.0,0.0,0.0,1.0,5.0,2.0,3.0,1.0,9.0,1.0,5.0,9.0,7.0,7.0,8.0,4.0,2.0,2.0,3.0,1.0,1.0,5.0,2.0,6.0,2.0,1.0,1.0,4.0,8.0,2.0,4.0,1.0,3.0,1.0,3.0,2.0,3.0,1.0,1.0,1.0,1.0,4.0,5.0,2.0,3.0,4.0,6.0,1.0,2.0,1.0,1.0,1.0,1.0,7 %ile,47 %ile,10 %ile,21 %ile,0 %ile,80 %ile,0 %ile,42 %ile,82 %ile,64 %ile,64 %ile,77 %ile,32 %ile,19 %ile,18 %ile,26 %ile,0 %ile,0 %ile,41 %ile,19 %ile,54 %ile,15 %ile,9 %ile,0 %ile,32 %ile,75 %ile,15 %ile,35 %ile,9 %ile,20 %ile,8 %ile,20 %ile,13 %ile,29 %ile,0 %ile,0 %ile,0 %ile,0 %ile,31 %ile,46 %ile,17 %ile,21 %ile,33 %ile,58 %ile,9 %ile,16 %ile,5 %ile,9 %ile,0 %ile,0 %ile,4561206.0,21945.0,0.0,0.0,0.0,0.0,0.330513854281878,0.939305329286175,0.088624693545124,0.000430010060999
280470031054,Mississippi,MS,Harrison County,4,540.0,469.0,439.0,230.0,310.0,507.0,735.0,1.613855351521072,2.299868264681517,0.0,0.0,323.0,0.688699360341151,0.0,0.0,135.0,0.183558282208589,0.0,0.0,94.0,0.214123006833713,0.0,0.0,200.0,0.37037037037037,0.208205128205128,9.14367131147541,57.03893,0.069800904786762,64.14373241,144932.20479658147,16.0,0.051612903225806,0.0,0.347556744843585,0.18840770704453,0.0,0.099115920419912,3.062390804290771,0.0,124.26686206712252,177.0898563804768,51.6433712486743,73.59578446980856,25.821685624337153,36.79789223490428,30.66325167890037,43.69749702894882,33.89096238194251,48.29723355831186,43.57409449106894,62.096443146400965,0.0,0.0,88.76204433365896,126.49275455748344,35.50481773346358,50.59710182299337,0.0,0.0,24.20783027281608,34.49802397022276,11.296987460647504,16.09907785277062,0.0,0.0,67.0,84.0,0.0,93.0,0.0,80.0,0.0,84.0,0.0,94.0,64.0,77.0,32.0,16.0,19.0,21.0,27.0,0.0,55.0,22.0,0.0,15.0,7.0,0.0,80.0,92.0,54.0,54.0,34.0,27.0,36.0,32.0,40.0,37.0,47.0,43.0,0.0,0.0,70.0,77.0,42.0,38.0,0.0,0.0,30.0,25.0,17.0,11.0,0.0,0.0,7.0,9.0,1.0,10.0,1.0,9.0,1.0,9.0,1.0,10.0,7.0,8.0,4.0,2.0,2.0,3.0,3.0,1.0,6.0,3.0,1.0,2.0,1.0,1.0,9.0,10.0,6.0,6.0,4.0,3.0,4.0,4.0,5.0,4.0,5.0,5.0,1.0,1.0,8.0,8.0,5.0,4.0,1.0,1.0,4.0,3.0,2.0,2.0,1.0,1.0,67 %ile,84 %ile,0 %ile,93 %ile,0 %ile,80 %ile,0 %ile,84 %ile,0 %ile,94 %ile,64 %ile,77 %ile,32 %ile,16 %ile,19 %ile,21 %ile,27 %ile,0 %ile,55 %ile,22 %ile,0 %ile,15 %ile,7 %ile,0 %ile,80 %ile,92 %ile,54 %ile,54 %ile,34 %ile,27 %ile,36 %ile,32 %ile,40 %ile,37 %ile,47 %ile,43 %ile,0 %ile,0 %ile,70 %ile,77 %ile,42 %ile,38 %ile,0 %ile,0 %ile,30 %ile,25 %ile,17 %ile,11 %ile,0 %ile,0 %ile,3852971.0,19906.0,0.0,0.0,1.0,1.0,1.57234048079197,1.744593993537283,0.08357422291075,0.000363360953
280470031061,Mississippi,MS,Harrison County,4,950.0,950.0,770.0,340.0,340.0,801.0,688.0,0.650605946289607,1.881506283241573,41.0,0.043157894736842,236.0,0.248421052631579,14.0,0.029227557411273,147.0,0.212997746055597,0.0,0.0,90.0,0.116883116883117,107.0,0.112631578947368,258.0,0.271578947368421,0.221538461538461,9.132506557377052,57.49943,0.083084362767559,47.94304132,310613.3327942377,67.0,0.197058823529412,0.099034371449603,0.20990230080852,0.423333323031838,2.500862013505717,0.120591713858943,2.978342771530151,0.0,50.09665786429973,144.87598380960108,22.77120812013624,65.85271991345503,13.662724872081744,39.511631948073024,11.060301086923316,31.98560681510673,20.16878433497781,58.32669478048875,31.22908542190113,90.31230159559549,38.3857508310868,111.00887071125278,28.626661636742703,82.7862764626292,20.16878433497781,58.32669478048875,42.93999245511405,124.17941469394378,9.759089194344105,28.222594248623587,3.903635677737642,11.289037699449436,0.0,0.0,23.0,68.0,10.0,47.0,43.0,88.0,0.0,64.0,90.0,83.0,75.0,77.0,35.0,21.0,17.0,31.0,48.0,59.0,44.0,31.0,66.0,15.0,6.0,0.0,51.0,85.0,29.0,48.0,20.0,30.0,15.0,24.0,28.0,45.0,37.0,60.0,62.0,77.0,40.0,59.0,29.0,44.0,51.0,76.0,14.0,20.0,7.0,8.0,0.0,0.0,3.0,7.0,2.0,5.0,5.0,9.0,1.0,7.0,10.0,9.0,8.0,8.0,4.0,3.0,2.0,4.0,5.0,6.0,5.0,4.0,7.0,2.0,1.0,1.0,6.0,9.0,3.0,5.0,3.0,4.0,2.0,3.0,3.0,5.0,4.0,7.0,7.0,8.0,5.0,6.0,3.0,5.0,6.0,8.0,2.0,3.0,1.0,1.0,1.0,1.0,23 %ile,68 %ile,10 %ile,47 %ile,43 %ile,88 %ile,0 %ile,64 %ile,90 %ile,83 %ile,75 %ile,77 %ile,35 %ile,21 %ile,17 %ile,31 %ile,48 %ile,59 %ile,44 %ile,31 %ile,66 %ile,15 %ile,6 %ile,0 %ile,51 %ile,85 %ile,29 %ile,48 %ile,20 %ile,30 %ile,15 %ile,24 %ile,28 %ile,45 %ile,37 %ile,60 %ile,62 %ile,77 %ile,40 %ile,59 %ile,29 %ile,44 %ile,51 %ile,76 %ile,14 %ile,20 %ile,7 %ile,8 %ile,0 %ile,0 %ile,1384688.0,0.0,0.0,0.0,0.0,1.0,0.636206395233996,1.321911467104548,0.058609971852642,0.0001299333535
280470031062,Mississippi,MS,Harrison County,4,1712.0,1712.0,1214.0,638.0,758.0,1336.0,1974.0,0.632115311840513,1.541625546468164,496.0,0.289719626168224,126.0,0.073598130841121,21.0,0.02755905511811,420.0,0.212997746055597,0.0,0.0,17.0,0.014003294892916,12.0,0.007009345794393,576.0,0.336448598130841,0.221538461538461,9.132506557377052,57.49943,0.081551098259344,49.56738877,266316.60214816825,54.0,0.071240105540897,0.0,0.144744373227667,0.128318042225298,2.456988711283882,0.104967078385777,3.56606912612915,0.0,48.672879011719466,118.7051670780486,22.124035914417934,53.95689412638573,13.274421548650762,32.374136475831435,10.745960301288711,26.207634289958783,18.331344043374862,44.707140847576746,18.96345935521537,46.24876639404491,0.0,0.0,24.652497161779987,60.12339631225838,12.642306236810247,30.832510929363277,41.71961058147382,101.7472860668988,9.481729677607689,23.124383197022453,6.321153118405125,15.416255464681637,0.0,0.0,22.0,50.0,47.0,12.0,42.0,88.0,0.0,15.0,14.0,91.0,75.0,77.0,35.0,21.0,17.0,29.0,30.0,0.0,39.0,20.0,66.0,15.0,10.0,0.0,50.0,76.0,29.0,40.0,19.0,23.0,14.0,19.0,26.0,34.0,25.0,33.0,0.0,0.0,38.0,45.0,22.0,23.0,50.0,67.0,14.0,17.0,10.0,11.0,0.0,0.0,3.0,6.0,5.0,2.0,5.0,9.0,1.0,2.0,2.0,10.0,8.0,8.0,4.0,3.0,2.0,3.0,4.0,1.0,4.0,3.0,7.0,2.0,2.0,1.0,6.0,8.0,3.0,5.0,2.0,3.0,2.0,2.0,3.0,4.0,3.0,4.0,1.0,1.0,4.0,5.0,3.0,3.0,6.0,7.0,2.0,2.0,2.0,2.0,1.0,1.0,22 %ile,50 %ile,47 %ile,12 %ile,42 %ile,88 %ile,0 %ile,15 %ile,14 %ile,91 %ile,75 %ile,77 %ile,35 %ile,21 %ile,17 %ile,29 %ile,30 %ile,0 %ile,39 %ile,20 %ile,66 %ile,15 %ile,10 %ile,0 %ile,50 %ile,76 %ile,29 %ile,40 %ile,19 %ile,23 %ile,14 %ile,19 %ile,26 %ile,34 %ile,25 %ile,33 %ile,0 %ile,0 %ile,38 %ile,45 %ile,22 %ile,23 %ile,50 %ile,67 %ile,14 %ile,17 %ile,10 %ile,11 %ile,0 %ile,0 %ile,3090550.0,5544.0,0.0,0.0,0.0,0.0,0.631540782682449,0.973099959564296,0.081645659663903,0.0002905025285
280470031071,Mississippi,MS,Harrison County,4,1355.0,1355.0,746.0,682.0,703.0,964.0,1117.0,1.957961523979294,2.231371083291354,594.0,0.438376383763838,730.0,0.538745387453875,59.0,0.104609929078014,254.0,0.227393617021277,0.0,0.0,101.0,0.135388739946381,126.0,0.092988929889299,257.0,0.189667896678967,0.221538461538461,9.17365765027322,57.44462,0.081134950506791,49.07925183,316462.25099518703,171.0,0.243243243243243,0.099228506864977,0.295374985346562,0.492224900292175,1.579347219448252,0.144843980241533,2.697261571884155,0.0,152.7209988703849,174.04694449672564,66.57069181529599,75.86661683190604,39.15923047958587,44.627421665827086,33.285345907647994,37.93330841595303,60.6968072433581,69.172503582032,103.77196077090257,118.2626674144418,115.51972991477832,131.6508939141899,99.85603772294398,113.79992524785908,64.6127302913167,73.6352457486147,115.51972991477832,131.6508939141899,29.369422859689408,33.470566249370314,7.831846095917175,8.925484333165418,0.0,0.0,76.0,82.0,61.0,84.0,83.0,91.0,0.0,69.0,83.0,61.0,75.0,78.0,34.0,20.0,17.0,31.0,53.0,59.0,51.0,33.0,59.0,15.0,4.0,0.0,86.0,91.0,62.0,55.0,45.0,34.0,39.0,28.0,56.0,52.0,76.0,73.0,81.0,82.0,73.0,73.0,59.0,55.0,78.0,78.0,35.0,24.0,13.0,6.0,0.0,0.0,8.0,9.0,7.0,9.0,9.0,10.0,1.0,7.0,9.0,7.0,8.0,8.0,4.0,3.0,2.0,4.0,6.0,6.0,6.0,4.0,6.0,2.0,1.0,1.0,9.0,10.0,7.0,6.0,5.0,4.0,4.0,3.0,6.0,6.0,8.0,8.0,9.0,9.0,8.0,8.0,6.0,6.0,8.0,8.0,4.0,3.0,2.0,1.0,1.0,1.0,76 %ile,82 %ile,61 %ile,84 %ile,83 %ile,91 %ile,0 %ile,69 %ile,83 %ile,61 %ile,75 %ile,78 %ile,34 %ile,20 %ile,17 %ile,31 %ile,53 %ile,59 %ile,51 %ile,33 %ile,59 %ile,15 %ile,4 %ile,0 %ile,86 %ile,91 %ile,62 %ile,55 %ile,45 %ile,34 %ile,39 %ile,28 %ile,56 %ile,52 %ile,76 %ile,73 %ile,81 %ile,82 %ile,73 %ile,73 %ile,59 %ile,55 %ile,78 %ile,78 %ile,35 %ile,24 %ile,13 %ile,6 %ile,0 %ile,0 %ile,3752170.0,14452.0,0.0,0.0,2.0,2.0,1.931329469114122,1.662412600314274,0.093846190403242,0.000353485468
280470031072,Mississippi,MS,Harrison County,4,1653.0,1653.0,1329.0,579.0,601.0,1332.0,1891.0,0.667260335873935,1.724715773451694,227.0,0.137326073805203,317.0,0.191772534785239,83.0,0.105867346938776,430.0,0.227393617021277,0.0,0.0,39.0,0.029345372460497,96.0,0.058076225045372,528.0,0.319419237749546,0.221538461538461,9.17365765027322,57.44462,0.096432856253223,49.35697302,350614.73252300115,79.0,0.131447587354409,0.109506518192737,0.298511317822997,0.561321748394622,0.236249857100789,0.173148889343108,2.324599981307983,0.0,52.04630619816694,134.52783032923213,22.686851419713797,58.6403362973576,18.016029068596247,46.567325883195736,11.343425709856897,29.3201681486788,22.019591083839856,56.9156205239059,26.690413434957403,68.98863093806776,40.70288048831004,105.20766218055334,34.697537465444626,89.68522021948807,23.354111755587727,60.36505207080929,25.35589276320953,65.53919939116437,10.67616537398296,27.595452375227104,2.001781007621805,5.174147320355083,0.0,0.0,24.0,60.0,27.0,36.0,84.0,91.0,0.0,25.0,60.0,90.0,75.0,78.0,34.0,27.0,17.0,33.0,40.0,61.0,52.0,35.0,38.0,16.0,3.0,0.0,52.0,82.0,29.0,43.0,25.0,35.0,15.0,22.0,29.0,43.0,33.0,47.0,63.0,75.0,44.0,62.0,32.0,46.0,38.0,48.0,15.0,20.0,4.0,3.0,0.0,0.0,3.0,7.0,3.0,4.0,9.0,10.0,1.0,3.0,7.0,10.0,8.0,8.0,4.0,3.0,2.0,4.0,5.0,7.0,6.0,4.0,4.0,2.0,1.0,1.0,6.0,9.0,3.0,5.0,3.0,4.0,2.0,3.0,3.0,5.0,4.0,5.0,7.0,8.0,5.0,7.0,4.0,5.0,4.0,5.0,2.0,3.0,1.0,1.0,1.0,1.0,24 %ile,60 %ile,27 %ile,36 %ile,84 %ile,91 %ile,0 %ile,25 %ile,60 %ile,90 %ile,75 %ile,78 %ile,34 %ile,27 %ile,17 %ile,33 %ile,40 %ile,61 %ile,52 %ile,35 %ile,38 %ile,16 %ile,3 %ile,0 %ile,52 %ile,82 %ile,29 %ile,43 %ile,25 %ile,35 %ile,15 %ile,22 %ile,29 %ile,43 %ile,33 %ile,47 %ile,63 %ile,75 %ile,44 %ile,62 %ile,32 %ile,46 %ile,38 %ile,48 %ile,15 %ile,20 %ile,4 %ile,3 %ile,0 %ile,0 %ile,3503376.0,22692.0,0.0,0.0,0.0,1.0,0.657530829029529,1.150573164486418,0.094712925499552,0.000330900315
280470032081,Mississippi,MS,Harrison County,4,710.0,0.0,601.0,0.0,0.0,710.0,550.0,1.012253341145093,1.89986031539888,453.0,0.638028169014085,0.0,0.0,0.0,,68.0,0.123043878490334,0.0,0.0,177.0,0.29450915141431,0.0,0.0,11.0,0.015492957746479,0.268717948717949,9.318951912568307,57.23234,0.113195235876941,702.1915111,896838.1735306821,0.0,0.0,0.305635600485766,1.081059834443798,5.066821979144569,3.306720597869121,2.001936997473279,6.719455718994141,,80.98026729160748,151.98882523191043,33.40436025778808,62.69539040816305,33.40436025778808,62.69539040816305,52.637173739544856,98.79273640074176,52.637173739544856,98.79273640074176,0.0,0.0,76.9312539270271,144.38938397031487,83.00477397389764,155.7885458627082,79.96801395046236,150.08896491651154,71.86998722130163,134.89008239332048,25.30633352862733,47.496507884972,41.50238698694882,77.8942729313541,,,43.0,69.0,74.0,0.0,,47.0,0.0,91.0,0.0,3.0,96.0,80.0,33.0,33.0,52.0,52.0,0.0,76.0,82.0,79.0,71.0,25.0,41.0,,66.0,86.0,40.0,46.0,40.0,48.0,54.0,68.0,52.0,69.0,0.0,0.0,73.0,85.0,68.0,85.0,65.0,85.0,65.0,79.0,31.0,35.0,45.0,57.0,,,5.0,7.0,8.0,1.0,,5.0,1.0,10.0,1.0,1.0,11.0,9.0,4.0,4.0,6.0,6.0,1.0,8.0,9.0,8.0,8.0,3.0,5.0,,7.0,9.0,5.0,5.0,5.0,5.0,6.0,7.0,6.0,7.0,1.0,1.0,8.0,9.0,7.0,9.0,7.0,9.0,7.0,8.0,4.0,4.0,5.0,6.0,,,43 %ile,69 %ile,74 %ile,0 %ile,,47 %ile,0 %ile,91 %ile,0 %ile,3 %ile,96 %ile,80 %ile,33 %ile,33 %ile,52 %ile,52 %ile,0 %ile,76 %ile,82 %ile,79 %ile,71 %ile,25 %ile,41 %ile,,66 %ile,86 %ile,40 %ile,46 %ile,40 %ile,48 %ile,54 %ile,68 %ile,52 %ile,69 %ile,0 %ile,0 %ile,73 %ile,85 %ile,68 %ile,85 %ile,65 %ile,85 %ile,65 %ile,79 %ile,31 %ile,35 %ile,45 %ile,57 %ile,,,13000664.0,5088277.0,0.0,3.0,0.0,4.0,1.020758281708503,1.423823286715434,0.263167642536905,0.00169850998
280470032082,Mississippi,MS,Harrison County,4,1306.0,1306.0,741.0,385.0,466.0,1062.0,952.0,2.029355301507183,2.345195491297813,740.0,0.566615620214395,630.0,0.482388973966309,42.0,0.067632850241546,117.0,0.123043878490334,53.0,0.137662337662338,105.0,0.1417004048583,140.0,0.107197549770291,130.0,0.099540581929556,0.268717948717949,9.318951912568307,57.23234,0.10254363175356,167.9721184,919690.5400105261,28.0,0.060085836909871,0.150740501367423,0.507343004464596,1.343316505281215,7.385320457690002,1.364582782540065,5.693850040435791,0.0,162.34842412057463,187.61563930382496,66.96872494973704,77.3914512128278,58.851303743708314,68.01066924763657,60.88065904521549,70.35586473893437,105.52647567837352,121.95016554748624,56.821948442201126,65.66547375633876,133.93744989947407,154.78290242565564,129.8787392964597,150.09251144306,103.49712037686632,119.60497005618844,172.49520062811055,199.34161676031408,46.67517193466521,53.93949629984969,60.88065904521549,70.35586473893437,0.0,0.0,78.0,85.0,70.0,79.0,70.0,47.0,89.0,71.0,88.0,25.0,96.0,80.0,33.0,29.0,30.0,52.0,28.0,66.0,64.0,51.0,85.0,23.0,30.0,0.0,88.0,93.0,63.0,56.0,56.0,52.0,59.0,51.0,73.0,78.0,56.0,45.0,84.0,88.0,81.0,83.0,73.0,77.0,89.0,93.0,49.0,39.0,56.0,52.0,0.0,0.0,8.0,9.0,8.0,8.0,8.0,5.0,9.0,8.0,9.0,3.0,11.0,9.0,4.0,3.0,4.0,6.0,3.0,7.0,7.0,6.0,9.0,3.0,4.0,1.0,9.0,10.0,7.0,6.0,6.0,6.0,6.0,6.0,8.0,8.0,6.0,5.0,9.0,9.0,9.0,9.0,8.0,8.0,9.0,10.0,5.0,4.0,6.0,6.0,1.0,1.0,78 %ile,85 %ile,70 %ile,79 %ile,70 %ile,47 %ile,89 %ile,71 %ile,88 %ile,25 %ile,96 %ile,80 %ile,33 %ile,29 %ile,30 %ile,52 %ile,28 %ile,66 %ile,64 %ile,51 %ile,85 %ile,23 %ile,30 %ile,0 %ile,88 %ile,93 %ile,63 %ile,56 %ile,56 %ile,52 %ile,59 %ile,51 %ile,73 %ile,78 %ile,56 %ile,45 %ile,84 %ile,88 %ile,81 %ile,83 %ile,73 %ile,77 %ile,89 %ile,93 %ile,49 %ile,39 %ile,56 %ile,52 %ile,0 %ile,0 %ile,1447192.0,115430.0,0.0,0.0,4.0,4.0,2.007829851305065,2.532058340080583,0.061307029383552,0.0001467541515
280470032083,Mississippi,MS,Harrison County,4,1037.0,1030.0,754.0,411.0,442.0,880.0,1028.0,2.365289027850906,2.24219920003739,801.0,0.772420443587271,501.0,0.486407766990291,23.0,0.046277665995976,127.0,0.123043878490334,0.0,0.0,172.0,0.228116710875332,33.0,0.03182256509161,115.0,0.110896817743491,0.268717948717949,9.318951912568307,57.23234,0.11243387106502,270.1453089,898595.8349982642,37.0,0.083710407239819,0.236038181428528,0.727994210140063,2.417329352307976,8.593947989127399,1.527491166692926,6.049089908599854,0.0,189.22312222807247,179.37593600299118,78.0545379190799,73.99257360123386,78.0545379190799,73.99257360123386,85.15040500263262,80.71917120134603,122.99502944824712,116.59435840194426,78.0545379190799,73.99257360123386,172.66609903311615,163.68054160272945,172.66609903311615,163.68054160272945,149.0132087546071,141.25854960235554,205.78014542302884,195.0713304032529,56.76693666842175,53.81278080089735,80.41982694693081,76.23477280127123,0.0,0.0,85.0,82.0,81.0,80.0,57.0,47.0,0.0,85.0,35.0,29.0,96.0,80.0,33.0,33.0,36.0,52.0,33.0,73.0,73.0,63.0,87.0,24.0,34.0,0.0,92.0,92.0,67.0,54.0,65.0,56.0,71.0,58.0,78.0,76.0,67.0,50.0,90.0,89.0,88.0,86.0,84.0,83.0,93.0,92.0,56.0,39.0,65.0,56.0,0.0,0.0,9.0,9.0,9.0,9.0,6.0,5.0,1.0,9.0,4.0,3.0,11.0,9.0,4.0,4.0,4.0,6.0,4.0,8.0,8.0,7.0,9.0,3.0,4.0,1.0,10.0,10.0,7.0,6.0,7.0,6.0,8.0,6.0,8.0,8.0,7.0,6.0,10.0,9.0,9.0,9.0,9.0,9.0,10.0,10.0,6.0,4.0,7.0,6.0,1.0,1.0,85 %ile,82 %ile,81 %ile,80 %ile,57 %ile,47 %ile,0 %ile,85 %ile,35 %ile,29 %ile,96 %ile,80 %ile,33 %ile,33 %ile,36 %ile,52 %ile,33 %ile,73 %ile,73 %ile,63 %ile,87 %ile,24 %ile,34 %ile,0 %ile,92 %ile,92 %ile,67 %ile,54 %ile,65 %ile,56 %ile,71 %ile,58 %ile,78 %ile,76 %ile,67 %ile,50 %ile,90 %ile,89 %ile,88 %ile,86 %ile,84 %ile,83 %ile,93 %ile,92 %ile,56 %ile,39 %ile,65 %ile,56 %ile,0 %ile,0 %ile,1669493.0,1630.0,0.0,0.0,5.0,5.0,2.346264710760026,1.745950179952618,0.065794747319235,0.0001569380415
280470032084,Mississippi,MS,Harrison County,4,930.0,930.0,587.0,257.0,276.0,857.0,728.0,2.029681945591288,2.052933826120302,757.0,0.813978494623656,293.0,0.31505376344086,59.0,0.125531914893617,90.0,0.123043878490334,30.0,0.116731517509728,50.0,0.085178875638842,55.0,0.059139784946237,62.0,0.066666666666667,0.268717948717949,9.318951912568307,57.23234,0.112222542577589,260.0074582,758160.4856479389,0.0,0.0,0.292430326438535,0.837623273846602,2.721064614768232,5.239979053586557,1.436317051901857,5.802259922027588,0.0,162.374555647303,164.23470608962415,66.9795042045125,67.74681626196995,66.9795042045125,67.74681626196995,73.06855004128637,73.90561774033088,97.4247333883818,98.54082365377448,0.0,0.0,154.25582786493783,156.02297078514295,154.25582786493783,156.02297078514295,131.92932646343368,133.4406986978196,162.374555647303,164.23470608962415,46.682684748599605,47.21747800076695,62.92014031332992,63.64094860972936,0.0,0.0,78.0,76.0,84.0,58.0,88.0,47.0,87.0,53.0,61.0,13.0,96.0,80.0,33.0,33.0,36.0,48.0,0.0,76.0,76.0,65.0,80.0,23.0,31.0,0.0,88.0,89.0,63.0,50.0,60.0,51.0,65.0,53.0,71.0,69.0,0.0,0.0,87.0,88.0,85.0,85.0,80.0,81.0,87.0,87.0,49.0,34.0,57.0,48.0,0.0,0.0,8.0,8.0,9.0,6.0,9.0,5.0,9.0,6.0,7.0,2.0,11.0,9.0,4.0,4.0,4.0,5.0,1.0,8.0,8.0,7.0,9.0,3.0,4.0,1.0,9.0,9.0,7.0,6.0,7.0,6.0,7.0,6.0,8.0,7.0,1.0,1.0,9.0,9.0,9.0,9.0,9.0,9.0,9.0,9.0,5.0,4.0,6.0,5.0,1.0,1.0,78 %ile,76 %ile,84 %ile,58 %ile,88 %ile,47 %ile,87 %ile,53 %ile,61 %ile,13 %ile,96 %ile,80 %ile,33 %ile,33 %ile,36 %ile,48 %ile,0 %ile,76 %ile,76 %ile,65 %ile,80 %ile,23 %ile,31 %ile,0 %ile,88 %ile,89 %ile,63 %ile,50 %ile,60 %ile,51 %ile,65 %ile,53 %ile,71 %ile,69 %ile,0 %ile,0 %ile,87 %ile,88 %ile,85 %ile,85 %ile,80 %ile,81 %ile,87 %ile,87 %ile,49 %ile,34 %ile,57 %ile,48 %ile,0 %ile,0 %ile,532412.0,0.0,0.0,0.0,5.0,5.0,2.021540836522234,2.131081381523835,0.031422966125154,4.9999668e-05
280470032091,Mississippi,MS,Harrison County,4,841.0,830.0,661.0,292.0,415.0,762.0,929.0,1.275978537040193,1.645251104350915,184.0,0.218787158145065,329.0,0.396385542168675,50.0,0.110132158590308,139.0,0.150178177498727,0.0,0.0,16.0,0.024205748865356,52.0,0.061831153388823,233.0,0.27705112960761,0.218461538461538,9.26151912568306,56.12952,0.097238838826872,158.5752082,580622.0302715377,0.0,0.0,0.1373489280823,0.44094122746593,1.038240630437049,0.0,1.134492047005253,3.231552600860596,0.0,100.8023044261752,129.97483724372233,35.727399037125394,46.06703092182563,34.4514205000852,44.42177981747472,37.00337757416558,47.71228202617655,53.591098555688085,69.10054638273846,0.0,0.0,82.93860490761251,106.94132178280952,76.55871222241156,98.71506626105493,58.69501270384887,75.68155080014209,0.0,0.0,28.07152781488424,36.19552429572014,10.20782829632154,13.162008834807324,0.0,0.0,55.0,56.0,39.0,70.0,85.0,64.0,0.0,22.0,64.0,84.0,73.0,79.0,28.0,27.0,29.0,42.0,0.0,65.0,60.0,46.0,0.0,22.0,8.0,0.0,73.0,80.0,42.0,34.0,41.0,34.0,42.0,35.0,53.0,52.0,0.0,0.0,74.0,75.0,65.0,66.0,56.0,56.0,0.0,0.0,34.0,26.0,16.0,9.0,0.0,0.0,6.0,6.0,4.0,8.0,9.0,7.0,1.0,3.0,7.0,9.0,8.0,8.0,3.0,3.0,3.0,5.0,1.0,7.0,7.0,5.0,1.0,3.0,1.0,1.0,8.0,9.0,5.0,4.0,5.0,4.0,5.0,4.0,6.0,6.0,1.0,1.0,8.0,8.0,7.0,7.0,6.0,6.0,1.0,1.0,4.0,3.0,2.0,1.0,1.0,1.0,55 %ile,56 %ile,39 %ile,70 %ile,85 %ile,64 %ile,0 %ile,22 %ile,64 %ile,84 %ile,73 %ile,79 %ile,28 %ile,27 %ile,29 %ile,42 %ile,0 %ile,65 %ile,60 %ile,46 %ile,0 %ile,22 %ile,8 %ile,0 %ile,73 %ile,80 %ile,42 %ile,34 %ile,41 %ile,34 %ile,42 %ile,35 %ile,53 %ile,52 %ile,0 %ile,0 %ile,74 %ile,75 %ile,65 %ile,66 %ile,56 %ile,56 %ile,0 %ile,0 %ile,34 %ile,26 %ile,16 %ile,9 %ile,0 %ile,0 %ile,5532650.0,206561.0,0.0,0.0,0.0,1.0,1.255000815792034,1.089226152131678,0.138080756799472,0.0005390904
280470032092,Mississippi,MS,Harrison County,4,4546.0,4522.0,2565.0,1735.0,1837.0,3505.0,3655.0,2.435709760188178,1.83968819262613,3665.0,0.806203255609327,2232.0,0.49358690844759,216.0,0.101218369259606,549.0,0.150178177498727,0.0,0.0,217.0,0.084600389863548,159.0,0.034975802903652,316.0,0.069511658600968,0.218461538461538,9.26151912568306,56.12952,0.093671260708689,85.67549914999998,391915.9675652432,0.0,0.0,0.154024921265221,0.309401996872002,0.966035687183846,3.351576105578936,0.876512595554381,2.057684659957886,0.0,192.42107105486605,145.33536721746427,68.19987328526898,51.51126939353164,63.32845376489262,47.83189300827939,53.58561472413992,40.473140237774864,85.24984160658623,64.38908674191455,0.0,0.0,163.19255393260792,123.25910890595073,126.65690752978524,95.66378601655875,107.17122944827985,80.94628047554973,175.3711027335488,132.45754986908136,51.14990496395173,38.633452045148736,4.871419520376356,3.67937638525226,0.0,0.0,87.0,66.0,83.0,80.0,82.0,64.0,0.0,53.0,38.0,14.0,73.0,79.0,28.0,26.0,22.0,35.0,0.0,67.0,52.0,44.0,72.0,21.0,2.0,0.0,92.0,85.0,63.0,38.0,58.0,36.0,54.0,30.0,67.0,49.0,0.0,0.0,88.0,80.0,80.0,65.0,74.0,59.0,89.0,79.0,52.0,28.0,8.0,2.0,0.0,0.0,9.0,7.0,9.0,9.0,9.0,7.0,1.0,6.0,4.0,2.0,8.0,8.0,3.0,3.0,3.0,4.0,1.0,7.0,6.0,5.0,8.0,3.0,1.0,1.0,10.0,9.0,7.0,4.0,6.0,4.0,6.0,4.0,7.0,5.0,1.0,1.0,9.0,9.0,9.0,7.0,8.0,6.0,9.0,8.0,6.0,3.0,1.0,1.0,1.0,1.0,87 %ile,66 %ile,83 %ile,80 %ile,82 %ile,64 %ile,0 %ile,53 %ile,38 %ile,14 %ile,73 %ile,79 %ile,28 %ile,26 %ile,22 %ile,35 %ile,0 %ile,67 %ile,52 %ile,44 %ile,72 %ile,21 %ile,2 %ile,0 %ile,92 %ile,85 %ile,63 %ile,38 %ile,58 %ile,36 %ile,54 %ile,30 %ile,67 %ile,49 %ile,0 %ile,0 %ile,88 %ile,80 %ile,80 %ile,65 %ile,74 %ile,59 %ile,89 %ile,79 %ile,52 %ile,28 %ile,8 %ile,2 %ile,0 %ile,0 %ile,3921677.0,15525.0,0.0,0.0,4.0,2.0,2.416703009897989,1.289036817441344,0.08170479693115,0.0003698857775
280470032093,Mississippi,MS,Harrison County,4,562.0,562.0,370.0,184.0,235.0,420.0,1310.0,0.886478262910824,1.913568298006774,26.0,0.04626334519573,195.0,0.346975088967972,31.0,0.128099173553719,197.0,0.150178177498727,0.0,0.0,77.0,0.208108108108108,42.0,0.074733096085409,87.0,0.154804270462633,0.218461538461538,9.26151912568306,56.12952,0.069068545893618,63.01345902,527791.9695846633,9.0,0.038297872340426,0.133079290296168,0.366450604993485,0.884067740591834,0.158670391016773,0.955961826050889,2.525835990905762,0.0,70.03178276995506,151.17189554253514,24.82139136150306,53.57991234418967,13.297173943662353,28.70352447010161,16.843086995305647,36.357797662128704,35.45913051643294,76.54273192027094,21.275478309859764,45.925639152162574,57.62108708920353,124.3819393704403,49.64278272300612,107.15982468837932,38.11856530516541,82.28343681429126,31.913217464789646,68.88845872824386,19.50252178403812,42.09850255614902,2.659434788732471,5.740704894020322,0.0,0.0,36.0,70.0,10.0,63.0,88.0,64.0,0.0,83.0,73.0,48.0,73.0,79.0,28.0,15.0,19.0,40.0,24.0,65.0,56.0,43.0,36.0,22.0,3.0,0.0,62.0,86.0,32.0,39.0,19.0,20.0,22.0,27.0,41.0,57.0,28.0,33.0,68.0,81.0,53.0,70.0,44.0,60.0,43.0,51.0,25.0,31.0,5.0,4.0,0.0,0.0,4.0,8.0,2.0,7.0,9.0,7.0,1.0,9.0,8.0,5.0,8.0,8.0,3.0,2.0,2.0,5.0,3.0,7.0,6.0,5.0,4.0,3.0,1.0,1.0,7.0,9.0,4.0,4.0,2.0,3.0,3.0,3.0,5.0,6.0,3.0,4.0,7.0,9.0,6.0,8.0,5.0,7.0,5.0,6.0,3.0,4.0,1.0,1.0,1.0,1.0,36 %ile,70 %ile,10 %ile,63 %ile,88 %ile,64 %ile,0 %ile,83 %ile,73 %ile,48 %ile,73 %ile,79 %ile,28 %ile,15 %ile,19 %ile,40 %ile,24 %ile,65 %ile,56 %ile,43 %ile,36 %ile,22 %ile,3 %ile,0 %ile,62 %ile,86 %ile,32 %ile,39 %ile,19 %ile,20 %ile,22 %ile,27 %ile,41 %ile,57 %ile,28 %ile,33 %ile,68 %ile,81 %ile,53 %ile,70 %ile,44 %ile,60 %ile,43 %ile,51 %ile,25 %ile,31 %ile,5 %ile,4 %ile,0 %ile,0 %ile,26401033.0,474423.0,0.0,0.0,0.0,2.0,0.866179259833898,1.382233999367817,0.392028667652366,0.00252582151
280470032101,Mississippi,MS,Harrison County,4,668.0,668.0,455.0,254.0,301.0,575.0,772.0,1.50068026407791,2.493185172202313,301.0,0.45059880239521,224.0,0.335329341317365,26.0,0.05543710021322,212.0,0.274655963302752,0.0,0.0,71.0,0.156043956043956,16.0,0.023952095808383,95.0,0.142215568862275,0.274871794871795,9.3401087431694,57.14418,0.139848677985278,161.6915538,826890.776978046,38.0,0.12624584717608,0.396642344401461,0.669913026729634,2.223472966061481,0.0,0.864443381029485,5.917900085449219,0.0,120.05442112623275,199.45481377618503,49.522448714571006,82.27511068267634,64.52925135535011,107.20696240469945,43.51972765825938,72.30236999386709,75.03401320389548,124.65925861011569,58.52653029903847,97.23422171589021,120.05442112623275,199.45481377618503,106.54829874953158,177.01614722636424,91.54149610875248,152.0842955043411,0.0,0.0,31.514285545636096,52.356888616248575,48.02176845049311,79.78192551047401,0.0,0.0,63.0,89.0,62.0,61.0,63.0,97.0,0.0,74.0,27.0,42.0,97.0,80.0,33.0,43.0,29.0,50.0,39.0,80.0,71.0,61.0,0.0,21.0,32.0,0.0,79.0,94.0,53.0,59.0,59.0,72.0,47.0,52.0,63.0,79.0,57.0,63.0,82.0,94.0,75.0,89.0,70.0,86.0,0.0,0.0,37.0,38.0,50.0,58.0,0.0,0.0,7.0,9.0,7.0,7.0,7.0,11.0,1.0,8.0,3.0,5.0,11.0,9.0,4.0,5.0,3.0,6.0,4.0,9.0,8.0,7.0,1.0,3.0,4.0,1.0,8.0,10.0,6.0,6.0,6.0,8.0,5.0,6.0,7.0,8.0,6.0,7.0,9.0,10.0,8.0,9.0,8.0,9.0,1.0,1.0,4.0,4.0,6.0,6.0,1.0,1.0,63 %ile,89 %ile,62 %ile,61 %ile,63 %ile,97 %ile,0 %ile,74 %ile,27 %ile,42 %ile,97 %ile,80 %ile,33 %ile,43 %ile,29 %ile,50 %ile,39 %ile,80 %ile,71 %ile,61 %ile,0 %ile,21 %ile,32 %ile,0 %ile,79 %ile,94 %ile,53 %ile,59 %ile,59 %ile,72 %ile,47 %ile,52 %ile,63 %ile,79 %ile,57 %ile,63 %ile,82 %ile,94 %ile,75 %ile,89 %ile,70 %ile,86 %ile,0 %ile,0 %ile,37 %ile,38 %ile,50 %ile,58 %ile,0 %ile,0 %ile,607110.0,0.0,0.0,0.0,1.0,4.0,1.486473075440924,1.944879108689914,0.0302904096845,5.70186245e-05
280470032102,Mississippi,MS,Harrison County,4,1076.0,1076.0,668.0,320.0,355.0,783.0,972.0,1.382312480309059,2.342045025930891,648.0,0.602230483271376,196.0,0.182156133828996,6.0,0.015037593984962,267.0,0.274655963302752,5.0,0.015625,90.0,0.134730538922156,3.0,0.002788104089219,206.0,0.191449814126394,0.274871794871795,9.3401087431694,57.14418,0.138945137769814,159.0293812,791300.8086304064,12.0,0.033802816901408,0.368340478200015,0.693118625936188,2.178581442451543,1.730525177512769,1.00416542279204,5.495024681091309,0.0,110.58499842472472,187.3636020744713,45.616311850198954,77.2874858557194,59.439436653289526,100.7079361150283,40.08706192896271,67.91930575199584,67.73331153514388,114.76020627061364,31.793187047108358,53.86703559641049,109.20268594441566,185.0215570485404,98.1441861019432,166.28519684109327,82.93874881854353,140.52270155585344,82.93874881854353,140.52270155585344,30.410874566799297,51.5249905704796,38.70474944865365,65.57726072606495,0.0,0.0,59.0,85.0,72.0,34.0,30.0,97.0,61.0,69.0,12.0,62.0,97.0,80.0,33.0,43.0,29.0,49.0,23.0,79.0,71.0,60.0,60.0,22.0,28.0,0.0,76.0,93.0,50.0,56.0,57.0,70.0,44.0,49.0,60.0,75.0,37.0,38.0,80.0,92.0,73.0,87.0,67.0,83.0,69.0,81.0,36.0,38.0,44.0,49.0,0.0,0.0,6.0,9.0,8.0,4.0,4.0,11.0,7.0,7.0,2.0,7.0,11.0,9.0,4.0,5.0,3.0,5.0,3.0,8.0,8.0,7.0,7.0,3.0,3.0,1.0,8.0,10.0,6.0,6.0,6.0,8.0,5.0,5.0,7.0,8.0,4.0,4.0,9.0,10.0,8.0,9.0,7.0,9.0,7.0,9.0,4.0,4.0,5.0,5.0,1.0,1.0,59 %ile,85 %ile,72 %ile,34 %ile,30 %ile,97 %ile,61 %ile,69 %ile,12 %ile,62 %ile,97 %ile,80 %ile,33 %ile,43 %ile,29 %ile,49 %ile,23 %ile,79 %ile,71 %ile,60 %ile,60 %ile,22 %ile,28 %ile,0 %ile,76 %ile,93 %ile,50 %ile,56 %ile,57 %ile,70 %ile,44 %ile,49 %ile,60 %ile,75 %ile,37 %ile,38 %ile,80 %ile,92 %ile,73 %ile,87 %ile,67 %ile,83 %ile,69 %ile,81 %ile,36 %ile,38 %ile,44 %ile,49 %ile,0 %ile,0 %ile,671128.0,1039.0,0.0,0.0,1.0,5.0,1.379359845183594,1.873485972940381,0.033490051866663,6.3129378e-05
280470032111,Mississippi,MS,Harrison County,4,816.0,816.0,444.0,365.0,430.0,500.0,899.0,2.768138757771921,2.370195270801876,539.0,0.660539215686274,599.0,0.73406862745098,34.0,0.116438356164384,165.0,0.183597883597884,0.0,0.0,16.0,0.036036036036036,97.0,0.118872549019608,76.0,0.093137254901961,0.274871794871795,9.33081612021858,57.14952,0.140465556221314,502.2558375,1044239.655831404,8.0,0.018604651162791,0.845431682102312,1.42583022779201,3.683601820669675,3.630012557582281,1.018976443756236,6.835849761962891,0.0,221.45110062175365,189.61562166415007,91.34857900647337,78.2164439364619,121.79810534196451,104.28859191528257,127.33438285750836,109.02898245688633,152.24763167745564,130.3607398941032,49.826497639894576,42.663514874433766,249.13248819947287,213.31757437216888,243.59621068392903,208.57718383056513,199.30599055957833,170.6540594977351,202.0741293173502,173.02425476853696,60.89905267098226,52.14429595764128,116.26182782642069,99.54820137367882,0.0,0.0,92.0,86.0,75.0,95.0,86.0,80.0,0.0,29.0,91.0,22.0,97.0,80.0,33.0,44.0,46.0,55.0,18.0,90.0,88.0,72.0,73.0,22.0,42.0,0.0,95.0,93.0,72.0,57.0,78.0,71.0,83.0,72.0,84.0,80.0,51.0,31.0,97.0,95.0,95.0,93.0,92.0,89.0,92.0,88.0,58.0,38.0,76.0,68.0,0.0,0.0,10.0,9.0,8.0,11.0,9.0,9.0,1.0,3.0,10.0,3.0,11.0,9.0,4.0,5.0,5.0,6.0,2.0,10.0,9.0,8.0,8.0,3.0,5.0,1.0,11.0,10.0,8.0,6.0,8.0,8.0,9.0,8.0,9.0,9.0,6.0,4.0,11.0,11.0,11.0,10.0,10.0,9.0,10.0,9.0,6.0,4.0,8.0,7.0,1.0,1.0,92 %ile,86 %ile,75 %ile,95 %ile,86 %ile,80 %ile,0 %ile,29 %ile,91 %ile,22 %ile,97 %ile,80 %ile,33 %ile,44 %ile,46 %ile,55 %ile,18 %ile,90 %ile,88 %ile,72 %ile,73 %ile,22 %ile,42 %ile,0 %ile,95 %ile,93 %ile,72 %ile,57 %ile,78 %ile,71 %ile,83 %ile,72 %ile,84 %ile,80 %ile,51 %ile,31 %ile,97 %ile,95 %ile,95 %ile,93 %ile,92 %ile,89 %ile,92 %ile,88 %ile,58 %ile,38 %ile,76 %ile,68 %ile,0 %ile,0 %ile,540067.0,1526.0,0.0,0.0,7.0,6.0,2.732694036493572,1.826846167750284,0.038838565194448,5.08607125e-05
280470032112,Mississippi,MS,Harrison County,4,1168.0,1147.0,762.0,373.0,402.0,905.0,991.0,1.637518249074227,1.961374359812514,637.0,0.545376712328767,378.0,0.329555361813426,104.0,0.155223880597015,182.0,0.183597883597884,6.0,0.016085790884718,1.0,0.001312335958005,152.0,0.13013698630137,112.0,0.095890410958904,0.274871794871795,9.33081612021858,57.14952,0.140817091596031,371.5084673,900279.7668502325,6.0,0.014925373134328,0.602670383831169,0.924606788793762,3.299270975964889,7.188824521592141,0.924325619801665,6.774841785430908,0.0,131.00145992593812,156.9099487850011,54.03810221944948,64.72535387381295,72.05080295926597,86.30047183175061,67.1382482120433,80.41634875231307,85.15094895185979,101.99146671025072,27.83781023426185,33.34336411681274,140.8265694203835,168.67819494387615,129.3639416768639,154.94857442518858,114.62627743519586,137.29620518687597,139.18905117130927,166.71682058406367,34.38788323055876,41.18886155606279,67.1382482120433,80.41634875231307,0.0,0.0,68.0,72.0,68.0,60.0,92.0,80.0,62.0,10.0,94.0,23.0,97.0,80.0,33.0,44.0,41.0,52.0,17.0,86.0,79.0,70.0,85.0,21.0,41.0,0.0,82.0,88.0,55.0,47.0,62.0,63.0,62.0,57.0,67.0,70.0,34.0,25.0,85.0,90.0,81.0,85.0,76.0,82.0,83.0,87.0,40.0,30.0,59.0,58.0,0.0,0.0,7.0,8.0,7.0,7.0,10.0,9.0,7.0,2.0,10.0,3.0,11.0,9.0,4.0,5.0,5.0,6.0,2.0,9.0,8.0,8.0,9.0,3.0,5.0,1.0,9.0,9.0,6.0,5.0,7.0,7.0,7.0,6.0,7.0,8.0,4.0,3.0,9.0,10.0,9.0,9.0,8.0,9.0,9.0,9.0,5.0,4.0,6.0,6.0,1.0,1.0,68 %ile,72 %ile,68 %ile,60 %ile,92 %ile,80 %ile,62 %ile,10 %ile,94 %ile,23 %ile,97 %ile,80 %ile,33 %ile,44 %ile,41 %ile,52 %ile,17 %ile,86 %ile,79 %ile,70 %ile,85 %ile,21 %ile,41 %ile,0 %ile,82 %ile,88 %ile,55 %ile,47 %ile,62 %ile,63 %ile,62 %ile,57 %ile,67 %ile,70 %ile,34 %ile,25 %ile,85 %ile,90 %ile,81 %ile,85 %ile,76 %ile,82 %ile,83 %ile,87 %ile,40 %ile,30 %ile,59 %ile,58 %ile,0 %ile,0 %ile,2449109.0,19109.0,0.0,1.0,4.0,5.0,1.624922509799758,1.504442193842986,0.0776952452252,0.0002317874665
280470032121,Mississippi,MS,Harrison County,4,1257.0,1257.0,915.0,503.0,557.0,1004.0,905.0,2.048597494611889,2.226453995558915,697.0,0.554494828957836,627.0,0.498806682577566,64.0,0.090267983074753,221.0,0.243875278396437,0.0,0.0,124.0,0.13551912568306,0.0,0.0,103.0,0.081941129673827,0.217435897435897,9.32869289617486,56.88388,0.134536275420235,105.5566024,974231.7225753944,13.0,0.023339317773788,0.274953941855603,0.527785120636863,1.721690195311642,6.119781780578771,0.950085523285278,4.50285005569458,0.0,163.88779956895115,178.1163196447132,65.55511982758046,71.24652785788528,83.99249727908747,91.28461381791551,49.16633987068534,53.434895893413966,110.62426470904202,120.2285157601814,40.97194989223778,44.52907991117831,153.64481209589167,166.98404966691862,133.1588371497728,144.7195097113295,114.72145969826578,124.68142375129923,167.98499455817492,182.56922763583103,45.06914488146156,48.981987902296126,36.87475490301401,40.07617192006048,0.0,0.0,79.0,82.0,69.0,81.0,79.0,94.0,0.0,69.0,0.0,18.0,72.0,80.0,32.0,41.0,24.0,54.0,20.0,75.0,65.0,56.0,82.0,22.0,18.0,0.0,88.0,92.0,62.0,52.0,67.0,65.0,51.0,39.0,75.0,77.0,45.0,32.0,87.0,90.0,81.0,82.0,76.0,78.0,88.0,90.0,48.0,36.0,42.0,31.0,0.0,0.0,8.0,9.0,7.0,9.0,8.0,10.0,1.0,7.0,1.0,2.0,8.0,9.0,4.0,5.0,3.0,6.0,3.0,8.0,7.0,6.0,9.0,3.0,2.0,1.0,9.0,10.0,7.0,6.0,7.0,7.0,6.0,4.0,8.0,8.0,5.0,4.0,9.0,10.0,9.0,9.0,8.0,8.0,9.0,10.0,5.0,4.0,5.0,4.0,1.0,1.0,79 %ile,82 %ile,69 %ile,81 %ile,79 %ile,94 %ile,0 %ile,69 %ile,0 %ile,18 %ile,72 %ile,80 %ile,32 %ile,41 %ile,24 %ile,54 %ile,20 %ile,75 %ile,65 %ile,56 %ile,82 %ile,22 %ile,18 %ile,0 %ile,88 %ile,92 %ile,62 %ile,52 %ile,67 %ile,65 %ile,51 %ile,39 %ile,75 %ile,77 %ile,45 %ile,32 %ile,87 %ile,90 %ile,81 %ile,82 %ile,76 %ile,78 %ile,88 %ile,90 %ile,48 %ile,36 %ile,42 %ile,31 %ile,0 %ile,0 %ile,1640673.0,19803.0,0.0,0.0,4.0,4.0,2.025920812563879,1.650859761247238,0.056109439529754,0.0001559644215
280470032122,Mississippi,MS,Harrison County,4,539.0,524.0,401.0,220.0,488.0,429.0,891.0,0.728081872642825,1.933010482985402,62.0,0.115027829313544,122.0,0.232824427480916,0.0,0.0,217.0,0.243875278396437,0.0,0.0,44.0,0.109725685785536,1.0,0.001855287569573,95.0,0.176252319109462,0.217435897435897,9.32869289617486,56.88388,0.131280760093181,99.48961845,681050.9619131372,30.0,0.061475409836066,0.28050050451648,0.486915963403545,1.645470419600663,0.0,0.896861270315125,4.563974857330322,0.0,58.24654981142598,154.64083863883215,23.298619924570392,61.85633545553287,29.12327490571299,77.32041931941609,17.473964943427795,46.39225159164965,33.49176614156994,88.9184822173285,21.11437430664192,56.057304006576665,54.606140448211846,144.97578622390515,45.86915797649796,121.77966042808033,40.04450299535536,106.31557656419712,0.0,0.0,15.28971932549932,40.59322014269345,13.83355558021367,36.72719917672264,0.0,0.0,27.0,71.0,24.0,44.0,0.0,94.0,0.0,62.0,12.0,56.0,72.0,80.0,32.0,40.0,24.0,46.0,29.0,75.0,63.0,55.0,0.0,21.0,19.0,0.0,56.0,87.0,30.0,45.0,37.0,58.0,22.0,34.0,39.0,64.0,27.0,39.0,67.0,86.0,51.0,75.0,45.0,72.0,0.0,0.0,21.0,30.0,21.0,28.0,0.0,0.0,3.0,8.0,3.0,5.0,1.0,10.0,1.0,7.0,2.0,6.0,8.0,9.0,4.0,5.0,3.0,5.0,3.0,8.0,7.0,6.0,1.0,3.0,2.0,1.0,6.0,9.0,4.0,5.0,4.0,6.0,3.0,4.0,4.0,7.0,3.0,4.0,7.0,9.0,6.0,8.0,5.0,8.0,1.0,1.0,3.0,4.0,3.0,3.0,1.0,1.0,27 %ile,71 %ile,24 %ile,44 %ile,0 %ile,94 %ile,0 %ile,62 %ile,12 %ile,56 %ile,72 %ile,80 %ile,32 %ile,40 %ile,24 %ile,46 %ile,29 %ile,75 %ile,63 %ile,55 %ile,0 %ile,21 %ile,19 %ile,0 %ile,56 %ile,87 %ile,30 %ile,45 %ile,37 %ile,58 %ile,22 %ile,34 %ile,39 %ile,64 %ile,27 %ile,39 %ile,67 %ile,86 %ile,51 %ile,75 %ile,45 %ile,72 %ile,0 %ile,0 %ile,21 %ile,30 %ile,21 %ile,28 %ile,0 %ile,0 %ile,1141955.0,75143.0,0.0,0.0,0.0,2.0,0.715580516862945,1.360533707079946,0.072208617197307,0.000114319214
280470032131,Mississippi,MS,Harrison County,4,1121.0,1121.0,823.0,542.0,542.0,924.0,1029.0,1.569384166259732,2.063744763579766,298.0,0.265834076717217,549.0,0.489741302408564,42.0,0.114441416893733,246.0,0.238905944739046,0.0,0.0,45.0,0.054678007290401,49.0,0.04371097234612,338.0,0.301516503122212,0.217435897435897,9.31780901639344,56.86193,0.121114981100144,58.8056323,638690.0119366182,0.0,0.0,0.255999189587367,0.419741321174631,1.435075131959939,7.182716001114018,0.668395122431717,4.575166702270508,0.0,125.55073330077852,165.09958108638128,50.220293320311406,66.03983243455251,56.497829985350336,74.29481148887157,29.818299158934902,39.21115050801555,69.0529033154282,90.80476959750969,0.0,0.0,116.13442830322013,152.71711250490267,92.59366580932416,121.76094105120617,81.60797664550604,107.31472770614782,133.39765413207715,175.4183049042801,31.387683325194637,41.27489527159532,29.818299158934902,39.21115050801555,0.0,0.0,65.0,76.0,45.0,80.0,86.0,93.0,0.0,39.0,47.0,88.0,72.0,80.0,32.0,36.0,19.0,44.0,0.0,74.0,59.0,52.0,85.0,20.0,19.0,0.0,80.0,89.0,53.0,48.0,55.0,56.0,35.0,29.0,60.0,65.0,0.0,0.0,81.0,87.0,71.0,75.0,66.0,72.0,82.0,89.0,37.0,30.0,37.0,30.0,0.0,0.0,7.0,8.0,5.0,9.0,9.0,10.0,1.0,4.0,5.0,9.0,8.0,9.0,4.0,4.0,2.0,5.0,1.0,8.0,6.0,6.0,9.0,3.0,2.0,1.0,9.0,9.0,6.0,5.0,6.0,6.0,4.0,3.0,7.0,7.0,1.0,1.0,9.0,9.0,8.0,8.0,7.0,8.0,9.0,9.0,4.0,4.0,4.0,4.0,1.0,1.0,65 %ile,76 %ile,45 %ile,80 %ile,86 %ile,93 %ile,0 %ile,39 %ile,47 %ile,88 %ile,72 %ile,80 %ile,32 %ile,36 %ile,19 %ile,44 %ile,0 %ile,74 %ile,59 %ile,52 %ile,85 %ile,20 %ile,19 %ile,0 %ile,80 %ile,89 %ile,53 %ile,48 %ile,55 %ile,56 %ile,35 %ile,29 %ile,60 %ile,65 %ile,0 %ile,0 %ile,81 %ile,87 %ile,71 %ile,75 %ile,66 %ile,72 %ile,82 %ile,89 %ile,37 %ile,30 %ile,37 %ile,30 %ile,0 %ile,0 %ile,2018005.0,10061.0,0.0,0.0,3.0,3.0,1.543406087123099,1.479671212413714,0.077307537333734,0.00019049844
280470032132,Mississippi,MS,Harrison County,4,559.0,559.0,346.0,226.0,226.0,453.0,767.0,1.098534843252946,1.973012088823959,198.0,0.354203935599284,128.0,0.228980322003578,74.0,0.286821705426357,183.0,0.238905944739046,0.0,0.0,50.0,0.144508670520231,41.0,0.073345259391771,58.0,0.103756708407871,0.217435897435897,9.31780901639344,56.86193,0.14003217654479,92.71192687000001,821926.7710720078,14.0,0.061946902654867,0.368537819669357,0.559451081937743,2.015828143558134,6.625478932374937,0.753777129538925,5.632457256317139,0.0,87.88278746023565,157.8409671059167,35.15311498409426,63.13638684236668,47.23699825987666,84.83951981943022,25.26630139481775,45.37927804295105,54.92674216264728,98.65060444119791,31.857510454335426,57.2173505758948,86.78425261698268,155.86795501709273,72.50329965469442,130.21879786238128,64.81355575192379,116.40771324061356,92.27692683324744,165.73301546121252,21.970696865058912,39.460241776479165,31.857510454335426,57.2173505758948,0.0,0.0,47.0,72.0,54.0,43.0,98.0,93.0,0.0,71.0,72.0,26.0,72.0,80.0,32.0,43.0,23.0,50.0,29.0,79.0,66.0,59.0,84.0,20.0,29.0,0.0,69.0,88.0,42.0,46.0,50.0,62.0,31.0,34.0,53.0,69.0,37.0,40.0,75.0,88.0,64.0,78.0,59.0,76.0,72.0,87.0,28.0,29.0,39.0,43.0,0.0,0.0,5.0,8.0,6.0,5.0,11.0,10.0,1.0,8.0,8.0,3.0,8.0,9.0,4.0,5.0,3.0,6.0,3.0,8.0,7.0,6.0,9.0,3.0,3.0,1.0,7.0,9.0,5.0,5.0,6.0,7.0,4.0,4.0,6.0,7.0,4.0,5.0,8.0,9.0,7.0,8.0,6.0,8.0,8.0,9.0,3.0,3.0,4.0,5.0,1.0,1.0,47 %ile,72 %ile,54 %ile,43 %ile,98 %ile,93 %ile,0 %ile,71 %ile,72 %ile,26 %ile,72 %ile,80 %ile,32 %ile,43 %ile,23 %ile,50 %ile,29 %ile,79 %ile,66 %ile,59 %ile,84 %ile,20 %ile,29 %ile,0 %ile,69 %ile,88 %ile,42 %ile,46 %ile,50 %ile,62 %ile,31 %ile,34 %ile,53 %ile,69 %ile,37 %ile,40 %ile,75 %ile,88 %ile,64 %ile,78 %ile,59 %ile,76 %ile,72 %ile,87 %ile,28 %ile,29 %ile,39 %ile,43 %ile,0 %ile,0 %ile,937275.0,1851.0,0.0,0.0,0.0,3.0,1.089453437455198,1.406704688673947,0.044355525907265,8.8201768e-05
280470032133,Mississippi,MS,Harrison County,4,1239.0,1163.0,849.0,448.0,482.0,934.0,901.0,1.875613194267307,2.244190488039362,368.0,0.297013720742534,697.0,0.599312123817713,68.0,0.129032258064516,215.0,0.238905944739046,0.0,0.0,85.0,0.100117785630153,52.0,0.041969330104923,209.0,0.168684422921711,0.217435897435897,9.31780901639344,56.86193,0.13940673326534,87.28099865,587465.2335200352,0.0,0.0,0.283559105524578,0.47891732584649,1.615932807460321,0.0,0.864208070691279,4.550920009613037,0.0,150.04905554138455,179.53523904314895,60.019622216553834,71.8140956172596,80.65136735349422,96.50019098569257,41.26349027388076,49.37219073686597,80.65136735349422,96.50019098569257,0.0,0.0,140.67098957004802,168.31428660295217,116.28801804457304,139.13981025844046,101.2831124904346,121.18628635412556,0.0,0.0,39.387877079613446,47.12800024882661,35.636650691078835,42.639619272747886,0.0,0.0,74.0,82.0,48.0,89.0,88.0,93.0,0.0,59.0,45.0,53.0,72.0,80.0,32.0,43.0,22.0,43.0,0.0,75.0,62.0,54.0,0.0,21.0,19.0,0.0,86.0,92.0,59.0,53.0,66.0,68.0,45.0,36.0,65.0,68.0,0.0,0.0,85.0,90.0,78.0,81.0,73.0,77.0,0.0,0.0,44.0,34.0,41.0,33.0,0.0,0.0,8.0,9.0,5.0,9.0,9.0,10.0,1.0,6.0,5.0,6.0,8.0,9.0,4.0,5.0,3.0,5.0,1.0,8.0,7.0,6.0,1.0,3.0,2.0,1.0,9.0,10.0,6.0,6.0,7.0,7.0,5.0,4.0,7.0,7.0,1.0,1.0,9.0,10.0,8.0,9.0,8.0,8.0,1.0,1.0,5.0,4.0,5.0,4.0,1.0,1.0,74 %ile,82 %ile,48 %ile,89 %ile,88 %ile,93 %ile,0 %ile,59 %ile,45 %ile,53 %ile,72 %ile,80 %ile,32 %ile,43 %ile,22 %ile,43 %ile,0 %ile,75 %ile,62 %ile,54 %ile,0 %ile,21 %ile,19 %ile,0 %ile,86 %ile,92 %ile,59 %ile,53 %ile,66 %ile,68 %ile,45 %ile,36 %ile,65 %ile,68 %ile,0 %ile,0 %ile,85 %ile,90 %ile,78 %ile,81 %ile,73 %ile,77 %ile,0 %ile,0 %ile,44 %ile,34 %ile,41 %ile,33 %ile,0 %ile,0 %ile,774524.0,0.0,0.0,0.0,2.0,3.0,1.843445800236204,1.663281310580928,0.037472176821735,7.2748965e-05
280470032134,Mississippi,MS,Harrison County,4,754.0,754.0,612.0,320.0,447.0,685.0,886.0,1.72677729614852,1.902045338097842,509.0,0.675066312997348,211.0,0.279840848806366,61.0,0.116858237547893,212.0,0.238905944739046,0.0,0.0,46.0,0.07516339869281,51.0,0.06763925729443,60.0,0.079575596816976,0.217435897435897,9.31780901639344,56.86193,0.133649075930051,66.21313455,494541.3359562503,0.0,0.0,0.239927785938775,0.413840409994878,1.391596435897599,0.0,0.800723415935487,4.13652515411377,0.0,138.1421836918816,152.1636270478274,55.256873476752645,60.86545081913096,70.79786914208933,77.98385886201153,34.5355459229704,38.04090676195685,67.34431454979229,74.17976818581585,0.0,0.0,126.05474261884196,138.8493096811425,101.87986047276269,112.22067494777268,88.06564210357453,97.00431224298995,0.0,0.0,36.262323219118926,39.94295210005469,25.901659442227803,28.53068007146764,0.0,0.0,70.0,69.0,76.0,52.0,86.0,93.0,0.0,49.0,68.0,17.0,72.0,80.0,32.0,41.0,20.0,39.0,0.0,73.0,59.0,51.0,0.0,21.0,15.0,0.0,83.0,86.0,56.0,45.0,62.0,58.0,40.0,28.0,60.0,55.0,0.0,0.0,83.0,84.0,74.0,72.0,68.0,68.0,0.0,0.0,41.0,29.0,34.0,22.0,0.0,0.0,8.0,7.0,8.0,6.0,9.0,10.0,1.0,5.0,7.0,2.0,8.0,9.0,4.0,5.0,3.0,4.0,1.0,8.0,6.0,6.0,1.0,3.0,2.0,1.0,9.0,9.0,6.0,5.0,7.0,6.0,5.0,3.0,7.0,6.0,1.0,1.0,9.0,9.0,8.0,8.0,7.0,7.0,1.0,1.0,5.0,3.0,4.0,3.0,1.0,1.0,70 %ile,69 %ile,76 %ile,52 %ile,86 %ile,93 %ile,0 %ile,49 %ile,68 %ile,17 %ile,72 %ile,80 %ile,32 %ile,41 %ile,20 %ile,39 %ile,0 %ile,73 %ile,59 %ile,51 %ile,0 %ile,21 %ile,15 %ile,0 %ile,83 %ile,86 %ile,56 %ile,45 %ile,62 %ile,58 %ile,40 %ile,28 %ile,60 %ile,55 %ile,0 %ile,0 %ile,83 %ile,84 %ile,74 %ile,72 %ile,68 %ile,68 %ile,0 %ile,0 %ile,41 %ile,29 %ile,34 %ile,22 %ile,0 %ile,0 %ile,462714.0,0.0,0.0,0.0,2.0,2.0,1.718907120481362,1.325650563776061,0.02941479637596,4.3464055e-05
280470032141,Mississippi,MS,Harrison County,4,784.0,784.0,515.0,197.0,207.0,554.0,863.0,2.284731003485796,2.59677841718883,327.0,0.417091836734694,543.0,0.692602040816326,20.0,0.093023255813953,252.0,0.291428571428571,0.0,0.0,70.0,0.135922330097087,80.0,0.102040816326531,17.0,0.021683673469388,0.224615384615385,9.33576612021858,57.19686,0.13382331211958,250.6843684,800423.5513644806,0.0,0.0,0.399004629415526,1.040636083859312,2.970516020439743,3.533714250812811,1.337057830946795,6.577144145965576,0.0,182.77848027886367,207.7422733751064,75.39612311503126,85.6936877672314,93.67397114291764,106.46791510474203,79.96558512200286,90.88724460160904,111.951819170804,127.24214244225269,0.0,0.0,182.77848027886367,207.7422733751064,185.06321128234947,210.33905179229524,153.07697723354832,173.98415395165162,166.7853632544631,189.56482445478457,52.548813080173296,59.72590359534309,89.10450913594605,101.27435827036436,0.0,0.0,84.0,91.0,59.0,93.0,80.0,98.0,0.0,69.0,87.0,3.0,78.0,80.0,33.0,41.0,35.0,49.0,0.0,80.0,81.0,67.0,73.0,23.0,39.0,0.0,91.0,95.0,66.0,62.0,70.0,72.0,68.0,63.0,75.0,79.0,0.0,0.0,91.0,95.0,90.0,93.0,85.0,90.0,88.0,91.0,53.0,43.0,68.0,68.0,0.0,0.0,9.0,10.0,6.0,10.0,9.0,11.0,1.0,7.0,9.0,1.0,8.0,9.0,4.0,5.0,4.0,5.0,1.0,9.0,9.0,7.0,8.0,3.0,4.0,1.0,10.0,11.0,7.0,7.0,8.0,8.0,7.0,7.0,8.0,8.0,1.0,1.0,10.0,11.0,10.0,10.0,9.0,10.0,9.0,10.0,6.0,5.0,7.0,7.0,1.0,1.0,84 %ile,91 %ile,59 %ile,93 %ile,80 %ile,98 %ile,0 %ile,69 %ile,87 %ile,3 %ile,78 %ile,80 %ile,33 %ile,41 %ile,35 %ile,49 %ile,0 %ile,80 %ile,81 %ile,67 %ile,73 %ile,23 %ile,39 %ile,0 %ile,91 %ile,95 %ile,66 %ile,62 %ile,70 %ile,72 %ile,68 %ile,63 %ile,75 %ile,79 %ile,0 %ile,0 %ile,91 %ile,95 %ile,90 %ile,93 %ile,85 %ile,90 %ile,88 %ile,91 %ile,53 %ile,43 %ile,68 %ile,68 %ile,0 %ile,0 %ile,1435342.0,1555.0,0.0,0.0,5.0,5.0,2.24854072933508,2.004799134034468,0.059463534334402,0.0001349385825
280470032142,Mississippi,MS,Harrison County,4,982.0,982.0,596.0,347.0,422.0,667.0,887.0,1.848667764967296,2.338599736233489,357.0,0.363543788187373,533.0,0.542769857433809,28.0,0.052238805970149,258.0,0.291428571428571,14.0,0.040345821325648,14.0,0.023489932885906,125.0,0.127291242362525,74.0,0.075356415478615,0.224615384615385,9.33576612021858,57.19686,0.140168754327511,789.8606117,990693.3949007452,0.0,0.0,0.655027902972506,1.392173378792288,3.439923116674188,0.765848351240388,1.114073102091839,6.976816654205322,0.0,147.89342119738367,187.08797889867907,61.00603624392076,77.17379129570513,79.49271389359372,100.55978865804002,101.67672707320126,128.62298549284188,99.82805930823395,126.28438575660839,0.0,0.0,160.8340955521547,203.45817705231352,162.68276331712204,205.79677678854696,129.4067435477107,163.70198153634422,90.58472048339748,114.59138707544093,40.67069082928051,51.44919419713674,79.49271389359372,100.55978865804002,0.0,0.0,74.0,85.0,54.0,85.0,61.0,98.0,72.0,21.0,93.0,16.0,78.0,80.0,33.0,43.0,55.0,54.0,0.0,87.0,88.0,70.0,49.0,22.0,43.0,0.0,85.0,93.0,59.0,56.0,65.0,70.0,77.0,80.0,72.0,79.0,0.0,0.0,88.0,94.0,86.0,93.0,80.0,88.0,71.0,72.0,45.0,37.0,64.0,68.0,0.0,0.0,8.0,9.0,6.0,9.0,7.0,11.0,8.0,3.0,10.0,2.0,8.0,9.0,4.0,5.0,6.0,6.0,1.0,9.0,9.0,8.0,5.0,3.0,5.0,1.0,9.0,10.0,6.0,6.0,7.0,8.0,8.0,9.0,8.0,8.0,1.0,1.0,9.0,10.0,9.0,10.0,9.0,9.0,8.0,8.0,5.0,4.0,7.0,7.0,1.0,1.0,74 %ile,85 %ile,54 %ile,85 %ile,61 %ile,98 %ile,72 %ile,21 %ile,93 %ile,16 %ile,78 %ile,80 %ile,33 %ile,43 %ile,55 %ile,54 %ile,0 %ile,87 %ile,88 %ile,70 %ile,49 %ile,22 %ile,43 %ile,0 %ile,85 %ile,93 %ile,59 %ile,56 %ile,65 %ile,70 %ile,77 %ile,80 %ile,72 %ile,79 %ile,0 %ile,0 %ile,88 %ile,94 %ile,86 %ile,93 %ile,80 %ile,88 %ile,71 %ile,72 %ile,45 %ile,37 %ile,64 %ile,68 %ile,0 %ile,0 %ile,993992.0,881.0,0.0,0.0,4.0,5.0,1.820795593183991,1.939279498772667,0.048748864180918,9.3426766e-05
280470032151,Mississippi,MS,Harrison County,4,1751.0,1751.0,1096.0,671.0,701.0,1271.0,1478.0,1.729905335842195,1.604882962977471,896.0,0.511707595659623,686.0,0.391776127926899,25.0,0.034106412005457,200.0,0.135440180586907,0.0,0.0,14.0,0.012773722627737,151.0,0.086236436322102,241.0,0.137635636778983,0.224615384615385,9.3221718579235,56.91208,0.109182251305433,181.4983956,644607.0775480905,0.0,0.0,0.204846969164882,0.574612365517547,1.676241465367249,6.342613532689794,1.1701985352069,4.165368556976318,0.0,138.39242686737555,128.39063703819764,55.35697074695023,51.35625481527906,55.35697074695023,51.35625481527906,53.62706541110802,49.751371852301595,76.11583477705656,70.6148503710087,0.0,0.0,121.0933735089536,112.34180740842292,115.90365750142703,107.52715851949053,95.14479347132067,88.26856296376089,143.58214287490213,133.20528592713006,38.05791738852828,35.30742518550435,25.94858003763292,24.073244444662055,0.0,0.0,70.0,54.0,66.0,69.0,48.0,55.0,0.0,14.0,80.0,40.0,78.0,80.0,32.0,32.0,31.0,44.0,0.0,70.0,67.0,55.0,83.0,22.0,15.0,0.0,83.0,79.0,56.0,38.0,54.0,39.0,54.0,37.0,63.0,53.0,0.0,0.0,82.0,77.0,77.0,70.0,71.0,63.0,84.0,79.0,43.0,26.0,34.0,18.0,0.0,0.0,8.0,6.0,7.0,7.0,5.0,6.0,1.0,2.0,9.0,5.0,8.0,9.0,4.0,4.0,4.0,5.0,1.0,8.0,7.0,6.0,9.0,3.0,2.0,1.0,9.0,8.0,6.0,4.0,6.0,4.0,6.0,4.0,7.0,6.0,1.0,1.0,9.0,8.0,8.0,8.0,8.0,7.0,9.0,8.0,5.0,3.0,4.0,2.0,1.0,1.0,70 %ile,54 %ile,66 %ile,69 %ile,48 %ile,55 %ile,0 %ile,14 %ile,80 %ile,40 %ile,78 %ile,80 %ile,32 %ile,32 %ile,31 %ile,44 %ile,0 %ile,70 %ile,67 %ile,55 %ile,83 %ile,22 %ile,15 %ile,0 %ile,83 %ile,79 %ile,56 %ile,38 %ile,54 %ile,39 %ile,54 %ile,37 %ile,63 %ile,53 %ile,0 %ile,0 %ile,82 %ile,77 %ile,77 %ile,70 %ile,71 %ile,63 %ile,84 %ile,79 %ile,43 %ile,26 %ile,34 %ile,18 %ile,0 %ile,0 %ile,5258555.0,49674.0,0.0,0.0,3.0,0.0,1.71311011151702,1.05565227862079,0.120025817624653,0.0004985779385
280470032152,Mississippi,MS,Harrison County,4,2034.0,1968.0,1315.0,819.0,858.0,1437.0,1917.0,1.838481521664411,1.726974281734833,948.0,0.466076696165192,923.0,0.46900406504065,323.0,0.299074074074074,260.0,0.135440180586907,0.0,0.0,55.0,0.041825095057034,230.0,0.113077679449361,238.0,0.11701081612586,0.224615384615385,9.3221718579235,56.91208,0.126563285495994,171.0800307,686254.894534966,0.0,0.0,0.247644154939542,0.603990614008617,1.703171498220837,5.819814396985207,1.010541825195308,3.700099945068359,0.0,147.0785217331529,138.15794253878667,58.83140869326116,55.26317701551467,69.86229782324763,65.62502270592367,55.154445649932335,51.809228452045005,84.57014999656292,79.44081695980233,0.0,0.0,134.20915108150203,126.06912256664285,125.01674347317996,117.43425115796867,101.1164836915426,94.98358549541584,150.75548477648172,141.61189110225635,40.446593476617046,37.993434198166334,20.223296738308523,18.996717099083167,0.0,0.0,73.0,60.0,63.0,78.0,98.0,55.0,0.0,32.0,90.0,32.0,78.0,80.0,32.0,38.0,30.0,46.0,0.0,73.0,68.0,55.0,82.0,22.0,11.0,0.0,85.0,83.0,58.0,41.0,61.0,50.0,55.0,38.0,66.0,59.0,0.0,0.0,84.0,81.0,80.0,74.0,73.0,67.0,85.0,81.0,45.0,28.0,28.0,14.0,0.0,0.0,8.0,7.0,7.0,8.0,11.0,6.0,1.0,4.0,10.0,4.0,8.0,9.0,4.0,4.0,4.0,5.0,1.0,8.0,7.0,6.0,9.0,3.0,2.0,1.0,9.0,9.0,6.0,5.0,7.0,6.0,6.0,4.0,7.0,6.0,1.0,1.0,9.0,9.0,9.0,8.0,8.0,7.0,9.0,9.0,5.0,3.0,3.0,2.0,1.0,1.0,73 %ile,60 %ile,63 %ile,78 %ile,98 %ile,55 %ile,0 %ile,32 %ile,90 %ile,32 %ile,78 %ile,80 %ile,32 %ile,38 %ile,30 %ile,46 %ile,0 %ile,73 %ile,68 %ile,55 %ile,82 %ile,22 %ile,11 %ile,0 %ile,85 %ile,83 %ile,58 %ile,41 %ile,61 %ile,50 %ile,55 %ile,38 %ile,66 %ile,59 %ile,0 %ile,0 %ile,84 %ile,81 %ile,80 %ile,74 %ile,73 %ile,67 %ile,85 %ile,81 %ile,45 %ile,28 %ile,28 %ile,14 %ile,0 %ile,0 %ile,1541964.0,112522.0,0.0,0.0,4.0,3.0,1.816422727388567,1.17959369369404,0.056180429538965,0.000155399354
280470032153,Mississippi,MS,Harrison County,4,1607.0,1502.0,874.0,589.0,613.0,1140.0,1921.0,3.062971621449765,2.107208077948306,1331.0,0.828251400124456,1121.0,0.746338215712383,195.0,0.253576072821847,260.0,0.135440180586907,0.0,0.0,98.0,0.112128146453089,121.0,0.075295581829496,120.0,0.074673304293715,0.224615384615385,9.3221718579235,56.91208,0.126388556451268,199.6813057,716383.582882495,0.0,0.0,0.294424814956219,0.739064519033944,2.130417686498054,3.827213418529229,1.146778854063272,4.907687187194824,0.0,245.0377297159812,168.57664623586453,98.01509188639248,67.4306584943458,116.39292161509105,80.07390696203565,98.01509188639248,67.4306584943458,143.95966620813897,99.03877966357041,0.0,0.0,232.7858432301821,160.1478139240713,223.59692836583284,153.82618969022636,183.77829728698592,126.43248467689838,226.6598999872826,155.93339776817467,67.38537567189483,46.35857771486273,67.38537567189483,46.35857771486273,0.0,0.0,95.0,78.0,84.0,95.0,97.0,55.0,0.0,63.0,74.0,16.0,78.0,80.0,32.0,38.0,32.0,47.0,0.0,76.0,73.0,60.0,74.0,22.0,22.0,0.0,97.0,90.0,75.0,49.0,77.0,59.0,75.0,49.0,83.0,69.0,0.0,0.0,96.0,89.0,94.0,84.0,90.0,79.0,95.0,85.0,62.0,34.0,59.0,36.0,0.0,0.0,11.0,8.0,9.0,11.0,11.0,6.0,1.0,7.0,8.0,2.0,8.0,9.0,4.0,4.0,4.0,5.0,1.0,8.0,8.0,7.0,8.0,3.0,3.0,1.0,11.0,10.0,8.0,5.0,8.0,6.0,8.0,5.0,9.0,7.0,1.0,1.0,11.0,9.0,10.0,9.0,10.0,8.0,11.0,9.0,7.0,4.0,6.0,4.0,1.0,1.0,95 %ile,78 %ile,84 %ile,95 %ile,97 %ile,55 %ile,0 %ile,63 %ile,74 %ile,16 %ile,78 %ile,80 %ile,32 %ile,38 %ile,32 %ile,47 %ile,0 %ile,76 %ile,73 %ile,60 %ile,74 %ile,22 %ile,22 %ile,0 %ile,97 %ile,90 %ile,75 %ile,49 %ile,77 %ile,59 %ile,75 %ile,49 %ile,83 %ile,69 %ile,0 %ile,0 %ile,96 %ile,89 %ile,94 %ile,84 %ile,90 %ile,79 %ile,95 %ile,85 %ile,62 %ile,34 %ile,59 %ile,36 %ile,0 %ile,0 %ile,1475500.0,1308.0,0.0,0.0,6.0,4.0,3.029022898093938,1.562123806281667,0.056069510971731,0.0001386992055
280470032161,Mississippi,MS,Harrison County,4,472.0,472.0,225.0,135.0,180.0,269.0,539.0,2.546018597546172,2.456539891343022,208.0,0.440677966101695,372.0,0.788135593220339,16.0,0.082901554404145,104.0,0.192586280357904,0.0,0.0,46.0,0.204444444444444,19.0,0.040254237288136,46.0,0.097457627118644,0.218461538461538,9.2604737704918,56.22086,0.096056589971805,45.72632939,378619.58579414105,18.0,0.1,0.161164009056322,0.291510207780512,0.898936144064089,1.2082666313124,0.551568107098209,3.501935720443726,0.0,201.1354692061476,194.06665141609875,73.83453932883897,71.23965684894765,68.74250213374664,66.3265770662616,43.28231615828492,41.76117815283138,86.56463231656984,83.52235630566275,89.110650914116,85.97889619700578,170.5832460355935,164.58817271998248,129.84694847485477,125.28353445849412,109.47879969448537,105.63121532774996,140.03102286503946,135.10969402386624,48.37435335337727,46.674257935517424,25.46018597546172,24.565398913430226,0.0,0.0,88.0,88.0,61.0,97.0,76.0,83.0,0.0,82.0,43.0,24.0,73.0,79.0,29.0,27.0,17.0,34.0,35.0,67.0,51.0,43.0,55.0,19.0,10.0,0.0,93.0,94.0,66.0,52.0,61.0,50.0,47.0,31.0,67.0,61.0,71.0,57.0,89.0,89.0,81.0,77.0,75.0,71.0,83.0,79.0,51.0,34.0,33.0,18.0,0.0,0.0,9.0,9.0,7.0,11.0,8.0,9.0,1.0,9.0,5.0,3.0,8.0,8.0,3.0,3.0,2.0,4.0,4.0,7.0,6.0,5.0,6.0,2.0,2.0,1.0,10.0,10.0,7.0,6.0,7.0,6.0,5.0,4.0,7.0,7.0,8.0,6.0,9.0,9.0,9.0,8.0,8.0,8.0,9.0,8.0,6.0,4.0,4.0,2.0,1.0,1.0,88 %ile,88 %ile,61 %ile,97 %ile,76 %ile,83 %ile,0 %ile,82 %ile,43 %ile,24 %ile,73 %ile,79 %ile,29 %ile,27 %ile,17 %ile,34 %ile,35 %ile,67 %ile,51 %ile,43 %ile,55 %ile,19 %ile,10 %ile,0 %ile,93 %ile,94 %ile,66 %ile,52 %ile,61 %ile,50 %ile,47 %ile,31 %ile,67 %ile,61 %ile,71 %ile,57 %ile,89 %ile,89 %ile,81 %ile,77 %ile,75 %ile,71 %ile,83 %ile,79 %ile,51 %ile,34 %ile,33 %ile,18 %ile,0 %ile,0 %ile,3770427.0,42961.0,0.0,0.0,4.0,2.0,2.504383954721614,1.900172103077301,0.097629839174967,0.0003582655025
280470032162,Mississippi,MS,Harrison County,4,2043.0,2008.0,1395.0,689.0,689.0,1553.0,1808.0,0.513248829663413,1.54520238034368,434.0,0.212432697014195,151.0,0.075199203187251,70.0,0.075187969924812,348.0,0.192586280357904,0.0,0.0,87.0,0.062365591397849,366.0,0.179148311306902,354.0,0.173274596182085,0.218461538461538,9.2604737704918,56.22086,0.079450025966846,36.90655324,258024.1257157516,17.0,0.024673439767779,0.121796520394351,0.229461700633944,0.705850801777473,0.516790321053351,0.678861117344604,2.689486265182495,0.0,40.54665754340964,122.07098804715072,14.88421606023898,44.81086902996672,10.264976593268262,30.9040476068736,7.698732444951196,23.1780357051552,14.370967230575568,43.26566664962304,10.264976593268262,30.9040476068736,32.33467626879503,97.34774996165184,23.609446164517003,71.07930949580928,20.016704356873117,60.26289283340352,22.582948505190178,67.98890473512192,10.264976593268262,30.9040476068736,2.052995318653652,6.18080952137472,0.0,0.0,15.0,50.0,38.0,13.0,73.0,83.0,0.0,43.0,98.0,55.0,73.0,79.0,29.0,20.0,15.0,28.0,20.0,63.0,46.0,39.0,44.0,20.0,4.0,0.0,45.0,77.0,20.0,33.0,15.0,22.0,10.0,17.0,21.0,33.0,18.0,24.0,61.0,72.0,37.0,52.0,29.0,46.0,36.0,50.0,15.0,22.0,4.0,4.0,0.0,0.0,2.0,6.0,4.0,2.0,8.0,9.0,1.0,5.0,11.0,6.0,8.0,8.0,3.0,3.0,2.0,3.0,3.0,7.0,5.0,4.0,5.0,3.0,1.0,1.0,5.0,8.0,3.0,4.0,2.0,3.0,2.0,2.0,3.0,4.0,2.0,3.0,7.0,8.0,4.0,6.0,3.0,5.0,4.0,6.0,2.0,3.0,1.0,1.0,1.0,1.0,15 %ile,50 %ile,38 %ile,13 %ile,73 %ile,83 %ile,0 %ile,43 %ile,98 %ile,55 %ile,73 %ile,79 %ile,29 %ile,20 %ile,15 %ile,28 %ile,20 %ile,63 %ile,46 %ile,39 %ile,44 %ile,20 %ile,4 %ile,0 %ile,45 %ile,77 %ile,20 %ile,33 %ile,15 %ile,22 %ile,10 %ile,17 %ile,21 %ile,33 %ile,18 %ile,24 %ile,61 %ile,72 %ile,37 %ile,52 %ile,29 %ile,46 %ile,36 %ile,50 %ile,15 %ile,22 %ile,4 %ile,4 %ile,0 %ile,0 %ile,12331283.0,262702.0,0.0,0.0,0.0,0.0,0.511547549891439,0.987869936406255,0.178111059494203,0.001183440575
280470032171,Mississippi,MS,Harrison County,4,1388.0,1388.0,897.0,571.0,571.0,1104.0,1255.0,1.458233639836681,1.55263577628824,778.0,0.560518731988473,337.0,0.242795389048991,16.0,0.022535211267606,171.0,0.136454581832733,21.0,0.036777583187391,36.0,0.040133779264214,108.0,0.077809798270893,118.0,0.085014409221902,0.218461538461538,9.29705710382514,56.59354,0.095004806338697,62.05044746,421065.5846076165,21.0,0.036777583187391,0.198894730188515,0.36920183509836,1.141856360177228,5.888407572574283,0.840098330321307,2.828683376312256,0.0,115.20045754709778,122.65822632677096,45.20524283493711,48.13170906493544,37.91407463575369,40.36853018349424,27.706439156896938,29.50007974947656,52.49641103412051,55.89488794637664,33.53937371624366,35.71062285462952,102.07635478856764,108.68450434017679,81.66108383085411,86.94760347214144,68.536981072324,72.97388148554728,119.57515846660785,127.31613365563565,30.622906436570297,32.60535130205304,7.291168199183405,7.763178881441199,0.0,0.0,62.0,51.0,69.0,46.0,37.0,56.0,71.0,31.0,75.0,19.0,73.0,79.0,31.0,26.0,19.0,36.0,23.0,70.0,56.0,47.0,82.0,21.0,5.0,0.0,78.0,77.0,50.0,35.0,44.0,30.0,33.0,22.0,52.0,43.0,39.0,27.0,78.0,76.0,67.0,61.0,61.0,54.0,79.0,77.0,36.0,24.0,12.0,5.0,0.0,0.0,7.0,6.0,7.0,5.0,4.0,6.0,8.0,4.0,8.0,2.0,8.0,8.0,4.0,3.0,2.0,4.0,3.0,8.0,6.0,5.0,9.0,3.0,1.0,1.0,8.0,8.0,6.0,4.0,5.0,4.0,4.0,3.0,6.0,5.0,4.0,3.0,8.0,8.0,7.0,7.0,7.0,6.0,8.0,8.0,4.0,3.0,2.0,1.0,1.0,1.0,62 %ile,51 %ile,69 %ile,46 %ile,37 %ile,56 %ile,71 %ile,31 %ile,75 %ile,19 %ile,73 %ile,79 %ile,31 %ile,26 %ile,19 %ile,36 %ile,23 %ile,70 %ile,56 %ile,47 %ile,82 %ile,21 %ile,5 %ile,0 %ile,78 %ile,77 %ile,50 %ile,35 %ile,44 %ile,30 %ile,33 %ile,22 %ile,52 %ile,43 %ile,39 %ile,27 %ile,78 %ile,76 %ile,67 %ile,61 %ile,61 %ile,54 %ile,79 %ile,77 %ile,36 %ile,24 %ile,12 %ile,5 %ile,0 %ile,0 %ile,1586831.0,7750.0,0.0,0.0,0.0,0.0,1.451069644670038,1.192279644057572,0.057497944297678,0.0001497957955
280470032172,Mississippi,MS,Harrison County,4,1111.0,1111.0,812.0,499.0,561.0,922.0,1244.0,1.197177998199658,1.590959727664399,475.0,0.427542754275428,246.0,0.221422142214221,0.0,0.0,170.0,0.136454581832733,35.0,0.070140280561122,31.0,0.038177339901478,85.0,0.076507650765077,219.0,0.197119711971197,0.218461538461538,9.29705710382514,56.59354,0.09473638820941,55.97933669,388846.0516021945,12.0,0.021390374331551,0.173484975797929,0.331233520099979,1.025530149377621,4.162082277206445,0.835347508358197,2.239822149276733,0.0,94.57706185777295,125.68581848548756,37.112517944189385,49.31975155759638,31.126627953191097,41.364952919274394,21.54920396759384,28.637275097959193,41.90122993698802,55.68359046825398,22.746381965793493,30.228234825623588,81.4081038775767,108.18526148117915,64.6476119027815,85.91182529387757,53.873009918984586,71.59318774489797,90.98552786317396,120.91293930249437,25.14073796219281,33.41015428095239,2.394355996399315,3.181919455328799,0.0,0.0,52.0,53.0,60.0,42.0,0.0,56.0,80.0,30.0,75.0,64.0,73.0,79.0,31.0,26.0,18.0,35.0,19.0,68.0,54.0,45.0,76.0,21.0,2.0,0.0,71.0,79.0,43.0,36.0,38.0,31.0,27.0,21.0,46.0,43.0,29.0,23.0,74.0,76.0,60.0,60.0,54.0,53.0,71.0,75.0,31.0,24.0,4.0,2.0,0.0,0.0,6.0,6.0,7.0,5.0,1.0,6.0,9.0,4.0,8.0,7.0,8.0,8.0,4.0,3.0,2.0,4.0,2.0,7.0,6.0,5.0,8.0,3.0,1.0,1.0,8.0,8.0,5.0,4.0,4.0,4.0,3.0,3.0,5.0,5.0,3.0,3.0,8.0,8.0,7.0,7.0,6.0,6.0,8.0,8.0,4.0,3.0,1.0,1.0,1.0,1.0,52 %ile,53 %ile,60 %ile,42 %ile,0 %ile,56 %ile,80 %ile,30 %ile,75 %ile,64 %ile,73 %ile,79 %ile,31 %ile,26 %ile,18 %ile,35 %ile,19 %ile,68 %ile,54 %ile,45 %ile,76 %ile,21 %ile,2 %ile,0 %ile,71 %ile,79 %ile,43 %ile,36 %ile,38 %ile,31 %ile,27 %ile,21 %ile,46 %ile,43 %ile,29 %ile,23 %ile,74 %ile,76 %ile,60 %ile,60 %ile,54 %ile,53 %ile,71 %ile,75 %ile,31 %ile,24 %ile,4 %ile,2 %ile,0 %ile,0 %ile,2205537.0,7994.0,0.0,0.0,0.0,0.0,1.189529809618617,1.399074908964318,0.089576645474,0.000207954064
280470033051,Mississippi,MS,Harrison County,4,1992.0,1992.0,1322.0,904.0,1018.0,1420.0,1923.0,1.93451126908558,1.766736577083508,720.0,0.36144578313253,1157.0,0.580823293172691,98.0,0.117505995203837,180.0,0.093603744149766,0.0,0.0,148.0,0.111951588502269,20.0,0.01004016064257,252.0,0.126506024096386,0.214358974358974,9.25699071038251,56.64045,0.125995223927956,569.3540852,1037718.7546081676,107.0,0.105108055009823,0.0,0.476751277783694,0.755684892846202,16.646189000532104,0.123646315954908,7.520590305328369,0.0,152.8263902577608,139.57218958959712,59.969849341652974,54.768833889588734,73.51142822525203,67.13598992917329,92.85654091610785,84.80335570000835,106.39811979970688,97.17051173959292,69.64240568708088,63.60251677500628,0.0,0.0,119.93969868330593,109.53766777917748,77.3804507634232,70.6694630833403,181.84405929404448,166.07323824584972,29.017669036283696,26.501048656252618,94.79105218519342,86.57009227709187,0.0,0.0,76.0,63.0,54.0,87.0,86.0,26.0,0.0,63.0,15.0,36.0,70.0,79.0,31.0,38.0,48.0,55.0,36.0,0.0,62.0,40.0,94.0,15.0,49.0,0.0,86.0,83.0,59.0,40.0,63.0,51.0,74.0,60.0,74.0,68.0,63.0,44.0,0.0,0.0,78.0,71.0,64.0,53.0,90.0,87.0,35.0,19.0,70.0,61.0,0.0,0.0,8.0,7.0,6.0,9.0,9.0,3.0,1.0,7.0,2.0,4.0,8.0,8.0,4.0,4.0,5.0,6.0,4.0,1.0,7.0,5.0,10.0,2.0,5.0,1.0,9.0,9.0,6.0,5.0,7.0,6.0,8.0,7.0,8.0,7.0,7.0,5.0,1.0,1.0,8.0,8.0,7.0,6.0,10.0,9.0,4.0,2.0,8.0,7.0,1.0,1.0,76 %ile,63 %ile,54 %ile,87 %ile,86 %ile,26 %ile,0 %ile,63 %ile,15 %ile,36 %ile,70 %ile,79 %ile,31 %ile,38 %ile,48 %ile,55 %ile,36 %ile,0 %ile,62 %ile,40 %ile,94 %ile,15 %ile,49 %ile,0 %ile,86 %ile,83 %ile,59 %ile,40 %ile,63 %ile,51 %ile,74 %ile,60 %ile,74 %ile,68 %ile,63 %ile,44 %ile,0 %ile,0 %ile,78 %ile,71 %ile,64 %ile,53 %ile,90 %ile,87 %ile,35 %ile,19 %ile,70 %ile,61 %ile,0 %ile,0 %ile,2576555.0,448951.0,0.0,0.0,2.0,2.0,1.904317265656671,1.233855066233434,0.089492531510131,0.00028410252
280470033061,Mississippi,MS,Harrison County,4,486.0,486.0,379.0,187.0,257.0,432.0,574.0,0.078347354777535,1.945669939169799,24.0,0.049382716049383,0.0,0.0,0.0,0.0,169.0,0.294840294840295,0.0,0.0,60.0,0.158311345646438,54.0,0.111111111111111,32.0,0.065843621399177,0.214358974358974,9.25985710382514,56.66991,0.117387950261776,565.0755688,1390333.8560956852,0.0,0.0,0.0,0.36358929397964,0.811600794137481,18.76186398512604,0.207453948182337,6.892240047454834,0.0,6.189441027425254,153.70792519441414,2.42876799810358,60.315768114263776,2.74215741721372,68.09844787094298,3.760673029321673,93.39215708015038,4.857535996207161,120.63153622852757,0.0,0.0,0.0,0.0,4.387451867541952,108.95751659350876,3.212241545878929,79.77246750596177,7.442998703865811,184.83864422113092,1.253557676440558,31.130719026716793,3.290588900656464,81.71813744513157,0.0,0.0,1.0,71.0,11.0,0.0,0.0,98.0,0.0,74.0,89.0,13.0,70.0,79.0,31.0,35.0,48.0,62.0,0.0,0.0,56.0,41.0,95.0,16.0,42.0,0.0,10.0,87.0,4.0,44.0,4.0,52.0,5.0,65.0,7.0,77.0,0.0,0.0,0.0,0.0,28.0,71.0,16.0,58.0,28.0,91.0,8.0,23.0,6.0,59.0,0.0,0.0,1.0,8.0,2.0,1.0,1.0,11.0,1.0,8.0,9.0,2.0,8.0,8.0,4.0,4.0,5.0,7.0,1.0,1.0,6.0,5.0,11.0,2.0,5.0,1.0,2.0,9.0,1.0,5.0,1.0,6.0,1.0,7.0,1.0,8.0,1.0,1.0,1.0,1.0,3.0,8.0,2.0,6.0,3.0,10.0,1.0,3.0,1.0,6.0,1.0,1.0,1 %ile,71 %ile,11 %ile,0 %ile,0 %ile,98 %ile,0 %ile,74 %ile,89 %ile,13 %ile,70 %ile,79 %ile,31 %ile,35 %ile,48 %ile,62 %ile,0 %ile,0 %ile,56 %ile,41 %ile,95 %ile,16 %ile,42 %ile,0 %ile,10 %ile,87 %ile,4 %ile,44 %ile,4 %ile,52 %ile,5 %ile,65 %ile,7 %ile,77 %ile,0 %ile,0 %ile,0 %ile,0 %ile,28 %ile,71 %ile,16 %ile,58 %ile,28 %ile,91 %ile,8 %ile,23 %ile,6 %ile,59 %ile,0 %ile,0 %ile,720673.0,687.0,0.0,0.0,0.0,2.0,0.0790056283229,1.366625201063196,0.036457941498952,6.77415325e-05
280470033062,Mississippi,MS,Harrison County,4,1235.0,1235.0,658.0,688.0,688.0,1200.0,1054.0,1.115937285838318,2.10510147146022,173.0,0.140080971659919,471.0,0.381376518218624,0.0,0.0,311.0,0.294840294840295,0.0,0.0,28.0,0.042553191489362,16.0,0.012955465587045,272.0,0.220242914979757,0.214358974358974,9.25985710382514,56.66991,0.1140552220888,530.2027563,1088948.427680016,0.0,0.0,0.0,0.440175334507265,0.68971064755297,28.361706055993,0.243540619577109,7.074850082397461,0.0,88.15904558122709,166.30301624535738,34.594055860987844,65.25814561526683,36.825930432664485,69.46834855818726,52.449052434400926,98.93976915863034,62.49248800694579,117.88568240177231,0.0,0.0,0.0,0.0,66.95623715029906,126.3060882876132,42.405616861856075,79.99385591548835,109.36185401215512,206.2999442031016,18.9709338592514,35.786725014823745,49.10124057688598,92.62446474424969,0.0,0.0,48.0,78.0,28.0,68.0,0.0,98.0,0.0,32.0,17.0,71.0,70.0,79.0,31.0,33.0,47.0,56.0,0.0,0.0,60.0,38.0,98.0,17.0,44.0,0.0,69.0,90.0,41.0,48.0,43.0,53.0,54.0,68.0,57.0,76.0,0.0,0.0,0.0,0.0,61.0,77.0,47.0,58.0,76.0,93.0,25.0,26.0,50.0,64.0,0.0,0.0,5.0,8.0,3.0,7.0,1.0,11.0,1.0,4.0,2.0,8.0,8.0,8.0,4.0,4.0,5.0,6.0,1.0,1.0,7.0,4.0,11.0,2.0,5.0,1.0,7.0,10.0,5.0,5.0,5.0,6.0,6.0,7.0,6.0,8.0,1.0,1.0,1.0,1.0,7.0,8.0,5.0,6.0,8.0,10.0,3.0,3.0,6.0,7.0,1.0,1.0,48 %ile,78 %ile,28 %ile,68 %ile,0 %ile,98 %ile,0 %ile,32 %ile,17 %ile,71 %ile,70 %ile,79 %ile,31 %ile,33 %ile,47 %ile,56 %ile,0 %ile,0 %ile,60 %ile,38 %ile,98 %ile,17 %ile,44 %ile,0 %ile,69 %ile,90 %ile,41 %ile,48 %ile,43 %ile,53 %ile,54 %ile,68 %ile,57 %ile,76 %ile,0 %ile,0 %ile,0 %ile,0 %ile,61 %ile,77 %ile,47 %ile,58 %ile,76 %ile,93 %ile,25 %ile,26 %ile,50 %ile,64 %ile,0 %ile,0 %ile,1295523.0,84330.0,0.0,0.0,0.0,2.0,1.094815153592549,1.502069249102019,0.053835336046199,0.000129564844
280470033071,Mississippi,MS,Harrison County,4,526.0,424.0,517.0,213.0,262.0,517.0,424.0,0.881460508655537,2.657254546625968,120.0,0.228136882129278,94.0,0.221698113207547,1.0,0.005524861878453,142.0,0.334905660377358,39.0,0.183098591549296,93.0,0.179883945841393,0.0,0.0,347.0,0.659695817490494,0.214358974358974,9.2643606557377,56.46687,0.104248664118018,594.9903954,1128105.7673961765,17.0,0.064885496183206,0.0,0.42389612536176,1.193450618852446,2.785577507520469,0.378041541575093,6.460879802703857,0.0,69.63538018378746,209.92310918345143,26.443815259666124,79.71763639877902,26.443815259666124,79.71763639877902,43.19156492412134,130.20547278467242,50.24324899336564,151.46350915768016,25.562354751010588,77.06038185215306,0.0,0.0,52.00617001067671,156.7780182509321,42.3101044154658,127.54821823804645,59.93931458857655,180.69330917056575,15.866289155799675,47.83058183926742,33.49549932891043,100.97567277178676,0.0,0.0,36.0,92.0,40.0,42.0,23.0,99.0,92.0,78.0,0.0,99.0,70.0,79.0,30.0,30.0,49.0,57.0,29.0,0.0,59.0,48.0,68.0,18.0,38.0,0.0,62.0,95.0,33.0,58.0,34.0,59.0,47.0,80.0,51.0,86.0,31.0,52.0,0.0,0.0,54.0,85.0,47.0,79.0,60.0,90.0,21.0,35.0,40.0,68.0,0.0,0.0,4.0,10.0,5.0,5.0,3.0,11.0,10.0,8.0,1.0,11.0,8.0,8.0,4.0,4.0,5.0,6.0,3.0,1.0,6.0,5.0,7.0,2.0,4.0,1.0,7.0,11.0,4.0,6.0,4.0,6.0,5.0,9.0,6.0,9.0,4.0,6.0,1.0,1.0,6.0,9.0,5.0,8.0,7.0,10.0,3.0,4.0,5.0,7.0,1.0,1.0,36 %ile,92 %ile,40 %ile,42 %ile,23 %ile,99 %ile,92 %ile,78 %ile,0 %ile,99 %ile,70 %ile,79 %ile,30 %ile,30 %ile,49 %ile,57 %ile,29 %ile,0 %ile,59 %ile,48 %ile,68 %ile,18 %ile,38 %ile,0 %ile,62 %ile,95 %ile,33 %ile,58 %ile,34 %ile,59 %ile,47 %ile,80 %ile,51 %ile,86 %ile,31 %ile,52 %ile,0 %ile,0 %ile,54 %ile,85 %ile,47 %ile,79 %ile,60 %ile,90 %ile,21 %ile,35 %ile,40 %ile,68 %ile,0 %ile,0 %ile,4223856.0,116927.0,0.0,1.0,0.0,5.0,0.87113759640256,2.985597155074943,0.115049427407202,0.000407679118
280470033081,Mississippi,MS,Harrison County,4,2434.0,2434.0,1336.0,685.0,685.0,1444.0,1752.0,1.960504355732514,2.415823463390725,1191.0,0.489317995069844,1230.0,0.505341002465078,123.0,0.127725856697819,404.0,0.230398598335523,72.0,0.105109489051095,218.0,0.163173652694611,329.0,0.135168447000822,418.0,0.171733771569433,0.214358974358974,9.27171147540984,56.68487,0.101826305640987,537.1742588,884024.0818032571,23.0,0.033576642335766,0.0,0.38516021282021,0.783990356240324,2.810953611905875,0.395847120041415,6.557499885559082,0.0,154.8798441028686,190.85005360786727,60.77563502770793,74.89052736511249,56.85462631624289,70.05888043833103,94.10420907516064,115.9595262427548,99.98572214235823,123.206996632927,45.09160018184782,55.56393965798669,0.0,0.0,111.74874827675328,137.7019374132713,80.38067858503305,99.04876199901975,135.27480054554343,166.69181897396004,35.28907840318524,43.48482234103306,76.45966987356803,94.21711507223827,0.0,0.0,77.0,87.0,65.0,81.0,88.0,92.0,86.0,75.0,94.0,55.0,70.0,79.0,31.0,29.0,48.0,51.0,23.0,0.0,57.0,41.0,69.0,18.0,39.0,0.0,87.0,93.0,59.0,55.0,55.0,53.0,74.0,75.0,72.0,78.0,48.0,39.0,0.0,0.0,76.0,80.0,66.0,68.0,82.0,87.0,41.0,32.0,63.0,65.0,0.0,0.0,8.0,9.0,7.0,9.0,9.0,10.0,9.0,8.0,10.0,6.0,8.0,8.0,4.0,3.0,5.0,6.0,3.0,1.0,6.0,5.0,7.0,2.0,4.0,1.0,9.0,10.0,6.0,6.0,6.0,6.0,8.0,8.0,8.0,8.0,5.0,4.0,1.0,1.0,8.0,9.0,7.0,7.0,9.0,9.0,5.0,4.0,7.0,7.0,1.0,1.0,77 %ile,87 %ile,65 %ile,81 %ile,88 %ile,92 %ile,86 %ile,75 %ile,94 %ile,55 %ile,70 %ile,79 %ile,31 %ile,29 %ile,48 %ile,51 %ile,23 %ile,0 %ile,57 %ile,41 %ile,69 %ile,18 %ile,39 %ile,0 %ile,87 %ile,93 %ile,59 %ile,55 %ile,55 %ile,53 %ile,74 %ile,75 %ile,72 %ile,78 %ile,48 %ile,39 %ile,0 %ile,0 %ile,76 %ile,80 %ile,66 %ile,68 %ile,82 %ile,87 %ile,41 %ile,32 %ile,63 %ile,65 %ile,0 %ile,0 %ile,624787.0,0.0,0.0,0.0,2.0,3.0,1.936564974429574,2.376314206680246,0.042883599741151,5.86728215e-05
280470033082,Mississippi,MS,Harrison County,4,1409.0,1409.0,884.0,437.0,437.0,986.0,1814.0,2.226139733989776,2.175262199159956,726.0,0.515259048970901,847.0,0.601135557132718,49.0,0.072592592592593,418.0,0.230398598335523,0.0,0.0,74.0,0.083710407239819,195.0,0.138396025550035,186.0,0.132008516678495,0.214358974358974,9.27171147540984,56.68487,0.102014831337135,520.8306192,790271.2631852126,22.0,0.050343249427918,0.0,0.428771012280294,0.708051291083118,4.765391034184836,0.38648272938131,6.822639942169189,0.0,175.86503898519229,171.84571373363653,69.01033175368305,67.43312817395864,64.5580522857035,63.08260377563873,104.62856749751946,102.23732336051792,109.08084696549902,106.58784775883784,57.87963308373418,56.55681717815886,0.0,0.0,133.56838403938656,130.51573194959735,86.81944962560127,84.83522576723827,173.63889925120253,169.67045153447657,40.070515211815966,39.15471958487921,93.49786882757057,91.36101236471816,0.0,0.0,83.0,80.0,66.0,89.0,72.0,92.0,0.0,52.0,95.0,38.0,70.0,79.0,31.0,29.0,47.0,49.0,26.0,0.0,60.0,39.0,78.0,18.0,42.0,0.0,90.0,91.0,64.0,49.0,59.0,48.0,77.0,69.0,74.0,72.0,57.0,39.0,0.0,0.0,81.0,78.0,68.0,61.0,89.0,88.0,44.0,29.0,69.0,64.0,0.0,0.0,9.0,9.0,7.0,9.0,8.0,10.0,1.0,6.0,11.0,4.0,8.0,8.0,4.0,3.0,5.0,5.0,3.0,1.0,7.0,4.0,8.0,2.0,5.0,1.0,10.0,10.0,7.0,5.0,6.0,5.0,8.0,7.0,8.0,8.0,6.0,4.0,1.0,1.0,9.0,8.0,7.0,7.0,9.0,9.0,5.0,3.0,7.0,7.0,1.0,1.0,83 %ile,80 %ile,66 %ile,89 %ile,72 %ile,92 %ile,0 %ile,52 %ile,95 %ile,38 %ile,70 %ile,79 %ile,31 %ile,29 %ile,47 %ile,49 %ile,26 %ile,0 %ile,60 %ile,39 %ile,78 %ile,18 %ile,42 %ile,0 %ile,90 %ile,91 %ile,64 %ile,49 %ile,59 %ile,48 %ile,77 %ile,69 %ile,74 %ile,72 %ile,57 %ile,39 %ile,0 %ile,0 %ile,81 %ile,78 %ile,68 %ile,61 %ile,89 %ile,88 %ile,44 %ile,29 %ile,69 %ile,64 %ile,0 %ile,0 %ile,910793.0,0.0,0.0,0.0,3.0,2.0,2.196771642005342,1.593354794472822,0.037670507344167,8.5525794e-05
280470033083,Mississippi,MS,Harrison County,4,755.0,755.0,625.0,370.0,370.0,755.0,1000.0,0.700047895441113,1.751061618447834,85.0,0.112582781456954,168.0,0.222516556291391,73.0,0.172985781990521,230.0,0.230398598335523,0.0,0.0,27.0,0.0432,0.0,0.0,226.0,0.299337748344371,0.214358974358974,9.27171147540984,56.68487,0.10203897232,498.603278,704880.4276515696,0.0,0.0,0.0,0.435065821250309,0.653381689193341,0.674715057205615,0.421404379220675,5.720659732818604,0.0,55.30378373984793,138.33386785737892,21.701484758674503,54.282910171882875,20.30138896779228,50.7807869349872,32.2022031902912,80.54883444860039,32.2022031902912,80.54883444860039,0.0,0.0,0.0,0.0,42.00287372646678,105.06369710687007,25.90177213132118,64.78927988256987,32.90225108573231,82.29989606704822,12.600862117940034,31.519109132061025,21.00143686323339,52.53184855343503,0.0,0.0,26.0,62.0,23.0,42.0,94.0,92.0,0.0,33.0,0.0,88.0,70.0,79.0,31.0,29.0,46.0,46.0,0.0,0.0,60.0,37.0,47.0,18.0,30.0,0.0,54.0,83.0,28.0,40.0,28.0,39.0,38.0,57.0,38.0,59.0,0.0,0.0,0.0,0.0,49.0,69.0,34.0,49.0,44.0,58.0,17.0,23.0,29.0,40.0,0.0,0.0,3.0,7.0,3.0,5.0,10.0,10.0,1.0,4.0,1.0,9.0,8.0,8.0,4.0,3.0,5.0,5.0,1.0,1.0,7.0,4.0,5.0,2.0,4.0,1.0,6.0,9.0,3.0,5.0,3.0,4.0,4.0,6.0,4.0,6.0,1.0,1.0,1.0,1.0,5.0,7.0,4.0,5.0,5.0,6.0,2.0,3.0,3.0,5.0,1.0,1.0,26 %ile,62 %ile,23 %ile,42 %ile,94 %ile,92 %ile,0 %ile,33 %ile,0 %ile,88 %ile,70 %ile,79 %ile,31 %ile,29 %ile,46 %ile,46 %ile,0 %ile,0 %ile,60 %ile,37 %ile,47 %ile,18 %ile,30 %ile,0 %ile,54 %ile,83 %ile,28 %ile,40 %ile,28 %ile,39 %ile,38 %ile,57 %ile,38 %ile,59 %ile,0 %ile,0 %ile,0 %ile,0 %ile,49 %ile,69 %ile,34 %ile,49 %ile,44 %ile,58 %ile,17 %ile,23 %ile,29 %ile,40 %ile,0 %ile,0 %ile,705873.0,11645.0,0.0,0.0,0.0,1.0,0.688135306649444,1.173107022228764,0.033645613404935,6.73763915e-05
280470033091,Mississippi,MS,Harrison County,4,1015.0,1015.0,538.0,377.0,435.0,617.0,989.0,3.116866795788593,2.249356022478461,808.0,0.796059113300493,803.0,0.791133004926108,120.0,0.330578512396694,212.0,0.214773922187171,0.0,0.0,57.0,0.105947955390335,75.0,0.073891625615764,85.0,0.083743842364532,0.195897435897436,9.27666448087432,56.93568,0.10195725351927,473.4052504,831661.2684251334,0.0,0.0,0.0,0.399881893068471,0.520003972776939,0.0,0.508346110607148,5.518199920654297,0.0,246.23247686729883,177.6991257757984,99.73973746523498,71.97939271931074,90.38913707786922,65.23132465187535,140.25900581048668,101.22102101153072,155.84333978942965,112.46780112392302,0.0,0.0,0.0,0.0,180.7782741557384,130.4626493037507,105.97347105681216,76.47810476426764,0.0,0.0,59.22046911998327,42.73776442709075,87.27227028208061,62.981968629396896,0.0,0.0,96.0,82.0,83.0,97.0,99.0,89.0,0.0,61.0,73.0,19.0,52.0,79.0,32.0,29.0,45.0,50.0,0.0,0.0,58.0,34.0,0.0,19.0,28.0,0.0,97.0,92.0,75.0,53.0,69.0,50.0,86.0,69.0,85.0,74.0,0.0,0.0,0.0,0.0,89.0,78.0,74.0,56.0,0.0,0.0,57.0,31.0,67.0,47.0,0.0,0.0,11.0,9.0,9.0,11.0,11.0,9.0,1.0,7.0,8.0,2.0,6.0,8.0,4.0,3.0,5.0,6.0,1.0,1.0,6.0,4.0,1.0,2.0,3.0,1.0,11.0,10.0,8.0,6.0,7.0,6.0,9.0,7.0,9.0,8.0,1.0,1.0,1.0,1.0,9.0,8.0,8.0,6.0,1.0,1.0,6.0,4.0,7.0,5.0,1.0,1.0,96 %ile,82 %ile,83 %ile,97 %ile,99 %ile,89 %ile,0 %ile,61 %ile,73 %ile,19 %ile,52 %ile,79 %ile,32 %ile,29 %ile,45 %ile,50 %ile,0 %ile,0 %ile,58 %ile,34 %ile,0 %ile,19 %ile,28 %ile,0 %ile,97 %ile,92 %ile,75 %ile,53 %ile,69 %ile,50 %ile,86 %ile,69 %ile,85 %ile,74 %ile,0 %ile,0 %ile,0 %ile,0 %ile,89 %ile,78 %ile,74 %ile,56 %ile,0 %ile,0 %ile,57 %ile,31 %ile,67 %ile,47 %ile,0 %ile,0 %ile,648660.0,0.0,0.0,0.0,4.0,1.0,3.079788713323824,1.660929929600363,0.031037149659124,6.09125535e-05
280470033092,Mississippi,MS,Harrison County,4,1397.0,1391.0,1224.0,680.0,818.0,1268.0,1449.0,0.972631289021652,1.611632182244916,315.0,0.225483178239084,365.0,0.262401150251618,12.0,0.018633540372671,311.0,0.214773922187171,0.0,0.0,28.0,0.022875816993464,58.0,0.04151753758053,413.0,0.29563350035791,0.195897435897436,9.27666448087432,56.93568,0.101555517819582,429.665149,582962.6494596087,10.0,0.012224938875306,0.0,0.630606050042381,0.694180078239345,0.0,0.909198451543772,4.321100234985352,0.0,76.83787183271046,127.31894239734832,31.12420124869285,51.5722298318373,28.20630738162789,46.73733328510255,42.795776716952666,70.91181601877628,40.85051413890936,67.68855165428646,15.562100624346424,25.78611491591865,0.0,0.0,67.11155894249396,111.20262057489916,36.95998898282276,61.24202292530679,0.0,0.0,20.42525706945468,33.84427582714323,16.534731913368077,27.397747098163563,0.0,0.0,41.0,54.0,40.0,49.0,34.0,89.0,0.0,21.0,45.0,87.0,52.0,79.0,32.0,29.0,44.0,42.0,16.0,0.0,69.0,38.0,0.0,21.0,17.0,0.0,65.0,79.0,38.0,38.0,36.0,36.0,47.0,51.0,45.0,51.0,22.0,21.0,0.0,0.0,61.0,72.0,43.0,46.0,0.0,0.0,26.0,25.0,24.0,21.0,0.0,0.0,5.0,6.0,5.0,5.0,4.0,9.0,1.0,3.0,5.0,9.0,6.0,8.0,4.0,3.0,5.0,5.0,2.0,1.0,7.0,4.0,1.0,3.0,2.0,1.0,7.0,8.0,4.0,4.0,4.0,4.0,5.0,6.0,5.0,6.0,3.0,3.0,1.0,1.0,7.0,8.0,5.0,5.0,1.0,1.0,3.0,3.0,3.0,3.0,1.0,1.0,41 %ile,54 %ile,40 %ile,49 %ile,34 %ile,89 %ile,0 %ile,21 %ile,45 %ile,87 %ile,52 %ile,79 %ile,32 %ile,29 %ile,44 %ile,42 %ile,16 %ile,0 %ile,69 %ile,38 %ile,0 %ile,21 %ile,17 %ile,0 %ile,65 %ile,79 %ile,38 %ile,38 %ile,36 %ile,36 %ile,47 %ile,51 %ile,45 %ile,51 %ile,22 %ile,21 %ile,0 %ile,0 %ile,61 %ile,72 %ile,43 %ile,46 %ile,0 %ile,0 %ile,26 %ile,25 %ile,24 %ile,21 %ile,0 %ile,0 %ile,1929931.0,562531.0,0.0,0.0,0.0,0.0,0.959819419387126,1.025339835700295,0.118633087397735,0.0002340253685
280470033093,Mississippi,MS,Harrison County,4,1423.0,1423.0,761.0,393.0,405.0,1182.0,1366.0,1.330187250023086,2.248131994571239,716.0,0.503162333099086,323.0,0.226985242445538,48.0,0.056737588652482,293.0,0.214773922187171,46.0,0.11704834605598,219.0,0.287779237844941,43.0,0.030217849613493,118.0,0.082923401264933,0.195897435897436,9.27666448087432,56.93568,0.102654889845606,468.9929421,769654.5985907341,0.0,0.0,0.0,0.412986616474452,0.679700038396555,1.57278434155224,0.50911578551395,5.777100086212158,0.0,105.08479275182383,177.60242757112786,42.56599200073877,71.94022382627963,38.57543025066951,65.19582784256592,59.858426251038885,101.16593975570572,63.84898800110816,107.91033573941944,0.0,0.0,0.0,0.0,78.48104775136211,132.6397876797031,50.54711550087728,85.42901579370705,78.48104775136211,132.6397876797031,25.27355775043864,42.714507896853526,41.23580475071568,69.6920918317084,0.0,0.0,57.0,82.0,66.0,43.0,64.0,89.0,87.0,91.0,33.0,18.0,52.0,79.0,32.0,29.0,45.0,48.0,0.0,0.0,59.0,38.0,59.0,19.0,31.0,0.0,75.0,92.0,48.0,53.0,44.0,50.0,58.0,69.0,58.0,73.0,0.0,0.0,0.0,0.0,66.0,79.0,52.0,62.0,67.0,79.0,31.0,31.0,45.0,52.0,0.0,0.0,6.0,9.0,7.0,5.0,7.0,9.0,9.0,10.0,4.0,2.0,6.0,8.0,4.0,3.0,5.0,5.0,1.0,1.0,6.0,4.0,6.0,2.0,4.0,1.0,8.0,10.0,5.0,6.0,5.0,6.0,6.0,7.0,6.0,8.0,1.0,1.0,1.0,1.0,7.0,8.0,6.0,7.0,7.0,8.0,4.0,4.0,5.0,6.0,1.0,1.0,57 %ile,82 %ile,66 %ile,43 %ile,64 %ile,89 %ile,87 %ile,91 %ile,33 %ile,18 %ile,52 %ile,79 %ile,32 %ile,29 %ile,45 %ile,48 %ile,0 %ile,0 %ile,59 %ile,38 %ile,59 %ile,19 %ile,31 %ile,0 %ile,75 %ile,92 %ile,48 %ile,53 %ile,44 %ile,50 %ile,58 %ile,69 %ile,58 %ile,73 %ile,0 %ile,0 %ile,0 %ile,0 %ile,66 %ile,79 %ile,52 %ile,62 %ile,67 %ile,79 %ile,31 %ile,31 %ile,45 %ile,52 %ile,0 %ile,0 %ile,2206869.0,3118490.0,0.0,0.0,0.0,1.0,1.323211729125195,2.286670295294014,0.150968299185436,0.0005000261965
280470033101,Mississippi,MS,Harrison County,4,1310.0,1310.0,752.0,641.0,641.0,1035.0,1203.0,0.827053872473902,1.359940073694236,355.0,0.270992366412214,222.0,0.169465648854962,41.0,0.065286624203822,183.0,0.15211970074813,0.0,0.0,33.0,0.043882978723404,113.0,0.086259541984733,168.0,0.12824427480916,0.195897435897436,9.28794699453552,56.94828,0.099711725346745,435.1184981,613117.755723102,30.0,0.046801872074883,0.0,0.557516737069824,0.69036229475381,2.085390102651434,0.918740179751686,4.561362743377686,0.0,65.33725592543826,107.43526582184467,26.465723919164866,43.51808235821556,23.157508429269257,38.078322063438605,36.390370388851686,59.8373632425464,35.56331651637779,58.47742316885216,21.50340068432145,35.35844191605014,0.0,0.0,54.585555583277525,89.75604486381958,31.42804715400828,51.67772280038098,52.104393965855834,85.67622464273688,17.368131321951942,28.55874154757896,15.71402357700414,25.83886140019049,0.0,0.0,33.0,38.0,45.0,32.0,69.0,65.0,0.0,33.0,80.0,36.0,52.0,79.0,32.0,28.0,44.0,43.0,26.0,0.0,66.0,38.0,63.0,21.0,19.0,0.0,60.0,71.0,33.0,32.0,31.0,28.0,41.0,44.0,41.0,45.0,28.0,26.0,0.0,0.0,55.0,62.0,39.0,39.0,56.0,60.0,23.0,21.0,23.0,19.0,0.0,0.0,4.0,4.0,5.0,4.0,7.0,7.0,1.0,4.0,9.0,4.0,6.0,8.0,4.0,3.0,5.0,5.0,3.0,1.0,7.0,4.0,7.0,3.0,2.0,1.0,7.0,8.0,4.0,4.0,4.0,3.0,5.0,5.0,5.0,5.0,3.0,3.0,1.0,1.0,6.0,7.0,4.0,4.0,6.0,7.0,3.0,3.0,3.0,2.0,1.0,1.0,33 %ile,38 %ile,45 %ile,32 %ile,69 %ile,65 %ile,0 %ile,33 %ile,80 %ile,36 %ile,52 %ile,79 %ile,32 %ile,28 %ile,44 %ile,43 %ile,26 %ile,0 %ile,66 %ile,38 %ile,63 %ile,21 %ile,19 %ile,0 %ile,60 %ile,71 %ile,33 %ile,32 %ile,31 %ile,28 %ile,41 %ile,44 %ile,41 %ile,45 %ile,28 %ile,26 %ile,0 %ile,0 %ile,55 %ile,62 %ile,39 %ile,39 %ile,56 %ile,60 %ile,23 %ile,21 %ile,23 %ile,19 %ile,0 %ile,0 %ile,1692763.0,0.0,0.0,0.0,0.0,0.0,0.82045080401984,0.799150391438186,0.062724380510103,0.000158948605
280470033111,Mississippi,MS,Harrison County,4,1384.0,1384.0,903.0,765.0,960.0,1229.0,1187.0,1.341067354152596,1.201596647568983,808.0,0.583815028901734,245.0,0.177023121387283,0.0,0.0,140.0,0.117969320672023,0.0,0.0,10.0,0.011074197120709,91.0,0.065751445086705,106.0,0.076589595375723,0.195897435897436,9.28687923497268,56.70966,0.100438937235959,453.6454573,780937.8744213368,0.0,0.0,0.0,0.403104042322763,0.538819999298166,4.076510058215292,0.783319990188062,5.297614097595215,0.0,105.94432097805507,94.92613515794967,41.57308797873048,37.249496074638486,37.549885916272686,33.644706131931535,60.34803093686683,54.07184914060426,65.71230035347722,58.878235730880185,0.0,0.0,0.0,0.0,77.78190654085057,69.69260555900104,45.59629004118826,40.85428601734544,100.5800515614447,90.11974856767377,28.16241443720452,25.233529598948653,34.8677512079675,31.241512836793568,0.0,0.0,57.0,28.0,71.0,33.0,0.0,43.0,0.0,13.0,67.0,16.0,52.0,79.0,31.0,28.0,45.0,49.0,0.0,0.0,58.0,34.0,75.0,21.0,26.0,0.0,75.0,65.0,47.0,27.0,43.0,25.0,58.0,40.0,59.0,45.0,0.0,0.0,0.0,0.0,66.0,51.0,49.0,31.0,74.0,62.0,34.0,18.0,41.0,24.0,0.0,0.0,6.0,3.0,8.0,4.0,1.0,5.0,1.0,2.0,7.0,2.0,6.0,8.0,4.0,3.0,5.0,5.0,1.0,1.0,6.0,4.0,8.0,3.0,3.0,1.0,8.0,7.0,5.0,3.0,5.0,3.0,6.0,5.0,6.0,5.0,1.0,1.0,1.0,1.0,7.0,6.0,5.0,4.0,8.0,7.0,4.0,2.0,5.0,3.0,1.0,1.0,57 %ile,28 %ile,71 %ile,33 %ile,0 %ile,43 %ile,0 %ile,13 %ile,67 %ile,16 %ile,52 %ile,79 %ile,31 %ile,28 %ile,45 %ile,49 %ile,0 %ile,0 %ile,58 %ile,34 %ile,75 %ile,21 %ile,26 %ile,0 %ile,75 %ile,65 %ile,47 %ile,27 %ile,43 %ile,25 %ile,58 %ile,40 %ile,59 %ile,45 %ile,0 %ile,0 %ile,0 %ile,0 %ile,66 %ile,51 %ile,49 %ile,31 %ile,74 %ile,62 %ile,34 %ile,18 %ile,41 %ile,24 %ile,0 %ile,0 %ile,1268035.0,6655.0,0.0,0.0,0.0,0.0,1.338178658832988,0.647648376974397,0.047777542458689,0.000119699827
280470033112,Mississippi,MS,Harrison County,4,1448.0,1448.0,1040.0,635.0,756.0,1186.0,1551.0,0.850452287686562,1.634221904438146,178.0,0.12292817679558,405.0,0.279696132596685,38.0,0.058641975308642,183.0,0.117969320672023,0.0,0.0,216.0,0.207692307692308,59.0,0.040745856353591,294.0,0.203038674033149,0.195897435897436,9.28687923497268,56.70966,0.100864820146929,513.0689698,916110.7666671256,0.0,0.0,0.0,0.345973963283055,0.562969871895212,5.366898497380126,0.739763545570825,4.910427570343018,0.0,67.18573072723844,129.10353045061353,26.36402091828344,50.660879037582525,23.81266405522375,45.75821332426809,39.971257521268434,76.80842950859287,44.223518959701245,84.9795390307836,0.0,0.0,0.0,0.0,46.774875822760926,89.88220474409803,29.76583006902969,57.19776665533512,68.036183014925,130.73775235505167,17.00904575373125,32.684438088762924,18.709950329104373,35.952881897639216,0.0,0.0,34.0,55.0,25.0,52.0,65.0,43.0,0.0,83.0,44.0,66.0,52.0,79.0,31.0,28.0,47.0,52.0,0.0,0.0,55.0,35.0,80.0,20.0,22.0,0.0,60.0,80.0,33.0,37.0,32.0,35.0,44.0,55.0,47.0,62.0,0.0,0.0,0.0,0.0,51.0,62.0,37.0,43.0,63.0,78.0,22.0,24.0,26.0,28.0,0.0,0.0,4.0,6.0,3.0,6.0,7.0,5.0,1.0,9.0,5.0,7.0,6.0,8.0,4.0,3.0,5.0,6.0,1.0,1.0,6.0,4.0,9.0,3.0,3.0,1.0,7.0,9.0,4.0,4.0,4.0,4.0,5.0,6.0,5.0,7.0,1.0,1.0,1.0,1.0,6.0,7.0,4.0,5.0,7.0,8.0,3.0,3.0,3.0,3.0,1.0,1.0,34 %ile,55 %ile,25 %ile,52 %ile,65 %ile,43 %ile,0 %ile,83 %ile,44 %ile,66 %ile,52 %ile,79 %ile,31 %ile,28 %ile,47 %ile,52 %ile,0 %ile,0 %ile,55 %ile,35 %ile,80 %ile,20 %ile,22 %ile,0 %ile,60 %ile,80 %ile,33 %ile,37 %ile,32 %ile,35 %ile,44 %ile,55 %ile,47 %ile,62 %ile,0 %ile,0 %ile,0 %ile,0 %ile,51 %ile,62 %ile,37 %ile,43 %ile,63 %ile,78 %ile,22 %ile,24 %ile,26 %ile,28 %ile,0 %ile,0 %ile,5344897.0,453901.0,0.0,0.0,0.0,1.0,0.835230812476835,1.102922078591779,0.14771713303496,0.000544601378
280470033121,Mississippi,MS,Harrison County,4,1110.0,1079.0,745.0,403.0,438.0,1025.0,1168.0,1.315995834909482,1.409908664707197,591.0,0.532432432432432,217.0,0.201112140871177,130.0,0.221843003412969,166.0,0.142234548335975,6.0,0.014888337468983,50.0,0.067114093959732,0.0,0.0,200.0,0.18018018018018,0.192820512820513,9.314853825136613,56.87471,0.099856328345949,421.3210196,757063.7691478058,0.0,0.0,0.0,0.561947940389696,0.662702277372772,4.597227488200952,1.176770009451508,5.140625,0.0,105.27966679275856,112.79269317657572,42.11186671710343,45.1170772706303,36.847883377465486,39.477442611801514,56.587820901107726,60.626072582409456,63.16780007565514,67.67561590594545,0.0,0.0,0.0,0.0,86.8557251040258,93.05397187067497,50.00784172656032,53.57652925887348,101.33167928803012,108.56296718245416,30.26790420291809,32.42789928826553,31.58390003782757,33.837807952972724,0.0,0.0,56.0,42.0,67.0,38.0,96.0,59.0,61.0,45.0,0.0,58.0,49.0,80.0,32.0,28.0,43.0,48.0,0.0,0.0,66.0,38.0,77.0,23.0,24.0,0.0,75.0,73.0,47.0,33.0,43.0,30.0,56.0,44.0,58.0,51.0,0.0,0.0,0.0,0.0,69.0,64.0,51.0,41.0,74.0,70.0,36.0,24.0,38.0,26.0,0.0,0.0,6.0,5.0,7.0,4.0,11.0,6.0,7.0,5.0,1.0,6.0,5.0,9.0,4.0,3.0,5.0,5.0,1.0,1.0,7.0,4.0,8.0,3.0,3.0,1.0,8.0,8.0,5.0,4.0,5.0,4.0,6.0,5.0,6.0,6.0,1.0,1.0,1.0,1.0,7.0,7.0,6.0,5.0,8.0,8.0,4.0,3.0,4.0,3.0,1.0,1.0,56 %ile,42 %ile,67 %ile,38 %ile,96 %ile,59 %ile,61 %ile,45 %ile,0 %ile,58 %ile,49 %ile,80 %ile,32 %ile,28 %ile,43 %ile,48 %ile,0 %ile,0 %ile,66 %ile,38 %ile,77 %ile,23 %ile,24 %ile,0 %ile,75 %ile,73 %ile,47 %ile,33 %ile,43 %ile,30 %ile,56 %ile,44 %ile,58 %ile,51 %ile,0 %ile,0 %ile,0 %ile,0 %ile,69 %ile,64 %ile,51 %ile,41 %ile,74 %ile,70 %ile,36 %ile,24 %ile,38 %ile,26 %ile,0 %ile,0 %ile,464164.0,0.0,0.0,0.0,0.0,0.0,1.310970118902013,0.927982313908974,0.026484712097628,4.3585375e-05
280470033122,Mississippi,MS,Harrison County,4,1414.0,1414.0,1002.0,500.0,521.0,1045.0,1356.0,1.186233496828594,1.535301418055848,558.0,0.394625176803395,338.0,0.239038189533239,104.0,0.153846153846154,193.0,0.142234548335975,24.0,0.048,84.0,0.083832335329341,70.0,0.04950495049505,184.0,0.13012729844413,0.192820512820513,9.314853825136613,56.87471,0.100182122377813,440.1215951,710142.78869491,14.0,0.026871401151631,0.0,0.584565751373528,0.837081499512645,1.749363707661291,1.10965700495403,4.82871675491333,0.0,94.89867974628754,122.82411344446784,37.95947189851502,49.129645377787135,33.214537911200644,42.98843970556375,52.19427386045816,67.55326239445732,54.56674085411534,70.62386523056901,24.91090343340048,32.241329779172816,0.0,0.0,79.4776442875158,102.86519500974183,49.82180686680096,64.48265955834563,71.17400980971566,92.11808508335088,26.09713693022908,33.77663119722866,24.91090343340048,32.241329779172816,0.0,0.0,51.0,49.0,57.0,45.0,92.0,59.0,75.0,52.0,52.0,37.0,49.0,80.0,32.0,28.0,44.0,46.0,21.0,0.0,67.0,42.0,60.0,22.0,21.0,0.0,72.0,77.0,44.0,36.0,40.0,33.0,53.0,49.0,53.0,53.0,31.0,25.0,0.0,0.0,66.0,68.0,51.0,49.0,64.0,63.0,32.0,25.0,33.0,25.0,0.0,0.0,6.0,5.0,6.0,5.0,10.0,6.0,8.0,6.0,6.0,4.0,5.0,9.0,4.0,3.0,5.0,5.0,3.0,1.0,7.0,5.0,7.0,3.0,3.0,1.0,8.0,8.0,5.0,4.0,5.0,4.0,6.0,5.0,6.0,6.0,4.0,3.0,1.0,1.0,7.0,7.0,6.0,5.0,7.0,7.0,4.0,3.0,4.0,3.0,1.0,1.0,51 %ile,49 %ile,57 %ile,45 %ile,92 %ile,59 %ile,75 %ile,52 %ile,52 %ile,37 %ile,49 %ile,80 %ile,32 %ile,28 %ile,44 %ile,46 %ile,21 %ile,0 %ile,67 %ile,42 %ile,60 %ile,22 %ile,21 %ile,0 %ile,72 %ile,77 %ile,44 %ile,36 %ile,40 %ile,33 %ile,53 %ile,49 %ile,53 %ile,53 %ile,31 %ile,25 %ile,0 %ile,0 %ile,66 %ile,68 %ile,51 %ile,49 %ile,64 %ile,63 %ile,32 %ile,25 %ile,33 %ile,25 %ile,0 %ile,0 %ile,2759777.0,566571.0,0.0,0.0,0.0,0.0,1.177084618439403,1.221537175276788,0.08655168624101,0.0003123787625
280470033131,Mississippi,MS,Harrison County,4,618.0,616.0,431.0,211.0,220.0,489.0,675.0,0.519227946447254,1.111184413969961,60.0,0.097087378640777,96.0,0.155844155844156,0.0,0.0,72.0,0.106635071090047,0.0,0.0,0.0,0.0,48.0,0.077669902912621,118.0,0.190938511326861,0.192820512820513,9.30135218579235,57.11434,0.100890217988865,409.3087474,641455.4290516134,6.0,0.027272727272727,0.0,0.656417993196043,0.766246499528914,0.0,1.397344845835659,6.08650016784668,0.0,41.019007769333086,87.78356870362691,17.13452223275939,36.6690856610087,14.538382500523118,31.113163591158905,22.32680169723193,47.780929800708314,22.846029643679188,48.89211421467827,10.903786875392338,23.33487269336917,0.0,0.0,36.3459562513078,77.78290897789725,20.76911785789017,44.447376558798425,0.0,0.0,11.942242768286848,25.55724152130909,17.653750179206643,37.78027007497867,0.0,0.0,15.0,23.0,21.0,29.0,0.0,35.0,0.0,0.0,75.0,62.0,49.0,79.0,33.0,28.0,43.0,44.0,21.0,0.0,70.0,40.0,0.0,23.0,34.0,0.0,45.0,61.0,23.0,27.0,21.0,22.0,28.0,35.0,30.0,37.0,19.0,19.0,0.0,0.0,45.0,56.0,29.0,34.0,0.0,0.0,17.0,19.0,25.0,29.0,0.0,0.0,2.0,3.0,3.0,3.0,1.0,4.0,1.0,1.0,8.0,7.0,5.0,8.0,4.0,3.0,5.0,5.0,3.0,1.0,8.0,5.0,1.0,3.0,4.0,1.0,5.0,7.0,3.0,3.0,3.0,3.0,3.0,4.0,4.0,4.0,2.0,2.0,1.0,1.0,5.0,6.0,3.0,4.0,1.0,1.0,2.0,2.0,3.0,3.0,1.0,1.0,15 %ile,23 %ile,21 %ile,29 %ile,0 %ile,35 %ile,0 %ile,0 %ile,75 %ile,62 %ile,49 %ile,79 %ile,33 %ile,28 %ile,43 %ile,44 %ile,21 %ile,0 %ile,70 %ile,40 %ile,0 %ile,23 %ile,34 %ile,0 %ile,45 %ile,61 %ile,23 %ile,27 %ile,21 %ile,22 %ile,28 %ile,35 %ile,30 %ile,37 %ile,19 %ile,19 %ile,0 %ile,0 %ile,45 %ile,56 %ile,29 %ile,34 %ile,0 %ile,0 %ile,17 %ile,19 %ile,25 %ile,29 %ile,0 %ile,0 %ile,892990.0,994085.0,0.0,0.0,0.0,0.0,0.511127822721057,0.558402469029901,0.081926565522423,0.000177180499
280470033132,Mississippi,MS,Harrison County,4,1512.0,1512.0,1028.0,551.0,589.0,1135.0,1435.0,1.173410683297697,1.456540374695784,269.0,0.177910052910053,575.0,0.380291005291005,0.0,0.0,153.0,0.106635071090047,6.0,0.010889292196007,69.0,0.067120622568093,77.0,0.050925925925926,349.0,0.230820105820106,0.192820512820513,9.30135218579235,57.11434,0.097398950080769,401.6750162,645275.4667304647,0.0,0.0,0.095218258106249,0.673916857658864,0.98168138333406,1.406372049842647,1.767931111086982,5.435999870300293,0.0,92.69944398051808,115.06668960096692,38.722552548824005,48.06583236496087,31.682088449037828,39.32659011678616,50.45665938180098,62.63123611191871,51.630070065098685,64.08777648661449,0.0,0.0,68.05781963126645,84.47934173235545,83.31215851413651,103.41436660340064,52.80348074839638,65.54431686131028,66.88440894796875,83.02280135765967,28.161856399144735,34.956968992698805,31.682088449037828,39.32659011678616,0.0,0.0,50.0,45.0,34.0,67.0,0.0,35.0,59.0,45.0,54.0,74.0,49.0,79.0,33.0,27.0,43.0,44.0,0.0,58.0,71.0,45.0,57.0,24.0,27.0,0.0,71.0,74.0,45.0,35.0,39.0,29.0,52.0,46.0,52.0,49.0,0.0,0.0,71.0,68.0,68.0,68.0,53.0,49.0,63.0,59.0,34.0,25.0,38.0,30.0,0.0,0.0,6.0,5.0,4.0,7.0,1.0,4.0,6.0,5.0,6.0,8.0,5.0,8.0,4.0,3.0,5.0,5.0,1.0,6.0,8.0,5.0,6.0,3.0,3.0,1.0,8.0,8.0,5.0,4.0,4.0,3.0,6.0,5.0,6.0,5.0,1.0,1.0,8.0,7.0,7.0,7.0,6.0,5.0,7.0,6.0,4.0,3.0,4.0,4.0,1.0,1.0,50 %ile,45 %ile,34 %ile,67 %ile,0 %ile,35 %ile,59 %ile,45 %ile,54 %ile,74 %ile,49 %ile,79 %ile,33 %ile,27 %ile,43 %ile,44 %ile,0 %ile,58 %ile,71 %ile,45 %ile,57 %ile,24 %ile,27 %ile,0 %ile,71 %ile,74 %ile,45 %ile,35 %ile,39 %ile,29 %ile,52 %ile,46 %ile,52 %ile,49 %ile,0 %ile,0 %ile,71 %ile,68 %ile,68 %ile,68 %ile,53 %ile,49 %ile,63 %ile,59 %ile,34 %ile,25 %ile,38 %ile,30 %ile,0 %ile,0 %ile,2269975.0,921476.0,0.0,0.0,0.0,0.0,1.152858249026227,0.961824263433896,0.090558924489208,0.000299673517
280470034031,Mississippi,MS,Harrison County,4,1213.0,1213.0,853.0,364.0,380.0,1022.0,1140.0,0.76551624041735,1.605678635277316,250.0,0.206100577081616,227.0,0.187139323990107,27.0,0.051428571428571,189.0,0.166120576671035,0.0,0.0,137.0,0.160609613130129,46.0,0.037922506183017,164.0,0.13520197856554,0.192820512820513,9.27036338797814,56.21742,0.060732404758612,173.5799208,242327.9717318824,61.0,0.160526315789474,0.079399309728922,0.248776134134164,0.609498682386551,0.06906442785059,1.516836499588634,2.894497632980347,,60.47578299297062,126.84861218690794,22.199970972103145,46.56468042304216,9.186194885008195,19.268143623327788,22.96548721252049,48.17035905831948,20.66893849126844,43.353323152487526,33.68271457836339,70.6498599522019,42.86890946337159,89.91800357552968,36.74477954003278,77.07257449331115,27.55858465502459,57.80443086998337,24.49651969335519,51.381716328874106,18.37238977001639,38.536287246655576,4.593097442504098,9.634071811663894,,,30.0,54.0,37.0,35.0,61.0,72.0,0.0,75.0,41.0,39.0,49.0,79.0,29.0,12.0,30.0,27.0,44.0,56.0,48.0,36.0,32.0,24.0,6.0,,57.0,79.0,29.0,34.0,13.0,13.0,28.0,36.0,28.0,33.0,39.0,48.0,64.0,70.0,45.0,56.0,36.0,44.0,38.0,39.0,24.0,28.0,8.0,7.0,,,4.0,6.0,4.0,4.0,7.0,8.0,1.0,8.0,5.0,4.0,5.0,8.0,3.0,2.0,4.0,3.0,5.0,6.0,5.0,4.0,4.0,3.0,1.0,,6.0,8.0,3.0,4.0,2.0,2.0,3.0,4.0,3.0,4.0,4.0,5.0,7.0,8.0,5.0,6.0,4.0,5.0,4.0,4.0,3.0,3.0,1.0,1.0,,,30 %ile,54 %ile,37 %ile,35 %ile,61 %ile,72 %ile,0 %ile,75 %ile,41 %ile,39 %ile,49 %ile,79 %ile,29 %ile,12 %ile,30 %ile,27 %ile,44 %ile,56 %ile,48 %ile,36 %ile,32 %ile,24 %ile,6 %ile,,57 %ile,79 %ile,29 %ile,34 %ile,13 %ile,13 %ile,28 %ile,36 %ile,28 %ile,33 %ile,39 %ile,48 %ile,64 %ile,70 %ile,45 %ile,56 %ile,36 %ile,44 %ile,38 %ile,39 %ile,24 %ile,28 %ile,8 %ile,7 %ile,,,19601538.0,20586.0,0.0,0.0,0.0,0.0,0.756982790843791,1.053128211241448,0.187577526038092,0.001843950799001
280470034032,Mississippi,MS,Harrison County,4,1842.0,1791.0,1389.0,638.0,758.0,1527.0,1912.0,0.747944403790026,1.403937477618877,440.0,0.238870792616721,282.0,0.157453936348409,92.0,0.090999010880317,318.0,0.166120576671035,11.0,0.017241379310345,56.0,0.040316774658027,70.0,0.03800217155266,244.0,0.132464712269273,0.192820512820513,9.27036338797814,56.21742,0.082286248866807,222.2040173,482824.0163107157,25.0,0.032981530343008,0.101536483605786,0.345033587347644,0.903927824581863,0.469175601782512,0.985380727847446,2.797948598861694,0.0,59.087607899412085,110.91106073189128,21.69038770991077,40.71418685094744,15.706832479590554,29.48268702999642,24.68216532507087,46.32993676142294,29.169831747811028,54.75356162713621,16.45477688338058,30.88662450761529,44.128719823611554,82.83231117951374,41.13694220845145,77.21656126903822,32.161609362971134,60.36931153761172,32.161609362971134,60.36931153761172,16.45477688338058,30.88662450761529,3.739722018950132,7.019687388094385,0.0,0.0,28.0,41.0,41.0,29.0,79.0,72.0,62.0,31.0,41.0,38.0,49.0,79.0,29.0,21.0,33.0,39.0,22.0,59.0,55.0,43.0,43.0,22.0,5.0,0.0,56.0,73.0,28.0,30.0,22.0,21.0,30.0,34.0,36.0,42.0,23.0,24.0,64.0,67.0,48.0,56.0,39.0,46.0,43.0,45.0,22.0,22.0,6.0,5.0,0.0,0.0,3.0,5.0,5.0,3.0,8.0,8.0,7.0,4.0,5.0,4.0,5.0,8.0,3.0,3.0,4.0,4.0,3.0,6.0,6.0,5.0,5.0,3.0,1.0,1.0,6.0,8.0,3.0,4.0,3.0,3.0,4.0,4.0,4.0,5.0,3.0,3.0,7.0,7.0,5.0,6.0,4.0,5.0,5.0,5.0,3.0,3.0,1.0,1.0,1.0,1.0,28 %ile,41 %ile,41 %ile,29 %ile,79 %ile,72 %ile,62 %ile,31 %ile,41 %ile,38 %ile,49 %ile,79 %ile,29 %ile,21 %ile,33 %ile,39 %ile,22 %ile,59 %ile,55 %ile,43 %ile,43 %ile,22 %ile,5 %ile,0 %ile,56 %ile,73 %ile,28 %ile,30 %ile,22 %ile,21 %ile,30 %ile,34 %ile,36 %ile,42 %ile,23 %ile,24 %ile,64 %ile,67 %ile,48 %ile,56 %ile,39 %ile,46 %ile,43 %ile,45 %ile,22 %ile,22 %ile,6 %ile,5 %ile,0 %ile,0 %ile,12997969.0,349851.0,0.0,0.0,0.0,0.0,0.741637220803215,0.923658169888188,0.225745279360938,0.0012539015475
280470034051,Mississippi,MS,Harrison County,4,2846.0,2846.0,1866.0,949.0,1066.0,2051.0,2493.0,1.20797858818775,1.479068703451555,1102.0,0.387210119465917,721.0,0.253338018271258,69.0,0.042305334150828,279.0,0.112077685616023,0.0,0.0,132.0,0.070739549839228,210.0,0.073787772312017,99.0,0.034785664089951,0.220512820512821,9.21350601092896,55.69764,0.065223887708925,591.9365043,444592.33593267365,0.0,0.0,0.0,0.314487622302796,0.486473393081618,0.994870632191873,0.131990640000571,2.299092769622803,0.0,94.22232987864447,115.36735886922128,31.40744329288149,38.455786289740416,16.911700234628494,20.706961848321768,59.19095082119973,72.47436646912618,44.69520776294674,54.725542027707526,0.0,0.0,0.0,0.0,64.02286517395073,78.3906412829324,39.86329341019574,48.80926721390131,62.81488658576298,76.91157257948083,18.119678822816244,22.18603055177332,2.415957176375499,2.95813740690311,0.0,0.0,52.0,46.0,57.0,48.0,54.0,39.0,0.0,47.0,73.0,5.0,74.0,78.0,26.0,14.0,49.0,37.0,0.0,0.0,53.0,33.0,52.0,15.0,2.0,0.0,71.0,75.0,38.0,28.0,24.0,14.0,58.0,52.0,47.0,42.0,0.0,0.0,0.0,0.0,60.0,56.0,45.0,37.0,61.0,55.0,24.0,16.0,4.0,2.0,0.0,0.0,6.0,5.0,6.0,5.0,6.0,4.0,1.0,5.0,8.0,1.0,8.0,8.0,3.0,2.0,5.0,4.0,1.0,1.0,6.0,4.0,6.0,2.0,1.0,1.0,8.0,8.0,4.0,3.0,3.0,2.0,6.0,6.0,5.0,5.0,1.0,1.0,1.0,1.0,7.0,6.0,5.0,4.0,7.0,6.0,3.0,2.0,1.0,1.0,1.0,1.0,52 %ile,46 %ile,57 %ile,48 %ile,54 %ile,39 %ile,0 %ile,47 %ile,73 %ile,5 %ile,74 %ile,78 %ile,26 %ile,14 %ile,49 %ile,37 %ile,0 %ile,0 %ile,53 %ile,33 %ile,52 %ile,15 %ile,2 %ile,0 %ile,71 %ile,75 %ile,38 %ile,28 %ile,24 %ile,14 %ile,58 %ile,52 %ile,47 %ile,42 %ile,0 %ile,0 %ile,0 %ile,0 %ile,60 %ile,56 %ile,45 %ile,37 %ile,61 %ile,55 %ile,24 %ile,16 %ile,4 %ile,2 %ile,0 %ile,0 %ile,30081484.0,602089.0,0.0,0.0,0.0,0.0,1.197868871594846,0.946053558848787,0.275134062176116,0.002883660897
280470034052,Mississippi,MS,Harrison County,4,730.0,730.0,652.0,354.0,354.0,730.0,784.0,0.361248529978578,1.208845580901447,116.0,0.158904109589041,34.0,0.046575342465753,0.0,0.0,88.0,0.112077685616023,0.0,0.0,17.0,0.026073619631902,0.0,0.0,243.0,0.332876712328767,0.220512820512821,9.21350601092896,55.69764,0.08535205720956,600.2177147,370283.4126902852,0.0,0.0,0.0,0.283205915940273,0.361794149550116,2.060493760919368,0.15697264150277,4.287117481231689,,28.177385338329117,94.28995531031283,9.392461779443035,31.429985103437613,7.947467659528725,26.594602779831828,17.70117796895034,59.233433464170886,12.282450019271664,41.10074975064919,0.0,0.0,0.0,0.0,18.06242649892892,60.442279045072326,10.476207369378772,35.056521846141955,22.75865738865044,76.15727159679113,5.779976479657254,19.341529294423147,5.779976479657254,19.341529294423147,,,8.0,29.0,31.0,7.0,0.0,39.0,0.0,23.0,0.0,91.0,74.0,78.0,26.0,22.0,49.0,34.0,0.0,0.0,50.0,29.0,63.0,16.0,16.0,,35.0,64.0,13.0,22.0,11.0,19.0,23.0,43.0,18.0,31.0,0.0,0.0,0.0,0.0,33.0,46.0,20.0,26.0,36.0,55.0,10.0,14.0,9.0,14.0,,,1.0,3.0,4.0,1.0,1.0,4.0,1.0,3.0,1.0,10.0,8.0,8.0,3.0,3.0,5.0,4.0,1.0,1.0,6.0,3.0,7.0,2.0,2.0,,4.0,7.0,2.0,3.0,2.0,2.0,3.0,5.0,2.0,4.0,1.0,1.0,1.0,1.0,4.0,5.0,3.0,3.0,4.0,6.0,2.0,2.0,1.0,2.0,,,8 %ile,29 %ile,31 %ile,7 %ile,0 %ile,39 %ile,0 %ile,23 %ile,0 %ile,91 %ile,74 %ile,78 %ile,26 %ile,22 %ile,49 %ile,34 %ile,0 %ile,0 %ile,50 %ile,29 %ile,63 %ile,16 %ile,16 %ile,,35 %ile,64 %ile,13 %ile,22 %ile,11 %ile,19 %ile,23 %ile,43 %ile,18 %ile,31 %ile,0 %ile,0 %ile,0 %ile,0 %ile,33 %ile,46 %ile,20 %ile,26 %ile,36 %ile,55 %ile,10 %ile,14 %ile,9 %ile,14 %ile,,,4213185.0,49446.0,0.0,0.0,0.0,0.0,0.360559161403185,0.675108439974749,0.117481411230284,0.000400466729
280470034053,Mississippi,MS,Harrison County,4,1505.0,1505.0,1242.0,691.0,739.0,1242.0,1666.0,1.071995093984257,1.358560880861533,593.0,0.394019933554817,287.0,0.190697674418605,0.0,0.0,187.0,0.112077685616023,0.0,0.0,43.0,0.034621578099839,143.0,0.095016611295681,222.0,0.147508305647841,0.220512820512821,9.21350601092896,55.69764,0.056069685241383,460.2003552,231829.76388078817,0.0,0.0,0.0,0.0,0.160922336470783,0.0,0.163671344915796,2.801059484481812,,83.61561733077207,105.96774870719956,27.87187244359069,35.32258290239985,10.719950939842573,13.585608808615328,48.23977922929158,61.13523963876898,28.943867537574945,36.681143783261376,0.0,0.0,0.0,0.0,0.0,0.0,22.511896973669405,28.52977849809219,0.0,0.0,17.151921503748117,21.736974093784525,5.359975469921286,6.792804404307664,,,46.0,38.0,57.0,36.0,0.0,39.0,0.0,28.0,84.0,45.0,74.0,78.0,26.0,10.0,45.0,27.0,0.0,0.0,0.0,21.0,0.0,16.0,5.0,,67.0,70.0,35.0,26.0,16.0,8.0,51.0,45.0,36.0,27.0,0.0,0.0,0.0,0.0,0.0,0.0,31.0,21.0,0.0,0.0,23.0,16.0,9.0,4.0,,,5.0,4.0,6.0,4.0,1.0,4.0,1.0,3.0,9.0,5.0,8.0,8.0,3.0,2.0,5.0,3.0,1.0,1.0,1.0,3.0,1.0,2.0,1.0,,7.0,8.0,4.0,3.0,2.0,1.0,6.0,5.0,4.0,3.0,1.0,1.0,1.0,1.0,1.0,1.0,4.0,3.0,1.0,1.0,3.0,2.0,1.0,1.0,,,46 %ile,38 %ile,57 %ile,36 %ile,0 %ile,39 %ile,0 %ile,28 %ile,84 %ile,45 %ile,74 %ile,78 %ile,26 %ile,10 %ile,45 %ile,27 %ile,0 %ile,0 %ile,0 %ile,21 %ile,0 %ile,16 %ile,5 %ile,,67 %ile,70 %ile,35 %ile,26 %ile,16 %ile,8 %ile,51 %ile,45 %ile,36 %ile,27 %ile,0 %ile,0 %ile,0 %ile,0 %ile,0 %ile,0 %ile,31 %ile,21 %ile,0 %ile,0 %ile,23 %ile,16 %ile,9 %ile,4 %ile,,,12777635.0,34647.0,0.0,0.0,0.0,0.0,1.065752119074032,0.822440924638073,0.173516274197288,0.0012041512875
280470034061,Mississippi,MS,Harrison County,4,1326.0,1326.0,808.0,592.0,713.0,962.0,1151.0,1.955811394044529,2.395941584228737,583.0,0.439668174962293,712.0,0.536953242835596,57.0,0.095637583892617,230.0,0.199821587867975,0.0,0.0,232.0,0.287128712871287,65.0,0.049019607843137,114.0,0.085972850678733,0.220512820512821,9.26552103825137,56.24271,0.086315392967045,539.0368721,548818.5931663581,4.0,0.005610098176718,0.0,0.333220717668633,0.636239094474212,2.244959081033238,0.73076176027826,3.892818689346313,0.0,154.5091001295178,189.2793851540702,56.718530427291356,69.48230594263337,44.98366206302417,55.10665643726095,93.8789469141374,115.00519604297936,80.18826715582571,98.23360495337822,29.337170910667936,35.939123763431056,0.0,0.0,105.61381527840456,129.3808455483518,72.36502157964757,88.64983861646327,127.1277406128944,155.73620297486792,39.11622788089058,47.918831684574734,25.42554812257888,31.147240594973585,0.0,0.0,76.0,86.0,61.0,84.0,81.0,85.0,0.0,91.0,52.0,19.0,74.0,79.0,29.0,23.0,48.0,41.0,15.0,0.0,54.0,37.0,65.0,20.0,13.0,0.0,86.0,93.0,57.0,51.0,48.0,42.0,74.0,75.0,65.0,68.0,35.0,27.0,0.0,0.0,75.0,78.0,62.0,63.0,80.0,85.0,44.0,35.0,33.0,24.0,0.0,0.0,8.0,9.0,7.0,9.0,9.0,9.0,1.0,10.0,6.0,2.0,8.0,8.0,3.0,3.0,5.0,5.0,2.0,1.0,6.0,4.0,7.0,3.0,2.0,1.0,9.0,10.0,6.0,6.0,5.0,5.0,8.0,8.0,7.0,7.0,4.0,3.0,1.0,1.0,8.0,8.0,7.0,7.0,9.0,9.0,5.0,4.0,4.0,3.0,1.0,1.0,76 %ile,86 %ile,61 %ile,84 %ile,81 %ile,85 %ile,0 %ile,91 %ile,52 %ile,19 %ile,74 %ile,79 %ile,29 %ile,23 %ile,48 %ile,41 %ile,15 %ile,0 %ile,54 %ile,37 %ile,65 %ile,20 %ile,13 %ile,0 %ile,86 %ile,93 %ile,57 %ile,51 %ile,48 %ile,42 %ile,74 %ile,75 %ile,65 %ile,68 %ile,35 %ile,27 %ile,0 %ile,0 %ile,75 %ile,78 %ile,62 %ile,63 %ile,80 %ile,85 %ile,44 %ile,35 %ile,33 %ile,24 %ile,0 %ile,0 %ile,10163680.0,657958.0,0.0,0.0,2.0,2.0,1.929304589475092,1.854920703162931,0.221070259054322,0.001016508928
280470034062,Mississippi,MS,Harrison County,4,1121.0,1121.0,835.0,441.0,441.0,969.0,851.0,0.775081460523711,1.577828866237844,236.0,0.210526315789474,211.0,0.188224799286351,29.0,0.050086355785838,170.0,0.199821587867975,0.0,0.0,0.0,0.0,25.0,0.022301516503122,93.0,0.082961641391615,0.220512820512821,9.26552103825137,56.24271,0.060458250115339,500.978362,223990.26314916817,101.0,0.229024943310658,0.0,0.091379882883529,0.13944406067151,1.788597744602887,0.606699622094571,3.902724981307983,0.0,61.23143538137314,124.64848043278973,22.47736235518761,45.757037120897486,9.300977526284528,18.93394639485413,35.65374718409069,72.58012784694083,20.15211797361648,41.02355052218395,39.529154486709245,80.46927217813008,0.0,0.0,23.25244381571132,47.33486598713533,15.501629210474212,31.556577324756887,47.27996909194634,96.24756084050848,15.501629210474212,31.556577324756887,10.076058986808238,20.511775261091977,0.0,0.0,30.0,52.0,38.0,35.0,60.0,85.0,0.0,0.0,25.0,18.0,74.0,79.0,29.0,12.0,46.0,26.0,51.0,0.0,30.0,20.0,61.0,20.0,13.0,0.0,58.0,78.0,29.0,33.0,13.0,13.0,41.0,52.0,28.0,31.0,44.0,54.0,0.0,0.0,37.0,38.0,24.0,24.0,53.0,65.0,21.0,23.0,16.0,15.0,0.0,0.0,4.0,6.0,4.0,4.0,7.0,9.0,1.0,1.0,3.0,2.0,8.0,8.0,3.0,2.0,5.0,3.0,6.0,1.0,4.0,3.0,7.0,3.0,2.0,1.0,6.0,8.0,3.0,4.0,2.0,2.0,5.0,6.0,3.0,4.0,5.0,6.0,1.0,1.0,4.0,4.0,3.0,3.0,6.0,7.0,3.0,3.0,2.0,2.0,1.0,1.0,30 %ile,52 %ile,38 %ile,35 %ile,60 %ile,85 %ile,0 %ile,0 %ile,25 %ile,18 %ile,74 %ile,79 %ile,29 %ile,12 %ile,46 %ile,26 %ile,51 %ile,0 %ile,30 %ile,20 %ile,61 %ile,20 %ile,13 %ile,0 %ile,58 %ile,78 %ile,29 %ile,33 %ile,13 %ile,13 %ile,41 %ile,52 %ile,28 %ile,31 %ile,44 %ile,54 %ile,0 %ile,0 %ile,37 %ile,38 %ile,24 %ile,24 %ile,53 %ile,65 %ile,21 %ile,23 %ile,16 %ile,15 %ile,0 %ile,0 %ile,8182731.0,55371.0,0.0,0.0,0.0,0.0,0.766541573654663,1.008526884885516,0.127337430153255,0.0007741159695
280470034063,Mississippi,MS,Harrison County,4,927.0,927.0,621.0,360.0,360.0,639.0,1361.0,1.157891593670439,2.335278510353802,294.0,0.317152103559871,259.0,0.279395900755124,0.0,0.0,272.0,0.199821587867975,45.0,0.125,160.0,0.257648953301127,26.0,0.028047464940669,90.0,0.097087378640777,0.220512820512821,9.26552103825137,56.24271,0.087615871802888,572.45198,433881.2464289602,0.0,0.0,0.0,0.223678390603481,0.323118484707896,0.516894569209451,0.571230858946737,3.468857049942017,,91.47343589996468,184.48700231795033,33.57885621644274,67.72307680026024,26.631506654420104,53.71140573813744,56.736688089851526,114.42864700733628,42.841988965806244,86.40530488309065,0.0,0.0,0.0,0.0,53.26301330884021,107.42281147627487,32.4209646227723,65.38779828990644,50.94723012149933,102.75225445556725,21.999940279738347,44.37029169672224,11.578915936704393,23.352785103538015,,,50.0,85.0,50.0,52.0,0.0,85.0,88.0,88.0,31.0,24.0,74.0,79.0,29.0,23.0,49.0,37.0,0.0,0.0,46.0,28.0,44.0,19.0,10.0,,70.0,93.0,40.0,50.0,34.0,41.0,56.0,75.0,46.0,62.0,0.0,0.0,0.0,0.0,55.0,70.0,39.0,49.0,55.0,68.0,28.0,32.0,18.0,17.0,,,6.0,9.0,6.0,6.0,1.0,9.0,9.0,9.0,4.0,3.0,8.0,8.0,3.0,3.0,5.0,4.0,1.0,1.0,5.0,3.0,5.0,2.0,2.0,,8.0,10.0,5.0,6.0,4.0,5.0,6.0,8.0,5.0,7.0,1.0,1.0,1.0,1.0,6.0,8.0,4.0,5.0,6.0,7.0,3.0,4.0,2.0,2.0,,,50 %ile,85 %ile,50 %ile,52 %ile,0 %ile,85 %ile,88 %ile,88 %ile,31 %ile,24 %ile,74 %ile,79 %ile,29 %ile,23 %ile,49 %ile,37 %ile,0 %ile,0 %ile,46 %ile,28 %ile,44 %ile,19 %ile,10 %ile,,70 %ile,93 %ile,40 %ile,50 %ile,34 %ile,41 %ile,56 %ile,75 %ile,46 %ile,62 %ile,0 %ile,0 %ile,0 %ile,0 %ile,55 %ile,70 %ile,39 %ile,49 %ile,55 %ile,68 %ile,28 %ile,32 %ile,18 %ile,17 %ile,,,11382751.0,70741.0,0.0,0.0,0.0,1.0,1.145277229043604,2.426918070844859,0.145908074626949,0.001076017819
280470034071,Mississippi,MS,Harrison County,4,990.0,990.0,537.0,347.0,347.0,860.0,1325.0,1.025860685728562,1.785218982164137,392.0,0.395959595959596,168.0,0.16969696969697,0.0,0.0,287.0,0.21629279811098,0.0,0.0,54.0,0.100558659217877,31.0,0.031313131313131,99.0,0.1,0.220512820512821,9.30158524590164,56.60576,0.060585655143057,432.407228,208943.77231145967,0.0,0.0,0.0,0.092628331536714,0.207754008020507,3.656778078705973,0.810584453250967,3.443210124969482,0.0,81.04299417255636,141.03229959096683,31.80168125758541,55.34178844708825,12.31032822874274,21.422627785969645,45.13787017205672,78.54963521522201,25.64651714321404,44.63047455410343,0.0,0.0,0.0,0.0,30.775820571856848,53.55656946492411,23.59479577175692,41.06003658977515,74.88783005818499,130.320985697982,21.543074400299798,37.48959862544688,9.232746171557055,16.066970839477236,0.0,0.0,43.0,64.0,57.0,32.0,0.0,89.0,0.0,59.0,34.0,25.0,74.0,79.0,31.0,12.0,44.0,25.0,0.0,0.0,30.0,23.0,73.0,21.0,9.0,0.0,66.0,84.0,39.0,41.0,18.0,15.0,48.0,56.0,33.0,34.0,0.0,0.0,0.0,0.0,42.0,42.0,32.0,31.0,66.0,78.0,27.0,27.0,15.0,11.0,0.0,0.0,5.0,7.0,6.0,4.0,1.0,9.0,1.0,6.0,4.0,3.0,8.0,8.0,4.0,2.0,5.0,3.0,1.0,1.0,4.0,3.0,8.0,3.0,1.0,1.0,7.0,9.0,4.0,5.0,2.0,2.0,5.0,6.0,4.0,4.0,1.0,1.0,1.0,1.0,5.0,5.0,4.0,4.0,7.0,8.0,3.0,3.0,2.0,2.0,1.0,1.0,43 %ile,64 %ile,57 %ile,32 %ile,0 %ile,89 %ile,0 %ile,59 %ile,34 %ile,25 %ile,74 %ile,79 %ile,31 %ile,12 %ile,44 %ile,25 %ile,0 %ile,0 %ile,30 %ile,23 %ile,73 %ile,21 %ile,9 %ile,0 %ile,66 %ile,84 %ile,39 %ile,41 %ile,18 %ile,15 %ile,48 %ile,56 %ile,33 %ile,34 %ile,0 %ile,0 %ile,0 %ile,0 %ile,42 %ile,42 %ile,32 %ile,31 %ile,66 %ile,78 %ile,27 %ile,27 %ile,15 %ile,11 %ile,0 %ile,0 %ile,2969044.0,20301.0,0.0,0.0,0.0,1.0,1.020909491309812,1.223803624917148,0.075120864873053,0.000280897253
280470034072,Mississippi,MS,Harrison County,4,2045.0,2045.0,1562.0,799.0,799.0,1608.0,1499.0,1.364730318550677,2.070736069283631,898.0,0.439119804400978,583.0,0.285085574572127,243.0,0.225836431226766,324.0,0.21629279811098,0.0,0.0,319.0,0.204225352112676,0.0,0.0,127.0,0.062102689486553,0.220512820512821,9.30158524590164,56.60576,0.080530496911712,426.081537,475088.7399705056,0.0,0.0,0.087419709908683,0.414196309179094,0.835629774330327,1.974971223272585,0.903676246540417,3.181041717529297,0.0,107.81369516550345,163.5881494734068,42.30663987507097,64.19281814779255,27.29460637101353,41.41472138567261,60.04813401622977,91.11238704847975,51.8597521049257,78.68797063277795,0.0,0.0,77.78962815738856,118.03195594916694,80.5190887944899,122.1734280877342,57.318673379128406,86.97091490991248,84.61327975014194,128.3856362955851,28.659336689564206,43.48545745495624,9.553112229854737,14.495152484985416,0.0,0.0,58.0,76.0,61.0,53.0,97.0,89.0,0.0,82.0,0.0,12.0,74.0,79.0,31.0,20.0,44.0,38.0,0.0,57.0,59.0,42.0,62.0,21.0,7.0,0.0,76.0,89.0,48.0,47.0,35.0,31.0,58.0,64.0,52.0,58.0,0.0,0.0,73.0,79.0,67.0,76.0,55.0,62.0,69.0,77.0,35.0,32.0,15.0,10.0,0.0,0.0,6.0,8.0,7.0,6.0,11.0,9.0,1.0,9.0,1.0,2.0,8.0,8.0,4.0,3.0,5.0,4.0,1.0,6.0,6.0,5.0,7.0,3.0,1.0,1.0,8.0,9.0,5.0,5.0,4.0,4.0,6.0,7.0,6.0,6.0,1.0,1.0,8.0,8.0,7.0,8.0,6.0,7.0,7.0,8.0,4.0,4.0,2.0,2.0,1.0,1.0,58 %ile,76 %ile,61 %ile,53 %ile,97 %ile,89 %ile,0 %ile,82 %ile,0 %ile,12 %ile,74 %ile,79 %ile,31 %ile,20 %ile,44 %ile,38 %ile,0 %ile,57 %ile,59 %ile,42 %ile,62 %ile,21 %ile,7 %ile,0 %ile,76 %ile,89 %ile,48 %ile,47 %ile,35 %ile,31 %ile,58 %ile,64 %ile,52 %ile,58 %ile,0 %ile,0 %ile,73 %ile,79 %ile,67 %ile,76 %ile,55 %ile,62 %ile,69 %ile,77 %ile,35 %ile,32 %ile,15 %ile,10 %ile,0 %ile,0 %ile,9001349.0,16105.0,0.0,0.0,0.0,1.0,1.353398814025454,1.519785112901878,0.142090639119464,0.000847108361
280470034073,Mississippi,MS,Harrison County,4,1386.0,1386.0,1034.0,488.0,545.0,1152.0,1412.0,0.938282987650773,1.820655550707473,189.0,0.136363636363636,427.0,0.308080808080808,0.0,0.0,305.0,0.21629279811098,0.0,0.0,47.0,0.045454545454545,60.0,0.043290043290043,229.0,0.165223665223665,0.220512820512821,9.30158524590164,56.60576,0.093280789066042,369.0797257,759814.3856275859,9.0,0.01651376146789,0.109685874477921,0.555199268775898,1.082304819486514,1.479436412105769,1.534404421171433,4.562216758728027,0.0,74.1243560244111,143.8317885058904,29.086772617173978,56.440322071931675,23.457074691269337,45.51638876768683,38.46960249368171,74.6468775790064,45.03758340723712,87.3914664339587,16.88909377771392,32.771799912734515,57.23526224669718,111.05998859315586,61.926677184951046,120.16326634669322,43.161017431935576,83.75015533254374,54.42041328374486,105.59802194103344,22.51879170361856,43.69573321697936,17.827376765364697,34.592455463441986,0.0,0.0,39.0,65.0,27.0,57.0,0.0,89.0,0.0,34.0,46.0,52.0,74.0,79.0,31.0,25.0,41.0,48.0,18.0,61.0,66.0,46.0,58.0,24.0,19.0,0.0,64.0,84.0,36.0,41.0,31.0,35.0,43.0,54.0,48.0,63.0,24.0,25.0,68.0,77.0,59.0,75.0,47.0,61.0,57.0,69.0,28.0,32.0,26.0,27.0,0.0,0.0,4.0,7.0,3.0,6.0,1.0,9.0,1.0,4.0,5.0,6.0,8.0,8.0,4.0,3.0,5.0,5.0,2.0,7.0,7.0,5.0,6.0,3.0,2.0,1.0,7.0,9.0,4.0,5.0,4.0,4.0,5.0,6.0,5.0,7.0,3.0,3.0,7.0,8.0,6.0,8.0,5.0,7.0,6.0,7.0,3.0,4.0,3.0,3.0,1.0,1.0,39 %ile,65 %ile,27 %ile,57 %ile,0 %ile,89 %ile,0 %ile,34 %ile,46 %ile,52 %ile,74 %ile,79 %ile,31 %ile,25 %ile,41 %ile,48 %ile,18 %ile,61 %ile,66 %ile,46 %ile,58 %ile,24 %ile,19 %ile,0 %ile,64 %ile,84 %ile,36 %ile,41 %ile,31 %ile,35 %ile,43 %ile,54 %ile,48 %ile,63 %ile,24 %ile,25 %ile,68 %ile,77 %ile,59 %ile,75 %ile,47 %ile,61 %ile,57 %ile,69 %ile,28 %ile,32 %ile,26 %ile,27 %ile,0 %ile,0 %ile,7541870.0,1747561.0,0.0,0.0,0.0,1.0,0.921529576386286,1.248862205933436,0.177267439956445,0.0008724022375
280470034081,Mississippi,MS,Harrison County,4,864.0,864.0,758.0,387.0,387.0,792.0,863.0,0.52266243914505,1.509438677732732,4.0,0.00462962962963,190.0,0.219907407407407,0.0,0.0,113.0,0.130398671096346,0.0,0.0,21.0,0.027704485488127,49.0,0.056712962962963,369.0,0.427083333333333,0.235897435897436,9.09173005464481,54.51856,0.042523755862637,388.5621923,89557.86101597355,34.0,0.087855297157623,0.0,0.0,0.072637331451669,0.012403789120631,15.891984605157512,1.098873615264893,,39.722345375023785,114.7173395076876,9.930586343755946,28.679334876921903,2.613312195725249,7.547193388663659,21.95182244409209,63.396424464774725,8.362599026320797,24.15101884372371,17.247860491786646,49.811476365180155,0.0,0.0,0.0,0.0,8.362599026320797,24.15101884372371,14.634548296061396,42.26428297651649,20.906497565801992,60.37754710930927,0.0,0.0,,,16.0,48.0,3.0,41.0,0.0,52.0,0.0,24.0,59.0,96.0,85.0,76.0,19.0,5.0,42.0,16.0,33.0,0.0,0.0,16.0,28.0,40.0,0.0,,44.0,74.0,13.0,20.0,4.0,5.0,27.0,46.0,13.0,17.0,24.0,35.0,0.0,0.0,0.0,0.0,18.0,19.0,31.0,33.0,27.0,44.0,0.0,0.0,,,2.0,5.0,1.0,5.0,1.0,6.0,1.0,3.0,6.0,11.0,9.0,8.0,2.0,1.0,5.0,2.0,4.0,1.0,1.0,2.0,3.0,5.0,1.0,,5.0,8.0,2.0,3.0,1.0,1.0,3.0,5.0,2.0,2.0,3.0,4.0,1.0,1.0,1.0,1.0,2.0,2.0,4.0,4.0,3.0,5.0,1.0,1.0,,,16 %ile,48 %ile,3 %ile,41 %ile,0 %ile,52 %ile,0 %ile,24 %ile,59 %ile,96 %ile,85 %ile,76 %ile,19 %ile,5 %ile,42 %ile,16 %ile,33 %ile,0 %ile,0 %ile,16 %ile,28 %ile,40 %ile,0 %ile,,44 %ile,74 %ile,13 %ile,20 %ile,4 %ile,5 %ile,27 %ile,46 %ile,13 %ile,17 %ile,24 %ile,35 %ile,0 %ile,0 %ile,0 %ile,0 %ile,18 %ile,19 %ile,31 %ile,33 %ile,27 %ile,44 %ile,0 %ile,0 %ile,,,135397308.0,122282.0,0.0,0.0,0.0,0.0,0.509468110370028,0.973972229179417,0.526620509920032,0.0127472366515
280470034082,Mississippi,MS,Harrison County,4,1544.0,1489.0,898.0,498.0,498.0,1023.0,1545.0,0.393755334614392,1.645210235939786,34.0,0.022020725388601,228.0,0.153122901276024,26.0,0.045060658578856,201.0,0.130398671096346,0.0,0.0,129.0,0.143652561247216,267.0,0.172927461139896,227.0,0.147020725388601,0.235897435897436,9.09173005464481,54.51856,0.046889538602741,49.17757619,48545.59627812753,0.0,0.0,0.0,0.0,0.0,0.040507965720699,25.656116558133125,1.755090475082397,0.0,29.925405430693775,125.03597793142376,7.481351357673445,31.258994482855943,2.756287342300743,11.516471651578506,6.693840688444661,27.96857401097637,4.725064015372702,19.74252283127744,0.0,0.0,0.0,0.0,0.0,0.0,0.0,0.0,11.812660038431757,49.3563070781936,17.32523472303324,72.38925038135059,0.393755334614392,1.645210235939786,0.0,0.0,9.0,56.0,5.0,28.0,56.0,52.0,0.0,71.0,98.0,44.0,85.0,76.0,19.0,7.0,17.0,12.0,0.0,0.0,0.0,0.0,30.0,44.0,1.0,0.0,36.0,78.0,10.0,22.0,4.0,7.0,9.0,21.0,7.0,13.0,0.0,0.0,0.0,0.0,0.0,0.0,0.0,0.0,29.0,38.0,23.0,52.0,1.0,1.0,0.0,0.0,1.0,6.0,1.0,3.0,6.0,6.0,1.0,8.0,11.0,5.0,9.0,8.0,2.0,1.0,2.0,2.0,1.0,1.0,1.0,1.0,4.0,5.0,1.0,1.0,4.0,8.0,2.0,3.0,1.0,1.0,1.0,3.0,1.0,2.0,1.0,1.0,1.0,1.0,1.0,1.0,1.0,1.0,3.0,4.0,3.0,6.0,1.0,1.0,1.0,1.0,9 %ile,56 %ile,5 %ile,28 %ile,56 %ile,52 %ile,0 %ile,71 %ile,98 %ile,44 %ile,85 %ile,76 %ile,19 %ile,7 %ile,17 %ile,12 %ile,0 %ile,0 %ile,0 %ile,0 %ile,30 %ile,44 %ile,1 %ile,0 %ile,36 %ile,78 %ile,10 %ile,22 %ile,4 %ile,7 %ile,9 %ile,21 %ile,7 %ile,13 %ile,0 %ile,0 %ile,0 %ile,0 %ile,0 %ile,0 %ile,0 %ile,0 %ile,29 %ile,38 %ile,23 %ile,52 %ile,1 %ile,1 %ile,0 %ile,0 %ile,125776113.0,245675.0,0.0,0.0,0.0,0.0,0.38481860696565,1.12617008406451,0.456770874957053,0.011855834095
280470034091,Mississippi,MS,Harrison County,4,422.0,422.0,232.0,147.0,188.0,264.0,730.0,1.749865307522725,2.211450239381294,12.0,0.028436018957346,307.0,0.727488151658768,0.0,0.0,94.0,0.128339444735464,0.0,0.0,38.0,0.163793103448276,71.0,0.16824644549763,70.0,0.165876777251185,0.235897435897436,9.139387704918033,54.93789,0.061728053835987,30.34320174,59771.13825053664,0.0,0.0,0.0,0.0,0.0,0.341461977290994,0.214279064298073,3.185222387313843,,134.73962867924985,170.2816684323596,38.49703676549996,48.65190526638846,20.998383690272703,26.537402872575523,24.498114305318158,30.960303351338112,22.74824899779543,28.748853111956816,0.0,0.0,0.0,0.0,0.0,0.0,0.0,0.0,71.74447760843174,90.66945981463304,27.997844920363605,35.3832038301007,13.998922460181802,17.69160191505035,,,71.0,81.0,7.0,95.0,0.0,50.0,0.0,75.0,97.0,52.0,85.0,77.0,22.0,12.0,14.0,13.0,0.0,0.0,0.0,0.0,41.0,16.0,8.0,,82.0,90.0,45.0,36.0,29.0,19.0,30.0,23.0,30.0,21.0,0.0,0.0,0.0,0.0,0.0,0.0,0.0,0.0,65.0,62.0,34.0,26.0,21.0,13.0,,,8.0,9.0,1.0,11.0,1.0,6.0,1.0,8.0,11.0,6.0,9.0,8.0,3.0,2.0,2.0,2.0,1.0,1.0,1.0,1.0,5.0,2.0,1.0,,9.0,10.0,5.0,4.0,3.0,2.0,4.0,3.0,4.0,3.0,1.0,1.0,1.0,1.0,1.0,1.0,1.0,1.0,7.0,7.0,4.0,3.0,3.0,2.0,,,71 %ile,81 %ile,7 %ile,95 %ile,0 %ile,50 %ile,0 %ile,75 %ile,97 %ile,52 %ile,85 %ile,77 %ile,22 %ile,12 %ile,14 %ile,13 %ile,0 %ile,0 %ile,0 %ile,0 %ile,41 %ile,16 %ile,8 %ile,,82 %ile,90 %ile,45 %ile,36 %ile,29 %ile,19 %ile,30 %ile,23 %ile,30 %ile,21 %ile,0 %ile,0 %ile,0 %ile,0 %ile,0 %ile,0 %ile,0 %ile,0 %ile,65 %ile,62 %ile,34 %ile,26 %ile,21 %ile,13 %ile,,,19521604.0,190947.0,0.0,0.0,1.0,1.0,1.706391297575356,1.68181086123101,0.178755427090157,0.001853841374
280470034092,Mississippi,MS,Harrison County,4,1076.0,1076.0,892.0,399.0,589.0,969.0,1175.0,0.478773244844199,1.648153857731939,81.0,0.075278810408922,165.0,0.153345724907063,246.0,0.292508917954816,151.0,0.128339444735464,0.0,0.0,133.0,0.149103139013453,0.0,0.0,46.0,0.04275092936803,0.235897435897436,9.139387704918033,54.93789,0.049941287441005,31.54569872,71875.23730516127,38.0,0.064516129032258,0.0,0.0,0.0,0.294270502680349,6.823207406538389,3.28019380569458,0.079147640791476,36.86553985300336,126.90784704535932,10.533011386572388,36.25938487010266,3.830185958753596,13.185230861855514,6.702825427818793,23.07415400824715,6.702825427818793,23.07415400824715,13.884424100481784,47.79646187422624,0.0,0.0,0.0,0.0,0.0,0.0,18.67215654892378,64.27800045154564,15.799517079858582,54.389077305154,3.830185958753596,13.185230861855514,35.42922011847076,121.9633854721635,13.0,56.0,16.0,28.0,98.0,50.0,0.0,72.0,0.0,7.0,85.0,77.0,22.0,8.0,14.0,14.0,29.0,0.0,0.0,0.0,39.0,33.0,8.0,74.0,42.0,79.0,14.0,26.0,5.0,8.0,9.0,17.0,10.0,16.0,21.0,34.0,0.0,0.0,0.0,0.0,0.0,0.0,34.0,48.0,21.0,40.0,6.0,9.0,76.0,83.0,2.0,6.0,2.0,3.0,11.0,6.0,1.0,8.0,1.0,1.0,9.0,8.0,3.0,1.0,2.0,2.0,3.0,1.0,1.0,1.0,4.0,4.0,1.0,8.0,5.0,8.0,2.0,3.0,1.0,1.0,1.0,2.0,2.0,2.0,3.0,4.0,1.0,1.0,1.0,1.0,1.0,1.0,4.0,5.0,3.0,5.0,1.0,1.0,8.0,9.0,13 %ile,56 %ile,16 %ile,28 %ile,98 %ile,50 %ile,0 %ile,72 %ile,0 %ile,7 %ile,85 %ile,77 %ile,22 %ile,8 %ile,14 %ile,14 %ile,29 %ile,0 %ile,0 %ile,0 %ile,39 %ile,33 %ile,8 %ile,74 %ile,42 %ile,79 %ile,14 %ile,26 %ile,5 %ile,8 %ile,9 %ile,17 %ile,10 %ile,16 %ile,21 %ile,34 %ile,0 %ile,0 %ile,0 %ile,0 %ile,0 %ile,0 %ile,34 %ile,48 %ile,21 %ile,40 %ile,6 %ile,9 %ile,76 %ile,83 %ile,42403737.0,272952.0,0.0,0.0,0.0,1.0,0.470533017729291,1.130481124732621,0.291316218553016,0.0040157625725
280470034093,Mississippi,MS,Harrison County,4,1208.0,1208.0,685.0,302.0,346.0,822.0,807.0,1.420452641626642,2.296924228702817,24.0,0.019867549668874,716.0,0.592715231788079,29.0,0.05,104.0,0.128339444735464,0.0,0.0,197.0,0.287591240875912,228.0,0.188741721854305,75.0,0.062086092715232,0.235897435897436,9.139387704918033,54.93789,0.060534095420772,74.73409802,194405.37870407617,0.0,0.0,0.089088638293591,0.180326558643801,0.558378673921485,0.080501490520693,0.867651001238213,2.961761236190796,,109.3748534052514,176.8631656101169,31.249958115786114,50.53233303146198,17.0454316995197,27.563090744433808,29.829505474159475,48.23540880275917,34.0908633990394,55.126181488867616,0.0,0.0,80.96580057271859,130.92468103606055,59.65901094831895,96.47081760551832,49.71584245693246,80.39234800459859,45.454484532052525,73.50157531849014,29.829505474159475,48.23540880275917,8.52271584975985,13.781545372216904,,,60.0,84.0,5.0,88.0,60.0,50.0,0.0,91.0,98.0,12.0,85.0,77.0,22.0,12.0,21.0,24.0,0.0,57.0,42.0,35.0,32.0,21.0,6.0,,76.0,92.0,38.0,37.0,24.0,19.0,35.0,36.0,40.0,42.0,0.0,0.0,74.0,82.0,58.0,65.0,51.0,59.0,52.0,53.0,36.0,35.0,14.0,10.0,,,7.0,9.0,1.0,9.0,7.0,6.0,1.0,10.0,11.0,2.0,9.0,8.0,3.0,2.0,3.0,3.0,1.0,6.0,5.0,4.0,4.0,3.0,1.0,,8.0,10.0,4.0,4.0,3.0,2.0,4.0,4.0,5.0,5.0,1.0,1.0,8.0,9.0,6.0,7.0,6.0,6.0,6.0,6.0,4.0,4.0,2.0,2.0,,,60 %ile,84 %ile,5 %ile,88 %ile,60 %ile,50 %ile,0 %ile,91 %ile,98 %ile,12 %ile,85 %ile,77 %ile,22 %ile,12 %ile,21 %ile,24 %ile,0 %ile,57 %ile,42 %ile,35 %ile,32 %ile,21 %ile,6 %ile,,76 %ile,92 %ile,38 %ile,37 %ile,24 %ile,19 %ile,35 %ile,36 %ile,40 %ile,42 %ile,0 %ile,0 %ile,74 %ile,82 %ile,58 %ile,65 %ile,51 %ile,59 %ile,52 %ile,53 %ile,36 %ile,35 %ile,14 %ile,10 %ile,,,26322434.0,128689.0,0.0,0.0,0.0,2.0,1.384988539598596,1.786353577162696,0.222083120150096,0.002486317193499
280470034094,Mississippi,MS,Harrison County,4,1125.0,1125.0,602.0,350.0,350.0,730.0,1106.0,1.632348985373937,2.012099423385724,32.0,0.028444444444444,762.0,0.677333333333333,0.0,0.0,142.0,0.128339444735464,0.0,0.0,45.0,0.074750830564784,36.0,0.032,191.0,0.169777777777778,0.235897435897436,9.139387704918033,54.93789,0.058814525195543,28.67535999,81228.38141606835,0.0,0.0,0.0,0.0,0.0,0.141486233505604,0.288101221510882,2.588779926300049,0.0,125.69087187379316,154.93165560070076,35.91167767822662,44.266187314485926,17.95583883911331,22.133093657242966,22.85288579523512,28.169391927400145,24.48523478060905,30.181491350785866,0.0,0.0,0.0,0.0,0.0,0.0,0.0,0.0,57.1322144880878,70.42347981850035,27.749932751356926,34.20569019755732,6.529395941495748,8.048397693542897,0.0,0.0,67.0,74.0,7.0,93.0,0.0,50.0,0.0,49.0,35.0,54.0,85.0,77.0,22.0,11.0,14.0,15.0,0.0,0.0,0.0,0.0,35.0,17.0,4.0,0.0,80.0,87.0,42.0,32.0,25.0,15.0,28.0,21.0,32.0,22.0,0.0,0.0,0.0,0.0,0.0,0.0,0.0,0.0,58.0,51.0,34.0,25.0,11.0,5.0,0.0,0.0,7.0,8.0,1.0,10.0,1.0,6.0,1.0,5.0,4.0,6.0,9.0,8.0,3.0,2.0,2.0,2.0,1.0,1.0,1.0,1.0,4.0,2.0,1.0,1.0,9.0,9.0,5.0,4.0,3.0,2.0,3.0,3.0,4.0,3.0,1.0,1.0,1.0,1.0,1.0,1.0,1.0,1.0,6.0,6.0,4.0,3.0,2.0,1.0,1.0,1.0,67 %ile,74 %ile,7 %ile,93 %ile,0 %ile,50 %ile,0 %ile,49 %ile,35 %ile,54 %ile,85 %ile,77 %ile,22 %ile,11 %ile,14 %ile,15 %ile,0 %ile,0 %ile,0 %ile,0 %ile,35 %ile,17 %ile,4 %ile,0 %ile,80 %ile,87 %ile,42 %ile,32 %ile,25 %ile,15 %ile,28 %ile,21 %ile,32 %ile,22 %ile,0 %ile,0 %ile,0 %ile,0 %ile,0 %ile,0 %ile,0 %ile,0 %ile,58 %ile,51 %ile,34 %ile,25 %ile,11 %ile,5 %ile,0 %ile,0 %ile,23254126.0,171170.0,0.0,0.0,1.0,1.0,1.591898425524509,1.472291450667959,0.247246792377854,0.002202600374
280470035061,Mississippi,MS,Harrison County,4,363.0,363.0,313.0,156.0,254.0,313.0,657.0,0.826300987321964,2.128783221660781,0.0,0.0,128.0,0.352617079889807,0.0,0.0,146.0,0.22217868338558,0.0,0.0,38.0,0.121405750798722,0.0,0.0,62.0,0.170798898071625,0.244102564102564,9.00993661202186,54.36356,0.048374583386636,32.11497968,78334.715392309,34.0,0.133858267716535,0.0,0.0,0.0,0.066951489935492,0.084018215174993,1.664355278015137,0.0,61.972574049147326,159.65874162455856,15.699718759117324,40.44688121155483,5.784106911253751,14.901482551625463,11.568213822507502,29.802965103250926,12.394514809829468,31.93174832491171,33.05203949287858,85.15132886643123,0.0,0.0,0.0,0.0,0.0,0.0,26.441631594302866,68.12106309314498,11.568213822507502,29.802965103250926,0.826300987321964,2.128783221660781,0.0,0.0,33.0,78.0,0.0,64.0,0.0,90.0,0.0,65.0,0.0,54.0,88.0,75.0,19.0,7.0,14.0,15.0,40.0,0.0,0.0,0.0,32.0,14.0,1.0,0.0,58.0,88.0,21.0,29.0,8.0,9.0,15.0,22.0,18.0,23.0,38.0,57.0,0.0,0.0,0.0,0.0,0.0,0.0,39.0,50.0,16.0,22.0,2.0,1.0,0.0,0.0,4.0,8.0,1.0,7.0,1.0,10.0,1.0,7.0,1.0,6.0,9.0,8.0,2.0,1.0,2.0,2.0,5.0,1.0,1.0,1.0,4.0,2.0,1.0,1.0,6.0,9.0,3.0,3.0,1.0,1.0,2.0,3.0,2.0,3.0,4.0,6.0,1.0,1.0,1.0,1.0,1.0,1.0,4.0,6.0,2.0,3.0,1.0,1.0,1.0,1.0,33 %ile,78 %ile,0 %ile,64 %ile,0 %ile,90 %ile,0 %ile,65 %ile,0 %ile,54 %ile,88 %ile,75 %ile,19 %ile,7 %ile,14 %ile,15 %ile,40 %ile,0 %ile,0 %ile,0 %ile,32 %ile,14 %ile,1 %ile,0 %ile,58 %ile,88 %ile,21 %ile,29 %ile,8 %ile,9 %ile,15 %ile,22 %ile,18 %ile,23 %ile,38 %ile,57 %ile,0 %ile,0 %ile,0 %ile,0 %ile,0 %ile,0 %ile,39 %ile,50 %ile,16 %ile,22 %ile,2 %ile,1 %ile,0 %ile,0 %ile,44909453.0,247854.0,0.0,0.0,0.0,1.0,0.805045192222565,1.57635160522519,0.304301064165822,0.004249778780001
280470035062,Mississippi,MS,Harrison County,4,881.0,881.0,576.0,289.0,400.0,692.0,704.0,0.956691101273586,2.100231102044382,1.0,0.001135073779796,359.0,0.407491486946651,0.0,0.0,156.0,0.22217868338558,0.0,0.0,43.0,0.074652777777778,74.0,0.083995459704881,167.0,0.18955732122588,0.244102564102564,9.00993661202186,54.36356,0.050876932007085,31.48988942,42291.69302448149,0.0,0.0,0.0,0.0,0.0,0.0,0.153636133492955,2.564343452453613,0.061111111111111,71.75183259551896,157.51733265332862,18.177130924198135,39.90439093884326,7.653528810188689,16.801848816355054,13.393675417830206,29.403235428621343,10.523602114009448,23.1025421224882,0.0,0.0,0.0,0.0,0.0,0.0,0.0,0.0,0.0,0.0,15.307057620377378,33.60369763271011,3.826764405094345,8.400924408177527,70.79514149424537,155.41710155128425,40.0,77.0,2.0,71.0,0.0,90.0,0.0,49.0,79.0,61.0,88.0,75.0,19.0,8.0,14.0,11.0,0.0,0.0,0.0,0.0,0.0,16.0,4.0,74.0,63.0,88.0,24.0,29.0,11.0,11.0,17.0,22.0,16.0,16.0,0.0,0.0,0.0,0.0,0.0,0.0,0.0,0.0,0.0,0.0,21.0,24.0,6.0,6.0,82.0,89.0,5.0,8.0,1.0,8.0,1.0,10.0,1.0,5.0,8.0,7.0,9.0,8.0,2.0,1.0,2.0,2.0,1.0,1.0,1.0,1.0,1.0,2.0,1.0,8.0,7.0,9.0,3.0,3.0,2.0,2.0,2.0,3.0,2.0,2.0,1.0,1.0,1.0,1.0,1.0,1.0,1.0,1.0,1.0,1.0,3.0,3.0,1.0,1.0,9.0,9.0,40 %ile,77 %ile,2 %ile,71 %ile,0 %ile,90 %ile,0 %ile,49 %ile,79 %ile,61 %ile,88 %ile,75 %ile,19 %ile,8 %ile,14 %ile,11 %ile,0 %ile,0 %ile,0 %ile,0 %ile,0 %ile,16 %ile,4 %ile,74 %ile,63 %ile,88 %ile,24 %ile,29 %ile,11 %ile,11 %ile,17 %ile,22 %ile,16 %ile,16 %ile,0 %ile,0 %ile,0 %ile,0 %ile,0 %ile,0 %ile,0 %ile,0 %ile,0 %ile,0 %ile,21 %ile,24 %ile,6 %ile,6 %ile,82 %ile,89 %ile,15887856.0,361202.0,0.0,0.0,1.0,2.0,0.932142601655443,1.540502199942721,0.192905586930606,0.001528357482
280470035063,Mississippi,MS,Harrison County,4,730.0,721.0,540.0,281.0,281.0,720.0,469.0,0.415195687452198,1.918291580755441,40.0,0.054794520547945,101.0,0.140083217753121,58.0,0.123667377398721,104.0,0.22217868338558,0.0,0.0,62.0,0.114814814814815,0.0,0.0,151.0,0.206849315068493,0.244102564102564,9.00993661202186,54.36356,0.042446293215244,33.90164396,23361.400317130698,34.0,0.120996441281139,0.0,0.0,0.0,0.060190771637848,0.081311793876863,0.843481421470642,0.0,31.13967655891486,143.87186855665803,7.888718061591764,36.44754003435337,2.075978437260991,9.591457903777204,6.227935311782972,28.774373711331613,2.906369812165387,13.428041065288086,15.777436123183527,72.89508006870673,0.0,0.0,0.0,0.0,0.0,0.0,12.871066311018142,59.467039003418655,5.812739624330774,26.856082130576173,0.0,0.0,0.0,0.0,10.0,70.0,12.0,26.0,87.0,90.0,0.0,63.0,0.0,67.0,88.0,75.0,19.0,5.0,15.0,7.0,38.0,0.0,0.0,0.0,31.0,14.0,0.0,0.0,37.0,84.0,11.0,26.0,3.0,6.0,8.0,21.0,4.0,9.0,23.0,49.0,0.0,0.0,0.0,0.0,0.0,0.0,30.0,44.0,10.0,19.0,0.0,0.0,0.0,0.0,2.0,8.0,2.0,3.0,9.0,10.0,1.0,7.0,1.0,7.0,9.0,8.0,2.0,1.0,2.0,1.0,4.0,1.0,1.0,1.0,4.0,2.0,1.0,1.0,4.0,9.0,2.0,3.0,1.0,1.0,1.0,3.0,1.0,1.0,3.0,5.0,1.0,1.0,1.0,1.0,1.0,1.0,4.0,5.0,2.0,2.0,1.0,1.0,1.0,1.0,10 %ile,70 %ile,12 %ile,26 %ile,87 %ile,90 %ile,0 %ile,63 %ile,0 %ile,67 %ile,88 %ile,75 %ile,19 %ile,5 %ile,15 %ile,7 %ile,38 %ile,0 %ile,0 %ile,0 %ile,31 %ile,14 %ile,0 %ile,0 %ile,37 %ile,84 %ile,11 %ile,26 %ile,3 %ile,6 %ile,8 %ile,21 %ile,4 %ile,9 %ile,23 %ile,49 %ile,0 %ile,0 %ile,0 %ile,0 %ile,0 %ile,0 %ile,30 %ile,44 %ile,10 %ile,19 %ile,0 %ile,0 %ile,0 %ile,0 %ile,35329662.0,253349.0,0.0,0.0,0.0,1.0,0.407481869291106,1.370142392052258,0.298288749435389,0.0033476230875
280470035064,Mississippi,MS,Harrison County,4,587.0,587.0,345.0,192.0,244.0,384.0,722.0,1.209593527663911,2.362014876075293,0.0,0.0,303.0,0.51618398637138,28.0,0.132075471698113,160.0,0.22217868338558,0.0,0.0,58.0,0.168115942028985,32.0,0.054514480408859,81.0,0.137989778534923,0.244102564102564,9.00993661202186,54.36356,0.041784166285944,45.50625106,7869.639098257023,55.0,0.225409836065574,0.0,0.0,0.0,0.070833519471284,0.059354633274012,1.814371705055237,1.0,90.71951457479331,177.151115705647,22.982277025614305,44.878282645430566,6.047967638319554,11.810074380376465,20.563089970286484,40.15425289327998,4.838374110655643,9.448059504301172,61.68926991085944,120.46275867983996,0.0,0.0,0.0,0.0,0.0,0.0,38.706992885245135,75.58447603440938,16.93430938729475,33.0682082650541,1.209593527663911,2.362014876075293,94.34829515778505,184.23716033387285,52.0,86.0,0.0,82.0,89.0,90.0,0.0,76.0,57.0,41.0,88.0,75.0,19.0,5.0,17.0,4.0,51.0,0.0,0.0,0.0,32.0,14.0,1.0,78.0,70.0,92.0,30.0,33.0,9.0,7.0,26.0,30.0,7.0,6.0,59.0,74.0,0.0,0.0,0.0,0.0,0.0,0.0,48.0,54.0,22.0,24.0,2.0,2.0,85.0,93.0,6.0,9.0,1.0,9.0,9.0,10.0,1.0,8.0,6.0,5.0,9.0,8.0,2.0,1.0,2.0,1.0,6.0,1.0,1.0,1.0,4.0,2.0,1.0,8.0,8.0,10.0,4.0,4.0,1.0,1.0,3.0,4.0,1.0,1.0,6.0,8.0,1.0,1.0,1.0,1.0,1.0,1.0,5.0,6.0,3.0,3.0,1.0,1.0,9.0,10.0,52 %ile,86 %ile,0 %ile,82 %ile,89 %ile,90 %ile,0 %ile,76 %ile,57 %ile,41 %ile,88 %ile,75 %ile,19 %ile,5 %ile,17 %ile,4 %ile,51 %ile,0 %ile,0 %ile,0 %ile,32 %ile,14 %ile,1 %ile,78 %ile,70 %ile,92 %ile,30 %ile,33 %ile,9 %ile,7 %ile,26 %ile,30 %ile,7 %ile,6 %ile,59 %ile,74 %ile,0 %ile,0 %ile,0 %ile,0 %ile,0 %ile,0 %ile,48 %ile,54 %ile,22 %ile,24 %ile,2 %ile,2 %ile,85 %ile,93 %ile,67052093.0,373697.0,0.0,0.0,1.0,2.0,1.178477902035879,1.811608012346457,0.360674985384322,0.0063427586155
280470035071,Mississippi,MS,Harrison County,4,985.0,985.0,851.0,445.0,445.0,851.0,801.0,0.720454164824453,1.635133027167837,177.0,0.179695431472081,183.0,0.185786802030457,0.0,0.0,151.0,0.188985856154078,0.0,0.0,24.0,0.028202115158637,85.0,0.086294416243655,187.0,0.189847715736041,0.22974358974359,9.250013661202193,56.29586,0.101177251780407,36.39552259,476905.3780392518,43.0,0.096629213483146,0.196059152939002,0.31695718615062,1.082059976068586,2.637743981237801,0.469930607607343,3.066530704498291,0.0,56.91587902113181,129.17550914625917,20.893170779909145,47.41885778786729,20.893170779909145,47.41885778786729,10.8068124723668,24.52699540751756,27.377258263329225,62.13505503237782,25.215895768855862,57.22965595087431,50.431791537711725,114.45931190174862,38.18407073569602,86.66205043989538,33.14089158192485,75.2161192497205,48.270429043238366,109.55391282024512,13.688629131664612,31.06752751618891,5.043179153771173,11.445931190174862,0.0,0.0,27.0,55.0,34.0,35.0,0.0,82.0,0.0,24.0,80.0,61.0,81.0,79.0,29.0,29.0,15.0,38.0,35.0,70.0,53.0,46.0,67.0,19.0,7.0,0.0,55.0,80.0,27.0,35.0,29.0,36.0,14.0,18.0,34.0,47.0,31.0,40.0,66.0,78.0,46.0,61.0,40.0,56.0,54.0,71.0,19.0,23.0,8.0,8.0,0.0,0.0,3.0,6.0,4.0,4.0,1.0,9.0,1.0,3.0,9.0,7.0,9.0,8.0,3.0,3.0,2.0,4.0,4.0,8.0,6.0,5.0,7.0,2.0,1.0,1.0,6.0,9.0,3.0,4.0,3.0,4.0,2.0,2.0,4.0,5.0,4.0,5.0,7.0,8.0,5.0,7.0,5.0,6.0,6.0,8.0,2.0,3.0,1.0,1.0,1.0,1.0,27 %ile,55 %ile,34 %ile,35 %ile,0 %ile,82 %ile,0 %ile,24 %ile,80 %ile,61 %ile,81 %ile,79 %ile,29 %ile,29 %ile,15 %ile,38 %ile,35 %ile,70 %ile,53 %ile,46 %ile,67 %ile,19 %ile,7 %ile,0 %ile,55 %ile,80 %ile,27 %ile,35 %ile,29 %ile,36 %ile,14 %ile,18 %ile,34 %ile,47 %ile,31 %ile,40 %ile,66 %ile,78 %ile,46 %ile,61 %ile,40 %ile,56 %ile,54 %ile,71 %ile,19 %ile,23 %ile,8 %ile,8 %ile,0 %ile,0 %ile,3645142.0,27347.0,0.0,0.0,0.0,1.0,0.711650263790021,1.078007604231587,0.084647087618366,0.00034496942
280470035072,Mississippi,MS,Harrison County,4,1642.0,1638.0,1195.0,691.0,747.0,1288.0,1428.0,0.416441495095868,1.566732296541951,240.0,0.146163215590743,129.0,0.078754578754579,20.0,0.022497187851519,270.0,0.188985856154078,0.0,0.0,56.0,0.046861924686192,98.0,0.059683313032887,283.0,0.172350791717418,0.22974358974359,9.250013661202193,56.29586,0.101701036167039,31.90013997,409181.53291148273,72.0,0.096385542168675,0.153242859335902,0.262076859998956,0.804121616777564,2.719429273343231,0.447593736490281,3.391133308410645,0.0,32.89887811257356,123.77185142681408,12.07680335778017,45.43523659971657,12.07680335778017,45.43523659971657,5.83018093134215,21.93425215158731,14.991893823451246,56.40236267551022,14.575452328355375,54.83563037896826,27.901580171423152,104.97106386831068,20.405633259697527,76.76988253055556,17.074101298930586,64.23602415821998,28.318021666519016,106.53779616485264,7.91238840682149,29.767913634297056,3.747973455862811,14.100590668877556,0.0,0.0,10.0,51.0,29.0,13.0,37.0,82.0,0.0,35.0,62.0,55.0,81.0,79.0,29.0,29.0,14.0,36.0,35.0,67.0,49.0,41.0,68.0,19.0,9.0,0.0,39.0,78.0,16.0,33.0,18.0,35.0,8.0,16.0,22.0,43.0,22.0,38.0,60.0,75.0,35.0,55.0,26.0,48.0,41.0,69.0,12.0,22.0,6.0,10.0,0.0,0.0,2.0,6.0,3.0,2.0,4.0,9.0,1.0,4.0,7.0,6.0,9.0,8.0,3.0,3.0,2.0,4.0,4.0,7.0,5.0,5.0,7.0,2.0,1.0,1.0,4.0,8.0,2.0,4.0,2.0,4.0,1.0,2.0,3.0,5.0,3.0,4.0,7.0,8.0,4.0,6.0,3.0,5.0,5.0,7.0,2.0,3.0,1.0,2.0,1.0,1.0,10 %ile,51 %ile,29 %ile,13 %ile,37 %ile,82 %ile,0 %ile,35 %ile,62 %ile,55 %ile,81 %ile,79 %ile,29 %ile,29 %ile,14 %ile,36 %ile,35 %ile,67 %ile,49 %ile,41 %ile,68 %ile,19 %ile,9 %ile,0 %ile,39 %ile,78 %ile,16 %ile,33 %ile,18 %ile,35 %ile,8 %ile,16 %ile,22 %ile,43 %ile,22 %ile,38 %ile,60 %ile,75 %ile,35 %ile,55 %ile,26 %ile,48 %ile,41 %ile,69 %ile,12 %ile,22 %ile,6 %ile,10 %ile,0 %ile,0 %ile,8341618.0,97041.0,0.0,0.0,0.0,0.0,0.413642522115007,1.014572012234354,0.119663060006085,0.000792814991
280470035073,Mississippi,MS,Harrison County,4,790.0,790.0,676.0,344.0,375.0,732.0,1094.0,1.147452836298342,1.868731447570827,177.0,0.224050632911392,267.0,0.337974683544304,53.0,0.143243243243243,207.0,0.188985856154078,0.0,0.0,55.0,0.081360946745562,0.0,0.0,150.0,0.189873417721519,0.22974358974359,9.250013661202193,56.29586,0.066762494477674,27.19533928,189356.36803736567,0.0,0.0,0.104750205127569,0.183250107475485,0.55468514943866,0.144738423827657,0.331578539281305,3.769489526748657,0.0,90.64877406756904,147.62978435809535,33.276132252651934,54.19321197955399,17.211792544475138,28.03097171356241,14.916886871878452,24.293508818420754,27.53886807116022,44.849554741699855,0.0,0.0,68.84717017790055,112.12388685424963,48.193019124530394,78.48672079797474,40.16084927044199,65.40560066497895,40.16084927044199,65.40560066497895,20.654151053370164,33.63716605627489,13.76943403558011,22.424777370849927,0.0,0.0,49.0,68.0,40.0,61.0,90.0,82.0,0.0,51.0,0.0,61.0,81.0,79.0,29.0,15.0,13.0,24.0,0.0,60.0,42.0,35.0,35.0,18.0,12.0,0.0,70.0,85.0,40.0,40.0,24.0,20.0,19.0,18.0,35.0,34.0,0.0,0.0,71.0,77.0,52.0,56.0,45.0,49.0,49.0,48.0,26.0,24.0,21.0,17.0,0.0,0.0,5.0,7.0,5.0,7.0,10.0,9.0,1.0,6.0,1.0,7.0,9.0,8.0,3.0,2.0,2.0,3.0,1.0,7.0,5.0,4.0,4.0,2.0,2.0,1.0,8.0,9.0,5.0,5.0,3.0,3.0,2.0,2.0,4.0,4.0,1.0,1.0,8.0,8.0,6.0,6.0,5.0,5.0,5.0,5.0,3.0,3.0,3.0,2.0,1.0,1.0,49 %ile,68 %ile,40 %ile,61 %ile,90 %ile,82 %ile,0 %ile,51 %ile,0 %ile,61 %ile,81 %ile,79 %ile,29 %ile,15 %ile,13 %ile,24 %ile,0 %ile,60 %ile,42 %ile,35 %ile,35 %ile,18 %ile,12 %ile,0 %ile,70 %ile,85 %ile,40 %ile,40 %ile,24 %ile,20 %ile,19 %ile,18 %ile,35 %ile,34 %ile,0 %ile,0 %ile,71 %ile,77 %ile,52 %ile,56 %ile,45 %ile,49 %ile,49 %ile,48 %ile,26 %ile,24 %ile,21 %ile,17 %ile,0 %ile,0 %ile,6698626.0,425107.0,0.0,0.0,0.0,1.0,1.130066290149291,1.31472916396591,0.126908865924397,0.0006693494235
280470035081,Mississippi,MS,Harrison County,4,964.0,964.0,786.0,436.0,468.0,833.0,1274.0,0.854796314728494,1.872427316935699,255.0,0.264522821576763,179.0,0.185684647302905,0.0,0.0,191.0,0.14969423025791,0.0,0.0,189.0,0.240458015267176,62.0,0.064315352697095,206.0,0.213692946058091,0.22974358974359,9.169631420765032,55.97786,0.054546800698538,50.41242279,80846.83886806128,94.0,0.200854700854701,0.0,0.0,0.080022003177213,0.46701281058999,0.129433210522228,3.793362379074097,0.0,66.67411254882255,146.0493307209845,23.079500497669343,50.55553755726386,8.54796314728494,18.724273169356987,14.5315373503844,31.83126438790688,12.821944720927412,28.086409754035483,41.03022310696772,89.87651121291354,0.0,0.0,0.0,0.0,13.676741035655906,29.958837070971185,36.756241533325245,80.51437462823505,12.821944720927412,28.086409754035483,10.257555776741928,22.469127803228385,0.0,0.0,34.0,68.0,44.0,35.0,0.0,64.0,0.0,87.0,66.0,69.0,81.0,78.0,27.0,10.0,17.0,15.0,48.0,0.0,0.0,16.0,43.0,15.0,12.0,0.0,60.0,85.0,30.0,37.0,12.0,12.0,19.0,24.0,19.0,20.0,45.0,60.0,0.0,0.0,0.0,0.0,23.0,22.0,47.0,57.0,18.0,20.0,16.0,17.0,0.0,0.0,4.0,7.0,5.0,4.0,1.0,7.0,1.0,9.0,7.0,7.0,9.0,8.0,3.0,2.0,2.0,2.0,5.0,1.0,1.0,2.0,5.0,2.0,2.0,1.0,7.0,9.0,4.0,4.0,2.0,2.0,2.0,3.0,2.0,3.0,5.0,7.0,1.0,1.0,1.0,1.0,3.0,3.0,5.0,6.0,2.0,3.0,2.0,2.0,1.0,1.0,34 %ile,68 %ile,44 %ile,35 %ile,0 %ile,64 %ile,0 %ile,87 %ile,66 %ile,69 %ile,81 %ile,78 %ile,27 %ile,10 %ile,17 %ile,15 %ile,48 %ile,0 %ile,0 %ile,16 %ile,43 %ile,15 %ile,12 %ile,0 %ile,60 %ile,85 %ile,30 %ile,37 %ile,12 %ile,12 %ile,19 %ile,24 %ile,19 %ile,20 %ile,45 %ile,60 %ile,0 %ile,0 %ile,0 %ile,0 %ile,23 %ile,22 %ile,47 %ile,57 %ile,18 %ile,20 %ile,16 %ile,17 %ile,0 %ile,0 %ile,20808465.0,429487.0,0.0,0.0,0.0,1.0,0.847129324035182,1.355331192838949,0.20924836087381,0.0019957029765
280470035082,Mississippi,MS,Harrison County,4,1899.0,1871.0,1350.0,853.0,888.0,1481.0,1527.0,1.294122271866779,1.632611728955291,693.0,0.364928909952607,571.0,0.305184393372528,29.0,0.035151515151515,229.0,0.14969423025791,0.0,0.0,47.0,0.034814814814815,109.0,0.057398630858346,459.0,0.241706161137441,0.22974358974359,9.169631420765032,55.97786,0.064130639508245,33.76960365,263180.7359681524,122.0,0.137387387387387,0.131217025828792,0.219256897156177,0.750222905448278,0.099622645063364,0.334124065885112,3.227946519851685,0.0,100.94153720560873,127.34371485851273,34.94130134040302,44.08051668179287,16.823589534268123,21.223952476418788,19.41183407800168,24.489175934329367,37.529545884136574,47.345740139703445,53.05901314653792,66.93708088716694,82.82382539947382,104.48715065313864,58.23550223400504,73.4675278029881,51.764890874671146,65.30446915821165,42.706034971603685,53.87618705552461,23.294200893602017,29.387011121195243,10.352978174934227,13.06089383164233,0.0,0.0,56.0,55.0,55.0,56.0,48.0,64.0,0.0,28.0,60.0,77.0,81.0,78.0,27.0,13.0,15.0,29.0,41.0,64.0,45.0,40.0,33.0,18.0,8.0,0.0,74.0,79.0,42.0,32.0,24.0,14.0,25.0,18.0,43.0,36.0,53.0,46.0,74.0,75.0,57.0,53.0,52.0,49.0,50.0,41.0,29.0,21.0,16.0,9.0,0.0,0.0,6.0,6.0,6.0,6.0,5.0,7.0,1.0,3.0,7.0,8.0,9.0,8.0,3.0,2.0,2.0,3.0,5.0,7.0,5.0,5.0,4.0,2.0,1.0,1.0,8.0,8.0,5.0,4.0,3.0,2.0,3.0,2.0,5.0,4.0,6.0,5.0,8.0,8.0,6.0,6.0,6.0,5.0,6.0,5.0,3.0,3.0,2.0,1.0,1.0,1.0,56 %ile,55 %ile,55 %ile,56 %ile,48 %ile,64 %ile,0 %ile,28 %ile,60 %ile,77 %ile,81 %ile,78 %ile,27 %ile,13 %ile,15 %ile,29 %ile,41 %ile,64 %ile,45 %ile,40 %ile,33 %ile,18 %ile,8 %ile,0 %ile,74 %ile,79 %ile,42 %ile,32 %ile,24 %ile,14 %ile,25 %ile,18 %ile,43 %ile,36 %ile,53 %ile,46 %ile,74 %ile,75 %ile,57 %ile,53 %ile,52 %ile,49 %ile,50 %ile,41 %ile,29 %ile,21 %ile,16 %ile,9 %ile,0 %ile,0 %ile,11344522.0,181223.0,0.0,0.0,0.0,0.0,1.280590240867231,1.086356884192924,0.168487467756606,0.001082800899
280470035083,Mississippi,MS,Harrison County,4,974.0,974.0,734.0,334.0,357.0,957.0,961.0,0.834787659727285,1.715697713679136,62.0,0.063655030800821,305.0,0.313141683778234,33.0,0.068893528183716,144.0,0.14969423025791,0.0,0.0,58.0,0.079019073569482,0.0,0.0,327.0,0.335728952772074,0.22974358974359,9.169631420765032,55.97786,0.058543630735717,54.4334598,111549.5988994811,0.0,0.0,0.082872063966238,0.0,0.087777950541542,0.360203058899872,0.209861847598696,2.805475473403931,0.0,65.11343745872824,133.8244216669726,22.5392668126367,46.32383826933666,9.182664257000138,18.872674850470496,15.026177875091133,30.882558846224445,15.026177875091133,30.882558846224445,0.0,0.0,46.74810894472797,96.0790719660316,0.0,0.0,14.191390215363848,29.166861132545307,34.226294048818694,70.34360626084457,13.356602555636565,27.451163418866173,4.173938298636426,8.578488568395679,0.0,0.0,33.0,60.0,14.0,58.0,70.0,64.0,0.0,50.0,0.0,91.0,81.0,78.0,27.0,11.0,18.0,18.0,0.0,56.0,0.0,17.0,41.0,16.0,5.0,0.0,59.0,81.0,29.0,34.0,13.0,12.0,19.0,23.0,22.0,22.0,0.0,0.0,65.0,72.0,0.0,0.0,23.0,22.0,45.0,51.0,18.0,20.0,7.0,6.0,0.0,0.0,4.0,7.0,2.0,6.0,8.0,7.0,1.0,6.0,1.0,10.0,9.0,8.0,3.0,2.0,2.0,2.0,1.0,6.0,1.0,2.0,5.0,2.0,1.0,1.0,6.0,9.0,3.0,4.0,2.0,2.0,2.0,3.0,3.0,3.0,1.0,1.0,7.0,8.0,1.0,1.0,3.0,3.0,5.0,6.0,2.0,3.0,1.0,1.0,1.0,1.0,33 %ile,60 %ile,14 %ile,58 %ile,70 %ile,64 %ile,0 %ile,50 %ile,0 %ile,91 %ile,81 %ile,78 %ile,27 %ile,11 %ile,18 %ile,18 %ile,0 %ile,56 %ile,0 %ile,17 %ile,41 %ile,16 %ile,5 %ile,0 %ile,59 %ile,81 %ile,29 %ile,34 %ile,13 %ile,12 %ile,19 %ile,23 %ile,22 %ile,22 %ile,0 %ile,0 %ile,65 %ile,72 %ile,0 %ile,0 %ile,23 %ile,22 %ile,45 %ile,51 %ile,18 %ile,20 %ile,7 %ile,6 %ile,0 %ile,0 %ile,19659005.0,308494.0,0.0,0.0,0.0,1.0,0.816759969768067,1.174899476217325,0.195949107010265,0.001875676067
280470035091,Mississippi,MS,Harrison County,4,902.0,902.0,750.0,348.0,351.0,750.0,979.0,0.809614516072363,1.623629599793492,190.0,0.210643015521064,183.0,0.202882483370288,0.0,0.0,136.0,0.139152435167615,0.0,0.0,79.0,0.105333333333333,0.0,0.0,190.0,0.210643015521064,0.22974358974359,9.28757650273224,56.98649,0.101287578704292,36.70947505,484651.3363803612,22.0,0.062678062678063,0.22036525194151,0.335559779283791,1.151732929357444,0.0,0.443965211488064,2.745049953460693,0.0,63.95954676971667,128.2667383836859,25.907664514315613,51.95614719339176,23.478820966098525,47.08525839401128,12.144217741085445,24.354443996902383,31.574966126822154,63.32155439194621,23.478820966098525,47.08525839401128,57.48263064113777,115.27770158533797,43.7191838679076,87.67599838884861,38.86149677147342,77.93422079008764,0.0,0.0,15.382675805374896,30.84896239607636,4.048072580361815,8.118147998967462,0.0,0.0,32.0,55.0,38.0,38.0,0.0,57.0,0.0,60.0,0.0,68.0,81.0,79.0,32.0,29.0,15.0,39.0,29.0,71.0,54.0,48.0,0.0,19.0,5.0,0.0,59.0,79.0,33.0,38.0,31.0,36.0,16.0,18.0,38.0,48.0,30.0,34.0,68.0,78.0,50.0,61.0,44.0,57.0,0.0,0.0,21.0,22.0,7.0,5.0,0.0,0.0,4.0,6.0,4.0,4.0,1.0,6.0,1.0,7.0,1.0,7.0,9.0,8.0,4.0,3.0,2.0,4.0,3.0,8.0,6.0,5.0,1.0,2.0,1.0,1.0,6.0,8.0,4.0,4.0,4.0,4.0,2.0,2.0,4.0,5.0,4.0,4.0,7.0,8.0,6.0,7.0,5.0,6.0,1.0,1.0,3.0,3.0,1.0,1.0,1.0,1.0,32 %ile,55 %ile,38 %ile,38 %ile,0 %ile,57 %ile,0 %ile,60 %ile,0 %ile,68 %ile,81 %ile,79 %ile,32 %ile,29 %ile,15 %ile,39 %ile,29 %ile,71 %ile,54 %ile,48 %ile,0 %ile,19 %ile,5 %ile,0 %ile,59 %ile,79 %ile,33 %ile,38 %ile,31 %ile,36 %ile,16 %ile,18 %ile,38 %ile,48 %ile,30 %ile,34 %ile,68 %ile,78 %ile,50 %ile,61 %ile,44 %ile,57 %ile,0 %ile,0 %ile,21 %ile,22 %ile,7 %ile,5 %ile,0 %ile,0 %ile,2456174.0,3104.0,0.0,0.0,0.0,0.0,0.80019261805895,1.092314638756651,0.069314436417652,0.000230982472
280470035092,Mississippi,MS,Harrison County,4,1846.0,1758.0,1320.0,597.0,597.0,1662.0,1007.0,0.583515477223707,1.397547366598388,361.0,0.195557963163597,205.0,0.116609783845279,20.0,0.016542597187758,140.0,0.139152435167615,0.0,0.0,27.0,0.020454545454545,0.0,0.0,324.0,0.175514626218852,0.22974358974359,9.28757650273224,56.98649,0.101818283794725,49.05489673,556812.1353419947,0.0,0.0,0.266653035737748,0.405850160903897,1.409667693634603,2.887387065058575,0.484612987146435,4.325799942016602,0.0,46.09772270067282,110.4062419612726,18.672495271158606,44.7215157311484,16.92194883948749,40.52887363135324,9.919763112803013,23.75830523217259,23.92413456617197,57.29944203053389,0.0,0.0,43.763660791778,104.81605249487906,33.84389767897498,81.05774726270647,30.342804815632736,72.67246306311614,40.26256792843575,96.43076829528873,11.086794067250423,26.55339996536936,9.919763112803013,23.75830523217259,0.0,0.0,19.0,41.0,36.0,21.0,32.0,57.0,0.0,19.0,0.0,56.0,81.0,79.0,32.0,29.0,17.0,41.0,0.0,75.0,58.0,52.0,69.0,19.0,17.0,0.0,49.0,72.0,25.0,33.0,24.0,30.0,13.0,17.0,31.0,44.0,0.0,0.0,64.0,75.0,43.0,58.0,38.0,54.0,49.0,65.0,16.0,19.0,16.0,18.0,0.0,0.0,2.0,5.0,4.0,3.0,4.0,6.0,1.0,2.0,1.0,6.0,9.0,8.0,4.0,3.0,2.0,5.0,1.0,8.0,6.0,6.0,7.0,2.0,2.0,1.0,5.0,8.0,3.0,4.0,3.0,4.0,2.0,2.0,4.0,5.0,1.0,1.0,7.0,8.0,5.0,6.0,4.0,6.0,5.0,7.0,2.0,2.0,2.0,2.0,1.0,1.0,19 %ile,41 %ile,36 %ile,21 %ile,32 %ile,57 %ile,0 %ile,19 %ile,0 %ile,56 %ile,81 %ile,79 %ile,32 %ile,29 %ile,17 %ile,41 %ile,0 %ile,75 %ile,58 %ile,52 %ile,69 %ile,19 %ile,17 %ile,0 %ile,49 %ile,72 %ile,25 %ile,33 %ile,24 %ile,30 %ile,13 %ile,17 %ile,31 %ile,44 %ile,0 %ile,0 %ile,64 %ile,75 %ile,43 %ile,58 %ile,38 %ile,54 %ile,49 %ile,65 %ile,16 %ile,19 %ile,16 %ile,18 %ile,0 %ile,0 %ile,1401093.0,4805.0,0.0,0.0,0.0,0.0,0.579093022377673,0.857466702049227,0.050883642306322,0.000132047861
280470035093,Mississippi,MS,Harrison County,4,2170.0,2100.0,1426.0,591.0,646.0,1587.0,2756.0,1.236121274802674,1.488773950925481,1271.0,0.585714285714286,275.0,0.130952380952381,1.0,0.001114827201784,384.0,0.139152435167615,0.0,0.0,94.0,0.065918653576438,67.0,0.030875576036866,173.0,0.079723502304147,0.22974358974359,9.28757650273224,56.98649,0.106695167941385,47.37265278,599366.221166076,66.0,0.102167182662539,0.321719259069248,0.422735412391419,1.45934015403518,2.622173212715128,0.665484318422067,4.272181987762451,0.0,97.65358070941123,117.61314212311297,39.55588079368557,47.640766429615375,38.31975951888289,46.15199247868991,21.014061671645457,25.30915716573317,53.153214816514975,64.01727988979567,44.500365892896255,53.595862233317305,95.18133815980589,114.635594221262,72.93115521335777,87.83766310460337,64.27830628973905,77.416245448125,82.82012541177917,99.7478547120072,24.72242549605348,29.77547901850961,19.777940396842784,23.820383214807688,0.0,0.0,53.0,47.0,71.0,24.0,22.0,57.0,0.0,45.0,34.0,17.0,81.0,79.0,32.0,31.0,17.0,43.0,36.0,77.0,59.0,52.0,67.0,20.0,16.0,0.0,73.0,75.0,45.0,35.0,44.0,35.0,26.0,19.0,52.0,49.0,47.0,38.0,77.0,78.0,64.0,61.0,59.0,57.0,69.0,67.0,31.0,22.0,28.0,18.0,0.0,0.0,6.0,5.0,8.0,3.0,3.0,6.0,1.0,5.0,4.0,2.0,9.0,8.0,4.0,4.0,2.0,5.0,4.0,8.0,6.0,6.0,7.0,3.0,2.0,1.0,8.0,8.0,5.0,4.0,5.0,4.0,3.0,2.0,6.0,5.0,5.0,4.0,8.0,8.0,7.0,7.0,6.0,6.0,7.0,7.0,4.0,3.0,3.0,2.0,1.0,1.0,53 %ile,47 %ile,71 %ile,24 %ile,22 %ile,57 %ile,0 %ile,45 %ile,34 %ile,17 %ile,81 %ile,79 %ile,32 %ile,31 %ile,17 %ile,43 %ile,36 %ile,77 %ile,59 %ile,52 %ile,67 %ile,20 %ile,16 %ile,0 %ile,73 %ile,75 %ile,45 %ile,35 %ile,44 %ile,35 %ile,26 %ile,19 %ile,52 %ile,49 %ile,47 %ile,38 %ile,77 %ile,78 %ile,64 %ile,61 %ile,59 %ile,57 %ile,69 %ile,67 %ile,31 %ile,22 %ile,28 %ile,18 %ile,0 %ile,0 %ile,8974807.0,48711.0,0.0,0.0,0.0,0.0,1.236035045787025,0.954156915970868,0.126754776385167,0.0008473721
280470035101,Mississippi,MS,Harrison County,4,1530.0,1507.0,1109.0,555.0,607.0,1339.0,1592.0,0.972507760892535,2.149780933846809,440.0,0.287581699346405,332.0,0.220305242203052,33.0,0.04203821656051,490.0,0.308000944064196,0.0,0.0,97.0,0.087466185752931,65.0,0.042483660130719,294.0,0.192156862745098,0.22974358974359,9.22443333333333,56.74135,0.071520506894432,43.42434433,384087.40967896034,52.0,0.085667215815486,0.150953564969793,0.234467300375808,0.809882646250409,0.526142677012723,0.536812434472849,3.199427604675293,0.0,75.85560534961773,167.68291284005113,30.147740587668583,66.64320894925109,15.560124174280558,34.39649494154895,15.560124174280558,34.39649494154895,34.03777163123872,75.24233268463834,32.09275610945365,70.94277081694472,64.1855122189073,141.88554163388943,45.70786476194914,101.03970389080004,39.872818196593926,88.14101828771918,43.76284924016407,96.74014202310643,18.477647456958163,40.845837743089376,7.780062087140279,17.198247470774476,0.0,0.0,41.0,79.0,47.0,42.0,54.0,98.0,0.0,54.0,46.0,62.0,81.0,78.0,31.0,16.0,16.0,35.0,33.0,66.0,47.0,41.0,45.0,19.0,8.0,0.0,64.0,90.0,37.0,49.0,22.0,25.0,20.0,25.0,40.0,56.0,37.0,48.0,70.0,85.0,51.0,67.0,45.0,63.0,51.0,65.0,24.0,30.0,13.0,12.0,0.0,0.0,5.0,8.0,5.0,5.0,6.0,11.0,1.0,6.0,5.0,7.0,9.0,8.0,4.0,2.0,2.0,4.0,4.0,7.0,5.0,5.0,5.0,2.0,1.0,1.0,7.0,10.0,4.0,5.0,3.0,3.0,3.0,3.0,5.0,6.0,4.0,5.0,8.0,9.0,6.0,7.0,5.0,7.0,6.0,7.0,3.0,4.0,2.0,2.0,1.0,1.0,41 %ile,79 %ile,47 %ile,42 %ile,54 %ile,98 %ile,0 %ile,54 %ile,46 %ile,62 %ile,81 %ile,78 %ile,31 %ile,16 %ile,16 %ile,35 %ile,33 %ile,66 %ile,47 %ile,41 %ile,45 %ile,19 %ile,8 %ile,0 %ile,64 %ile,90 %ile,37 %ile,49 %ile,22 %ile,25 %ile,20 %ile,25 %ile,40 %ile,56 %ile,37 %ile,48 %ile,70 %ile,85 %ile,51 %ile,67 %ile,45 %ile,63 %ile,51 %ile,65 %ile,24 %ile,30 %ile,13 %ile,12 %ile,0 %ile,0 %ile,20044920.0,186714.0,0.0,0.0,0.0,2.0,0.963061212801238,1.560307999706264,0.199896946260319,0.001899976178
280470035102,Mississippi,MS,Harrison County,4,1146.0,1146.0,578.0,386.0,386.0,598.0,1286.0,2.076469317279465,2.420044816622578,497.0,0.433682373472949,679.0,0.592495636998255,0.0,0.0,396.0,0.308000944064196,0.0,0.0,24.0,0.041522491349481,209.0,0.182373472949389,62.0,0.054101221640489,0.22974358974359,9.22443333333333,56.74135,0.086235041871845,33.66835667,371262.556473033,0.0,0.0,0.170747398522288,0.268700641073452,0.919724015228435,0.0,0.382163771721352,1.902877807617188,0.0,161.96460674779823,188.7634956965611,64.37054883566341,75.02138931529994,47.75879429742769,55.661030782319294,31.147039759191973,36.30067224933868,70.59995678750181,82.28152376516766,0.0,0.0,141.19991357500362,164.56304753033533,101.74699654669377,118.58219601450632,89.28818064301697,104.06192711477085,0.0,0.0,37.376447711030366,43.56080669920641,2.076469317279465,2.420044816622578,0.0,0.0,79.0,87.0,60.0,88.0,0.0,98.0,0.0,32.0,98.0,9.0,81.0,78.0,31.0,23.0,15.0,34.0,0.0,68.0,49.0,43.0,0.0,18.0,1.0,0.0,88.0,93.0,61.0,55.0,50.0,43.0,37.0,27.0,61.0,60.0,0.0,0.0,85.0,89.0,74.0,74.0,69.0,71.0,0.0,0.0,42.0,32.0,4.0,2.0,0.0,0.0,8.0,9.0,7.0,9.0,1.0,11.0,1.0,4.0,11.0,1.0,9.0,8.0,4.0,3.0,2.0,4.0,1.0,7.0,5.0,5.0,1.0,2.0,1.0,1.0,9.0,10.0,7.0,6.0,6.0,5.0,4.0,3.0,7.0,7.0,1.0,1.0,9.0,9.0,8.0,8.0,7.0,8.0,1.0,1.0,5.0,4.0,1.0,1.0,1.0,1.0,79 %ile,87 %ile,60 %ile,88 %ile,0 %ile,98 %ile,0 %ile,32 %ile,98 %ile,9 %ile,81 %ile,78 %ile,31 %ile,23 %ile,15 %ile,34 %ile,0 %ile,68 %ile,49 %ile,43 %ile,0 %ile,18 %ile,1 %ile,0 %ile,88 %ile,93 %ile,61 %ile,55 %ile,50 %ile,43 %ile,37 %ile,27 %ile,61 %ile,60 %ile,0 %ile,0 %ile,85 %ile,89 %ile,74 %ile,74 %ile,69 %ile,71 %ile,0 %ile,0 %ile,42 %ile,32 %ile,4 %ile,2 %ile,0 %ile,0 %ile,2342629.0,88402.0,0.0,0.0,2.0,2.0,2.046534620310319,1.815726870816584,0.06964911762892,0.000228326129
280470035103,Mississippi,MS,Harrison County,4,1561.0,1561.0,1236.0,799.0,799.0,1347.0,1359.0,0.475130969933188,1.937751637571869,113.0,0.072389493914158,240.0,0.153747597693786,24.0,0.027972027972028,419.0,0.308000944064196,0.0,0.0,0.0,0.0,33.0,0.021140294682896,516.0,0.33055733504164,0.22974358974359,9.22443333333333,56.74135,0.064924735379455,37.39563273,229752.53898432924,0.0,0.0,0.127612704254312,0.211431383060836,0.641228762541223,0.0,0.236072133384801,2.55797004699707,0.0,37.06021565478864,151.14462773060575,14.72906006792882,60.07030076472794,6.651833579064628,27.12852292600617,7.126964548997815,29.06627456357804,12.828536188196068,52.319294214440475,0.0,0.0,30.408382075724013,124.01610480459962,21.38089364699345,87.1988236907341,17.579845887527945,71.69681059015916,0.0,0.0,8.077226488864191,32.94177783872178,1.900523879732751,7.751006550287476,0.0,0.0,13.0,71.0,16.0,29.0,42.0,98.0,0.0,0.0,24.0,91.0,81.0,78.0,31.0,14.0,15.0,27.0,0.0,64.0,45.0,37.0,0.0,17.0,4.0,0.0,42.0,86.0,20.0,44.0,9.0,19.0,10.0,21.0,19.0,40.0,0.0,0.0,60.0,80.0,35.0,61.0,26.0,53.0,0.0,0.0,12.0,24.0,3.0,5.0,0.0,0.0,2.0,8.0,2.0,3.0,5.0,11.0,1.0,1.0,3.0,10.0,9.0,8.0,4.0,2.0,2.0,3.0,1.0,7.0,5.0,4.0,1.0,2.0,1.0,1.0,5.0,9.0,3.0,5.0,1.0,2.0,2.0,3.0,2.0,5.0,1.0,1.0,7.0,9.0,4.0,7.0,3.0,6.0,1.0,1.0,2.0,3.0,1.0,1.0,1.0,1.0,13 %ile,71 %ile,16 %ile,29 %ile,42 %ile,98 %ile,0 %ile,0 %ile,24 %ile,91 %ile,81 %ile,78 %ile,31 %ile,14 %ile,15 %ile,27 %ile,0 %ile,64 %ile,45 %ile,37 %ile,0 %ile,17 %ile,4 %ile,0 %ile,42 %ile,86 %ile,20 %ile,44 %ile,9 %ile,19 %ile,10 %ile,21 %ile,19 %ile,40 %ile,0 %ile,0 %ile,60 %ile,80 %ile,35 %ile,61 %ile,26 %ile,53 %ile,0 %ile,0 %ile,12 %ile,24 %ile,3 %ile,5 %ile,0 %ile,0 %ile,2526888.0,328840.0,0.0,0.0,0.0,2.0,0.466828003181524,1.338707008833111,0.073412286917206,0.0002682386765
280470035111,Mississippi,MS,Harrison County,4,675.0,675.0,406.0,201.0,236.0,462.0,803.0,1.865172682848585,2.291879690415697,154.0,0.228148148148148,433.0,0.641481481481481,24.0,0.092307692307692,186.0,0.231070496083551,0.0,0.0,0.0,0.0,42.0,0.062222222222222,29.0,0.042962962962963,0.258461538461539,8.98569836065574,55.22907,0.04426897899366,98.88565829,7984.384212351142,0.0,0.0,0.0,0.0,0.0,0.073497967884866,0.025991275523741,1.768384218215942,0.0,138.0227785307953,169.59909709076155,42.898971705517454,52.71323287956103,11.19103609709151,13.75127814249418,42.898971705517454,52.71323287956103,7.46069073139434,9.167518761662787,0.0,0.0,0.0,0.0,0.0,0.0,0.0,0.0,59.68552585115472,73.3401500933023,22.38207219418302,27.50255628498836,1.865172682848585,2.291879690415697,0.0,0.0,74.0,84.0,40.0,91.0,80.0,92.0,0.0,0.0,64.0,7.0,93.0,74.0,23.0,6.0,23.0,4.0,0.0,0.0,0.0,0.0,32.0,12.0,1.0,0.0,83.0,90.0,48.0,39.0,16.0,9.0,47.0,39.0,11.0,6.0,0.0,0.0,0.0,0.0,0.0,0.0,0.0,0.0,59.0,53.0,28.0,20.0,3.0,2.0,0.0,0.0,8.0,9.0,5.0,10.0,9.0,10.0,1.0,1.0,7.0,1.0,10.0,8.0,3.0,1.0,3.0,1.0,1.0,1.0,1.0,1.0,4.0,2.0,1.0,1.0,9.0,10.0,5.0,4.0,2.0,1.0,5.0,4.0,2.0,1.0,1.0,1.0,1.0,1.0,1.0,1.0,1.0,1.0,6.0,6.0,3.0,3.0,1.0,1.0,1.0,1.0,74 %ile,84 %ile,40 %ile,91 %ile,80 %ile,92 %ile,0 %ile,0 %ile,64 %ile,7 %ile,93 %ile,74 %ile,23 %ile,6 %ile,23 %ile,4 %ile,0 %ile,0 %ile,0 %ile,0 %ile,32 %ile,12 %ile,1 %ile,0 %ile,83 %ile,90 %ile,48 %ile,39 %ile,16 %ile,9 %ile,47 %ile,39 %ile,11 %ile,6 %ile,0 %ile,0 %ile,0 %ile,0 %ile,0 %ile,0 %ile,0 %ile,0 %ile,59 %ile,53 %ile,28 %ile,20 %ile,3 %ile,2 %ile,0 %ile,0 %ile,49238938.0,689780.0,0.0,0.0,1.0,1.0,1.829545334661408,1.721757504624734,0.384943324902743,0.004693593738499
280470035112,Mississippi,MS,Harrison County,4,720.0,720.0,428.0,244.0,285.0,506.0,665.0,0.87962505010573,2.291125285571757,58.0,0.080555555555556,231.0,0.320833333333333,0.0,0.0,154.0,0.231070496083551,0.0,0.0,75.0,0.175233644859813,0.0,0.0,75.0,0.104166666666667,0.258461538461539,8.98569836065574,55.22907,0.052780712800471,159.9317716,51717.64947419998,52.0,0.182456140350877,0.0,0.156942279539419,0.156942279539419,0.892723302605214,0.049263506839131,1.1356360912323,,65.09225370782403,169.54327113231002,20.231376152431796,52.695881568150405,7.916625450951571,20.620127570145808,25.509126453066173,66.44263328158095,10.55550060126876,27.49350342686108,40.46275230486359,105.39176313630082,0.0,0.0,35.185002004229204,91.64501142287027,18.47212605222033,48.113630997006894,44.86087755539224,116.8473895641596,11.435125651374491,29.78462871243284,0.0,0.0,,,36.0,84.0,17.0,59.0,0.0,92.0,0.0,78.0,0.0,26.0,93.0,74.0,23.0,9.0,29.0,12.0,46.0,0.0,40.0,21.0,51.0,13.0,0.0,,59.0,90.0,27.0,39.0,11.0,14.0,31.0,48.0,16.0,20.0,44.0,68.0,0.0,0.0,44.0,63.0,27.0,37.0,52.0,73.0,16.0,22.0,0.0,0.0,,,4.0,9.0,2.0,6.0,1.0,10.0,1.0,8.0,1.0,3.0,10.0,8.0,3.0,1.0,3.0,2.0,5.0,1.0,5.0,3.0,6.0,2.0,1.0,,6.0,10.0,3.0,4.0,2.0,2.0,4.0,5.0,2.0,3.0,5.0,7.0,1.0,1.0,5.0,7.0,3.0,4.0,6.0,8.0,2.0,3.0,1.0,1.0,,,36 %ile,84 %ile,17 %ile,59 %ile,0 %ile,92 %ile,0 %ile,78 %ile,0 %ile,26 %ile,93 %ile,74 %ile,23 %ile,9 %ile,29 %ile,12 %ile,46 %ile,0 %ile,40 %ile,21 %ile,51 %ile,13 %ile,0 %ile,,59 %ile,90 %ile,27 %ile,39 %ile,11 %ile,14 %ile,31 %ile,48 %ile,16 %ile,20 %ile,44 %ile,68 %ile,0 %ile,0 %ile,44 %ile,63 %ile,27 %ile,37 %ile,52 %ile,73 %ile,16 %ile,22 %ile,0 %ile,0 %ile,,,16748654.0,71741.0,0.0,0.0,0.0,1.0,0.86135899135189,1.751126149363784,0.166510591434463,0.001579592354501
280470035113,Mississippi,MS,Harrison County,4,922.0,918.0,635.0,372.0,423.0,773.0,829.0,0.663314157360371,2.426377369341497,25.0,0.027114967462039,243.0,0.264705882352941,44.0,0.125356125356125,192.0,0.231070496083551,0.0,0.0,181.0,0.28503937007874,95.0,0.103036876355748,191.0,0.207158351409978,0.258461538461539,8.98569836065574,55.22907,0.049059260440808,125.3592881,32792.9815150459,77.0,0.182033096926714,0.0,0.105531644778142,0.105531644778142,0.665758388599485,0.042345700124583,0.833872973918915,0.0,49.08524764466748,179.5519253312708,15.25622561928854,55.80667949485444,5.306513258882971,19.411018954731976,17.246168091369654,63.08581160287893,5.969827416243342,21.83739632407348,30.51245123857708,111.61335898970889,0.0,0.0,21.88936719289225,80.07045318826941,11.939654832486683,43.67479264814696,31.175765395937454,114.03973635905038,8.623084045684827,31.542905801439467,0.0,0.0,0.0,0.0,24.0,87.0,6.0,50.0,88.0,92.0,0.0,91.0,87.0,67.0,93.0,74.0,23.0,8.0,26.0,9.0,46.0,0.0,33.0,18.0,47.0,13.0,0.0,0.0,51.0,92.0,20.0,41.0,7.0,13.0,22.0,46.0,9.0,15.0,36.0,70.0,0.0,0.0,36.0,57.0,21.0,33.0,43.0,72.0,13.0,23.0,0.0,0.0,0.0,0.0,3.0,9.0,1.0,6.0,9.0,10.0,1.0,10.0,9.0,7.0,10.0,8.0,3.0,1.0,3.0,1.0,5.0,1.0,4.0,2.0,5.0,2.0,1.0,1.0,6.0,10.0,3.0,5.0,1.0,2.0,3.0,5.0,1.0,2.0,4.0,8.0,1.0,1.0,4.0,6.0,3.0,4.0,5.0,8.0,2.0,3.0,1.0,1.0,1.0,1.0,24 %ile,87 %ile,6 %ile,50 %ile,88 %ile,92 %ile,0 %ile,91 %ile,87 %ile,67 %ile,93 %ile,74 %ile,23 %ile,8 %ile,26 %ile,9 %ile,46 %ile,0 %ile,33 %ile,18 %ile,47 %ile,13 %ile,0 %ile,0 %ile,51 %ile,92 %ile,20 %ile,41 %ile,7 %ile,13 %ile,22 %ile,46 %ile,9 %ile,15 %ile,36 %ile,70 %ile,0 %ile,0 %ile,36 %ile,57 %ile,21 %ile,33 %ile,43 %ile,72 %ile,13 %ile,23 %ile,0 %ile,0 %ile,0 %ile,0 %ile,15039602.0,82115.0,0.0,0.0,0.0,1.0,0.647719102185253,1.901762689438373,0.205913098027519,0.0014205338705
280470035121,Mississippi,MS,Harrison County,4,476.0,476.0,388.0,253.0,305.0,473.0,478.0,0.211994503988599,2.384424860428162,6.0,0.012605042016807,39.0,0.081932773109244,8.0,0.031496062992126,116.0,0.242001640689089,0.0,0.0,132.0,0.34020618556701,0.0,0.0,53.0,0.111344537815126,0.258461538461539,9.08063196721312,55.6872,0.050502342917439,83.14424004999998,34031.019759798786,0.0,0.0,0.0,0.0,0.0,0.0,0.074626205479763,1.289380431175232,0.0,16.111582303133513,181.2162893925403,5.511857103703571,61.99504637113221,1.695956031908791,19.075398883425294,4.663879087749175,52.45734692941956,1.90795053589739,21.459823743853452,0.0,0.0,0.0,0.0,0.0,0.0,0.0,0.0,0.0,0.0,2.967923055840384,33.381948045994264,0.0,0.0,0.0,0.0,3.0,86.0,4.0,14.0,45.0,94.0,0.0,94.0,0.0,29.0,93.0,76.0,26.0,8.0,22.0,9.0,0.0,0.0,0.0,0.0,0.0,14.0,0.0,0.0,22.0,92.0,8.0,46.0,2.0,13.0,6.0,39.0,3.0,15.0,0.0,0.0,0.0,0.0,0.0,0.0,0.0,0.0,0.0,0.0,8.0,24.0,0.0,0.0,0.0,0.0,1.0,9.0,1.0,2.0,5.0,10.0,1.0,10.0,1.0,3.0,10.0,8.0,3.0,1.0,3.0,1.0,1.0,1.0,1.0,1.0,1.0,2.0,1.0,1.0,3.0,10.0,1.0,5.0,1.0,2.0,1.0,4.0,1.0,2.0,1.0,1.0,1.0,1.0,1.0,1.0,1.0,1.0,1.0,1.0,1.0,3.0,1.0,1.0,1.0,1.0,3 %ile,86 %ile,4 %ile,14 %ile,45 %ile,94 %ile,0 %ile,94 %ile,0 %ile,29 %ile,93 %ile,76 %ile,26 %ile,8 %ile,22 %ile,9 %ile,0 %ile,0 %ile,0 %ile,0 %ile,0 %ile,14 %ile,0 %ile,0 %ile,22 %ile,92 %ile,8 %ile,46 %ile,2 %ile,13 %ile,6 %ile,39 %ile,3 %ile,15 %ile,0 %ile,0 %ile,0 %ile,0 %ile,0 %ile,0 %ile,0 %ile,0 %ile,0 %ile,0 %ile,8 %ile,24 %ile,0 %ile,0 %ile,0 %ile,0 %ile,18433674.0,373940.0,0.0,0.0,0.0,1.0,0.207223613412104,1.867676388527588,0.334882724405745,0.001767209946
280470035122,Mississippi,MS,Harrison County,4,613.0,613.0,525.0,290.0,328.0,582.0,606.0,1.516032632378848,2.24367127580352,249.0,0.406199021207178,228.0,0.371941272430669,0.0,0.0,147.0,0.242001640689089,0.0,0.0,52.0,0.099047619047619,10.0,0.0163132137031,191.0,0.311582381729201,0.258461538461539,9.08063196721312,55.6872,0.055279154195603,103.2988012,65568.7640861602,48.0,0.146341463414634,0.0,0.152929118502034,0.152929118502034,0.0,0.032836679686142,1.484420895576477,,115.21848006079244,170.5190169610675,39.41684844185006,58.33545317089152,15.160326323788482,22.4367127580352,36.38478317709236,53.84811061928448,21.224456853303877,31.41139786124928,63.673370559911625,94.23419358374785,0.0,0.0,60.64130529515393,89.74685103214078,31.83668527995581,47.11709679187392,0.0,0.0,19.70842422092503,29.16772658544576,0.0,0.0,,,64.0,82.0,58.0,66.0,0.0,94.0,0.0,58.0,20.0,89.0,93.0,76.0,26.0,10.0,24.0,14.0,42.0,0.0,40.0,21.0,0.0,13.0,0.0,,78.0,90.0,45.0,43.0,22.0,15.0,41.0,40.0,29.0,23.0,60.0,62.0,0.0,0.0,58.0,62.0,39.0,36.0,0.0,0.0,25.0,21.0,0.0,0.0,,,7.0,9.0,6.0,7.0,1.0,10.0,1.0,6.0,3.0,9.0,10.0,8.0,3.0,2.0,3.0,2.0,5.0,1.0,5.0,3.0,1.0,2.0,1.0,,8.0,10.0,5.0,5.0,3.0,2.0,5.0,5.0,3.0,3.0,7.0,7.0,1.0,1.0,6.0,7.0,4.0,4.0,1.0,1.0,3.0,3.0,1.0,1.0,,,64 %ile,82 %ile,58 %ile,66 %ile,0 %ile,94 %ile,0 %ile,58 %ile,20 %ile,89 %ile,93 %ile,76 %ile,26 %ile,10 %ile,24 %ile,14 %ile,42 %ile,0 %ile,40 %ile,21 %ile,0 %ile,13 %ile,0 %ile,,78 %ile,90 %ile,45 %ile,43 %ile,22 %ile,15 %ile,41 %ile,40 %ile,29 %ile,23 %ile,60 %ile,62 %ile,0 %ile,0 %ile,58 %ile,62 %ile,39 %ile,36 %ile,0 %ile,0 %ile,25 %ile,21 %ile,0 %ile,0 %ile,,,9301743.0,36583.0,0.0,0.0,0.0,1.0,1.499026621810439,1.689114572347133,0.135558128683542,0.000876920334999
280470035123,Mississippi,MS,Harrison County,4,625.0,625.0,446.0,224.0,224.0,513.0,627.0,1.650715981817282,2.426711476738721,58.0,0.0928,401.0,0.6416,67.0,0.212025316455696,152.0,0.242001640689089,0.0,0.0,26.0,0.058295964125561,0.0,0.0,144.0,0.2304,0.258461538461539,9.08063196721312,55.6872,0.057380493378911,72.66674834,126188.40859390692,36.0,0.160714285714286,0.063966533751644,0.115142789840065,0.18049923022557,0.545027993689301,0.081243083944729,1.649338483810425,0.0,125.4544146181134,184.43007223214283,42.91861552724932,63.09449839520676,18.157875799990094,26.693826244125937,34.66503561816292,50.96094101151315,31.36360365452835,46.1075180580357,72.63150319996038,106.77530497650373,92.44009498176776,135.8958426973684,57.775059363604846,84.93490168585525,36.3157515999802,53.387652488251874,74.28221918177766,109.20201645324246,23.110023745441943,33.9739606743421,1.650715981817282,2.426711476738721,0.0,0.0,68.0,87.0,20.0,91.0,96.0,94.0,0.0,41.0,0.0,74.0,93.0,76.0,26.0,11.0,21.0,19.0,44.0,56.0,35.0,22.0,45.0,14.0,1.0,0.0,80.0,93.0,48.0,46.0,25.0,19.0,40.0,37.0,38.0,35.0,65.0,68.0,76.0,83.0,57.0,60.0,42.0,41.0,66.0,70.0,29.0,25.0,3.0,2.0,0.0,0.0,7.0,9.0,3.0,10.0,11.0,10.0,1.0,5.0,1.0,8.0,10.0,8.0,3.0,2.0,3.0,2.0,5.0,6.0,4.0,3.0,5.0,2.0,1.0,1.0,9.0,10.0,5.0,5.0,3.0,2.0,5.0,4.0,4.0,4.0,7.0,7.0,8.0,9.0,6.0,7.0,5.0,5.0,7.0,8.0,3.0,3.0,1.0,1.0,1.0,1.0,68 %ile,87 %ile,20 %ile,91 %ile,96 %ile,94 %ile,0 %ile,41 %ile,0 %ile,74 %ile,93 %ile,76 %ile,26 %ile,11 %ile,21 %ile,19 %ile,44 %ile,56 %ile,35 %ile,22 %ile,45 %ile,14 %ile,1 %ile,0 %ile,80 %ile,93 %ile,48 %ile,46 %ile,25 %ile,19 %ile,40 %ile,37 %ile,38 %ile,35 %ile,65 %ile,68 %ile,76 %ile,83 %ile,57 %ile,60 %ile,42 %ile,41 %ile,66 %ile,70 %ile,29 %ile,25 %ile,3 %ile,2 %ile,0 %ile,0 %ile,32032996.0,672010.0,0.0,0.0,1.0,2.0,1.613277293188059,1.860445454646858,0.29443639074465,0.0030715890195
280470035124,Mississippi,MS,Harrison County,4,724.0,724.0,490.0,275.0,409.0,613.0,726.0,0.453395782353832,2.105811766393455,40.0,0.05524861878453,113.0,0.156077348066298,0.0,0.0,176.0,0.242001640689089,0.0,0.0,67.0,0.136734693877551,83.0,0.114640883977901,203.0,0.280386740331492,0.258461538461539,9.08063196721312,55.6872,0.046200528263118,73.93947851999998,1446.429636203724,15.0,0.036674816625917,0.0,0.0,0.0,0.042306760727963,0.067720199207152,2.552338600158691,,34.45807945889123,160.0416942459026,11.78829034119963,54.75110592622983,3.173770476476824,14.740682364754186,9.521311429430472,44.22204709426256,0.453395782353832,2.105811766393455,10.428102994138134,48.433670627049466,0.0,0.0,0.0,0.0,0.0,0.0,13.601873470614958,63.17435299180365,6.347540952953647,29.481364729508368,1.813583129415328,8.42324706557382,,,12.0,78.0,12.0,29.0,0.0,94.0,0.0,69.0,90.0,85.0,93.0,76.0,26.0,7.0,21.0,1.0,23.0,0.0,0.0,0.0,30.0,14.0,4.0,,40.0,88.0,16.0,40.0,4.0,9.0,13.0,33.0,1.0,1.0,19.0,34.0,0.0,0.0,0.0,0.0,0.0,0.0,30.0,47.0,11.0,21.0,3.0,6.0,,,2.0,8.0,2.0,3.0,1.0,10.0,1.0,7.0,10.0,9.0,10.0,8.0,3.0,1.0,3.0,1.0,3.0,1.0,1.0,1.0,4.0,2.0,1.0,,5.0,9.0,2.0,5.0,1.0,1.0,2.0,4.0,1.0,1.0,2.0,4.0,1.0,1.0,1.0,1.0,1.0,1.0,4.0,5.0,2.0,3.0,1.0,1.0,,,12 %ile,78 %ile,12 %ile,29 %ile,0 %ile,94 %ile,0 %ile,69 %ile,90 %ile,85 %ile,93 %ile,76 %ile,26 %ile,7 %ile,21 %ile,1 %ile,23 %ile,0 %ile,0 %ile,0 %ile,30 %ile,14 %ile,4 %ile,,40 %ile,88 %ile,16 %ile,40 %ile,4 %ile,9 %ile,13 %ile,33 %ile,1 %ile,1 %ile,19 %ile,34 %ile,0 %ile,0 %ile,0 %ile,0 %ile,0 %ile,0 %ile,30 %ile,47 %ile,11 %ile,21 %ile,3 %ile,6 %ile,,,35264673.0,732172.0,0.0,0.0,0.0,1.0,0.444723889462788,1.561275683224804,0.225040598788738,0.0033833835205
280470035131,Mississippi,MS,Harrison County,4,1308.0,1308.0,870.0,457.0,509.0,1154.0,1290.0,0.50158986047916,1.892105693903423,62.0,0.047400611620795,238.0,0.181957186544343,0.0,0.0,276.0,0.213953488372093,0.0,0.0,80.0,0.091954022988506,47.0,0.035932721712538,163.0,0.124617737003058,0.244102564102564,9.08042213114754,55.10677,0.04668339548901,42.75790011,22210.650910767232,0.0,0.0,0.0,0.0,0.0,0.34089665576063,0.11929418001878,2.692227125167847,0.0,38.12082939641616,143.8000327366601,11.03497693054152,41.626325265875295,3.51112902335412,13.24473985732396,8.02543776766656,30.27369110245476,3.51112902335412,13.24473985732396,0.0,0.0,0.0,0.0,0.0,0.0,0.0,0.0,20.56518427964556,77.57633345004032,7.5238479071874,28.381585408551334,2.00635944191664,7.568422775613691,0.0,0.0,15.0,69.0,11.0,34.0,0.0,89.0,0.0,56.0,39.0,35.0,88.0,76.0,22.0,7.0,16.0,7.0,0.0,0.0,0.0,0.0,41.0,15.0,4.0,0.0,43.0,84.0,15.0,30.0,5.0,8.0,11.0,22.0,5.0,9.0,0.0,0.0,0.0,0.0,0.0,0.0,0.0,0.0,35.0,56.0,12.0,21.0,4.0,5.0,0.0,0.0,2.0,7.0,2.0,4.0,1.0,9.0,1.0,6.0,4.0,4.0,9.0,8.0,3.0,1.0,2.0,1.0,1.0,1.0,1.0,1.0,5.0,2.0,1.0,1.0,5.0,9.0,2.0,4.0,1.0,1.0,2.0,3.0,1.0,1.0,1.0,1.0,1.0,1.0,1.0,1.0,1.0,1.0,4.0,6.0,2.0,3.0,1.0,1.0,1.0,1.0,15 %ile,69 %ile,11 %ile,34 %ile,0 %ile,89 %ile,0 %ile,56 %ile,39 %ile,35 %ile,88 %ile,76 %ile,22 %ile,7 %ile,16 %ile,7 %ile,0 %ile,0 %ile,0 %ile,0 %ile,41 %ile,15 %ile,4 %ile,0 %ile,43 %ile,84 %ile,15 %ile,30 %ile,5 %ile,8 %ile,11 %ile,22 %ile,5 %ile,9 %ile,0 %ile,0 %ile,0 %ile,0 %ile,0 %ile,0 %ile,0 %ile,0 %ile,35 %ile,56 %ile,12 %ile,21 %ile,4 %ile,5 %ile,0 %ile,0 %ile,45821634.0,467531.0,0.0,0.0,0.0,1.0,0.491253313926795,1.342727053183824,0.306030551066286,0.004351800458499
280470035141,Mississippi,MS,Harrison County,4,697.0,697.0,480.0,265.0,265.0,549.0,1315.0,1.410299072957665,1.735465468893806,271.0,0.388809182209469,236.0,0.338593974175036,0.0,0.0,221.0,0.168290668868704,0.0,0.0,0.0,0.0,69.0,0.098995695839311,182.0,0.261119081779053,0.244102564102564,9.14556557377049,55.24068,0.063044081514073,28.14621178,199193.42075769728,0.0,0.0,0.099536451674079,0.179889162371713,0.389761533227455,0.354099473659156,0.298756964543828,2.978864192962646,0.0,108.59302861774016,133.63084110482308,32.43687867802628,39.915705784557545,18.33388794844964,22.561051095619483,18.33388794844964,22.561051095619483,35.257476823941616,43.38663672234516,0.0,0.0,83.20764530450221,102.39246266473457,59.23256106422191,72.88954969353986,42.30897218872994,52.06396406681419,57.82226199126425,71.15408422464606,23.975084240280296,29.502912971194707,8.461794437745986,10.412792813362838,0.0,0.0,60.0,61.0,57.0,61.0,0.0,73.0,0.0,0.0,86.0,81.0,88.0,77.0,23.0,13.0,13.0,25.0,0.0,59.0,42.0,30.0,41.0,17.0,6.0,0.0,76.0,81.0,39.0,29.0,26.0,15.0,23.0,17.0,41.0,33.0,0.0,0.0,74.0,74.0,58.0,53.0,47.0,40.0,59.0,52.0,30.0,21.0,14.0,7.0,0.0,0.0,7.0,7.0,6.0,7.0,1.0,8.0,1.0,1.0,9.0,9.0,9.0,8.0,3.0,2.0,2.0,3.0,1.0,6.0,5.0,4.0,5.0,2.0,1.0,1.0,8.0,9.0,4.0,3.0,3.0,2.0,3.0,2.0,5.0,4.0,1.0,1.0,8.0,8.0,6.0,6.0,5.0,5.0,6.0,6.0,4.0,3.0,2.0,1.0,1.0,1.0,60 %ile,61 %ile,57 %ile,61 %ile,0 %ile,73 %ile,0 %ile,0 %ile,86 %ile,81 %ile,88 %ile,77 %ile,23 %ile,13 %ile,13 %ile,25 %ile,0 %ile,59 %ile,42 %ile,30 %ile,41 %ile,17 %ile,6 %ile,0 %ile,76 %ile,81 %ile,39 %ile,29 %ile,26 %ile,15 %ile,23 %ile,17 %ile,41 %ile,33 %ile,0 %ile,0 %ile,74 %ile,74 %ile,58 %ile,53 %ile,47 %ile,40 %ile,59 %ile,52 %ile,30 %ile,21 %ile,14 %ile,7 %ile,0 %ile,0 %ile,18088119.0,350284.0,0.0,0.0,0.0,1.0,1.395071433839598,1.185557004164607,0.196776466818084,0.001732894509
280470035142,Mississippi,MS,Harrison County,4,3122.0,3045.0,2046.0,923.0,958.0,2292.0,2500.0,1.390415902929388,1.928997284891963,778.0,0.249199231262012,1293.0,0.424630541871921,171.0,0.146781115879828,421.0,0.168290668868704,0.0,0.0,135.0,0.065982404692082,110.0,0.035233824471493,352.0,0.112748238308776,0.244102564102564,9.14556557377049,55.24068,0.053121875806101,30.75152389,72237.65591715244,11.0,0.011482254697286,0.0,0.0,0.075751820452257,0.0,0.639864976828277,2.152973413467407,0.0,107.0620245255629,148.53279093668112,31.979565767375927,44.36693755251514,12.513743126364496,17.36097556402766,19.465822641011435,27.005961988487478,19.465822641011435,27.005961988487478,22.246654446870213,30.8639565582714,0.0,0.0,0.0,0.0,22.246654446870213,30.8639565582714,0.0,0.0,27.80831805858777,38.57994569783925,2.780831805858777,3.857994569783925,0.0,0.0,59.0,70.0,43.0,73.0,91.0,73.0,0.0,45.0,38.0,30.0,88.0,77.0,23.0,9.0,14.0,14.0,16.0,0.0,0.0,16.0,0.0,20.0,2.0,0.0,75.0,86.0,39.0,32.0,18.0,11.0,25.0,20.0,27.0,19.0,28.0,24.0,0.0,0.0,0.0,0.0,31.0,23.0,0.0,0.0,34.0,28.0,5.0,2.0,0.0,0.0,6.0,8.0,5.0,8.0,10.0,8.0,1.0,5.0,4.0,4.0,9.0,8.0,3.0,1.0,2.0,2.0,2.0,1.0,1.0,2.0,1.0,3.0,1.0,1.0,8.0,9.0,4.0,4.0,2.0,2.0,3.0,3.0,3.0,2.0,3.0,3.0,1.0,1.0,1.0,1.0,4.0,3.0,1.0,1.0,4.0,3.0,1.0,1.0,1.0,1.0,59 %ile,70 %ile,43 %ile,73 %ile,91 %ile,73 %ile,0 %ile,45 %ile,38 %ile,30 %ile,88 %ile,77 %ile,23 %ile,9 %ile,14 %ile,14 %ile,16 %ile,0 %ile,0 %ile,16 %ile,0 %ile,20 %ile,2 %ile,0 %ile,75 %ile,86 %ile,39 %ile,32 %ile,18 %ile,11 %ile,25 %ile,20 %ile,27 %ile,19 %ile,28 %ile,24 %ile,0 %ile,0 %ile,0 %ile,0 %ile,31 %ile,23 %ile,0 %ile,0 %ile,34 %ile,28 %ile,5 %ile,2 %ile,0 %ile,0 %ile,12256923.0,736458.0,0.0,0.0,0.0,1.0,1.368140964223085,1.38544561452142,0.220156899494626,0.001221505476
280470035143,Mississippi,MS,Harrison County,4,2280.0,2280.0,1202.0,706.0,785.0,1763.0,2241.0,0.811913366776525,2.00094932126997,254.0,0.11140350877193,618.0,0.271052631578947,30.0,0.026881720430108,377.0,0.168290668868704,0.0,0.0,231.0,0.192179700499168,19.0,0.008333333333333,89.0,0.039035087719298,0.244102564102564,9.14556557377049,55.24068,0.047412442357331,33.3744587,33456.02807177926,0.0,0.0,0.0,0.0,0.0,0.109525753883071,0.238943962146529,1.553369998931885,0.0,62.517329241792446,154.07309773778766,18.67400743586008,46.021834389209296,5.683393567435677,14.006645248889788,11.366787134871354,28.013290497779572,7.307220300988727,18.008543891429728,0.0,0.0,0.0,0.0,0.0,0.0,0.0,0.0,27.60505447040186,68.03227692317897,13.80252723520093,34.016138461589485,0.0,0.0,0.0,0.0,32.0,73.0,23.0,51.0,41.0,73.0,0.0,80.0,14.0,6.0,88.0,77.0,23.0,7.0,14.0,9.0,0.0,0.0,0.0,0.0,34.0,17.0,0.0,0.0,58.0,87.0,25.0,34.0,8.0,9.0,15.0,21.0,11.0,12.0,0.0,0.0,0.0,0.0,0.0,0.0,0.0,0.0,40.0,50.0,19.0,25.0,0.0,0.0,0.0,0.0,4.0,8.0,3.0,6.0,5.0,8.0,1.0,9.0,2.0,1.0,9.0,8.0,3.0,1.0,2.0,1.0,1.0,1.0,1.0,1.0,4.0,2.0,1.0,1.0,6.0,9.0,3.0,4.0,1.0,1.0,2.0,3.0,2.0,2.0,1.0,1.0,1.0,1.0,1.0,1.0,1.0,1.0,5.0,6.0,2.0,3.0,1.0,1.0,1.0,1.0,32 %ile,73 %ile,23 %ile,51 %ile,41 %ile,73 %ile,0 %ile,80 %ile,14 %ile,6 %ile,88 %ile,77 %ile,23 %ile,7 %ile,14 %ile,9 %ile,0 %ile,0 %ile,0 %ile,0 %ile,34 %ile,17 %ile,0 %ile,0 %ile,58 %ile,87 %ile,25 %ile,34 %ile,8 %ile,9 %ile,15 %ile,21 %ile,11 %ile,12 %ile,0 %ile,0 %ile,0 %ile,0 %ile,0 %ile,0 %ile,0 %ile,0 %ile,40 %ile,50 %ile,19 %ile,25 %ile,0 %ile,0 %ile,0 %ile,0 %ile,17322401.0,211593.0,0.0,0.0,0.0,1.0,0.797059298450341,1.477226371608207,0.210374844325975,0.0016488201155
280470036001,Mississippi,MS,Harrison County,4,311.0,311.0,234.0,124.0,150.0,240.0,337.0,2.6432313147697,3.114010030326244,270.0,0.868167202572347,168.0,0.540192926045016,1.0,0.005714285714286,104.0,0.309701492537313,6.0,0.048387096774194,48.0,0.205128205128205,48.0,0.154340836012862,16.0,0.051446945337621,0.303589743589744,8.95023087431694,58.31698,0.116036675596364,529.4391347,733152.5767287788,43.0,0.286666666666667,0.0,0.490006578602151,0.508199321581608,8.939803892630472,0.003547874519167,7.617760181427002,0.0,192.9558859781881,227.3227322138158,103.0860212760183,121.44639118272352,89.86986470216979,105.87634103109228,124.2318717941759,146.35847142533348,124.2318717941759,146.35847142533348,150.66418494187292,177.49857172859592,0.0,0.0,166.5235728304911,196.18263191055337,89.86986470216979,105.87634103109228,232.6043556997336,274.0328826687095,26.432313147697,31.140100303262443,132.16156573848502,155.7005015163122,0.0,0.0,90.0,97.0,87.0,84.0,23.0,98.0,75.0,82.0,96.0,9.0,99.0,73.0,39.0,34.0,47.0,47.0,57.0,0.0,63.0,34.0,88.0,10.0,50.0,0.0,92.0,97.0,76.0,79.0,69.0,72.0,83.0,85.0,78.0,85.0,86.0,90.0,0.0,0.0,87.0,92.0,69.0,72.0,95.0,98.0,32.0,23.0,80.0,85.0,0.0,0.0,10.0,11.0,9.0,9.0,3.0,11.0,8.0,9.0,11.0,1.0,11.0,8.0,4.0,4.0,5.0,5.0,6.0,1.0,7.0,4.0,9.0,2.0,6.0,1.0,10.0,11.0,8.0,8.0,7.0,8.0,9.0,9.0,8.0,9.0,9.0,10.0,1.0,1.0,9.0,10.0,7.0,8.0,11.0,11.0,4.0,3.0,9.0,9.0,1.0,1.0,90 %ile,97 %ile,87 %ile,84 %ile,23 %ile,98 %ile,75 %ile,82 %ile,96 %ile,9 %ile,99 %ile,73 %ile,39 %ile,34 %ile,47 %ile,47 %ile,57 %ile,0 %ile,63 %ile,34 %ile,88 %ile,10 %ile,50 %ile,0 %ile,92 %ile,97 %ile,76 %ile,79 %ile,69 %ile,72 %ile,83 %ile,85 %ile,78 %ile,85 %ile,86 %ile,90 %ile,0 %ile,0 %ile,87 %ile,92 %ile,69 %ile,72 %ile,95 %ile,98 %ile,32 %ile,23 %ile,80 %ile,85 %ile,0 %ile,0 %ile,385894.0,0.0,0.0,0.0,6.0,7.0,2.62224113062698,2.814897881789267,0.024415203774368,3.62225325e-05
280470036002,Mississippi,MS,Harrison County,4,772.0,761.0,674.0,526.0,613.0,742.0,735.0,2.379207533664009,3.513545006083609,434.0,0.562176165803109,483.0,0.634691195795007,19.0,0.042986425339367,228.0,0.309701492537313,26.0,0.049429657794677,260.0,0.385756676557863,18.0,0.023316062176166,179.0,0.231865284974093,0.303589743589744,8.95023087431694,58.31698,0.116157142322781,506.5963095,845401.5453750269,212.0,0.34584013050571,0.0,0.703797405607634,0.598720470643764,17.09122841560327,0.117318405199749,7.708437442779541,0.0,173.68214995747263,256.4887854441034,92.78909381289634,137.0282552372607,80.89305614457629,119.4605302068427,109.4435465485444,161.623070279846,118.96037668320044,175.67725030418043,147.51086708716852,217.83979037718376,0.0,0.0,171.3029424238086,252.97524043801985,85.65147121190432,126.48762021900993,226.0247156980808,333.7867755779428,35.68811300496013,52.70317509125413,121.33958421686444,179.19079531026406,0.0,0.0,86.0,98.0,69.0,91.0,55.0,98.0,75.0,96.0,26.0,75.0,99.0,73.0,39.0,34.0,46.0,50.0,62.0,0.0,72.0,36.0,95.0,15.0,51.0,0.0,90.0,98.0,73.0,84.0,66.0,77.0,79.0,88.0,77.0,90.0,86.0,95.0,0.0,0.0,88.0,97.0,68.0,79.0,95.0,99.0,41.0,38.0,77.0,90.0,0.0,0.0,9.0,11.0,7.0,10.0,6.0,11.0,8.0,11.0,3.0,8.0,11.0,8.0,4.0,4.0,5.0,6.0,7.0,1.0,8.0,4.0,11.0,2.0,6.0,1.0,10.0,11.0,8.0,9.0,7.0,8.0,8.0,9.0,8.0,10.0,9.0,11.0,1.0,1.0,9.0,11.0,7.0,8.0,11.0,11.0,5.0,4.0,8.0,10.0,1.0,1.0,86 %ile,98 %ile,69 %ile,91 %ile,55 %ile,98 %ile,75 %ile,96 %ile,26 %ile,75 %ile,99 %ile,73 %ile,39 %ile,34 %ile,46 %ile,50 %ile,62 %ile,0 %ile,72 %ile,36 %ile,95 %ile,15 %ile,51 %ile,0 %ile,90 %ile,98 %ile,73 %ile,84 %ile,66 %ile,77 %ile,79 %ile,88 %ile,77 %ile,90 %ile,86 %ile,95 %ile,0 %ile,0 %ile,88 %ile,97 %ile,68 %ile,79 %ile,95 %ile,99 %ile,41 %ile,38 %ile,77 %ile,90 %ile,0 %ile,0 %ile,1461332.0,0.0,0.0,0.0,4.0,8.0,2.348442111221116,3.240491555341377,0.066114143254565,0.00013716638
280470036003,Mississippi,MS,Harrison County,4,0.0,0.0,0.0,0.0,0.0,0.0,0.0,0.0,2.167229375948134,0.0,0.0,0.0,0.0,0.0,0.0,0.0,0.309701492537313,0.0,0.0,0.0,0.0,0.0,0.0,0.0,0.0,0.303589743589744,8.95023087431694,58.31698,,391.0232258,,0.0,0.0,,,,1.425312008218153,,3.031112432479858,,0.0,158.2077444442138,0.0,84.52194566197724,,,0.0,91.02363378982163,,,0.0,0.0,,,,,,,0.0,123.53207442904365,,,0.0,13.003376255688806,,,0.0,80.0,0.0,0.0,0.0,98.0,0.0,0.0,0.0,0.0,99.0,73.0,39.0,,42.0,,0.0,,,,57.0,,6.0,,0.0,88.0,0.0,61.0,,,0.0,63.0,,,0.0,0.0,,,,,,,0.0,76.0,,,0.0,9.0,,,1.0,9.0,1.0,1.0,1.0,11.0,1.0,1.0,1.0,1.0,11.0,8.0,4.0,,5.0,,1.0,,,,6.0,,1.0,,1.0,9.0,1.0,7.0,,,1.0,7.0,,,1.0,1.0,,,,,,,1.0,8.0,,,1.0,1.0,,,0 %ile,80 %ile,0 %ile,0 %ile,0 %ile,98 %ile,0 %ile,0 %ile,0 %ile,0 %ile,99 %ile,73 %ile,39 %ile,,42 %ile,,0 %ile,,,,57 %ile,,6 %ile,,0 %ile,88 %ile,0 %ile,61 %ile,,,0 %ile,63 %ile,,,0 %ile,0 %ile,,,,,,,0 %ile,76 %ile,,,0 %ile,9 %ile,,,14170555.0,57939316.0,0.0,0.0,0.0,1.0,0.0,1.610975818716456,0.775104375647033,0.006761040507501
280470037001,Mississippi,MS,Harrison County,4,1578.0,1578.0,1061.0,526.0,695.0,1221.0,1033.0,1.528789148439965,2.312075486516012,850.0,0.538656527249683,454.0,0.287705956907478,0.0,0.0,209.0,0.202212661339889,65.0,0.123574144486692,102.0,0.096135721017908,118.0,0.074778200253485,149.0,0.094423320659062,0.268717948717949,9.24840491803279,57.24186,0.105227884102835,426.0168013,737529.3647405357,222.0,0.319424460431655,0.0,0.574790660915885,0.579172279090323,3.712161869862283,0.618842406698593,8.161867141723633,0.0,120.77434272675723,182.65396343476488,50.45004189851884,76.29849105502838,45.86367445319895,69.36226459548035,67.26672253135845,101.73132140670452,71.85308997667835,108.66754786625253,91.72734890639789,138.7245291909607,0.0,0.0,102.42887294547764,154.90905759657275,55.036409343838734,83.23471751457642,113.1303969845574,171.09358600218485,30.575782968799295,46.24150973032023,85.61219231263803,129.47622724489665,0.0,0.0,64.0,84.0,68.0,53.0,0.0,86.0,88.0,57.0,73.0,23.0,96.0,79.0,33.0,30.0,44.0,47.0,60.0,0.0,67.0,36.0,74.0,20.0,56.0,0.0,79.0,92.0,53.0,56.0,49.0,53.0,62.0,69.0,61.0,73.0,72.0,80.0,0.0,0.0,74.0,85.0,54.0,60.0,77.0,88.0,36.0,34.0,67.0,79.0,0.0,0.0,7.0,9.0,7.0,6.0,1.0,9.0,9.0,6.0,8.0,3.0,11.0,8.0,4.0,4.0,5.0,5.0,7.0,1.0,7.0,4.0,8.0,3.0,6.0,1.0,8.0,10.0,6.0,6.0,5.0,6.0,7.0,7.0,7.0,8.0,8.0,9.0,1.0,1.0,8.0,9.0,6.0,7.0,8.0,9.0,4.0,4.0,7.0,8.0,1.0,1.0,64 %ile,84 %ile,68 %ile,53 %ile,0 %ile,86 %ile,88 %ile,57 %ile,73 %ile,23 %ile,96 %ile,79 %ile,33 %ile,30 %ile,44 %ile,47 %ile,60 %ile,0 %ile,67 %ile,36 %ile,74 %ile,20 %ile,56 %ile,0 %ile,79 %ile,92 %ile,53 %ile,56 %ile,49 %ile,53 %ile,62 %ile,69 %ile,61 %ile,73 %ile,72 %ile,80 %ile,0 %ile,0 %ile,74 %ile,85 %ile,54 %ile,60 %ile,77 %ile,88 %ile,36 %ile,34 %ile,67 %ile,79 %ile,0 %ile,0 %ile,622030.0,0.0,0.0,0.0,0.0,4.0,1.518626515415454,2.400779916412604,0.034144103592,5.83914045e-05
280470037002,Mississippi,MS,Harrison County,4,1423.0,1370.0,892.0,584.0,584.0,973.0,1226.0,1.806288063847536,2.279419783896713,560.0,0.39353478566409,691.0,0.504379562043796,99.0,0.267567567567568,248.0,0.202212661339889,0.0,0.0,82.0,0.091928251121076,220.0,0.154602951510892,197.0,0.138439915671117,0.268717948717949,9.24840491803279,57.24186,0.110969150567551,419.6345641,680806.7005573071,64.0,0.10958904109589,0.0,0.630030571917915,0.57609724305253,3.413926582539629,0.730003821941115,9.064499855041504,0.0,142.6967570439554,180.07416292784032,59.607506106968714,75.22085286859152,57.80121804312117,72.94143308469482,77.67038674544406,98.01505070755864,83.08925093698667,104.85331005924878,66.83265836235886,84.33853200417836,0.0,0.0,124.63387640548002,157.27996508887318,63.22008223466378,79.77969243638496,130.05274059702262,164.11822444056332,36.125761276950726,45.58839567793426,117.40872415008987,148.16228595328633,0.0,0.0,72.0,83.0,57.0,81.0,98.0,86.0,0.0,56.0,96.0,41.0,96.0,79.0,33.0,32.0,43.0,46.0,37.0,0.0,69.0,35.0,72.0,20.0,65.0,0.0,84.0,92.0,59.0,55.0,56.0,55.0,67.0,67.0,66.0,71.0,62.0,56.0,0.0,0.0,80.0,85.0,58.0,58.0,81.0,87.0,41.0,33.0,76.0,84.0,0.0,0.0,8.0,9.0,6.0,9.0,11.0,9.0,1.0,6.0,11.0,5.0,11.0,8.0,4.0,4.0,5.0,5.0,4.0,1.0,7.0,4.0,8.0,3.0,7.0,1.0,9.0,10.0,6.0,6.0,6.0,6.0,7.0,7.0,7.0,8.0,7.0,6.0,1.0,1.0,9.0,9.0,6.0,6.0,9.0,9.0,5.0,4.0,8.0,9.0,1.0,1.0,72 %ile,83 %ile,57 %ile,81 %ile,98 %ile,86 %ile,0 %ile,56 %ile,96 %ile,41 %ile,96 %ile,79 %ile,33 %ile,32 %ile,43 %ile,46 %ile,37 %ile,0 %ile,69 %ile,35 %ile,72 %ile,20 %ile,65 %ile,0 %ile,84 %ile,92 %ile,59 %ile,55 %ile,56 %ile,55 %ile,67 %ile,67 %ile,66 %ile,71 %ile,62 %ile,56 %ile,0 %ile,0 %ile,80 %ile,85 %ile,58 %ile,58 %ile,81 %ile,87 %ile,41 %ile,33 %ile,76 %ile,84 %ile,0 %ile,0 %ile,1305531.0,265673.0,0.0,0.0,3.0,4.0,1.781129844330454,1.739333756563051,0.058862363083844,0.000147502474
280470037003,Mississippi,MS,Harrison County,4,503.0,503.0,396.0,274.0,296.0,396.0,995.0,2.016718295807759,2.933345409758683,118.0,0.234592445328032,353.0,0.701789264413519,0.0,0.0,201.0,0.202212661339889,39.0,0.142335766423358,84.0,0.212121212121212,0.0,0.0,105.0,0.208747514910537,0.268717948717949,9.24840491803279,57.24186,0.10992132859669,412.735326,756330.2751328965,128.0,0.432432432432432,0.0,0.605790296450878,0.570026618460648,5.699286338756391,0.672544328982405,7.708449840545654,0.0,159.32074536881296,231.73428737093596,66.55170376165606,96.80039852203655,64.5349854658483,93.86705311227786,86.71888671973363,126.13385261962335,96.80247819877245,140.8005796684168,139.1535624107354,202.40083327334912,0.0,0.0,137.1368441149276,199.4674878635905,70.58514035327157,102.6670893415539,163.3541819604285,237.60097819045333,40.33436591615519,58.66690819517366,102.85263308619572,149.60061589769285,0.0,0.0,78.0,95.0,41.0,94.0,0.0,86.0,89.0,83.0,0.0,68.0,96.0,79.0,33.0,32.0,43.0,48.0,69.0,0.0,68.0,35.0,81.0,20.0,51.0,0.0,87.0,97.0,62.0,68.0,59.0,67.0,71.0,79.0,71.0,83.0,84.0,93.0,0.0,0.0,82.0,92.0,62.0,70.0,87.0,96.0,45.0,43.0,72.0,84.0,0.0,0.0,8.0,11.0,5.0,10.0,1.0,9.0,9.0,9.0,1.0,7.0,11.0,8.0,4.0,4.0,5.0,5.0,7.0,1.0,7.0,4.0,9.0,3.0,6.0,1.0,9.0,11.0,7.0,7.0,6.0,7.0,8.0,8.0,8.0,9.0,9.0,10.0,1.0,1.0,9.0,10.0,7.0,8.0,9.0,11.0,5.0,5.0,8.0,9.0,1.0,1.0,78 %ile,95 %ile,41 %ile,94 %ile,0 %ile,86 %ile,89 %ile,83 %ile,0 %ile,68 %ile,96 %ile,79 %ile,33 %ile,32 %ile,43 %ile,48 %ile,69 %ile,0 %ile,68 %ile,35 %ile,81 %ile,20 %ile,51 %ile,0 %ile,87 %ile,97 %ile,62 %ile,68 %ile,59 %ile,67 %ile,71 %ile,79 %ile,71 %ile,83 %ile,84 %ile,93 %ile,0 %ile,0 %ile,82 %ile,92 %ile,62 %ile,70 %ile,87 %ile,96 %ile,45 %ile,43 %ile,72 %ile,84 %ile,0 %ile,0 %ile,475366.0,0.0,0.0,0.0,4.0,6.0,1.977541490782432,3.12147738198441,0.027659380079202,4.46221195e-05
280470038001,Mississippi,MS,Harrison County,4,427.0,427.0,374.0,211.0,285.0,403.0,606.0,1.0251273721009,2.191572981875528,109.0,0.255269320843091,113.0,0.26463700234192,6.0,0.024096385542169,204.0,0.337258200168209,0.0,0.0,0.0,0.0,15.0,0.035128805620609,98.0,0.229508196721311,0.241025641025641,9.19269207650273,57.89154,0.110406918574684,56.88615767,603920.8541868085,69.0,0.242105263157895,0.122456721875696,0.222834753842574,0.987062818375003,5.539124617623545,0.327390540184168,7.611999988555908,0.0,79.95993502387017,170.94269258629117,37.929712767733285,81.08820032939452,32.80407590722879,70.13033542001689,18.4522926978162,39.44831367375951,44.08047700033869,94.23763822064768,54.33175072134769,116.15336803940296,64.58302444235669,138.06909785815824,47.15585911664138,100.81235716627428,46.13073174454049,98.62078418439876,83.03531714017288,177.51741153191776,18.4522926978162,39.44831367375951,51.25636860504499,109.5786490937764,0.0,0.0,43.0,81.0,43.0,50.0,39.0,99.0,0.0,0.0,38.0,74.0,87.0,78.0,37.0,32.0,18.0,43.0,53.0,63.0,46.0,45.0,81.0,18.0,50.0,0.0,66.0,91.0,44.0,59.0,40.0,53.0,23.0,29.0,47.0,67.0,54.0,72.0,70.0,84.0,52.0,67.0,49.0,68.0,69.0,89.0,24.0,29.0,51.0,72.0,0.0,0.0,5.0,9.0,5.0,6.0,4.0,11.0,1.0,1.0,4.0,8.0,9.0,8.0,4.0,4.0,2.0,5.0,6.0,7.0,5.0,5.0,9.0,2.0,6.0,1.0,7.0,10.0,5.0,6.0,5.0,6.0,3.0,3.0,5.0,7.0,6.0,8.0,8.0,9.0,6.0,7.0,5.0,7.0,7.0,9.0,3.0,3.0,6.0,8.0,1.0,1.0,43 %ile,81 %ile,43 %ile,50 %ile,39 %ile,99 %ile,0 %ile,0 %ile,38 %ile,74 %ile,87 %ile,78 %ile,37 %ile,32 %ile,18 %ile,43 %ile,53 %ile,63 %ile,46 %ile,45 %ile,81 %ile,18 %ile,50 %ile,0 %ile,66 %ile,91 %ile,44 %ile,59 %ile,40 %ile,53 %ile,23 %ile,29 %ile,47 %ile,67 %ile,54 %ile,72 %ile,70 %ile,84 %ile,52 %ile,67 %ile,49 %ile,68 %ile,69 %ile,89 %ile,24 %ile,29 %ile,51 %ile,72 %ile,0 %ile,0 %ile,966562.0,2755031.0,0.0,0.0,0.0,3.0,1.012577775515761,1.586302124161554,0.081184348031975,0.000349180985
280470038002,Mississippi,MS,Harrison County,4,762.0,762.0,734.0,256.0,348.0,740.0,583.0,1.220056330225633,2.252929906728034,360.0,0.47244094488189,153.0,0.200787401574803,0.0,0.0,197.0,0.337258200168209,0.0,0.0,52.0,0.070844686648501,9.0,0.011811023622047,463.0,0.60761154855643,0.241025641025641,9.19269207650273,57.89154,0.162974672800994,64.24333187,830808.922293001,165.0,0.474137931034483,0.139927429091811,0.261422595521579,1.291637936728785,18.46140574679581,0.571313198776425,7.752950191497803,0.0,95.16439375759936,175.72853272478665,45.142084218348415,83.35840654893725,63.44292917173291,117.15235514985775,23.181070274287023,42.80566822783265,61.00281651128165,112.64649533640168,87.84405577624557,162.21095328441845,79.30366146466613,146.4404439373222,59.782760181056005,110.39356542967364,61.00281651128165,112.64649533640168,115.90535137143512,214.0283411391632,23.181070274287023,42.80566822783265,63.44292917173291,117.15235514985775,0.0,0.0,52.0,82.0,63.0,38.0,0.0,99.0,0.0,47.0,17.0,99.0,87.0,78.0,37.0,52.0,19.0,50.0,72.0,65.0,49.0,50.0,95.0,19.0,52.0,0.0,72.0,91.0,50.0,60.0,59.0,76.0,29.0,32.0,57.0,75.0,71.0,87.0,74.0,86.0,58.0,71.0,57.0,74.0,78.0,94.0,29.0,31.0,58.0,75.0,0.0,0.0,6.0,9.0,7.0,4.0,1.0,11.0,1.0,5.0,2.0,11.0,9.0,8.0,4.0,6.0,2.0,6.0,8.0,7.0,5.0,6.0,11.0,2.0,6.0,1.0,8.0,10.0,6.0,7.0,6.0,8.0,3.0,4.0,6.0,8.0,8.0,9.0,8.0,9.0,6.0,8.0,6.0,8.0,8.0,10.0,3.0,4.0,6.0,8.0,1.0,1.0,52 %ile,82 %ile,63 %ile,38 %ile,0 %ile,99 %ile,0 %ile,47 %ile,17 %ile,99 %ile,87 %ile,78 %ile,37 %ile,52 %ile,19 %ile,50 %ile,72 %ile,65 %ile,49 %ile,50 %ile,95 %ile,19 %ile,52 %ile,0 %ile,72 %ile,91 %ile,50 %ile,60 %ile,59 %ile,76 %ile,29 %ile,32 %ile,57 %ile,75 %ile,71 %ile,87 %ile,74 %ile,86 %ile,58 %ile,71 %ile,57 %ile,74 %ile,78 %ile,94 %ile,29 %ile,31 %ile,58 %ile,75 %ile,0 %ile,0 %ile,1338227.0,0.0,0.0,0.0,0.0,4.0,1.214250500651174,1.658251213335526,0.06831693814974,0.000125573239
280470039011,Mississippi,MS,Harrison County,4,1064.0,1064.0,677.0,458.0,476.0,861.0,1064.0,2.08395917892924,2.4378793153786,504.0,0.473684210526316,605.0,0.568609022556391,9.0,0.017241379310345,314.0,0.295112781954887,0.0,0.0,30.0,0.044313146233383,36.0,0.033834586466165,211.0,0.198308270676692,0.245128205128205,9.22629098360656,56.96548,0.117182281241714,501.4023569,945008.763221364,309.0,0.649159663865546,0.0,1.459758600051825,0.71741296736938,7.023789672028493,0.127364741162413,8.32644271850586,0.0,162.54881595648075,190.1545865995308,66.6866937257357,78.01213809211518,72.93857126252341,85.32577603825099,95.86212223074506,112.1424485074156,110.44983648324974,129.2076037150658,172.96861185112695,202.34398317642376,0.0,0.0,185.4723669247024,216.97125906869536,81.27440797824036,95.07729329976537,175.05257103005619,204.7818624918024,31.25938768393861,36.568189730679,120.86963237789594,141.3970002919588,0.0,0.0,79.0,87.0,63.0,87.0,32.0,98.0,0.0,33.0,37.0,64.0,89.0,78.0,32.0,35.0,46.0,53.0,83.0,0.0,89.0,39.0,84.0,15.0,58.0,0.0,88.0,93.0,62.0,57.0,63.0,62.0,75.0,74.0,75.0,80.0,90.0,93.0,0.0,0.0,90.0,94.0,66.0,67.0,89.0,93.0,37.0,27.0,77.0,82.0,0.0,0.0,8.0,9.0,7.0,9.0,4.0,11.0,1.0,4.0,4.0,7.0,9.0,8.0,4.0,4.0,5.0,6.0,9.0,1.0,9.0,4.0,9.0,2.0,6.0,1.0,9.0,10.0,7.0,6.0,7.0,7.0,8.0,8.0,8.0,9.0,10.0,10.0,1.0,1.0,10.0,10.0,7.0,7.0,9.0,10.0,4.0,3.0,8.0,9.0,1.0,1.0,79 %ile,87 %ile,63 %ile,87 %ile,32 %ile,98 %ile,0 %ile,33 %ile,37 %ile,64 %ile,89 %ile,78 %ile,32 %ile,35 %ile,46 %ile,53 %ile,83 %ile,0 %ile,89 %ile,39 %ile,84 %ile,15 %ile,58 %ile,0 %ile,88 %ile,93 %ile,62 %ile,57 %ile,63 %ile,62 %ile,75 %ile,74 %ile,75 %ile,80 %ile,90 %ile,93 %ile,0 %ile,0 %ile,90 %ile,94 %ile,66 %ile,67 %ile,89 %ile,93 %ile,37 %ile,27 %ile,77 %ile,82 %ile,0 %ile,0 %ile,1258180.0,730530.0,0.0,0.0,4.0,6.0,2.055997595680276,1.846985603297739,0.065455006283566,0.0001866938375
280470039021,Mississippi,MS,Harrison County,4,1030.0,1023.0,700.0,376.0,444.0,802.0,1255.0,1.485830810613409,1.686438534844112,459.0,0.445631067961165,340.0,0.332355816226784,54.0,0.104854368932039,147.0,0.117308543603364,0.0,0.0,47.0,0.067142857142857,87.0,0.084466019417476,181.0,0.175728155339806,0.245128205128205,9.24351338797814,57.00414,0.108067844061234,481.8061565,865305.2367089187,217.0,0.488738738738739,0.0,2.215666761929842,0.890856056366995,5.292654416827584,0.371214794326509,7.995466709136963,0.0,117.38063403845928,133.2286442526849,47.54658593962908,53.9660331150116,46.060755129015675,52.27959458016748,68.3482172882168,77.57617260282917,75.77737134128384,86.00836527704973,108.46564917477885,123.1100130436202,0.0,0.0,141.15392700827383,160.2116608101907,63.890724856376565,72.51685699829683,118.86646484907268,134.915082787529,26.74495459104136,30.355893627194025,80.23486377312406,91.06768088158208,0.0,0.0,63.0,58.0,61.0,61.0,83.0,43.0,0.0,45.0,79.0,56.0,89.0,79.0,32.0,31.0,46.0,51.0,73.0,0.0,95.0,43.0,80.0,18.0,54.0,0.0,78.0,81.0,51.0,40.0,49.0,40.0,63.0,56.0,63.0,62.0,77.0,75.0,0.0,0.0,83.0,86.0,59.0,54.0,79.0,79.0,33.0,22.0,65.0,64.0,0.0,0.0,7.0,6.0,7.0,7.0,9.0,5.0,1.0,5.0,8.0,6.0,9.0,8.0,4.0,4.0,5.0,6.0,8.0,1.0,11.0,5.0,9.0,2.0,6.0,1.0,8.0,9.0,6.0,5.0,5.0,5.0,7.0,6.0,7.0,7.0,8.0,8.0,1.0,1.0,9.0,9.0,6.0,6.0,8.0,8.0,4.0,3.0,7.0,7.0,1.0,1.0,63 %ile,58 %ile,61 %ile,61 %ile,83 %ile,43 %ile,0 %ile,45 %ile,79 %ile,56 %ile,89 %ile,79 %ile,32 %ile,31 %ile,46 %ile,51 %ile,73 %ile,0 %ile,95 %ile,43 %ile,80 %ile,18 %ile,54 %ile,0 %ile,78 %ile,81 %ile,51 %ile,40 %ile,49 %ile,40 %ile,63 %ile,56 %ile,63 %ile,62 %ile,77 %ile,75 %ile,0 %ile,0 %ile,83 %ile,86 %ile,59 %ile,54 %ile,79 %ile,79 %ile,33 %ile,22 %ile,65 %ile,64 %ile,0 %ile,0 %ile,1378075.0,2178724.0,0.0,0.0,1.0,2.0,1.471736646290104,1.162554690796685,0.092554400856864,0.000333922318
280470039022,Mississippi,MS,Harrison County,4,1229.0,1229.0,871.0,732.0,955.0,931.0,1004.0,1.623552344764263,1.865901902166376,305.0,0.248169243287225,645.0,0.524816924328723,6.0,0.008823529411765,118.0,0.117308543603364,7.0,0.009562841530055,49.0,0.056257175660161,225.0,0.183075671277461,125.0,0.101708706265256,0.245128205128205,9.24351338797814,57.00414,0.105537580277483,473.0052879,839355.8761411926,239.0,0.250261780104712,0.0,1.507993632495529,1.301451399063364,12.427112039944369,0.374629813746532,8.91759967803955,0.0,128.26063523637677,147.4062502711437,51.95367503245642,59.70886086932403,48.70657034292789,55.97705706499128,73.05985551439184,83.96558559748689,81.17761723821313,93.2950951083188,87.67182661727021,100.7587027169843,0.0,0.0,144.4961586840194,166.06526929280744,81.17761723821313,93.2950951083188,149.3668157183122,171.66297499930658,29.22394220575673,33.58623423899476,103.90735006491283,119.41772173864804,0.0,0.0,67.0,68.0,43.0,83.0,25.0,43.0,58.0,40.0,98.0,25.0,89.0,79.0,32.0,30.0,45.0,50.0,54.0,0.0,89.0,50.0,92.0,18.0,64.0,0.0,81.0,85.0,54.0,44.0,51.0,43.0,65.0,59.0,65.0,66.0,71.0,65.0,0.0,0.0,83.0,87.0,66.0,66.0,85.0,88.0,35.0,24.0,73.0,76.0,0.0,0.0,7.0,7.0,5.0,9.0,3.0,5.0,6.0,5.0,11.0,3.0,9.0,8.0,4.0,4.0,5.0,6.0,6.0,1.0,9.0,6.0,10.0,2.0,7.0,1.0,9.0,9.0,6.0,5.0,6.0,5.0,7.0,6.0,7.0,7.0,8.0,7.0,1.0,1.0,9.0,9.0,7.0,7.0,9.0,9.0,4.0,3.0,8.0,8.0,1.0,1.0,67 %ile,68 %ile,43 %ile,83 %ile,25 %ile,43 %ile,58 %ile,40 %ile,98 %ile,25 %ile,89 %ile,79 %ile,32 %ile,30 %ile,45 %ile,50 %ile,54 %ile,0 %ile,89 %ile,50 %ile,92 %ile,18 %ile,64 %ile,0 %ile,81 %ile,85 %ile,54 %ile,44 %ile,51 %ile,43 %ile,65 %ile,59 %ile,65 %ile,66 %ile,71 %ile,65 %ile,0 %ile,0 %ile,83 %ile,87 %ile,66 %ile,66 %ile,85 %ile,88 %ile,35 %ile,24 %ile,73 %ile,76 %ile,0 %ile,0 %ile,597588.0,0.0,0.0,0.0,3.0,3.0,1.595224430481983,1.384199777310414,0.037582977629862,5.60960905e-05
280470040001,Mississippi,MS,Harrison County,4,1071.0,1071.0,733.0,427.0,482.0,793.0,1063.0,3.170997733217616,3.123963377348422,894.0,0.834733893557423,844.0,0.788048552754435,56.0,0.131455399061033,221.0,0.208275220827522,24.0,0.056206088992974,292.0,0.398362892223738,98.0,0.091503267973856,177.0,0.165266106442577,,9.216955191256828,56.96913,0.117442084561352,529.5000118,730478.8659847225,88.0,0.182572614107884,0.0,0.838708606302225,0.611773427023895,4.784257054735933,0.029254468946179,7.76972484588623,0.0,247.33782319097404,243.66914343317688,101.4719274629637,99.96682807514948,110.98492066261656,109.33871820719476,149.03689346122795,146.8262787353758,149.03689346122795,146.8262787353758,145.86589572801032,143.7023153580274,0.0,0.0,240.9958277245388,237.42121667848005,114.15591839583416,112.46268158454316,247.33782319097404,243.66914343317688,38.05197279861138,37.487560528181056,164.89188212731602,162.44609562211792,0.0,0.0,96.0,97.0,85.0,97.0,89.0,87.0,77.0,96.0,83.0,52.0,,78.0,32.0,35.0,47.0,47.0,46.0,0.0,76.0,36.0,78.0,12.0,52.0,0.0,97.0,98.0,76.0,70.0,75.0,73.0,87.0,85.0,84.0,85.0,86.0,82.0,0.0,0.0,95.0,96.0,76.0,74.0,96.0,97.0,43.0,27.0,86.0,87.0,0.0,0.0,11.0,11.0,9.0,11.0,9.0,9.0,8.0,11.0,9.0,6.0,,8.0,4.0,4.0,5.0,5.0,5.0,1.0,8.0,4.0,8.0,2.0,6.0,1.0,11.0,11.0,8.0,8.0,8.0,8.0,9.0,9.0,9.0,9.0,9.0,9.0,1.0,1.0,11.0,11.0,8.0,8.0,11.0,11.0,5.0,3.0,9.0,9.0,1.0,1.0,96 %ile,97 %ile,85 %ile,97 %ile,89 %ile,87 %ile,77 %ile,96 %ile,83 %ile,52 %ile,,78 %ile,32 %ile,35 %ile,47 %ile,47 %ile,46 %ile,0 %ile,76 %ile,36 %ile,78 %ile,12 %ile,52 %ile,0 %ile,97 %ile,98 %ile,76 %ile,70 %ile,75 %ile,73 %ile,87 %ile,85 %ile,84 %ile,85 %ile,86 %ile,82 %ile,0 %ile,0 %ile,95 %ile,96 %ile,76 %ile,74 %ile,96 %ile,97 %ile,43 %ile,27 %ile,86 %ile,87 %ile,0 %ile,0 %ile,915961.0,1663695.0,0.0,0.0,7.0,7.0,3.134621118198484,3.047011487386282,0.067824342547529,0.0002421759925
280470040002,Mississippi,MS,Harrison County,4,343.0,343.0,269.0,117.0,144.0,291.0,444.0,1.667987381448983,2.109841016902415,207.0,0.603498542274053,104.0,0.303206997084548,27.0,0.138461538461538,92.0,0.208275220827522,7.0,0.05982905982906,50.0,0.185873605947955,21.0,0.061224489795918,61.0,0.177842565597668,,9.216955191256828,56.96913,0.116257823840088,535.3876529,660944.1814810693,57.0,0.395833333333333,0.0,0.55211761347585,0.533296099945068,3.321092036428567,0.003822337381378,7.935174942016602,0.0,130.10301575302068,164.56759931838835,53.375596206367454,67.51491254087728,56.71157096926543,71.7345945746821,78.3954069281022,99.1625277944135,75.05943216520424,94.94284576060866,110.08716717563289,139.24950711555937,0.0,0.0,110.08716717563289,139.24950711555937,56.71157096926543,71.7345945746821,120.09509146432679,151.90855321697387,16.67987381448983,21.09841016902415,88.40333121679609,111.82157389582798,0.0,0.0,68.0,78.0,72.0,56.0,90.0,87.0,78.0,79.0,63.0,57.0,,78.0,32.0,34.0,47.0,45.0,66.0,0.0,66.0,34.0,72.0,10.0,53.0,0.0,81.0,89.0,55.0,49.0,55.0,54.0,68.0,68.0,63.0,67.0,78.0,81.0,0.0,0.0,76.0,81.0,55.0,53.0,79.0,84.0,22.0,15.0,68.0,73.0,0.0,0.0,7.0,8.0,8.0,6.0,10.0,9.0,8.0,8.0,7.0,6.0,,8.0,4.0,4.0,5.0,5.0,7.0,1.0,7.0,4.0,8.0,2.0,6.0,1.0,9.0,9.0,6.0,5.0,6.0,6.0,7.0,7.0,7.0,7.0,8.0,9.0,1.0,1.0,8.0,9.0,6.0,6.0,8.0,9.0,3.0,2.0,7.0,8.0,1.0,1.0,68 %ile,78 %ile,72 %ile,56 %ile,90 %ile,87 %ile,78 %ile,79 %ile,63 %ile,57 %ile,,78 %ile,32 %ile,34 %ile,47 %ile,45 %ile,66 %ile,0 %ile,66 %ile,34 %ile,72 %ile,10 %ile,53 %ile,0 %ile,81 %ile,89 %ile,55 %ile,49 %ile,55 %ile,54 %ile,68 %ile,68 %ile,63 %ile,67 %ile,78 %ile,81 %ile,0 %ile,0 %ile,76 %ile,81 %ile,55 %ile,53 %ile,79 %ile,84 %ile,22 %ile,15 %ile,68 %ile,73 %ile,0 %ile,0 %ile,709896.0,8538.0,0.0,0.0,1.0,4.0,1.657754690681214,2.036394687834661,0.033270989792894,6.7440987e-05
280470040003,Mississippi,MS,Harrison County,4,513.0,513.0,232.0,141.0,205.0,276.0,411.0,3.669501006452521,3.897368723776073,513.0,1.0,456.0,0.888888888888889,50.0,0.279329608938547,86.0,0.208275220827522,47.0,0.333333333333333,94.0,0.405172413793103,101.0,0.196881091617934,23.0,0.044834307992203,,9.216955191256828,56.96913,0.116438005632349,511.7976856,716423.2922392742,139.0,0.678048780487805,0.0,0.74459195334072,0.591555249096876,8.881923246216902,0.028537244739864,7.799139976501465,0.0,286.2210785032966,303.99476045453366,117.42403220648066,124.71579916083432,124.7630342193857,132.51053660838647,172.46654730326847,183.17633001747544,172.46654730326847,183.17633001747544,311.9075855484642,331.2763415209662,0.0,0.0,267.873573471034,284.5079168356533,132.10203623229074,140.30527405593864,322.9160885678218,342.96844769229443,44.03401207743025,46.76842468531288,190.81405233553107,202.66317363635576,0.0,0.0,99.0,99.0,98.0,99.0,98.0,87.0,97.0,96.0,98.0,7.0,,78.0,32.0,34.0,47.0,47.0,85.0,0.0,73.0,36.0,88.0,12.0,52.0,0.0,99.0,99.0,80.0,80.0,79.0,81.0,91.0,92.0,88.0,91.0,99.0,99.0,0.0,0.0,97.0,98.0,81.0,83.0,99.0,99.0,47.0,34.0,90.0,93.0,0.0,0.0,11.0,11.0,11.0,11.0,11.0,9.0,11.0,11.0,11.0,1.0,,8.0,4.0,4.0,5.0,5.0,9.0,1.0,8.0,4.0,9.0,2.0,6.0,1.0,11.0,11.0,9.0,9.0,8.0,9.0,10.0,10.0,9.0,10.0,11.0,11.0,1.0,1.0,11.0,11.0,9.0,9.0,11.0,11.0,5.0,4.0,10.0,10.0,1.0,1.0,99 %ile,99 %ile,98 %ile,99 %ile,98 %ile,87 %ile,97 %ile,96 %ile,98 %ile,7 %ile,,78 %ile,32 %ile,34 %ile,47 %ile,47 %ile,85 %ile,0 %ile,73 %ile,36 %ile,88 %ile,12 %ile,52 %ile,0 %ile,99 %ile,99 %ile,80 %ile,80 %ile,79 %ile,81 %ile,91 %ile,92 %ile,88 %ile,91 %ile,99 %ile,99 %ile,0 %ile,0 %ile,97 %ile,98 %ile,81 %ile,83 %ile,99 %ile,99 %ile,47 %ile,34 %ile,90 %ile,93 %ile,0 %ile,0 %ile,370528.0,0.0,0.0,0.0,9.0,10.0,3.629248728933096,5.564968631290819,0.025917558323471,3.47809975e-05
280470040004,Mississippi,MS,Harrison County,4,224.0,224.0,165.0,147.0,147.0,191.0,234.0,2.593389848247457,3.069187174710927,87.0,0.388392857142857,189.0,0.84375,3.0,0.042253521126761,49.0,0.208275220827522,7.0,0.047619047619048,58.0,0.351515151515152,0.0,0.0,77.0,0.34375,,9.216955191256828,56.96913,0.115999181720161,562.401148,715930.7291833586,29.0,0.197278911564626,0.0,0.421293971895355,0.483936856823088,8.50625651056717,0.000139759961372,7.708450317382812,0.0,202.2844081633017,239.39659962745233,82.98847514391862,98.21398959074966,88.17525484041353,104.35236394017151,124.48271271587797,147.3209843861245,121.88932286763048,144.25179721141356,124.48271271587797,147.3209843861245,0.0,0.0,153.0100010466,181.08204330794473,85.58186499216609,101.2831767654606,225.6249167975288,267.01928419985063,20.747118785979655,24.553497397687416,132.26288226062033,156.52854591025726,0.0,0.0,89.0,96.0,57.0,98.0,54.0,87.0,75.0,94.0,0.0,92.0,,78.0,32.0,34.0,48.0,47.0,48.0,0.0,59.0,33.0,87.0,8.0,51.0,0.0,93.0,97.0,69.0,69.0,69.0,71.0,83.0,85.0,78.0,84.0,81.0,83.0,0.0,0.0,85.0,90.0,68.0,70.0,95.0,98.0,27.0,18.0,80.0,86.0,0.0,0.0,9.0,11.0,6.0,11.0,6.0,9.0,8.0,10.0,1.0,10.0,,8.0,4.0,4.0,5.0,5.0,5.0,1.0,6.0,4.0,9.0,1.0,6.0,1.0,10.0,11.0,7.0,7.0,7.0,8.0,9.0,9.0,8.0,9.0,9.0,9.0,1.0,1.0,9.0,10.0,7.0,8.0,11.0,11.0,3.0,2.0,9.0,9.0,1.0,1.0,89 %ile,96 %ile,57 %ile,98 %ile,54 %ile,87 %ile,75 %ile,94 %ile,0 %ile,92 %ile,,78 %ile,32 %ile,34 %ile,48 %ile,47 %ile,48 %ile,0 %ile,59 %ile,33 %ile,87 %ile,8 %ile,51 %ile,0 %ile,93 %ile,97 %ile,69 %ile,69 %ile,69 %ile,71 %ile,83 %ile,85 %ile,78 %ile,84 %ile,81 %ile,83 %ile,0 %ile,0 %ile,85 %ile,90 %ile,68 %ile,70 %ile,95 %ile,98 %ile,27 %ile,18 %ile,80 %ile,86 %ile,0 %ile,0 %ile,1429078.0,2480129.0,0.0,0.0,6.0,7.0,2.547705800507138,2.928956604806907,0.080219449181493,0.000366964023501
280479800001,Mississippi,MS,Harrison County,4,39.0,0.0,38.0,0.0,0.0,39.0,0.0,1.301771433226722,0.723214918856556,32.0,0.82051282051282,0.0,0.0,0.0,,0.0,0.0,0.0,0.0,6.0,0.157894736842105,0.0,0.0,0.0,0.0,,9.30397978142076,57.63672,0.158044832061584,303.0350832,976151.552175187,0.0,0.0,0.258094837014487,0.718569932455979,1.948729001619129,2.244827236135399,1.129178780889975,6.766218662261963,,102.839943224911,57.133978589667954,45.562000162935256,25.31252215997948,65.08857166133608,36.16074594282782,49.46731446261543,27.482166916549144,70.29565739424297,39.053605618254046,0.0,0.0,96.3310860587774,53.517903995385176,93.72754319232396,52.071474157672064,75.50274312714986,41.94646529368026,84.6151431597369,47.00896972567617,28.638971530987877,15.91072821484424,53.372628762295584,29.65181167311881,,,56.0,4.0,84.0,0.0,,0.0,0.0,74.0,0.0,0.0,,79.0,35.0,50.0,38.0,54.0,0.0,74.0,72.0,58.0,65.0,22.0,41.0,,74.0,41.0,50.0,18.0,59.0,27.0,51.0,20.0,61.0,29.0,0.0,0.0,77.0,58.0,71.0,41.0,64.0,32.0,69.0,36.0,35.0,12.0,52.0,23.0,,,6.0,1.0,9.0,1.0,,1.0,1.0,8.0,1.0,1.0,,8.0,4.0,6.0,4.0,6.0,1.0,8.0,8.0,6.0,7.0,3.0,5.0,,8.0,5.0,6.0,2.0,6.0,3.0,6.0,3.0,7.0,3.0,1.0,1.0,8.0,6.0,8.0,5.0,7.0,4.0,7.0,4.0,4.0,2.0,6.0,3.0,,,56 %ile,4 %ile,84 %ile,0 %ile,,0 %ile,0 %ile,74 %ile,0 %ile,0 %ile,,79 %ile,35 %ile,50 %ile,38 %ile,54 %ile,0 %ile,74 %ile,72 %ile,58 %ile,65 %ile,22 %ile,41 %ile,,74 %ile,41 %ile,50 %ile,18 %ile,59 %ile,27 %ile,51 %ile,20 %ile,61 %ile,29 %ile,0 %ile,0 %ile,77 %ile,58 %ile,71 %ile,41 %ile,64 %ile,32 %ile,69 %ile,36 %ile,35 %ile,12 %ile,52 %ile,23 %ile,,,4519602.0,5801.0,0.0,1.0,0.0,0.0,1.312708901365096,0.362889884358979,0.106370935330935,0.000424824153
280479900000,Mississippi,MS,Harrison County,4,0.0,0.0,0.0,0.0,0.0,0.0,0.0,0.0,0.385545010846213,0.0,0.0,0.0,0.0,0.0,0.0,0.0,0.0,0.0,0.0,0.0,0.0,0.0,0.0,0.0,0.0,,8.89699016393443,58.48708,,,,0.0,0.0,,,,,,,,0.0,27.75924078092736,0.0,15.421800433848531,,,,,,,0.0,0.0,,,,,,,,,,,,,,,0.0,0.0,0.0,0.0,0.0,0.0,0.0,0.0,0.0,0.0,,72.0,40.0,,,,0.0,,,,,,,,0.0,21.0,0.0,10.0,,,,,,,0.0,0.0,,,,,,,,,,,,,,,1.0,1.0,1.0,1.0,1.0,1.0,1.0,1.0,1.0,1.0,,8.0,5.0,,,,1.0,,,,,,,,1.0,3.0,1.0,2.0,,,,,,,1.0,1.0,,,,,,,,,,,,,,,0 %ile,0 %ile,0 %ile,0 %ile,0 %ile,0 %ile,0 %ile,0 %ile,0 %ile,0 %ile,,72 %ile,40 %ile,,,,0 %ile,,,,,,,,0 %ile,21 %ile,0 %ile,10 %ile,,,,,,,0 %ile,0 %ile,,,,,,,,,,,,,,,0.0,892200504.0,0.0,0.0,0.0,0.0,0.0,0.0,1.969222603776726,0.0836359514975
280590401031,Mississippi,MS,Jackson County,4,1177.0,1177.0,959.0,558.0,558.0,1075.0,1028.0,0.859993047252001,1.612112331182915,124.0,0.1053525913339,348.0,0.295666949872557,19.0,0.033868092691622,194.0,0.18909541511772,0.0,0.0,25.0,0.02606882168926,0.0,0.0,178.0,0.151231945624469,0.205128205128205,9.14246530054645,54.10426,0.072894256272718,2454.916881,71505.66518541728,15.0,0.026881720430108,0.0,0.69308040969047,0.299934156208265,0.103509913420161,15.202411724368012,3.708699941635132,6.0,66.2194646384041,124.13264950108444,14.619881803284024,27.40590963010955,14.619881803284024,27.40590963010955,65.35947159115211,122.52053716990152,12.03990266152802,22.569572636560807,18.05985399229203,33.85435895484121,0.0,0.0,61.05950635489209,114.45997551398696,23.21981227580404,43.52703294193871,28.379770559316047,53.19970692903618,33.539728842828055,62.87238091613368,10.319916567024016,19.345347974194976,78.25936729993212,146.70222213764526,35.0,54.0,22.0,55.0,47.0,82.0,0.0,23.0,0.0,46.0,61.0,77.0,17.0,17.0,76.0,14.0,21.0,0.0,71.0,27.0,33.0,39.0,12.0,91.0,60.0,78.0,20.0,19.0,21.0,19.0,61.0,78.0,18.0,16.0,25.0,26.0,0.0,0.0,59.0,73.0,32.0,33.0,41.0,40.0,39.0,45.0,16.0,14.0,83.0,88.0,4.0,6.0,3.0,6.0,5.0,9.0,1.0,3.0,1.0,5.0,7.0,8.0,2.0,2.0,8.0,2.0,3.0,1.0,8.0,3.0,4.0,4.0,2.0,10.0,7.0,8.0,3.0,2.0,3.0,2.0,7.0,8.0,2.0,2.0,3.0,3.0,1.0,1.0,6.0,8.0,4.0,4.0,5.0,5.0,4.0,5.0,2.0,2.0,9.0,9.0,35 %ile,54 %ile,22 %ile,55 %ile,47 %ile,82 %ile,0 %ile,23 %ile,0 %ile,46 %ile,61 %ile,77 %ile,17 %ile,17 %ile,76 %ile,14 %ile,21 %ile,0 %ile,71 %ile,27 %ile,33 %ile,39 %ile,12 %ile,91 %ile,60 %ile,78 %ile,20 %ile,19 %ile,21 %ile,19 %ile,61 %ile,78 %ile,18 %ile,16 %ile,25 %ile,26 %ile,0 %ile,0 %ile,59 %ile,73 %ile,32 %ile,33 %ile,41 %ile,40 %ile,39 %ile,45 %ile,16 %ile,14 %ile,83 %ile,88 %ile,15979596.0,305441.0,0.0,0.0,1.0,1.0,0.843574566232541,1.038814758666546,0.254419939786553,0.001530854537499
280590401032,Mississippi,MS,Jackson County,4,219.0,219.0,191.0,96.0,96.0,219.0,600.0,0.695511265548723,1.702938477195943,0.0,0.0,65.0,0.296803652968037,0.0,0.0,113.0,0.18909541511772,0.0,0.0,15.0,0.078534031413613,0.0,0.0,137.0,0.625570776255708,0.205128205128205,9.14246530054645,54.10426,0.065452801689088,1952.147078,22323.3400038468,10.0,0.104166666666667,0.0,0.36957829470756,0.099686670475022,0.0,6.487023690844461,3.040539503097534,6.0,53.55436744725164,131.12626274408763,11.823691514328283,28.949954112331035,9.737157717682116,23.841138680743207,50.076811119508015,122.61157035810793,4.868578858841058,11.920569340371603,25.038405559754008,61.30578517905396,0.0,0.0,38.94863087072847,95.36455472297281,12.519202779877006,30.652892589526974,0.0,0.0,22.95187176310785,56.19696974746613,4.173067593292336,10.21763086317566,63.29152516493375,154.96740142483083,25.0,59.0,0.0,55.0,0.0,82.0,0.0,50.0,0.0,99.0,61.0,77.0,17.0,14.0,72.0,7.0,36.0,0.0,56.0,18.0,0.0,33.0,6.0,91.0,53.0,80.0,16.0,20.0,14.0,16.0,52.0,78.0,7.0,8.0,31.0,42.0,0.0,0.0,47.0,65.0,21.0,23.0,0.0,0.0,29.0,41.0,7.0,7.0,80.0,89.0,3.0,6.0,1.0,6.0,1.0,9.0,1.0,6.0,1.0,11.0,7.0,8.0,2.0,2.0,8.0,1.0,4.0,1.0,6.0,2.0,1.0,4.0,1.0,10.0,6.0,9.0,2.0,3.0,2.0,2.0,6.0,8.0,1.0,1.0,4.0,5.0,1.0,1.0,5.0,7.0,3.0,3.0,1.0,1.0,3.0,5.0,1.0,1.0,9.0,9.0,25 %ile,59 %ile,0 %ile,55 %ile,0 %ile,82 %ile,0 %ile,50 %ile,0 %ile,99 %ile,61 %ile,77 %ile,17 %ile,14 %ile,72 %ile,7 %ile,36 %ile,0 %ile,56 %ile,18 %ile,0 %ile,33 %ile,6 %ile,91 %ile,53 %ile,80 %ile,16 %ile,20 %ile,14 %ile,16 %ile,52 %ile,78 %ile,7 %ile,8 %ile,31 %ile,42 %ile,0 %ile,0 %ile,47 %ile,65 %ile,21 %ile,23 %ile,0 %ile,0 %ile,29 %ile,41 %ile,7 %ile,7 %ile,80 %ile,89 %ile,14180825.0,3738263.0,0.0,0.0,1.0,2.0,0.677619909763537,1.136317564611248,0.200328847876507,0.001684732233
280590401033,Mississippi,MS,Jackson County,4,1013.0,1013.0,567.0,399.0,399.0,857.0,676.0,1.709503207953082,2.532391843614293,0.0,0.0,739.0,0.729516288252715,284.0,0.743455497382199,128.0,0.18909541511772,0.0,0.0,185.0,0.326278659611993,117.0,0.115498519249753,53.0,0.052319842053307,0.205128205128205,9.14246530054645,54.10426,0.064944077642487,2198.861451,71648.23344537553,26.0,0.06516290726817,0.0,0.335123761756504,0.197106834735987,0.217838398795486,32.578054386595035,2.66732382774353,,131.63174701238728,194.9941719583005,29.061554535202387,43.050661341442975,23.933044911343146,35.4534858106001,126.50323738852804,187.39699642745765,23.933044911343146,35.4534858106001,49.57559303063937,73.43936346481449,0.0,0.0,92.3131732294664,136.7491595551718,39.31857378292088,58.245012403128726,63.25161869426402,93.69849821372881,78.63714756584176,116.49002480625747,6.838012831812327,10.129567374457173,,,70.0,89.0,0.0,95.0,99.0,82.0,0.0,93.0,91.0,9.0,61.0,77.0,17.0,14.0,74.0,14.0,29.0,0.0,54.0,23.0,37.0,46.0,4.0,,82.0,94.0,36.0,31.0,32.0,26.0,83.0,92.0,31.0,26.0,51.0,50.0,0.0,0.0,71.0,80.0,45.0,44.0,61.0,64.0,67.0,75.0,11.0,7.0,,,8.0,9.0,1.0,11.0,11.0,9.0,1.0,10.0,10.0,1.0,7.0,8.0,2.0,2.0,8.0,2.0,3.0,1.0,6.0,3.0,4.0,5.0,1.0,,9.0,10.0,4.0,4.0,4.0,3.0,9.0,10.0,4.0,3.0,6.0,6.0,1.0,1.0,8.0,9.0,5.0,5.0,7.0,7.0,7.0,8.0,2.0,1.0,,,70 %ile,89 %ile,0 %ile,95 %ile,99 %ile,82 %ile,0 %ile,93 %ile,91 %ile,9 %ile,61 %ile,77 %ile,17 %ile,14 %ile,74 %ile,14 %ile,29 %ile,0 %ile,54 %ile,23 %ile,37 %ile,46 %ile,4 %ile,,82 %ile,94 %ile,36 %ile,31 %ile,32 %ile,26 %ile,83 %ile,92 %ile,31 %ile,26 %ile,51 %ile,50 %ile,0 %ile,0 %ile,71 %ile,80 %ile,45 %ile,44 %ile,61 %ile,64 %ile,67 %ile,75 %ile,11 %ile,7 %ile,,,50924845.0,3978123.0,0.0,0.0,2.0,3.0,1.66552788846595,1.986994454778053,0.59735915671405,0.00516287774
280590401034,Mississippi,MS,Jackson County,4,1626.0,1626.0,1103.0,549.0,639.0,1342.0,1731.0,0.921471983694537,2.014762731032912,70.0,0.043050430504305,592.0,0.364083640836408,36.0,0.045859872611465,327.0,0.18909541511772,0.0,0.0,247.0,0.223934723481414,14.0,0.008610086100861,254.0,0.156211562115621,0.205128205128205,9.14246530054645,54.10426,0.056164730902225,1520.432878,33424.88783892285,125.0,0.195618153364632,0.0,0.189745987415052,0.0,0.562443355733556,17.984430037848202,2.710153818130493,6.0,70.95334274447934,155.1367302895342,15.665023722807128,34.2509664275595,9.214719836945369,20.14762731032912,61.738622907533966,134.9891029792051,8.293247853250833,18.132864579296204,44.23065521733777,96.70861108957976,0.0,0.0,38.70182331517055,84.62003470338227,0.0,0.0,41.46623926625416,90.66432289648102,37.780351331476005,82.60527197234937,3.685887934778147,8.059050924131647,83.85395051620284,183.34340852399492,38.0,74.0,10.0,65.0,57.0,82.0,0.0,85.0,15.0,48.0,61.0,77.0,17.0,10.0,67.0,9.0,48.0,0.0,42.0,0.0,45.0,41.0,4.0,91.0,62.0,87.0,21.0,25.0,13.0,13.0,59.0,82.0,13.0,12.0,47.0,63.0,0.0,0.0,47.0,60.0,0.0,0.0,50.0,62.0,43.0,58.0,6.0,5.0,84.0,93.0,4.0,8.0,2.0,7.0,6.0,9.0,1.0,9.0,2.0,5.0,7.0,8.0,2.0,2.0,7.0,1.0,5.0,1.0,5.0,1.0,5.0,5.0,1.0,10.0,7.0,9.0,3.0,3.0,2.0,2.0,6.0,9.0,2.0,2.0,5.0,7.0,1.0,1.0,5.0,7.0,1.0,1.0,6.0,7.0,5.0,6.0,1.0,1.0,9.0,10.0,38 %ile,74 %ile,10 %ile,65 %ile,57 %ile,82 %ile,0 %ile,85 %ile,15 %ile,48 %ile,61 %ile,77 %ile,17 %ile,10 %ile,67 %ile,9 %ile,48 %ile,0 %ile,42 %ile,0 %ile,45 %ile,41 %ile,4 %ile,91 %ile,62 %ile,87 %ile,21 %ile,25 %ile,13 %ile,13 %ile,59 %ile,82 %ile,13 %ile,12 %ile,47 %ile,63 %ile,0 %ile,0 %ile,47 %ile,60 %ile,0 %ile,0 %ile,50 %ile,62 %ile,43 %ile,58 %ile,6 %ile,5 %ile,84 %ile,93 %ile,62648149.0,699840.0,0.0,0.0,1.0,3.0,0.900098847011296,1.46509903739303,0.3213812064735,0.005959203448
280590401041,Mississippi,MS,Jackson County,4,1580.0,1580.0,1090.0,570.0,592.0,1251.0,1820.0,0.940965045465209,2.014074587424409,11.0,0.006962025316456,627.0,0.396835443037975,0.0,0.0,444.0,0.244068801897983,0.0,0.0,112.0,0.102752293577982,33.0,0.020886075949367,299.0,0.189240506329114,0.205128205128205,9.048747814207648,53.31119,0.054063446686822,1270.636867,17615.768183869226,13.0,0.021959459459459,0.0,0.0,0.0,0.41776419437762,22.442772157235787,2.942364454269409,,70.57237840989066,151.05559405683067,12.232545591047714,26.18296963651732,8.468685409186879,18.126671286819683,60.22176290977336,128.90077359516215,5.645790272791253,12.084447524546457,17.878335863838966,38.26741716106377,0.0,0.0,0.0,0.0,0.0,0.0,39.52053190953877,84.59113267182518,40.46149695500399,86.60520725924958,5.645790272791253,12.084447524546457,,,39.0,74.0,3.0,70.0,0.0,94.0,0.0,60.0,24.0,61.0,61.0,75.0,13.0,9.0,64.0,6.0,19.0,0.0,0.0,0.0,42.0,43.0,6.0,,62.0,86.0,16.0,18.0,12.0,12.0,58.0,80.0,9.0,8.0,25.0,28.0,0.0,0.0,0.0,0.0,0.0,0.0,48.0,59.0,45.0,61.0,9.0,8.0,,,4.0,8.0,1.0,8.0,1.0,10.0,1.0,7.0,3.0,7.0,7.0,8.0,2.0,1.0,7.0,1.0,2.0,1.0,1.0,1.0,5.0,5.0,1.0,,7.0,9.0,2.0,2.0,2.0,2.0,6.0,9.0,1.0,1.0,3.0,3.0,1.0,1.0,1.0,1.0,1.0,1.0,5.0,6.0,5.0,7.0,1.0,1.0,,,39 %ile,74 %ile,3 %ile,70 %ile,0 %ile,94 %ile,0 %ile,60 %ile,24 %ile,61 %ile,61 %ile,75 %ile,13 %ile,9 %ile,64 %ile,6 %ile,19 %ile,0 %ile,0 %ile,0 %ile,42 %ile,43 %ile,6 %ile,,62 %ile,86 %ile,16 %ile,18 %ile,12 %ile,12 %ile,58 %ile,80 %ile,9 %ile,8 %ile,25 %ile,28 %ile,0 %ile,0 %ile,0 %ile,0 %ile,0 %ile,0 %ile,48 %ile,59 %ile,45 %ile,61 %ile,9 %ile,8 %ile,,,38335611.0,48501.0,0.0,0.0,0.0,2.0,0.917136566800786,1.430081474842882,0.267649835610673,0.0036134722775
280590401042,Mississippi,MS,Jackson County,4,1792.0,1792.0,1201.0,829.0,882.0,1425.0,1552.0,1.065066143888005,1.957182409671937,14.0,0.0078125,805.0,0.44921875,20.0,0.032414910858995,379.0,0.244068801897983,0.0,0.0,49.0,0.040799333888426,77.0,0.04296875,439.0,0.244977678571429,0.205128205128205,9.048747814207648,53.31119,0.05248990490763,1330.903933,39477.46350071273,0.0,0.0,0.0,0.0,0.0,0.220315830347051,52.377252829279165,2.102936744689941,,79.87996079160038,146.78868072539527,13.845859870544066,25.443371325735175,9.585595294992046,17.61464168704743,68.16423320883233,125.25967421900395,10.650661438880052,19.571824096719368,0.0,0.0,0.0,0.0,0.0,0.0,0.0,0.0,39.40744732385618,72.41574915786165,53.25330719440026,97.85912048359683,2.13013228777601,3.914364819343874,,,45.0,72.0,3.0,76.0,46.0,94.0,0.0,31.0,46.0,78.0,61.0,75.0,13.0,9.0,64.0,10.0,0.0,0.0,0.0,0.0,37.0,50.0,2.0,,66.0,85.0,19.0,18.0,14.0,11.0,63.0,79.0,16.0,13.0,0.0,0.0,0.0,0.0,0.0,0.0,0.0,0.0,48.0,53.0,54.0,67.0,4.0,3.0,,,5.0,8.0,1.0,8.0,5.0,10.0,1.0,4.0,5.0,8.0,7.0,8.0,2.0,1.0,7.0,2.0,1.0,1.0,1.0,1.0,4.0,6.0,1.0,,7.0,9.0,2.0,2.0,2.0,2.0,7.0,8.0,2.0,2.0,1.0,1.0,1.0,1.0,1.0,1.0,1.0,1.0,5.0,6.0,6.0,7.0,1.0,1.0,,,45 %ile,72 %ile,3 %ile,76 %ile,46 %ile,94 %ile,0 %ile,31 %ile,46 %ile,78 %ile,61 %ile,75 %ile,13 %ile,9 %ile,64 %ile,10 %ile,0 %ile,0 %ile,0 %ile,0 %ile,37 %ile,50 %ile,2 %ile,,66 %ile,85 %ile,19 %ile,18 %ile,14 %ile,11 %ile,63 %ile,79 %ile,16 %ile,13 %ile,0 %ile,0 %ile,0 %ile,0 %ile,0 %ile,0 %ile,0 %ile,0 %ile,48 %ile,53 %ile,54 %ile,67 %ile,4 %ile,3 %ile,,,95674119.0,3373872.0,0.0,0.0,0.0,1.0,1.038091330766507,1.364009804194167,0.677080064000265,0.009324335487
280590401051,Mississippi,MS,Jackson County,4,551.0,551.0,400.0,161.0,211.0,515.0,899.0,0.287507767880293,1.548524865381859,26.0,0.047186932849365,50.0,0.090744101633394,28.0,0.084592145015106,174.0,0.193652849740933,0.0,0.0,0.0,0.0,11.0,0.019963702359347,78.0,0.141560798548094,0.236923076923077,9.25214781420765,54.53871,0.066420950938684,1409.049694,24210.83696238098,16.0,0.075829383886256,0.0,0.309793031075514,0.095526520825804,0.10540832203871,2.187462538326381,2.369063377380371,,22.713113662543137,122.33346436516683,5.750155357605857,30.97049730763717,4.0251087503241,21.67934811534602,18.975512680099328,102.20264111520267,2.300062143042343,12.388198923054867,8.91274080428908,48.00427082683762,0.0,0.0,14.950403929775227,80.52329299985665,4.887632053964978,26.324922711491595,9.487756340049664,51.101320557601326,7.475201964887614,40.261646499928325,0.862523303640879,4.645574596145575,,,5.0,50.0,11.0,16.0,77.0,83.0,0.0,0.0,23.0,42.0,85.0,79.0,20.0,14.0,66.0,8.0,31.0,0.0,52.0,17.0,33.0,26.0,3.0,,29.0,77.0,8.0,22.0,6.0,15.0,24.0,69.0,4.0,8.0,18.0,34.0,0.0,0.0,32.0,57.0,16.0,20.0,28.0,39.0,12.0,29.0,2.0,3.0,,,1.0,6.0,2.0,2.0,8.0,9.0,1.0,1.0,3.0,5.0,9.0,8.0,3.0,2.0,7.0,1.0,4.0,1.0,6.0,2.0,4.0,3.0,1.0,,3.0,8.0,1.0,3.0,1.0,2.0,3.0,7.0,1.0,1.0,2.0,4.0,1.0,1.0,4.0,6.0,2.0,3.0,3.0,4.0,2.0,3.0,1.0,1.0,,,5 %ile,50 %ile,11 %ile,16 %ile,77 %ile,83 %ile,0 %ile,0 %ile,23 %ile,42 %ile,85 %ile,79 %ile,20 %ile,14 %ile,66 %ile,8 %ile,31 %ile,0 %ile,52 %ile,17 %ile,33 %ile,26 %ile,3 %ile,,29 %ile,77 %ile,8 %ile,22 %ile,6 %ile,15 %ile,24 %ile,69 %ile,4 %ile,8 %ile,18 %ile,34 %ile,0 %ile,0 %ile,32 %ile,57 %ile,16 %ile,20 %ile,28 %ile,39 %ile,12 %ile,29 %ile,2 %ile,3 %ile,,,19018234.0,0.0,0.0,0.0,0.0,0.0,0.282666707446354,0.992408761846633,0.183800411733391,0.0017879560615
280590401052,Mississippi,MS,Jackson County,4,1889.0,1889.0,1174.0,673.0,834.0,1522.0,1752.0,0.594747623195301,1.906947919303793,299.0,0.158284806776072,277.0,0.146638433033351,63.0,0.062624254473161,339.0,0.193652849740933,0.0,0.0,210.0,0.178875638841567,34.0,0.017998941238751,185.0,0.09793541556379,0.236923076923077,9.25214781420765,54.53871,0.061735752823676,1167.912849,24620.6256607584,108.0,0.129496402877698,0.0,0.170818937314635,0.061833091785358,0.243456055174398,1.094042456989519,2.020642280578613,,46.98506223242876,150.64888562499968,11.894952463906014,38.138958386075856,7.136971478343609,22.88337503164552,36.87435263810865,118.23077099683516,4.757980985562406,15.255583354430346,23.789904927812028,76.27791677215171,0.0,0.0,24.384652551007328,78.18486469145553,8.92121434792951,28.604218789556896,22.60040968142143,72.46402093354416,13.084447710296615,41.95285422468345,0.594747623195301,1.906947919303793,,,20.0,69.0,31.0,27.0,67.0,83.0,0.0,78.0,22.0,24.0,85.0,79.0,20.0,12.0,62.0,8.0,40.0,0.0,41.0,15.0,38.0,22.0,1.0,,49.0,86.0,16.0,28.0,10.0,16.0,42.0,76.0,7.0,10.0,30.0,52.0,0.0,0.0,37.0,56.0,18.0,22.0,36.0,53.0,18.0,31.0,2.0,1.0,,,3.0,7.0,4.0,3.0,7.0,9.0,1.0,8.0,3.0,3.0,9.0,8.0,3.0,2.0,7.0,1.0,5.0,1.0,5.0,2.0,4.0,3.0,1.0,,5.0,9.0,2.0,3.0,2.0,2.0,5.0,8.0,1.0,2.0,4.0,6.0,1.0,1.0,4.0,6.0,2.0,3.0,4.0,6.0,2.0,4.0,1.0,1.0,,,20 %ile,69 %ile,31 %ile,27 %ile,67 %ile,83 %ile,0 %ile,78 %ile,22 %ile,24 %ile,85 %ile,79 %ile,20 %ile,12 %ile,62 %ile,8 %ile,40 %ile,0 %ile,41 %ile,15 %ile,38 %ile,22 %ile,1 %ile,,49 %ile,86 %ile,16 %ile,28 %ile,10 %ile,16 %ile,42 %ile,76 %ile,7 %ile,10 %ile,30 %ile,52 %ile,0 %ile,0 %ile,37 %ile,56 %ile,18 %ile,22 %ile,36 %ile,53 %ile,18 %ile,31 %ile,2 %ile,1 %ile,,,76426037.0,171829.0,0.0,0.0,0.0,1.0,0.588018185541477,1.37234103546738,0.440038002752351,0.007203918533
280590401053,Mississippi,MS,Jackson County,4,857.0,857.0,766.0,379.0,458.0,789.0,975.0,0.652424236427012,2.071477738538947,26.0,0.030338389731622,221.0,0.257876312718786,24.0,0.068181818181818,189.0,0.193652849740933,0.0,0.0,164.0,0.214099216710183,22.0,0.025670945157526,217.0,0.253208868144691,0.236923076923077,9.25214781420765,54.53871,0.080574174234616,2181.172803,84285.23858332673,57.0,0.124454148471616,0.073478296634876,0.679905530715546,0.347789528777731,0.0,5.925912139943359,2.029223442077637,5.999999999999999,51.54151467773392,163.6467413445768,13.048484728540233,41.42955477077894,13.048484728540233,41.42955477077894,48.27939349559887,153.28935265188207,10.438787782832186,33.143643816623154,25.444545220653453,80.78763180301894,36.535757239912655,116.00275335818104,46.32212078631783,147.07491943626525,18.920302856383337,60.072854417629465,0.0,0.0,20.87757556566437,66.28728763324631,1.304848472854023,4.142955477077894,59.370605514858056,188.50447420704415,23.0,76.0,7.0,48.0,70.0,83.0,0.0,84.0,29.0,80.0,85.0,79.0,20.0,20.0,74.0,16.0,39.0,56.0,71.0,29.0,0.0,32.0,2.0,91.0,52.0,89.0,18.0,30.0,19.0,31.0,51.0,86.0,16.0,24.0,31.0,54.0,62.0,78.0,51.0,83.0,28.0,45.0,0.0,0.0,27.0,48.0,3.0,3.0,80.0,94.0,3.0,8.0,1.0,5.0,8.0,9.0,1.0,9.0,3.0,9.0,9.0,8.0,3.0,3.0,8.0,2.0,4.0,6.0,8.0,3.0,1.0,4.0,1.0,10.0,6.0,9.0,2.0,4.0,2.0,4.0,6.0,9.0,2.0,3.0,4.0,6.0,7.0,8.0,6.0,9.0,3.0,5.0,1.0,1.0,3.0,5.0,1.0,1.0,9.0,10.0,23 %ile,76 %ile,7 %ile,48 %ile,70 %ile,83 %ile,0 %ile,84 %ile,29 %ile,80 %ile,85 %ile,79 %ile,20 %ile,20 %ile,74 %ile,16 %ile,39 %ile,56 %ile,71 %ile,29 %ile,0 %ile,32 %ile,2 %ile,91 %ile,52 %ile,89 %ile,18 %ile,30 %ile,19 %ile,31 %ile,51 %ile,86 %ile,16 %ile,24 %ile,31 %ile,54 %ile,62 %ile,78 %ile,51 %ile,83 %ile,28 %ile,45 %ile,0 %ile,0 %ile,27 %ile,48 %ile,3 %ile,3 %ile,80 %ile,94 %ile,38342528.0,327535.0,0.0,0.0,1.0,4.0,0.637283836781721,1.538689593736475,0.344592581623229,0.003633629827
280590401054,Mississippi,MS,Jackson County,4,1335.0,1335.0,899.0,592.0,642.0,946.0,1005.0,1.455677063296521,2.111894279421974,61.0,0.045692883895131,788.0,0.590262172284644,91.0,0.210648148148148,195.0,0.193652849740933,0.0,0.0,50.0,0.055617352614016,140.0,0.104868913857678,222.0,0.166292134831461,0.236923076923077,9.25214781420765,54.53871,0.086585154808669,1839.022883,131429.29897911547,12.0,0.018691588785047,0.070374297700818,0.186536741418081,0.241322272362956,0.471996488744957,1.636730295063276,1.86917781829834,,114.99848800042513,166.83964807433597,29.113541265930408,42.23788558843949,33.480572455819974,48.57356842670541,103.35307149405295,149.94449383896017,29.113541265930408,42.23788558843949,26.20218713933737,38.01409702959553,81.51791554460515,118.26607964763056,61.138436658453855,88.69955973572293,36.39192658241301,52.79735698554936,62.59411372175038,90.81145401514489,34.936249519116494,50.685462706127375,1.455677063296521,2.111894279421974,,,62.0,78.0,10.0,88.0,96.0,83.0,0.0,40.0,88.0,52.0,85.0,79.0,20.0,23.0,71.0,20.0,18.0,56.0,42.0,25.0,43.0,24.0,1.0,,78.0,90.0,36.0,31.0,40.0,37.0,77.0,85.0,36.0,32.0,32.0,28.0,74.0,79.0,59.0,62.0,42.0,40.0,61.0,62.0,40.0,37.0,3.0,1.0,,,7.0,8.0,2.0,9.0,11.0,9.0,1.0,5.0,9.0,6.0,9.0,8.0,3.0,3.0,8.0,3.0,2.0,6.0,5.0,3.0,5.0,3.0,1.0,,8.0,10.0,4.0,4.0,5.0,4.0,8.0,9.0,4.0,4.0,4.0,3.0,8.0,8.0,6.0,7.0,5.0,5.0,7.0,7.0,5.0,4.0,1.0,1.0,,,62 %ile,78 %ile,10 %ile,88 %ile,96 %ile,83 %ile,0 %ile,40 %ile,88 %ile,52 %ile,85 %ile,79 %ile,20 %ile,23 %ile,71 %ile,20 %ile,18 %ile,56 %ile,42 %ile,25 %ile,43 %ile,24 %ile,1 %ile,,78 %ile,90 %ile,36 %ile,31 %ile,40 %ile,37 %ile,77 %ile,85 %ile,36 %ile,32 %ile,32 %ile,28 %ile,74 %ile,79 %ile,59 %ile,62 %ile,42 %ile,40 %ile,61 %ile,62 %ile,40 %ile,37 %ile,3 %ile,1 %ile,,,29317007.0,317272.0,0.0,0.0,0.0,2.0,1.420705084676391,1.550840627713442,0.313442988772007,0.002784530859
280590401061,Mississippi,MS,Jackson County,4,1183.0,1183.0,820.0,413.0,413.0,904.0,1151.0,0.395790639423012,1.762809730994599,78.0,0.065934065934066,147.0,0.124260355029586,54.0,0.109756097560976,227.0,0.197334479793637,0.0,0.0,82.0,0.1,58.0,0.049027895181741,168.0,0.142011834319527,0.236923076923077,9.24515382513661,53.38907,0.052464499281379,955.3453482,8952.772163495081,87.0,0.210653753026634,0.0,0.0,0.0,0.0,0.0004959841118,2.46012806892395,,31.26746051441798,139.2619687485733,5.541068951922174,24.67933623392439,3.562115754807111,15.865287578951392,22.95585708653472,102.24296439768673,1.58316255769205,7.051238923978397,19.393741331727608,86.37767681873534,0.0,0.0,0.0,0.0,0.0,0.0,0.0,0.0,3.166325115384099,14.102477847956791,1.187371918269037,5.288429192983798,,,9.0,62.0,15.0,23.0,85.0,84.0,0.0,59.0,52.0,42.0,85.0,79.0,14.0,9.0,58.0,4.0,49.0,0.0,0.0,0.0,0.0,8.0,3.0,,37.0,83.0,8.0,17.0,5.0,10.0,28.0,69.0,3.0,4.0,26.0,58.0,0.0,0.0,0.0,0.0,0.0,0.0,0.0,0.0,8.0,11.0,2.0,3.0,,,1.0,7.0,2.0,3.0,9.0,9.0,1.0,6.0,6.0,5.0,9.0,8.0,2.0,1.0,6.0,1.0,5.0,1.0,1.0,1.0,1.0,1.0,1.0,,4.0,9.0,1.0,2.0,1.0,2.0,3.0,7.0,1.0,1.0,3.0,6.0,1.0,1.0,1.0,1.0,1.0,1.0,1.0,1.0,1.0,2.0,1.0,1.0,,,9 %ile,62 %ile,15 %ile,23 %ile,85 %ile,84 %ile,0 %ile,59 %ile,52 %ile,42 %ile,85 %ile,79 %ile,14 %ile,9 %ile,58 %ile,4 %ile,49 %ile,0 %ile,0 %ile,0 %ile,0 %ile,8 %ile,3 %ile,,37 %ile,83 %ile,8 %ile,17 %ile,5 %ile,10 %ile,28 %ile,69 %ile,3 %ile,4 %ile,26 %ile,58 %ile,0 %ile,0 %ile,0 %ile,0 %ile,0 %ile,0 %ile,0 %ile,0 %ile,8 %ile,11 %ile,2 %ile,3 %ile,,,36155009.0,4478.0,0.0,0.0,0.0,1.0,0.389179115688391,1.217454448486855,0.249184299616269,0.0034046937595
280590401062,Mississippi,MS,Jackson County,4,1143.0,1143.0,785.0,453.0,525.0,1039.0,1175.0,0.830778818161033,1.908014826617871,86.0,0.075240594925634,347.0,0.303587051618548,41.0,0.067213114754098,232.0,0.197334479793637,0.0,0.0,68.0,0.086624203821656,0.0,0.0,166.0,0.145231846019248,0.236923076923077,9.24515382513661,53.38907,0.056548676485558,874.7216656,7814.63978092471,22.0,0.041904761904762,0.0,0.0,0.0,0.213289313817184,4.3621472693e-05,1.863991022109985,,65.6315266347216,150.7331713028118,11.63090345425446,26.712207572650197,8.307788181610329,19.08014826617871,47.354392635178876,108.75684511721865,3.323115272644131,7.632059306471484,20.76947045402582,47.700370665446776,0.0,0.0,0.0,0.0,0.0,0.0,30.73881627195821,70.59654858486122,6.646230545288263,15.264118612942967,0.830778818161033,1.908014826617871,,,33.0,69.0,16.0,56.0,70.0,84.0,0.0,54.0,0.0,44.0,85.0,79.0,14.0,10.0,57.0,4.0,25.0,0.0,0.0,0.0,37.0,8.0,1.0,,60.0,86.0,16.0,19.0,12.0,13.0,50.0,72.0,5.0,5.0,27.0,34.0,0.0,0.0,0.0,0.0,0.0,0.0,42.0,52.0,11.0,11.0,2.0,1.0,,,4.0,7.0,2.0,6.0,8.0,9.0,1.0,6.0,1.0,5.0,9.0,8.0,2.0,2.0,6.0,1.0,3.0,1.0,1.0,1.0,4.0,1.0,1.0,,7.0,9.0,2.0,2.0,2.0,2.0,6.0,8.0,1.0,1.0,3.0,4.0,1.0,1.0,1.0,1.0,1.0,1.0,5.0,6.0,2.0,2.0,1.0,1.0,,,33 %ile,69 %ile,16 %ile,56 %ile,70 %ile,84 %ile,0 %ile,54 %ile,0 %ile,44 %ile,85 %ile,79 %ile,14 %ile,10 %ile,57 %ile,4 %ile,25 %ile,0 %ile,0 %ile,0 %ile,37 %ile,8 %ile,1 %ile,,60 %ile,86 %ile,16 %ile,19 %ile,12 %ile,13 %ile,50 %ile,72 %ile,5 %ile,5 %ile,27 %ile,34 %ile,0 %ile,0 %ile,0 %ile,0 %ile,0 %ile,0 %ile,42 %ile,52 %ile,11 %ile,11 %ile,2 %ile,1 %ile,,,60515691.0,0.0,0.0,0.0,0.0,1.0,0.813481518470177,1.356626435701581,0.386166301174362,0.005696478884
280590402031,Mississippi,MS,Jackson County,4,2018.0,2018.0,1490.0,684.0,770.0,1706.0,2380.0,0.660330724894054,1.56237504679446,63.0,0.031219028741328,526.0,0.260654112983152,48.0,0.048533872598584,362.0,0.152281570569508,0.0,0.0,100.0,0.067114093959732,96.0,0.047571853320119,300.0,0.148662041625372,0.211282051282051,9.18892486338798,55.57304,0.071434984779896,1497.864153,105907.2242636692,0.0,0.0,0.0,0.238735904291785,0.211490108490194,0.668898138719251,6.397458809354436,2.531517267227173,,51.50579654173621,121.86525364996784,16.50826812235135,39.05937616986149,10.565291598304864,24.998000748711355,44.24215856790162,104.6791281352288,11.885953048092972,28.122750842300277,0.0,0.0,0.0,0.0,31.035544070020535,73.4316271993396,15.18760667256324,35.934626076272565,31.035544070020535,73.4316271993396,21.79091392150378,51.55837654421717,2.641322899576216,6.249500187177839,,,23.0,51.0,7.0,49.0,59.0,65.0,0.0,45.0,51.0,45.0,67.0,78.0,25.0,16.0,67.0,18.0,0.0,0.0,47.0,23.0,47.0,33.0,4.0,,52.0,77.0,22.0,28.0,15.0,17.0,48.0,70.0,18.0,20.0,0.0,0.0,0.0,0.0,42.0,53.0,24.0,27.0,43.0,53.0,28.0,38.0,5.0,4.0,,,3.0,6.0,1.0,5.0,6.0,7.0,1.0,5.0,6.0,5.0,7.0,8.0,3.0,2.0,7.0,2.0,1.0,1.0,5.0,3.0,5.0,4.0,1.0,,6.0,8.0,3.0,3.0,2.0,2.0,5.0,8.0,2.0,3.0,1.0,1.0,1.0,1.0,5.0,6.0,3.0,3.0,5.0,6.0,3.0,4.0,1.0,1.0,,,23 %ile,51 %ile,7 %ile,49 %ile,59 %ile,65 %ile,0 %ile,45 %ile,51 %ile,45 %ile,67 %ile,78 %ile,25 %ile,16 %ile,67 %ile,18 %ile,0 %ile,0 %ile,47 %ile,23 %ile,47 %ile,33 %ile,4 %ile,,52 %ile,77 %ile,22 %ile,28 %ile,15 %ile,17 %ile,48 %ile,70 %ile,18 %ile,20 %ile,0 %ile,0 %ile,0 %ile,0 %ile,42 %ile,53 %ile,24 %ile,27 %ile,43 %ile,53 %ile,28 %ile,38 %ile,5 %ile,4 %ile,,,65519322.0,31179.0,0.0,0.0,0.0,0.0,0.645034618105831,1.010560797710388,0.377999572173445,0.0061588750275
280590402032,Mississippi,MS,Jackson County,4,1397.0,1397.0,848.0,476.0,476.0,997.0,1233.0,1.266858969788638,2.170842297359419,281.0,0.201145311381532,565.0,0.404438081603436,88.0,0.116556291390728,188.0,0.152281570569508,58.0,0.121848739495798,180.0,0.212264150943396,38.0,0.027201145311382,106.0,0.075876879026485,0.211282051282051,9.18892486338798,55.57304,0.052530553360301,1377.688374,43525.2690982114,11.0,0.023109243697479,0.0,0.227734874478415,0.0,0.156235332163737,0.113388164166848,0.788896322250366,,98.81499964351374,169.3256991940347,31.671474244715945,54.27105743398548,11.40173072809774,19.53758067623477,82.34583303626145,141.10474932836226,13.935448667675017,23.879265270953606,25.337179395772758,43.41684594718839,0.0,0.0,58.275512610277325,99.85874567853328,0.0,0.0,44.34006394260232,75.97948040757966,19.002884546829566,32.56263446039129,0.0,0.0,,,54.0,80.0,37.0,71.0,86.0,65.0,87.0,83.0,30.0,16.0,67.0,78.0,25.0,9.0,65.0,11.0,20.0,0.0,46.0,0.0,35.0,15.0,0.0,,73.0,90.0,39.0,40.0,17.0,13.0,69.0,83.0,20.0,17.0,31.0,31.0,0.0,0.0,57.0,67.0,0.0,0.0,51.0,55.0,25.0,24.0,0.0,0.0,,,6.0,9.0,4.0,8.0,9.0,7.0,9.0,9.0,4.0,2.0,7.0,8.0,3.0,1.0,7.0,2.0,3.0,1.0,5.0,1.0,4.0,2.0,1.0,,8.0,10.0,4.0,5.0,2.0,2.0,7.0,9.0,3.0,2.0,4.0,4.0,1.0,1.0,6.0,7.0,1.0,1.0,6.0,6.0,3.0,3.0,1.0,1.0,,,54 %ile,80 %ile,37 %ile,71 %ile,86 %ile,65 %ile,87 %ile,83 %ile,30 %ile,16 %ile,67 %ile,78 %ile,25 %ile,9 %ile,65 %ile,11 %ile,20 %ile,0 %ile,46 %ile,0 %ile,35 %ile,15 %ile,0 %ile,,73 %ile,90 %ile,39 %ile,40 %ile,17 %ile,13 %ile,69 %ile,83 %ile,20 %ile,17 %ile,31 %ile,31 %ile,0 %ile,0 %ile,57 %ile,67 %ile,0 %ile,0 %ile,51 %ile,55 %ile,25 %ile,24 %ile,0 %ile,0 %ile,,,11920426.0,21433.0,0.0,0.0,0.0,2.0,1.245160674095872,2.248437913187725,0.142476508141292,0.0011224341315
280590402033,Mississippi,MS,Jackson County,4,2239.0,2167.0,1539.0,800.0,839.0,1673.0,2041.0,0.600198836835552,1.536994641385313,348.0,0.155426529700759,327.0,0.15089986155976,80.0,0.066334991708126,311.0,0.152281570569508,0.0,0.0,173.0,0.112410656270305,41.0,0.018311746315319,285.0,0.127288968289415,0.211282051282051,9.18892486338798,55.57304,0.085888142557498,937.497384,256879.69038116687,13.0,0.01549463647199,0.0,0.450910081667406,0.359949202224239,0.341628485697234,0.000471980102393,1.809161067008972,,46.81550927317304,119.8855820280544,15.004970920888796,38.424866034632814,13.20437441038214,33.81388211047688,34.81153253646201,89.14568920034814,16.805567431395453,43.03584995878876,10.203380226204382,26.12890890355032,0.0,0.0,36.612129046968654,93.75667312450408,17.405766268231005,44.57284460017407,24.608152310257623,63.01678029679783,4.801590694684415,12.295957131082504,0.600198836835552,1.536994641385313,,,20.0,50.0,30.0,28.0,69.0,65.0,0.0,63.0,22.0,36.0,67.0,78.0,25.0,22.0,58.0,28.0,17.0,0.0,61.0,29.0,41.0,8.0,1.0,,49.0,76.0,20.0,28.0,19.0,25.0,40.0,62.0,24.0,33.0,18.0,21.0,0.0,0.0,45.0,64.0,26.0,34.0,38.0,47.0,9.0,9.0,2.0,1.0,,,3.0,6.0,4.0,3.0,7.0,7.0,1.0,7.0,3.0,4.0,7.0,8.0,3.0,3.0,6.0,3.0,2.0,1.0,7.0,3.0,5.0,1.0,1.0,,5.0,8.0,3.0,3.0,2.0,3.0,5.0,7.0,3.0,4.0,2.0,3.0,1.0,1.0,5.0,7.0,3.0,4.0,4.0,5.0,1.0,1.0,1.0,1.0,,,20 %ile,50 %ile,30 %ile,28 %ile,69 %ile,65 %ile,0 %ile,63 %ile,22 %ile,36 %ile,67 %ile,78 %ile,25 %ile,22 %ile,58 %ile,28 %ile,17 %ile,0 %ile,61 %ile,29 %ile,41 %ile,8 %ile,1 %ile,,49 %ile,76 %ile,20 %ile,28 %ile,19 %ile,25 %ile,40 %ile,62 %ile,24 %ile,33 %ile,18 %ile,21 %ile,0 %ile,0 %ile,45 %ile,64 %ile,26 %ile,34 %ile,38 %ile,47 %ile,9 %ile,9 %ile,2 %ile,1 %ile,,,39403990.0,0.0,0.0,0.0,0.0,0.0,0.593174418870951,0.99361484118276,0.318851764987454,0.0037023187
280590402051,Mississippi,MS,Jackson County,4,1095.0,1095.0,891.0,329.0,329.0,891.0,1059.0,0.880402299223857,1.628728945708555,231.0,0.210958904109589,255.0,0.232876712328767,0.0,0.0,154.0,0.145698785843451,0.0,0.0,39.0,0.043771043771044,67.0,0.061187214611872,116.0,0.105936073059361,0.242051282051282,9.13992896174863,54.79776,0.051333175955922,2255.62659,14808.339895813107,50.0,0.151975683890578,0.0,0.094172369150977,0.0,0.0,21.775182840002927,1.895861387252808,,67.79097704023698,125.41212881955872,18.488448283701,34.20330785987966,7.043218393790855,13.02983156566844,65.14977014256542,120.52594198243305,4.402011496119284,8.143644728542775,37.85729886662585,70.03534466546786,0.0,0.0,27.292471275939565,50.49059731696521,0.0,0.0,0.0,0.0,36.976896567402,68.40661571975932,0.880402299223857,1.628728945708555,,,36.0,55.0,38.0,44.0,0.0,61.0,0.0,33.0,63.0,27.0,88.0,77.0,21.0,8.0,74.0,5.0,43.0,0.0,31.0,0.0,0.0,42.0,1.0,,61.0,78.0,24.0,25.0,10.0,8.0,61.0,77.0,7.0,5.0,42.0,48.0,0.0,0.0,39.0,40.0,0.0,0.0,0.0,0.0,42.0,49.0,2.0,1.0,,,4.0,6.0,4.0,5.0,1.0,7.0,1.0,4.0,7.0,3.0,9.0,8.0,3.0,1.0,8.0,1.0,5.0,1.0,4.0,1.0,1.0,5.0,1.0,,7.0,8.0,3.0,3.0,2.0,1.0,7.0,8.0,1.0,1.0,5.0,5.0,1.0,1.0,4.0,5.0,1.0,1.0,1.0,1.0,5.0,5.0,1.0,1.0,,,36 %ile,55 %ile,38 %ile,44 %ile,0 %ile,61 %ile,0 %ile,33 %ile,63 %ile,27 %ile,88 %ile,77 %ile,21 %ile,8 %ile,74 %ile,5 %ile,43 %ile,0 %ile,31 %ile,0 %ile,0 %ile,42 %ile,1 %ile,,61 %ile,78 %ile,24 %ile,25 %ile,10 %ile,8 %ile,61 %ile,77 %ile,7 %ile,5 %ile,42 %ile,48 %ile,0 %ile,0 %ile,39 %ile,40 %ile,0 %ile,0 %ile,0 %ile,0 %ile,42 %ile,49 %ile,2 %ile,1 %ile,,,20075680.0,48487.0,0.0,0.0,0.0,0.0,0.869176556704298,1.093281314233814,0.192562704309077,0.0018919837665
280590402052,Mississippi,MS,Jackson County,4,1436.0,1436.0,997.0,506.0,719.0,1059.0,1323.0,1.042632003574716,1.853104337238183,25.0,0.017409470752089,622.0,0.433147632311978,21.0,0.036842105263158,193.0,0.145698785843451,0.0,0.0,65.0,0.065195586760281,74.0,0.051532033426184,253.0,0.176183844011142,0.242051282051282,9.13992896174863,54.79776,0.05563608595837,2916.982317,48231.388246605486,37.0,0.051460361613352,0.0,0.19291016177584,0.123950872212229,0.112776972210072,17.943208298540725,1.852728247642517,,80.28266427525315,142.68903396734007,21.89527207506904,38.91519108200183,10.426320035747164,18.531043372381827,81.32529627882788,144.54213830457823,12.511584042896596,22.237252046858192,28.151064096517345,50.03381710543093,0.0,0.0,44.8331761537128,79.68348650124184,19.810008067919608,35.20898240752547,35.449488121540355,63.00554746609821,42.747912146563365,75.97727782676547,1.042632003574716,1.853104337238183,,,44.0,67.0,5.0,74.0,50.0,61.0,0.0,44.0,54.0,56.0,88.0,77.0,21.0,10.0,78.0,12.0,27.0,0.0,43.0,19.0,34.0,41.0,1.0,,66.0,84.0,28.0,28.0,15.0,12.0,69.0,84.0,19.0,15.0,34.0,35.0,0.0,0.0,50.0,57.0,28.0,26.0,46.0,47.0,46.0,54.0,2.0,1.0,,,5.0,7.0,1.0,8.0,6.0,7.0,1.0,5.0,6.0,6.0,9.0,8.0,3.0,2.0,8.0,2.0,3.0,1.0,5.0,2.0,4.0,5.0,1.0,,7.0,9.0,3.0,3.0,2.0,2.0,7.0,9.0,2.0,2.0,4.0,4.0,1.0,1.0,6.0,6.0,3.0,3.0,5.0,5.0,5.0,6.0,1.0,1.0,,,44 %ile,67 %ile,5 %ile,74 %ile,50 %ile,61 %ile,0 %ile,44 %ile,54 %ile,56 %ile,88 %ile,77 %ile,21 %ile,10 %ile,78 %ile,12 %ile,27 %ile,0 %ile,43 %ile,19 %ile,34 %ile,41 %ile,1 %ile,,66 %ile,84 %ile,28 %ile,28 %ile,15 %ile,12 %ile,69 %ile,84 %ile,19 %ile,15 %ile,34 %ile,35 %ile,0 %ile,0 %ile,50 %ile,57 %ile,28 %ile,26 %ile,46 %ile,47 %ile,46 %ile,54 %ile,2 %ile,1 %ile,,,23344146.0,1398547.0,0.0,0.0,0.0,2.0,1.016753887134881,1.315565418917941,0.234603999582244,0.002325002532
280590402053,Mississippi,MS,Jackson County,4,1340.0,1340.0,893.0,555.0,617.0,901.0,1489.0,0.448389965200922,1.709105331070426,39.0,0.02910447761194,230.0,0.171641791044776,114.0,0.193877551020408,217.0,0.145698785843451,0.0,0.0,111.0,0.124300111982083,111.0,0.082835820895522,173.0,0.12910447761194,0.242051282051282,9.13992896174863,54.79776,0.057868443790073,2851.120544,55321.94417491832,54.0,0.087520259319287,0.0,0.251740576925452,0.262433273458007,0.0,35.44169101994239,1.400543332099915,,34.52602732047099,131.60111049242275,9.41618926921936,35.89121195247894,4.932289617210141,18.800158641774683,34.974417285671905,133.31021582349322,5.380679582411062,20.509263972845112,14.796868851630425,56.400475925324045,0.0,0.0,21.52271832964425,82.03705589138045,11.209749130023049,42.72763327676065,0.0,0.0,21.07432836444333,80.32795056031001,0.0,0.0,,,12.0,60.0,7.0,32.0,95.0,61.0,0.0,66.0,78.0,37.0,88.0,77.0,21.0,11.0,78.0,12.0,33.0,0.0,48.0,25.0,0.0,47.0,0.0,,40.0,81.0,13.0,26.0,7.0,12.0,40.0,81.0,8.0,14.0,22.0,39.0,0.0,0.0,36.0,58.0,20.0,32.0,0.0,0.0,27.0,57.0,0.0,0.0,,,2.0,7.0,1.0,4.0,11.0,7.0,1.0,7.0,8.0,4.0,9.0,8.0,3.0,2.0,8.0,2.0,4.0,1.0,5.0,3.0,1.0,5.0,1.0,,5.0,9.0,2.0,3.0,1.0,2.0,5.0,9.0,1.0,2.0,3.0,4.0,1.0,1.0,4.0,6.0,3.0,4.0,1.0,1.0,3.0,6.0,1.0,1.0,,,12 %ile,60 %ile,7 %ile,32 %ile,95 %ile,61 %ile,0 %ile,66 %ile,78 %ile,37 %ile,88 %ile,77 %ile,21 %ile,11 %ile,78 %ile,12 %ile,33 %ile,0 %ile,48 %ile,25 %ile,0 %ile,47 %ile,0 %ile,,40 %ile,81 %ile,13 %ile,26 %ile,7 %ile,12 %ile,40 %ile,81 %ile,8 %ile,14 %ile,22 %ile,39 %ile,0 %ile,0 %ile,36 %ile,58 %ile,20 %ile,32 %ile,0 %ile,0 %ile,27 %ile,57 %ile,0 %ile,0 %ile,,,66555513.0,4222935.0,0.0,0.0,0.0,2.0,0.438431343601721,1.185424300682214,0.61364220835456,0.006653589184
280590402061,Mississippi,MS,Jackson County,4,1283.0,1283.0,819.0,431.0,431.0,926.0,1466.0,1.118136017724441,2.134742483862461,179.0,0.139516757599376,491.0,0.38269680436477,0.0,0.0,325.0,0.221971407072987,0.0,0.0,94.0,0.114774114774115,175.0,0.136399064692128,192.0,0.149649259547935,0.242051282051282,8.98563661202186,53.80762,0.042513664169667,1249.132205,7544.259013665558,0.0,0.0,0.0,0.0,0.0,0.0,143.97136324320937,1.57641327381134,,82.74206531160863,157.97094380582215,17.890176283591053,34.15587974179938,5.590680088622204,10.673712419312306,70.44256911663977,134.48877648333507,3.354408053173322,6.404227451587384,0.0,0.0,0.0,0.0,0.0,0.0,0.0,0.0,0.0,0.0,65.970025045742,125.9498065478852,0.0,0.0,,,48.0,79.0,28.0,68.0,0.0,90.0,0.0,63.0,94.0,45.0,88.0,74.0,16.0,5.0,63.0,3.0,0.0,0.0,0.0,0.0,0.0,59.0,0.0,,67.0,88.0,24.0,25.0,8.0,6.0,64.0,81.0,5.0,4.0,0.0,0.0,0.0,0.0,0.0,0.0,0.0,0.0,0.0,0.0,61.0,78.0,0.0,0.0,,,5.0,8.0,3.0,7.0,1.0,10.0,1.0,7.0,10.0,5.0,9.0,8.0,2.0,1.0,7.0,1.0,1.0,1.0,1.0,1.0,1.0,6.0,1.0,,7.0,9.0,3.0,3.0,1.0,1.0,7.0,9.0,1.0,1.0,1.0,1.0,1.0,1.0,1.0,1.0,1.0,1.0,1.0,1.0,7.0,8.0,1.0,1.0,,,48 %ile,79 %ile,28 %ile,68 %ile,0 %ile,90 %ile,0 %ile,63 %ile,94 %ile,45 %ile,88 %ile,74 %ile,16 %ile,5 %ile,63 %ile,3 %ile,0 %ile,0 %ile,0 %ile,0 %ile,0 %ile,59 %ile,0 %ile,,67 %ile,88 %ile,24 %ile,25 %ile,8 %ile,6 %ile,64 %ile,81 %ile,5 %ile,4 %ile,0 %ile,0 %ile,0 %ile,0 %ile,0 %ile,0 %ile,0 %ile,0 %ile,0 %ile,0 %ile,61 %ile,78 %ile,0 %ile,0 %ile,,,223495284.0,1032981.0,0.0,0.0,0.0,2.0,1.096926777493687,1.57970508280315,0.774743239501665,0.021136224276001
280590402062,Mississippi,MS,Jackson County,4,1368.0,1368.0,921.0,496.0,535.0,1143.0,2128.0,0.60741598250978,1.814333419479246,122.0,0.089181286549708,272.0,0.198830409356725,11.0,0.016369047619048,472.0,0.221971407072987,0.0,0.0,26.0,0.028230184581976,0.0,0.0,253.0,0.184941520467836,0.242051282051282,8.98563661202186,53.80762,0.04990454480852,1918.060099,23447.460935239593,34.0,0.063551401869159,0.0,0.080963131229573,0.070371442264583,0.219433759733333,20.765807606053585,2.996390581130981,,44.94878270572374,134.2606730414642,9.718655720156484,29.029334711667936,4.859327860078242,14.514667355833968,43.733950740704174,130.63200620250572,4.251911877568462,12.700333936354722,17.615063492783626,52.61566916489814,0.0,0.0,17.615063492783626,52.61566916489814,9.718655720156484,29.029334711667936,22.47439135286187,67.1303365207321,25.51147126541077,76.20200361812833,3.644495895058681,10.886000516875477,,,20.0,65.0,19.0,37.0,31.0,90.0,0.0,24.0,0.0,60.0,88.0,74.0,16.0,8.0,72.0,7.0,29.0,0.0,29.0,16.0,37.0,42.0,6.0,,48.0,81.0,13.0,21.0,7.0,9.0,47.0,80.0,7.0,8.0,24.0,37.0,0.0,0.0,33.0,41.0,19.0,22.0,36.0,49.0,31.0,54.0,6.0,7.0,,,3.0,7.0,2.0,4.0,4.0,10.0,1.0,3.0,1.0,7.0,9.0,8.0,2.0,1.0,8.0,1.0,3.0,1.0,3.0,2.0,4.0,5.0,1.0,,5.0,9.0,2.0,3.0,1.0,1.0,5.0,9.0,1.0,1.0,3.0,4.0,1.0,1.0,4.0,5.0,2.0,3.0,4.0,5.0,4.0,6.0,1.0,1.0,,,20 %ile,65 %ile,19 %ile,37 %ile,31 %ile,90 %ile,0 %ile,24 %ile,0 %ile,60 %ile,88 %ile,74 %ile,16 %ile,8 %ile,72 %ile,7 %ile,29 %ile,0 %ile,29 %ile,16 %ile,37 %ile,42 %ile,6 %ile,,48 %ile,81 %ile,13 %ile,21 %ile,7 %ile,9 %ile,47 %ile,80 %ile,7 %ile,8 %ile,24 %ile,37 %ile,0 %ile,0 %ile,33 %ile,41 %ile,19 %ile,22 %ile,36 %ile,49 %ile,31 %ile,54 %ile,6 %ile,7 %ile,,,36770169.0,454436.0,0.0,0.0,0.0,2.0,0.596619254329243,1.252670724341814,0.363900930196852,0.0035002123305
280590402063,Mississippi,MS,Jackson County,4,2665.0,2665.0,1719.0,885.0,998.0,2312.0,1722.0,0.541700684184862,1.925326726889803,102.0,0.03827392120075,547.0,0.205253283302064,16.0,0.013190436933223,382.0,0.221971407072987,0.0,0.0,154.0,0.089586969168121,99.0,0.037148217636023,368.0,0.138086303939962,0.242051282051282,8.98563661202186,53.80762,0.044773710803012,1108.258198,15255.99994780362,51.0,0.051102204408818,0.0,0.101122680316351,0.0,0.012511562404713,70.8485246335213,1.570402979850769,,40.0858506296798,142.47417778984544,8.667210946957795,30.80522763023685,3.250204105109173,11.551960361338818,33.04374173527659,117.444930340278,3.250204105109173,11.551960361338818,14.62591847299128,51.983821626024685,0.0,0.0,17.33442189391559,61.6104552604737,0.0,0.0,15.16761915717614,53.909148352914485,28.168435577612836,100.11698979826976,0.0,0.0,,,17.0,70.0,9.0,39.0,28.0,90.0,0.0,55.0,40.0,41.0,88.0,74.0,16.0,6.0,61.0,6.0,27.0,0.0,32.0,0.0,28.0,52.0,0.0,,44.0,84.0,12.0,22.0,5.0,7.0,38.0,76.0,5.0,7.0,22.0,37.0,0.0,0.0,33.0,46.0,0.0,0.0,31.0,41.0,34.0,68.0,0.0,0.0,,,2.0,8.0,1.0,4.0,3.0,10.0,1.0,6.0,5.0,5.0,9.0,8.0,2.0,1.0,7.0,1.0,3.0,1.0,4.0,1.0,3.0,6.0,1.0,,5.0,9.0,2.0,3.0,1.0,1.0,4.0,8.0,1.0,1.0,3.0,4.0,1.0,1.0,4.0,5.0,1.0,1.0,4.0,5.0,4.0,7.0,1.0,1.0,,,17 %ile,70 %ile,9 %ile,39 %ile,28 %ile,90 %ile,0 %ile,55 %ile,40 %ile,41 %ile,88 %ile,74 %ile,16 %ile,6 %ile,61 %ile,6 %ile,27 %ile,0 %ile,32 %ile,0 %ile,28 %ile,52 %ile,0 %ile,,44 %ile,84 %ile,12 %ile,22 %ile,5 %ile,7 %ile,38 %ile,76 %ile,5 %ile,7 %ile,22 %ile,37 %ile,0 %ile,0 %ile,33 %ile,46 %ile,0 %ile,0 %ile,31 %ile,41 %ile,34 %ile,68 %ile,0 %ile,0 %ile,,,209416105.0,96286.0,0.0,0.0,0.0,1.0,0.529838187298975,1.371349407533267,0.636679291837766,0.019708443036
280590402071,Mississippi,MS,Jackson County,4,1642.0,1642.0,988.0,604.0,666.0,1423.0,1482.0,1.819731455798063,2.279779012913119,492.0,0.299634591961023,942.0,0.573690621193666,93.0,0.117721518987342,314.0,0.211821527138914,0.0,0.0,83.0,0.084008097165992,110.0,0.066991473812424,284.0,0.172959805115713,0.252307692307692,9.244569672131147,56.0304,0.110198661393471,691.762856,636795.4795967084,76.0,0.114114114114114,0.0,0.363284602719622,0.572002749538694,1.409678910346313,0.003657708773166,4.531357288360596,0.0,143.758785008047,180.10254202013635,50.952480762345765,63.83381236156732,58.231406585538025,72.9529284132198,94.62603570149928,118.54850867148215,80.06818405511478,100.3102765681772,67.33006386452834,84.35182347778537,0.0,0.0,101.90496152469154,127.66762472313464,63.690600952932215,79.79226545195915,103.7246929804896,129.94740373604776,18.197314557980636,22.797790129131187,34.5748976601632,43.315801245349256,0.0,0.0,73.0,83.0,48.0,87.0,86.0,88.0,0.0,52.0,68.0,55.0,91.0,79.0,28.0,32.0,52.0,44.0,37.0,0.0,56.0,35.0,57.0,10.0,19.0,0.0,84.0,92.0,54.0,47.0,56.0,55.0,74.0,76.0,65.0,69.0,62.0,56.0,0.0,0.0,74.0,77.0,59.0,58.0,75.0,78.0,24.0,16.0,41.0,33.0,0.0,0.0,8.0,9.0,5.0,9.0,9.0,9.0,1.0,6.0,7.0,6.0,10.0,8.0,3.0,4.0,6.0,5.0,4.0,1.0,6.0,4.0,6.0,2.0,2.0,1.0,9.0,10.0,6.0,5.0,6.0,6.0,8.0,8.0,7.0,7.0,7.0,6.0,1.0,1.0,8.0,8.0,6.0,6.0,8.0,8.0,3.0,2.0,5.0,4.0,1.0,1.0,73 %ile,83 %ile,48 %ile,87 %ile,86 %ile,88 %ile,0 %ile,52 %ile,68 %ile,55 %ile,91 %ile,79 %ile,28 %ile,32 %ile,52 %ile,44 %ile,37 %ile,0 %ile,56 %ile,35 %ile,57 %ile,10 %ile,19 %ile,0 %ile,84 %ile,92 %ile,54 %ile,47 %ile,56 %ile,55 %ile,74 %ile,76 %ile,65 %ile,69 %ile,62 %ile,56 %ile,0 %ile,0 %ile,74 %ile,77 %ile,59 %ile,58 %ile,75 %ile,78 %ile,24 %ile,16 %ile,41 %ile,33 %ile,0 %ile,0 %ile,6557470.0,0.0,0.0,0.0,1.0,1.0,1.789143464987968,1.725044449853139,0.134722067869095,0.0006159346145
280590402072,Mississippi,MS,Jackson County,4,1139.0,1139.0,714.0,314.0,314.0,823.0,1389.0,1.531551235102802,2.496137984180736,73.0,0.064091308165057,695.0,0.610184372256365,96.0,0.30188679245283,294.0,0.211821527138914,0.0,0.0,136.0,0.19047619047619,128.0,0.112379280070237,306.0,0.26865671641791,0.252307692307692,9.244569672131147,56.0304,0.095551457861236,675.0445373,384379.96515093534,74.0,0.235668789808917,0.0,0.270993205473721,0.407882834784644,0.65215001100466,0.000418838965065,3.206952095031738,,120.99254757312134,197.19490075027812,42.88343458287845,69.89186355706062,39.82033211267285,64.89958758869913,79.6406642253457,129.79917517739827,53.60429322859807,87.36482944632574,79.6406642253457,129.79917517739827,0.0,0.0,76.5775617551401,124.8068992090368,47.47808828818685,77.38027750960282,71.98290804983168,117.3184852564946,12.252409880822414,19.96910387344589,12.252409880822414,19.96910387344589,,,64.0,89.0,14.0,89.0,98.0,88.0,0.0,80.0,90.0,83.0,91.0,79.0,28.0,26.0,52.0,35.0,52.0,0.0,50.0,31.0,47.0,8.0,8.0,,79.0,94.0,48.0,51.0,45.0,49.0,68.0,80.0,53.0,63.0,68.0,78.0,0.0,0.0,65.0,76.0,50.0,57.0,65.0,73.0,17.0,14.0,19.0,15.0,,,7.0,9.0,2.0,9.0,11.0,9.0,1.0,9.0,10.0,9.0,10.0,8.0,3.0,3.0,6.0,4.0,6.0,1.0,6.0,4.0,5.0,1.0,1.0,,8.0,10.0,5.0,6.0,5.0,5.0,7.0,9.0,6.0,7.0,7.0,8.0,1.0,1.0,7.0,8.0,6.0,6.0,7.0,8.0,2.0,2.0,2.0,2.0,,,64 %ile,89 %ile,14 %ile,89 %ile,98 %ile,88 %ile,0 %ile,80 %ile,90 %ile,83 %ile,91 %ile,79 %ile,28 %ile,26 %ile,52 %ile,35 %ile,52 %ile,0 %ile,50 %ile,31 %ile,47 %ile,8 %ile,8 %ile,,79 %ile,94 %ile,48 %ile,51 %ile,45 %ile,49 %ile,68 %ile,80 %ile,53 %ile,63 %ile,68 %ile,78 %ile,0 %ile,0 %ile,65 %ile,76 %ile,50 %ile,57 %ile,65 %ile,73 %ile,17 %ile,14 %ile,19 %ile,15 %ile,,,8861871.0,2232.0,0.0,0.0,0.0,2.0,1.495623595866821,1.954128104403926,0.153914934207945,0.000832749148
280590402073,Mississippi,MS,Jackson County,4,1591.0,1591.0,1206.0,558.0,624.0,1414.0,1477.0,1.716615041506773,2.329301257953496,497.0,0.312382149591452,829.0,0.521055939660591,30.0,0.029880478087649,313.0,0.211821527138914,0.0,0.0,171.0,0.141791044776119,147.0,0.092394720301697,190.0,0.119421747328724,0.252307692307692,9.244569672131147,56.0304,0.10313392326712,714.6194505,334042.7481823517,84.0,0.134615384615385,0.0,0.298385339398237,0.355144348837921,1.078486362087282,0.00016635012071,3.270046949386597,,135.61258827903504,184.0147993783262,48.06522116218964,65.2204352226979,49.78183620369641,67.54973648065139,90.98059719985895,123.4529666715353,54.931681328216726,74.53764025451187,68.66460166027089,93.17205031813984,0.0,0.0,89.26398215835219,121.1236654135818,49.78183620369641,67.54973648065139,90.98059719985895,123.4529666715353,13.732920332054182,18.634410063627968,13.732920332054182,18.634410063627968,,,70.0,85.0,50.0,83.0,44.0,88.0,0.0,71.0,83.0,33.0,91.0,79.0,28.0,29.0,53.0,32.0,40.0,0.0,52.0,29.0,53.0,8.0,8.0,,83.0,93.0,52.0,48.0,51.0,51.0,73.0,78.0,53.0,56.0,63.0,61.0,0.0,0.0,70.0,75.0,51.0,51.0,71.0,76.0,19.0,14.0,21.0,13.0,,,8.0,9.0,6.0,9.0,5.0,9.0,1.0,8.0,9.0,4.0,10.0,8.0,3.0,3.0,6.0,4.0,5.0,1.0,6.0,3.0,6.0,1.0,1.0,,9.0,10.0,6.0,5.0,6.0,6.0,8.0,8.0,6.0,6.0,7.0,7.0,1.0,1.0,8.0,8.0,6.0,6.0,8.0,8.0,2.0,2.0,3.0,2.0,,,70 %ile,85 %ile,50 %ile,83 %ile,44 %ile,88 %ile,0 %ile,71 %ile,83 %ile,33 %ile,91 %ile,79 %ile,28 %ile,29 %ile,53 %ile,32 %ile,40 %ile,0 %ile,52 %ile,29 %ile,53 %ile,8 %ile,8 %ile,,83 %ile,93 %ile,52 %ile,48 %ile,51 %ile,51 %ile,73 %ile,78 %ile,53 %ile,56 %ile,63 %ile,61 %ile,0 %ile,0 %ile,70 %ile,75 %ile,51 %ile,51 %ile,71 %ile,76 %ile,19 %ile,14 %ile,21 %ile,13 %ile,,,6000392.0,0.0,0.0,0.0,1.0,1.0,1.689369800344707,1.783219399740298,0.126667409514392,0.0005637222195
280590402081,Mississippi,MS,Jackson County,4,2594.0,2594.0,1735.0,949.0,1017.0,2062.0,2523.0,1.267279901243474,1.900535115401106,852.0,0.328450269853508,826.0,0.318427139552814,83.0,0.054785478547855,420.0,0.166468489892985,0.0,0.0,151.0,0.087031700288184,39.0,0.015034695451041,372.0,0.143407864302236,0.252307692307692,9.1826956284153,55.33636,0.058343034291632,758.5750814,196757.846993978,0.0,0.0,0.0,0.289148513055302,0.201496742324881,0.0,0.000257387980289,2.145348072052002,,98.84783229699097,148.24173900128628,29.147437728599904,43.71230765422544,13.940078913678215,20.905886269412168,68.4331146671476,102.62889623165972,30.41471762984338,45.61284276962655,0.0,0.0,0.0,0.0,64.63127496341718,96.9272908854564,29.147437728599904,43.71230765422544,0.0,0.0,10.138239209947791,15.204280923208849,2.534559802486948,3.801070230802212,,,54.0,69.0,51.0,58.0,63.0,72.0,0.0,54.0,19.0,43.0,91.0,78.0,23.0,11.0,54.0,24.0,0.0,0.0,51.0,23.0,0.0,8.0,2.0,,73.0,86.0,36.0,32.0,20.0,14.0,63.0,69.0,37.0,35.0,0.0,0.0,0.0,0.0,60.0,66.0,37.0,33.0,0.0,0.0,15.0,11.0,4.0,2.0,,,6.0,7.0,6.0,6.0,7.0,8.0,1.0,6.0,2.0,5.0,10.0,8.0,3.0,2.0,6.0,3.0,1.0,1.0,6.0,3.0,1.0,1.0,1.0,,8.0,9.0,4.0,4.0,3.0,2.0,7.0,7.0,4.0,4.0,1.0,1.0,1.0,1.0,7.0,7.0,4.0,4.0,1.0,1.0,2.0,2.0,1.0,1.0,,,54 %ile,69 %ile,51 %ile,58 %ile,63 %ile,72 %ile,0 %ile,54 %ile,19 %ile,43 %ile,91 %ile,78 %ile,23 %ile,11 %ile,54 %ile,24 %ile,0 %ile,0 %ile,51 %ile,23 %ile,0 %ile,8 %ile,2 %ile,,73 %ile,86 %ile,36 %ile,32 %ile,20 %ile,14 %ile,63 %ile,69 %ile,37 %ile,35 %ile,0 %ile,0 %ile,0 %ile,0 %ile,60 %ile,66 %ile,37 %ile,33 %ile,0 %ile,0 %ile,15 %ile,11 %ile,4 %ile,2 %ile,,,33660963.0,796.0,0.0,0.0,0.0,1.0,1.252463334389056,1.367237099922625,0.320457422893953,0.003163713881
280590403011,Mississippi,MS,Jackson County,4,709.0,709.0,635.0,334.0,334.0,635.0,882.0,1.670864941726492,2.5804686786433,116.0,0.16361071932299,427.0,0.602256699576869,29.0,0.097972972972973,240.0,0.271683448154036,55.0,0.164670658682635,24.0,0.037795275590551,34.0,0.047954866008463,166.0,0.234132581100141,0.223589743589744,9.26531775956284,56.42535,0.124228118147987,620.1535019,803262.5700877369,47.0,0.140718562874251,0.0,0.432191944985134,0.669076327147929,6.990526548534842,0.028612297386443,6.342420101165771,0.0,131.99833039639287,203.85702561282076,50.12594825179477,77.41406035929901,61.822002843880206,95.47734110980211,83.54324708632461,129.02343393216503,81.8723821445981,126.44296525352172,68.50546261078618,105.79921582437532,0.0,0.0,100.25189650358952,154.82812071859803,63.49286778560671,98.05780978844541,140.35265510502535,216.75936900603725,20.050379300717907,30.965624143719605,61.822002843880206,95.47734110980211,0.0,0.0,69.0,90.0,31.0,89.0,81.0,97.0,91.0,30.0,51.0,75.0,77.0,79.0,30.0,37.0,50.0,49.0,41.0,0.0,60.0,38.0,84.0,12.0,37.0,0.0,82.0,95.0,53.0,56.0,58.0,67.0,70.0,80.0,65.0,79.0,63.0,68.0,0.0,0.0,73.0,85.0,58.0,68.0,83.0,95.0,26.0,22.0,57.0,66.0,0.0,0.0,7.0,10.0,4.0,9.0,9.0,11.0,10.0,4.0,6.0,8.0,8.0,8.0,4.0,4.0,6.0,5.0,5.0,1.0,7.0,4.0,9.0,2.0,4.0,1.0,9.0,11.0,6.0,6.0,6.0,7.0,8.0,9.0,7.0,8.0,7.0,7.0,1.0,1.0,8.0,9.0,6.0,7.0,9.0,11.0,3.0,3.0,6.0,7.0,1.0,1.0,69 %ile,90 %ile,31 %ile,89 %ile,81 %ile,97 %ile,91 %ile,30 %ile,51 %ile,75 %ile,77 %ile,79 %ile,30 %ile,37 %ile,50 %ile,49 %ile,41 %ile,0 %ile,60 %ile,38 %ile,84 %ile,12 %ile,37 %ile,0 %ile,82 %ile,95 %ile,53 %ile,56 %ile,58 %ile,67 %ile,70 %ile,80 %ile,65 %ile,79 %ile,63 %ile,68 %ile,0 %ile,0 %ile,73 %ile,85 %ile,58 %ile,68 %ile,83 %ile,95 %ile,26 %ile,22 %ile,57 %ile,66 %ile,0 %ile,0 %ile,676155.0,0.0,0.0,0.0,2.0,4.0,1.636741781104468,2.814289507614633,0.0347072426202,6.34970955e-05
280590403012,Mississippi,MS,Jackson County,4,1037.0,1037.0,780.0,516.0,605.0,810.0,1952.0,1.171284587964239,2.188588671288658,321.0,0.309546769527483,301.0,0.290260366441659,0.0,0.0,530.0,0.271683448154036,0.0,0.0,123.0,0.157692307692308,118.0,0.113789778206365,109.0,0.105110896817743,0.223589743589744,9.26531775956284,56.42535,0.124140325289701,654.2520172,723015.1482076299,5.0,0.008264462809917,0.0,0.409870642715255,0.581817693899833,2.488480558120313,0.003804567315886,5.952683448791504,0.0,92.5314824491749,172.898505031804,35.138537638927176,65.65766013865975,43.33752975467685,80.97778083768036,59.7355139861762,111.61802223572155,55.050375634319245,102.86366755056692,18.74055340742783,35.01741874061853,0.0,0.0,69.10579068989011,129.12673160603083,42.166245166712606,78.7891921663917,77.30478280563979,144.44685230505144,11.712845879642392,21.88588671288658,38.65239140281989,72.22342615252573,0.0,0.0,50.0,80.0,49.0,54.0,0.0,97.0,0.0,74.0,90.0,27.0,77.0,79.0,30.0,37.0,51.0,47.0,16.0,0.0,59.0,36.0,66.0,10.0,33.0,0.0,71.0,91.0,42.0,48.0,47.0,60.0,58.0,73.0,53.0,71.0,25.0,26.0,0.0,0.0,62.0,78.0,46.0,58.0,67.0,82.0,16.0,16.0,44.0,53.0,0.0,0.0,6.0,9.0,5.0,6.0,1.0,11.0,1.0,8.0,10.0,3.0,8.0,8.0,4.0,4.0,6.0,5.0,2.0,1.0,6.0,4.0,7.0,2.0,4.0,1.0,8.0,10.0,5.0,5.0,5.0,7.0,6.0,8.0,6.0,8.0,3.0,3.0,1.0,1.0,7.0,8.0,5.0,6.0,7.0,9.0,2.0,2.0,5.0,6.0,1.0,1.0,50 %ile,80 %ile,49 %ile,54 %ile,0 %ile,97 %ile,0 %ile,74 %ile,90 %ile,27 %ile,77 %ile,79 %ile,30 %ile,37 %ile,51 %ile,47 %ile,16 %ile,0 %ile,59 %ile,36 %ile,66 %ile,10 %ile,33 %ile,0 %ile,71 %ile,91 %ile,42 %ile,48 %ile,47 %ile,60 %ile,58 %ile,73 %ile,53 %ile,71 %ile,25 %ile,26 %ile,0 %ile,0 %ile,62 %ile,78 %ile,46 %ile,58 %ile,67 %ile,82 %ile,16 %ile,16 %ile,44 %ile,53 %ile,0 %ile,0 %ile,960052.0,0.0,0.0,0.0,0.0,2.0,1.157913932788187,1.615026748813875,0.051990379514396,9.01594085e-05
280590403013,Mississippi,MS,Jackson County,4,271.0,271.0,258.0,199.0,291.0,258.0,605.0,0.713359876957315,1.939030276100089,48.0,0.177121771217712,50.0,0.18450184501845,0.0,0.0,164.0,0.271683448154036,0.0,0.0,18.0,0.069767441860465,0.0,0.0,153.0,0.564575645756458,0.223589743589744,9.26531775956284,56.42535,0.128738539679366,717.3028074,906786.4702317368,0.0,0.0,0.0,0.287392826910375,0.458779125968334,7.924877258642585,0.000299167426486,5.260139942169189,0.0,56.35543027962788,153.18339181190703,21.40079630871945,58.17090828300267,27.82103520133528,75.62218076790346,37.80807347873769,102.7686046333047,37.09471360178037,100.82957435720462,0.0,0.0,0.0,0.0,36.38135372482306,98.89054408110451,22.827516062634075,62.04896883520284,61.34894941832908,166.75660374460765,5.706879015658519,15.512242208800712,17.833996923932872,48.47575690250222,0.0,0.0,26.0,71.0,33.0,35.0,0.0,97.0,0.0,46.0,0.0,98.0,77.0,79.0,30.0,39.0,53.0,52.0,0.0,0.0,51.0,32.0,86.0,8.0,25.0,0.0,55.0,87.0,28.0,43.0,36.0,57.0,43.0,69.0,42.0,70.0,0.0,0.0,0.0,0.0,45.0,66.0,31.0,47.0,60.0,87.0,10.0,11.0,26.0,37.0,0.0,0.0,3.0,8.0,4.0,4.0,1.0,11.0,1.0,5.0,1.0,11.0,8.0,8.0,4.0,4.0,6.0,6.0,1.0,1.0,6.0,4.0,9.0,1.0,3.0,1.0,6.0,9.0,3.0,5.0,4.0,6.0,5.0,7.0,5.0,8.0,1.0,1.0,1.0,1.0,5.0,7.0,4.0,5.0,7.0,9.0,2.0,2.0,3.0,4.0,1.0,1.0,26 %ile,71 %ile,33 %ile,35 %ile,0 %ile,97 %ile,0 %ile,46 %ile,0 %ile,98 %ile,77 %ile,79 %ile,30 %ile,39 %ile,53 %ile,52 %ile,0 %ile,0 %ile,51 %ile,32 %ile,86 %ile,8 %ile,25 %ile,0 %ile,55 %ile,87 %ile,28 %ile,43 %ile,36 %ile,57 %ile,43 %ile,69 %ile,42 %ile,70 %ile,0 %ile,0 %ile,0 %ile,0 %ile,45 %ile,66 %ile,31 %ile,47 %ile,60 %ile,87 %ile,10 %ile,11 %ile,26 %ile,37 %ile,0 %ile,0 %ile,851945.0,0.0,0.0,0.0,0.0,2.0,0.704599126275985,1.356783261542771,0.049455826963927,8.0012293e-05
280590403014,Mississippi,MS,Jackson County,4,3700.0,3684.0,2406.0,863.0,873.0,2972.0,2223.0,1.883846930383004,3.117648781799065,308.0,0.083243243243243,2754.0,0.747557003257329,139.0,0.09501025290499,604.0,0.271683448154036,11.0,0.012746234067207,1050.0,0.43640897755611,215.0,0.058108108108108,193.0,0.052162162162162,0.223589743589744,9.26531775956284,56.42535,0.124072006097851,656.5208892,906707.099989061,24.0,0.027491408934708,0.0,0.393601828614761,0.618955829916081,2.518327439137859,0.003848642765045,6.483357429504395,0.0,148.82390750025732,246.2942537621261,56.51540791149012,93.52946345397194,69.70233642417115,115.3530049265654,96.0761934495332,159.00008787175227,97.9600403799162,162.11773665355136,39.560785538043085,65.47062441778036,0.0,0.0,109.26312196221424,180.82362934434573,69.70233642417115,115.3530049265654,126.21774433566128,208.8824683805373,18.83846930383004,31.176487817990647,71.58618335455415,118.47065370836444,0.0,0.0,75.0,97.0,18.0,96.0,81.0,97.0,60.0,97.0,60.0,9.0,77.0,79.0,30.0,37.0,51.0,52.0,21.0,0.0,58.0,37.0,67.0,10.0,38.0,0.0,85.0,98.0,57.0,66.0,61.0,76.0,75.0,87.0,71.0,88.0,44.0,45.0,0.0,0.0,76.0,90.0,61.0,75.0,80.0,94.0,24.0,23.0,61.0,75.0,0.0,0.0,8.0,11.0,2.0,11.0,9.0,11.0,7.0,11.0,7.0,1.0,8.0,8.0,4.0,4.0,6.0,6.0,3.0,1.0,6.0,4.0,7.0,2.0,4.0,1.0,9.0,11.0,6.0,7.0,7.0,8.0,8.0,9.0,8.0,9.0,5.0,5.0,1.0,1.0,8.0,10.0,7.0,8.0,9.0,10.0,3.0,3.0,7.0,8.0,1.0,1.0,75 %ile,97 %ile,18 %ile,96 %ile,81 %ile,97 %ile,60 %ile,97 %ile,60 %ile,9 %ile,77 %ile,79 %ile,30 %ile,37 %ile,51 %ile,52 %ile,21 %ile,0 %ile,58 %ile,37 %ile,67 %ile,10 %ile,38 %ile,0 %ile,85 %ile,98 %ile,57 %ile,66 %ile,61 %ile,76 %ile,75 %ile,87 %ile,71 %ile,88 %ile,44 %ile,45 %ile,0 %ile,0 %ile,76 %ile,90 %ile,61 %ile,75 %ile,80 %ile,94 %ile,24 %ile,23 %ile,61 %ile,75 %ile,0 %ile,0 %ile,1239683.0,0.0,0.0,0.0,2.0,5.0,1.83989375037896,2.632938421882102,0.052768329597207,0.0001164263305
280590403021,Mississippi,MS,Jackson County,4,434.0,423.0,297.0,184.0,258.0,351.0,567.0,2.143738977424747,2.004095374356393,250.0,0.576036866359447,222.0,0.524822695035461,0.0,0.0,130.0,0.22963689892051,0.0,0.0,0.0,0.0,0.0,0.0,122.0,0.28110599078341,0.223589743589744,9.26240655737705,56.55906,0.125989217170958,708.4383004,675237.0356730177,0.0,0.0,0.0,0.289822340945243,0.463031129321088,6.300996595520918,0.000341302809784,5.566400051116943,0.0,169.35537921655504,158.32353457415505,64.31216932274242,60.12286123069179,81.46208114214038,76.15562422554292,111.47442682608684,104.21295946653244,96.46825398411363,90.18429184603768,0.0,0.0,0.0,0.0,109.3306878486621,102.20886409217604,68.59964727759191,64.13105197940457,177.93033512625402,166.3399160715806,17.14991181939798,16.032762994851144,62.16843034531768,58.11876585633539,0.0,0.0,81.0,74.0,70.0,83.0,0.0,92.0,0.0,0.0,0.0,85.0,77.0,79.0,30.0,38.0,52.0,45.0,0.0,0.0,51.0,32.0,83.0,8.0,29.0,0.0,89.0,88.0,61.0,44.0,66.0,57.0,79.0,70.0,71.0,64.0,0.0,0.0,0.0,0.0,76.0,68.0,61.0,48.0,89.0,87.0,23.0,12.0,57.0,44.0,0.0,0.0,9.0,8.0,8.0,9.0,1.0,10.0,1.0,1.0,1.0,9.0,8.0,8.0,4.0,4.0,6.0,5.0,1.0,1.0,6.0,4.0,9.0,1.0,3.0,1.0,9.0,9.0,7.0,5.0,7.0,6.0,8.0,8.0,8.0,7.0,1.0,1.0,1.0,1.0,8.0,7.0,7.0,5.0,9.0,9.0,3.0,2.0,6.0,5.0,1.0,1.0,81 %ile,74 %ile,70 %ile,83 %ile,0 %ile,92 %ile,0 %ile,0 %ile,0 %ile,85 %ile,77 %ile,79 %ile,30 %ile,38 %ile,52 %ile,45 %ile,0 %ile,0 %ile,51 %ile,32 %ile,83 %ile,8 %ile,29 %ile,0 %ile,89 %ile,88 %ile,61 %ile,44 %ile,66 %ile,57 %ile,79 %ile,70 %ile,71 %ile,64 %ile,0 %ile,0 %ile,0 %ile,0 %ile,76 %ile,68 %ile,61 %ile,48 %ile,89 %ile,87 %ile,23 %ile,12 %ile,57 %ile,44 %ile,0 %ile,0 %ile,1696432.0,0.0,0.0,0.0,2.0,2.0,2.119781203582318,1.418536877188943,0.05842472304359,0.00015931568
280590403022,Mississippi,MS,Jackson County,4,611.0,611.0,562.0,343.0,393.0,611.0,738.0,0.343127604678882,1.678778416159447,45.0,0.073649754500818,59.0,0.096563011456628,0.0,0.0,170.0,0.22963689892051,0.0,0.0,25.0,0.044483985765125,0.0,0.0,72.0,0.117839607201309,0.223589743589744,9.26240655737705,56.55906,0.125253205568958,612.0495474,643729.7119685621,0.0,0.0,0.0,0.447636598056448,0.546166408793428,2.157203288692725,0.026218386706648,5.907035827636719,0.0,27.107080769631665,132.62349487659634,10.293828140366454,50.36335248478343,13.038848977797509,63.793579814058994,17.15638023394409,83.93892080797235,15.0976146058708,73.86625031101566,0.0,0.0,0.0,0.0,20.930783885411792,102.40548338572628,12.009466163760864,58.757244565580656,21.96016669944844,107.44181863420462,4.117531256146582,20.145340993913365,10.980083349724218,53.72090931710231,0.0,0.0,7.0,58.0,16.0,17.0,0.0,92.0,0.0,34.0,0.0,32.0,77.0,79.0,30.0,38.0,50.0,44.0,0.0,0.0,61.0,35.0,64.0,12.0,32.0,0.0,34.0,81.0,14.0,37.0,19.0,49.0,22.0,59.0,22.0,55.0,0.0,0.0,0.0,0.0,35.0,68.0,21.0,45.0,36.0,70.0,9.0,15.0,17.0,41.0,0.0,0.0,1.0,6.0,2.0,2.0,1.0,10.0,1.0,4.0,1.0,4.0,8.0,8.0,4.0,4.0,6.0,5.0,1.0,1.0,7.0,4.0,7.0,2.0,4.0,1.0,4.0,9.0,2.0,4.0,2.0,5.0,3.0,6.0,3.0,6.0,1.0,1.0,1.0,1.0,4.0,7.0,3.0,5.0,4.0,8.0,1.0,2.0,2.0,5.0,1.0,1.0,7 %ile,58 %ile,16 %ile,17 %ile,0 %ile,92 %ile,0 %ile,34 %ile,0 %ile,32 %ile,77 %ile,79 %ile,30 %ile,38 %ile,50 %ile,44 %ile,0 %ile,0 %ile,61 %ile,35 %ile,64 %ile,12 %ile,32 %ile,0 %ile,34 %ile,81 %ile,14 %ile,37 %ile,19 %ile,49 %ile,22 %ile,59 %ile,22 %ile,55 %ile,0 %ile,0 %ile,0 %ile,0 %ile,35 %ile,68 %ile,21 %ile,45 %ile,36 %ile,70 %ile,9 %ile,15 %ile,17 %ile,41 %ile,0 %ile,0 %ile,4675665.0,2231112.0,0.0,0.0,0.0,1.0,0.338288530194015,1.109230352394074,0.132920434075854,0.000648526221999
280590403023,Mississippi,MS,Jackson County,4,1081.0,1032.0,633.0,478.0,526.0,806.0,732.0,1.029701515150231,1.816166866274274,239.0,0.22109158186864,299.0,0.289728682170543,27.0,0.058441558441558,168.0,0.22963689892051,0.0,0.0,12.0,0.018957345971564,41.0,0.037927844588344,140.0,0.129509713228492,0.223589743589744,9.26240655737705,56.55906,0.124473851453912,678.3637807,613941.0552920382,0.0,0.0,0.0,0.310038898060758,0.502790086286638,0.0,0.000368421700007,5.278679847717285,0.0,81.34641969686825,143.47718243566763,30.891045454506934,54.485005988228224,38.09895606055855,67.19817405214813,53.54447878781202,94.44067704626224,44.27716515145993,78.09517524979377,0.0,0.0,0.0,0.0,53.54447878781202,94.44067704626224,33.980149999957625,59.93350658705104,0.0,0.0,8.237612121201849,14.529334930194192,26.77223939390601,47.220338523131126,0.0,0.0,44.0,65.0,39.0,54.0,65.0,92.0,0.0,18.0,41.0,37.0,77.0,79.0,30.0,37.0,52.0,43.0,0.0,0.0,52.0,33.0,0.0,8.0,26.0,0.0,67.0,84.0,38.0,40.0,44.0,51.0,54.0,65.0,47.0,58.0,0.0,0.0,0.0,0.0,55.0,64.0,41.0,45.0,0.0,0.0,12.0,11.0,34.0,36.0,0.0,0.0,5.0,7.0,4.0,6.0,7.0,10.0,1.0,2.0,5.0,4.0,8.0,8.0,4.0,4.0,6.0,5.0,1.0,1.0,6.0,4.0,1.0,1.0,3.0,1.0,7.0,9.0,4.0,5.0,5.0,6.0,6.0,7.0,5.0,6.0,1.0,1.0,1.0,1.0,6.0,7.0,5.0,5.0,1.0,1.0,2.0,2.0,4.0,4.0,1.0,1.0,44 %ile,65 %ile,39 %ile,54 %ile,65 %ile,92 %ile,0 %ile,18 %ile,41 %ile,37 %ile,77 %ile,79 %ile,30 %ile,37 %ile,52 %ile,43 %ile,0 %ile,0 %ile,52 %ile,33 %ile,0 %ile,8 %ile,26 %ile,0 %ile,67 %ile,84 %ile,38 %ile,40 %ile,44 %ile,51 %ile,54 %ile,65 %ile,47 %ile,58 %ile,0 %ile,0 %ile,0 %ile,0 %ile,55 %ile,64 %ile,41 %ile,45 %ile,0 %ile,0 %ile,12 %ile,11 %ile,34 %ile,36 %ile,0 %ile,0 %ile,987482.0,0.0,0.0,0.0,0.0,1.0,1.015183798831402,1.238699358624988,0.039897126775427,9.2729818e-05
280590404011,Mississippi,MS,Jackson County,4,2816.0,2816.0,1683.0,1078.0,1156.0,2434.0,2460.0,1.663274179275863,1.851493758160866,877.0,0.311434659090909,1405.0,0.498934659090909,0.0,0.0,472.0,0.191998260491411,0.0,0.0,118.0,0.070112893642305,257.0,0.091264204545455,239.0,0.084872159090909,0.197948717948718,9.22641338797814,56.35153,0.127959750296378,807.0858646,601370.4731171398,113.0,0.097750865051903,0.0,0.274506136835681,0.424095941076579,4.613923010942989,0.000133843493905,4.942450046539307,0.0,129.7353859835173,144.4165131365475,48.234951199000015,53.69331898666511,64.86769299175864,72.20825656827375,91.48007986017245,101.8321566988476,71.52078970886208,79.61423160091722,58.21459627465519,64.8022815356303,0.0,0.0,83.16370896379313,92.5746879080433,51.56149955755174,57.39630650298684,129.7353859835173,144.4165131365475,13.3061934342069,14.811950065286926,36.59203194406898,40.732862679539046,0.0,0.0,68.0,67.0,49.0,81.0,0.0,83.0,0.0,47.0,82.0,19.0,54.0,78.0,29.0,39.0,55.0,43.0,35.0,0.0,50.0,31.0,78.0,8.0,22.0,0.0,81.0,84.0,52.0,39.0,59.0,54.0,73.0,69.0,61.0,59.0,57.0,44.0,0.0,0.0,68.0,64.0,52.0,44.0,81.0,82.0,18.0,11.0,42.0,31.0,0.0,0.0,7.0,7.0,5.0,9.0,1.0,9.0,1.0,5.0,9.0,2.0,6.0,8.0,3.0,4.0,6.0,5.0,4.0,1.0,6.0,4.0,8.0,1.0,3.0,1.0,9.0,9.0,6.0,4.0,6.0,6.0,8.0,7.0,7.0,6.0,6.0,5.0,1.0,1.0,7.0,7.0,6.0,5.0,9.0,9.0,2.0,2.0,5.0,4.0,1.0,1.0,68 %ile,67 %ile,49 %ile,81 %ile,0 %ile,83 %ile,0 %ile,47 %ile,82 %ile,19 %ile,54 %ile,78 %ile,29 %ile,39 %ile,55 %ile,43 %ile,35 %ile,0 %ile,50 %ile,31 %ile,78 %ile,8 %ile,22 %ile,0 %ile,81 %ile,84 %ile,52 %ile,39 %ile,59 %ile,54 %ile,73 %ile,69 %ile,61 %ile,59 %ile,57 %ile,44 %ile,0 %ile,0 %ile,68 %ile,64 %ile,52 %ile,44 %ile,81 %ile,82 %ile,18 %ile,11 %ile,42 %ile,31 %ile,0 %ile,0 %ile,3775669.0,0.0,0.0,0.0,2.0,2.0,1.637349781174964,1.27411548816128,0.08120925313938,0.0003545745225
280590404012,Mississippi,MS,Jackson County,4,1900.0,1900.0,1070.0,576.0,612.0,1243.0,2139.0,1.442544872487685,1.878491582576303,639.0,0.336315789473684,737.0,0.387894736842105,146.0,0.152879581151832,411.0,0.191998260491411,0.0,0.0,157.0,0.146728971962617,84.0,0.044210526315789,213.0,0.112105263157895,0.197948717948718,9.22641338797814,56.35153,0.106958739971268,1028.119508,478781.23076237855,0.0,0.0,0.0,0.326442000562539,0.542520066377246,0.810716200534823,0.996585653367426,3.487242937088013,0.0,112.5185000540394,146.5223434409516,41.833801302142845,54.47625589471278,44.71889104711823,58.233239059865376,86.5526923492611,112.70949495457816,56.2592500270197,73.26117172047582,0.0,0.0,0.0,0.0,76.45487824184728,99.56005387654403,50.48907053706896,65.74720539017059,70.68469875189655,92.04608754623885,31.735987194729063,41.326814816678656,14.425448724876846,18.784915825763026,0.0,0.0,61.0,68.0,52.0,68.0,92.0,83.0,0.0,72.0,47.0,30.0,54.0,78.0,29.0,31.0,60.0,39.0,0.0,0.0,53.0,35.0,49.0,22.0,10.0,0.0,77.0,85.0,47.0,40.0,48.0,45.0,71.0,74.0,54.0,55.0,0.0,0.0,0.0,0.0,65.0,67.0,52.0,50.0,64.0,63.0,37.0,30.0,22.0,14.0,0.0,0.0,7.0,7.0,6.0,7.0,10.0,9.0,1.0,8.0,5.0,4.0,6.0,8.0,3.0,4.0,7.0,4.0,1.0,1.0,6.0,4.0,5.0,3.0,2.0,1.0,8.0,9.0,5.0,5.0,5.0,5.0,8.0,8.0,6.0,6.0,1.0,1.0,1.0,1.0,7.0,7.0,6.0,6.0,7.0,7.0,4.0,4.0,3.0,2.0,1.0,1.0,61 %ile,68 %ile,52 %ile,68 %ile,92 %ile,83 %ile,0 %ile,72 %ile,47 %ile,30 %ile,54 %ile,78 %ile,29 %ile,31 %ile,60 %ile,39 %ile,0 %ile,0 %ile,53 %ile,35 %ile,49 %ile,22 %ile,10 %ile,0 %ile,77 %ile,85 %ile,47 %ile,40 %ile,48 %ile,45 %ile,71 %ile,74 %ile,54 %ile,55 %ile,0 %ile,0 %ile,0 %ile,0 %ile,65 %ile,67 %ile,52 %ile,50 %ile,64 %ile,63 %ile,37 %ile,30 %ile,22 %ile,14 %ile,0 %ile,0 %ile,21491891.0,0.0,0.0,0.0,0.0,1.0,1.423645639161897,1.313580807369853,0.335295395138003,0.0020182503705
280590404021,Mississippi,MS,Jackson County,4,2743.0,2743.0,1917.0,1093.0,1134.0,2098.0,2273.0,1.288978979164454,1.572681884856181,1332.0,0.485599708348524,607.0,0.221290557783449,11.0,0.007313829787234,414.0,0.181910828025478,31.0,0.02836230558097,91.0,0.047470005216484,150.0,0.05468465184105,432.0,0.157491797302224,0.197948717948718,9.247890437158468,56.55993,0.118416231542878,830.5043329999999,484114.1665027112,19.0,0.016754850088183,0.0,0.253253906842252,0.557883823539102,1.136997633659233,6.9761879717e-05,4.568605899810791,0.0,101.82933935399188,124.24186890363828,38.66936937493363,47.18045654568542,45.1142642707559,55.043865969966326,72.18282283320944,88.07018555194611,50.27018018741372,61.33459350939105,23.201621624960175,28.308273927411253,0.0,0.0,61.870990999893806,75.48873047309667,45.1142642707559,55.043865969966326,69.60486487488053,84.92482178223376,10.311831833315637,12.581455078849446,24.490600604124637,29.880955812267437,0.0,0.0,55.0,52.0,64.0,42.0,24.0,79.0,68.0,35.0,57.0,49.0,54.0,79.0,30.0,35.0,56.0,39.0,18.0,0.0,48.0,35.0,54.0,8.0,19.0,0.0,74.0,78.0,45.0,35.0,49.0,42.0,65.0,62.0,51.0,47.0,29.0,22.0,0.0,0.0,59.0,55.0,48.0,42.0,64.0,60.0,15.0,10.0,32.0,23.0,0.0,0.0,6.0,6.0,7.0,5.0,3.0,8.0,7.0,4.0,6.0,5.0,6.0,8.0,4.0,4.0,6.0,4.0,2.0,1.0,5.0,4.0,6.0,1.0,2.0,1.0,8.0,8.0,5.0,4.0,5.0,5.0,7.0,7.0,6.0,5.0,3.0,3.0,1.0,1.0,6.0,6.0,5.0,5.0,7.0,7.0,2.0,2.0,4.0,3.0,1.0,1.0,55 %ile,52 %ile,64 %ile,42 %ile,24 %ile,79 %ile,68 %ile,35 %ile,57 %ile,49 %ile,54 %ile,79 %ile,30 %ile,35 %ile,56 %ile,39 %ile,18 %ile,0 %ile,48 %ile,35 %ile,54 %ile,8 %ile,19 %ile,0 %ile,74 %ile,78 %ile,45 %ile,35 %ile,49 %ile,42 %ile,65 %ile,62 %ile,51 %ile,47 %ile,29 %ile,22 %ile,0 %ile,0 %ile,59 %ile,55 %ile,48 %ile,42 %ile,64 %ile,60 %ile,15 %ile,10 %ile,32 %ile,23 %ile,0 %ile,0 %ile,5133993.0,316621.0,0.0,0.0,0.0,0.0,1.282112623985967,1.145413148432533,0.125375661550653,0.0005117989405
280590404022,Mississippi,MS,Jackson County,4,1233.0,1233.0,992.0,623.0,691.0,1110.0,1652.0,0.35724471700375,1.366731241509141,158.0,0.128142741281427,81.0,0.065693430656934,49.0,0.080592105263158,300.0,0.181910828025478,12.0,0.019261637239165,22.0,0.022177419354839,42.0,0.034063260340633,324.0,0.262773722627737,0.197948717948718,9.247890437158468,56.55993,0.127145995609281,713.770179,658903.0293680567,96.0,0.138929088277858,0.0,0.2771811861672,0.446875975573886,2.268761254239617,0.000146179166376,6.930822372436523,0.0,28.222332643296227,107.97176807922216,10.717341510112492,41.00193724527424,13.575299246142489,51.935787177347365,18.93397000119873,72.43675579998448,16.076012265168735,61.50290586791136,14.647033397153738,56.0359809018748,0.0,0.0,17.862235850187485,68.33656207545707,11.431830944119993,43.73539972829252,23.220906605243727,88.83753069809417,2.857957736029998,10.93384993207313,15.361522831161238,58.76944338489307,0.0,0.0,7.0,39.0,26.0,11.0,76.0,79.0,63.0,20.0,37.0,82.0,54.0,79.0,30.0,38.0,53.0,45.0,41.0,0.0,50.0,32.0,65.0,8.0,43.0,0.0,35.0,71.0,14.0,30.0,20.0,40.0,24.0,52.0,23.0,47.0,22.0,39.0,0.0,0.0,33.0,50.0,20.0,33.0,37.0,62.0,8.0,9.0,23.0,44.0,0.0,0.0,1.0,4.0,3.0,2.0,8.0,8.0,7.0,3.0,4.0,9.0,6.0,8.0,4.0,4.0,6.0,5.0,5.0,1.0,6.0,4.0,7.0,1.0,5.0,1.0,4.0,8.0,2.0,4.0,3.0,5.0,3.0,6.0,3.0,5.0,3.0,4.0,1.0,1.0,4.0,6.0,3.0,4.0,4.0,7.0,1.0,1.0,3.0,5.0,1.0,1.0,7 %ile,39 %ile,26 %ile,11 %ile,76 %ile,79 %ile,63 %ile,20 %ile,37 %ile,82 %ile,54 %ile,79 %ile,30 %ile,38 %ile,53 %ile,45 %ile,41 %ile,0 %ile,50 %ile,32 %ile,65 %ile,8 %ile,43 %ile,0 %ile,35 %ile,71 %ile,14 %ile,30 %ile,20 %ile,40 %ile,24 %ile,52 %ile,23 %ile,47 %ile,22 %ile,39 %ile,0 %ile,0 %ile,33 %ile,50 %ile,20 %ile,33 %ile,37 %ile,62 %ile,8 %ile,9 %ile,23 %ile,44 %ile,0 %ile,0 %ile,3152438.0,956881.0,0.0,0.0,0.0,0.0,0.354992857789479,0.894099172932448,0.081686111002913,0.000385852129
280590405001,Mississippi,MS,Jackson County,4,837.0,837.0,657.0,469.0,528.0,739.0,994.0,0.221022320685258,1.369417723850747,59.0,0.070489844683393,39.0,0.046594982078853,2.0,0.004385964912281,201.0,0.201744513224536,0.0,0.0,0.0,0.0,13.0,0.015531660692951,248.0,0.296296296296296,0.204102564102564,9.22043114754098,56.7754,0.122247379436688,657.4990559,666626.9428604483,45.0,0.085227272727273,0.0,0.249355596050334,0.495690855363464,8.340488901458698,0.000116512935224,7.590718269348145,0.0,17.23974101345012,106.81458246035828,6.851691941242997,42.451949439373166,8.177825865354544,50.66845578247765,11.272138354948156,69.84030391638811,9.946004430836608,61.623797573283625,7.293736582613512,45.190784887074656,0.0,0.0,10.609071392892382,65.73205074483587,7.293736582613512,45.190784887074656,19.228941899617443,119.139341975015,1.768178565482064,10.955341790805978,11.051116034262895,68.47088619253736,0.0,0.0,3.0,39.0,15.0,7.0,23.0,86.0,0.0,0.0,19.0,87.0,60.0,78.0,31.0,37.0,51.0,45.0,33.0,0.0,48.0,33.0,87.0,8.0,50.0,0.0,24.0,71.0,9.0,31.0,12.0,39.0,15.0,51.0,15.0,47.0,17.0,32.0,0.0,0.0,30.0,49.0,17.0,34.0,34.0,74.0,8.0,9.0,17.0,51.0,0.0,0.0,1.0,4.0,2.0,1.0,3.0,9.0,1.0,1.0,2.0,9.0,7.0,8.0,4.0,4.0,6.0,5.0,4.0,1.0,5.0,4.0,9.0,1.0,6.0,1.0,3.0,8.0,1.0,4.0,2.0,4.0,2.0,6.0,2.0,5.0,2.0,4.0,1.0,1.0,4.0,5.0,2.0,4.0,4.0,8.0,1.0,1.0,2.0,6.0,1.0,1.0,3 %ile,39 %ile,15 %ile,7 %ile,23 %ile,86 %ile,0 %ile,0 %ile,19 %ile,87 %ile,60 %ile,78 %ile,31 %ile,37 %ile,51 %ile,45 %ile,33 %ile,0 %ile,48 %ile,33 %ile,87 %ile,8 %ile,50 %ile,0 %ile,24 %ile,71 %ile,9 %ile,31 %ile,12 %ile,39 %ile,15 %ile,51 %ile,15 %ile,47 %ile,17 %ile,32 %ile,0 %ile,0 %ile,30 %ile,49 %ile,17 %ile,34 %ile,34 %ile,74 %ile,8 %ile,9 %ile,17 %ile,51 %ile,0 %ile,0 %ile,2853404.0,2629806.0,0.0,0.0,0.0,0.0,0.219153202606586,0.794089756693935,0.143397124437021,0.0005147918325
280590405002,Mississippi,MS,Jackson County,4,1027.0,1027.0,933.0,712.0,808.0,941.0,990.0,1.179628216410279,1.976479852988049,31.0,0.030185004868549,496.0,0.482960077896787,10.0,0.026385224274406,200.0,0.201744513224536,0.0,0.0,108.0,0.115755627009646,0.0,0.0,439.0,0.427458617332035,0.204102564102564,9.22043114754098,56.7754,0.100600786417699,635.6161834,646526.5685773625,87.0,0.107673267326733,0.0,0.253242986480818,0.460158053584499,15.91400574033789,6.8259192471e-05,9.247599601745604,0.0,92.01100088000175,154.16542853306785,36.56847470871864,61.27087544262953,33.0295900594878,55.341435883665376,58.981410820513936,98.82399264940248,53.08326973846254,88.94159338446222,42.46661579077004,71.15327470756978,0.0,0.0,56.62215438769338,94.87103294342637,37.74810292512892,63.24735529561758,110.8850523425662,185.78910618087664,9.43702573128223,15.811838823904395,79.03509049948867,132.42415015019927,0.0,0.0,51.0,72.0,7.0,79.0,41.0,86.0,0.0,64.0,0.0,96.0,60.0,78.0,31.0,28.0,50.0,45.0,36.0,0.0,48.0,32.0,94.0,8.0,67.0,0.0,71.0,87.0,43.0,45.0,40.0,42.0,58.0,68.0,52.0,64.0,46.0,48.0,0.0,0.0,57.0,65.0,43.0,48.0,77.0,91.0,14.0,12.0,64.0,80.0,0.0,0.0,6.0,8.0,1.0,8.0,5.0,9.0,1.0,7.0,1.0,11.0,7.0,8.0,4.0,3.0,6.0,5.0,4.0,1.0,5.0,4.0,10.0,1.0,7.0,1.0,8.0,9.0,5.0,5.0,5.0,5.0,6.0,7.0,6.0,7.0,5.0,5.0,1.0,1.0,6.0,7.0,5.0,5.0,8.0,10.0,2.0,2.0,7.0,9.0,1.0,1.0,51 %ile,72 %ile,7 %ile,79 %ile,41 %ile,86 %ile,0 %ile,64 %ile,0 %ile,96 %ile,60 %ile,78 %ile,31 %ile,28 %ile,50 %ile,45 %ile,36 %ile,0 %ile,48 %ile,32 %ile,94 %ile,8 %ile,67 %ile,0 %ile,71 %ile,87 %ile,43 %ile,45 %ile,40 %ile,42 %ile,58 %ile,68 %ile,52 %ile,64 %ile,46 %ile,48 %ile,0 %ile,0 %ile,57 %ile,65 %ile,43 %ile,48 %ile,77 %ile,91 %ile,14 %ile,12 %ile,64 %ile,80 %ile,0 %ile,0 %ile,1432342.0,1675486.0,0.0,0.0,0.0,3.0,1.150917698821584,1.405421626555327,0.070868733488435,0.0002917453335
280590405003,Mississippi,MS,Jackson County,4,729.0,725.0,519.0,295.0,295.0,554.0,547.0,0.714010141668842,1.757343992606124,86.0,0.117969821673525,163.0,0.224827586206897,50.0,0.152439024390244,110.0,0.201744513224536,0.0,0.0,67.0,0.129094412331407,0.0,0.0,159.0,0.218106995884774,0.204102564102564,9.22043114754098,56.7754,0.106712205730875,682.9041684,669123.7923490577,175.0,0.593220338983051,0.0,0.240908978584381,0.479784534535419,16.247279276821427,6.4953709073e-05,7.700139999389648,0.0,55.69279105016967,137.07283142327765,22.134314391734097,54.47766377078984,22.134314391734097,54.47766377078984,37.12852736677977,91.38188761551844,32.13045637509788,79.08047966727557,57.120811333507355,140.58751940848987,0.0,0.0,33.558476658435566,82.5951676524878,23.562334675071774,57.99235175600209,67.11695331687113,165.19033530497563,5.712081133350734,14.058751940848992,36.41451722511093,89.6245436229123,0.0,0.0,27.0,62.0,24.0,42.0,92.0,86.0,0.0,67.0,0.0,71.0,60.0,78.0,31.0,31.0,52.0,45.0,80.0,0.0,47.0,33.0,94.0,8.0,51.0,0.0,55.0,82.0,29.0,40.0,30.0,42.0,42.0,64.0,38.0,58.0,56.0,81.0,0.0,0.0,43.0,58.0,32.0,44.0,63.0,87.0,10.0,11.0,42.0,63.0,0.0,0.0,3.0,7.0,3.0,5.0,10.0,9.0,1.0,7.0,1.0,8.0,7.0,8.0,4.0,4.0,6.0,5.0,9.0,1.0,5.0,4.0,10.0,1.0,6.0,1.0,6.0,9.0,3.0,5.0,4.0,5.0,5.0,7.0,4.0,6.0,6.0,9.0,1.0,1.0,5.0,6.0,4.0,5.0,7.0,9.0,2.0,2.0,5.0,7.0,1.0,1.0,27 %ile,62 %ile,24 %ile,42 %ile,92 %ile,86 %ile,0 %ile,67 %ile,0 %ile,71 %ile,60 %ile,78 %ile,31 %ile,31 %ile,52 %ile,45 %ile,80 %ile,0 %ile,47 %ile,33 %ile,94 %ile,8 %ile,51 %ile,0 %ile,55 %ile,82 %ile,29 %ile,40 %ile,30 %ile,42 %ile,42 %ile,64 %ile,38 %ile,58 %ile,56 %ile,81 %ile,0 %ile,0 %ile,43 %ile,58 %ile,32 %ile,44 %ile,63 %ile,87 %ile,10 %ile,11 %ile,42 %ile,63 %ile,0 %ile,0 %ile,665217.0,0.0,0.0,0.0,0.0,3.0,0.702030053205702,1.194214313975693,0.034114613870637,6.2450288e-05
280590405004,Mississippi,MS,Jackson County,4,975.0,975.0,745.0,489.0,540.0,812.0,1022.0,0.70056473270657,1.618849340408975,79.0,0.081025641025641,238.0,0.244102564102564,32.0,0.056537102473498,206.0,0.201744513224536,0.0,0.0,28.0,0.03758389261745,17.0,0.017435897435897,242.0,0.248205128205128,0.204102564102564,9.22043114754098,56.7754,0.094679881060044,673.0034706,501788.1097919131,242.0,0.448148148148148,0.0,0.223205017799487,0.522559644929791,4.710570598066612,5.8854045771e-05,7.243987560272217,0.0,54.644049151112455,126.27024855190005,21.717506713903667,50.18432955267823,18.214683050370816,42.09008285063336,36.42936610074164,84.1801657012667,27.322024575556227,63.135124275950034,49.03953128945989,113.31945382862826,0.0,0.0,32.22597770450222,74.46706965881286,23.819200912023376,55.04087757390516,54.644049151112455,126.27024855190005,5.604517861652559,12.950794723271802,32.22597770450222,74.46706965881286,0.0,0.0,26.0,54.0,18.0,46.0,64.0,86.0,0.0,30.0,21.0,79.0,60.0,78.0,31.0,26.0,52.0,39.0,70.0,0.0,46.0,34.0,78.0,8.0,46.0,0.0,54.0,79.0,28.0,37.0,25.0,32.0,41.0,60.0,34.0,48.0,51.0,71.0,0.0,0.0,42.0,54.0,32.0,42.0,57.0,77.0,10.0,10.0,39.0,55.0,0.0,0.0,3.0,6.0,2.0,5.0,7.0,9.0,1.0,4.0,3.0,8.0,7.0,8.0,4.0,3.0,6.0,4.0,8.0,1.0,5.0,4.0,8.0,1.0,5.0,1.0,6.0,8.0,3.0,4.0,3.0,4.0,5.0,7.0,4.0,5.0,6.0,8.0,1.0,1.0,5.0,6.0,4.0,5.0,6.0,8.0,2.0,2.0,4.0,6.0,1.0,1.0,26 %ile,54 %ile,18 %ile,46 %ile,64 %ile,86 %ile,0 %ile,30 %ile,21 %ile,79 %ile,60 %ile,78 %ile,31 %ile,26 %ile,52 %ile,39 %ile,70 %ile,0 %ile,46 %ile,34 %ile,78 %ile,8 %ile,46 %ile,0 %ile,54 %ile,79 %ile,28 %ile,37 %ile,25 %ile,32 %ile,41 %ile,60 %ile,34 %ile,48 %ile,51 %ile,71 %ile,0 %ile,0 %ile,42 %ile,54 %ile,32 %ile,42 %ile,57 %ile,77 %ile,10 %ile,10 %ile,39 %ile,55 %ile,0 %ile,0 %ile,2176602.0,2884196.0,0.0,0.0,0.0,0.0,0.68693027914503,1.043561577434025,0.10602305464786,0.0004750417235
280590406001,Mississippi,MS,Jackson County,4,1250.0,1250.0,749.0,450.0,549.0,828.0,1551.0,0.933343444713505,1.592675943485224,341.0,0.2728,267.0,0.2136,35.0,0.064220183486239,238.0,0.153629712999437,0.0,0.0,72.0,0.096128170894526,146.0,0.1168,211.0,0.1688,0.215384615384615,9.17181284153006,56.82627,0.085971428441245,792.1511931999999,375129.53683306393,84.0,0.153005464480874,0.0,0.187419088735497,1.019294860357109,4.372315182400523,0.0,4.512585639953613,0.0,72.80078868765342,124.22872359184744,29.866990230832176,50.965630191527154,20.53355578369712,35.03887075667492,51.333889459242805,87.5971768916873,31.733677120259188,54.1509820784976,40.133768122680735,68.48506556986462,0.0,0.0,39.200424677967234,66.89238962637937,42.00045501210775,71.67041745683505,71.86744524293992,122.6360476483622,0.0,0.0,16.800182004843098,28.668166982734025,0.0,0.0,39.0,53.0,45.0,40.0,68.0,66.0,0.0,57.0,91.0,53.0,70.0,78.0,32.0,22.0,55.0,34.0,43.0,0.0,42.0,45.0,77.0,0.0,18.0,0.0,63.0,78.0,37.0,37.0,28.0,26.0,53.0,62.0,38.0,41.0,44.0,47.0,0.0,0.0,47.0,50.0,46.0,53.0,65.0,75.0,0.0,0.0,24.0,22.0,0.0,0.0,4.0,6.0,5.0,5.0,7.0,7.0,1.0,6.0,10.0,6.0,8.0,8.0,4.0,3.0,6.0,4.0,5.0,1.0,5.0,5.0,8.0,1.0,2.0,1.0,7.0,8.0,4.0,4.0,3.0,3.0,6.0,7.0,4.0,5.0,5.0,5.0,1.0,1.0,5.0,6.0,5.0,6.0,7.0,8.0,1.0,1.0,3.0,3.0,1.0,1.0,39 %ile,53 %ile,45 %ile,40 %ile,68 %ile,66 %ile,0 %ile,57 %ile,91 %ile,53 %ile,70 %ile,78 %ile,32 %ile,22 %ile,55 %ile,34 %ile,43 %ile,0 %ile,42 %ile,45 %ile,77 %ile,0 %ile,18 %ile,0 %ile,63 %ile,78 %ile,37 %ile,37 %ile,28 %ile,26 %ile,53 %ile,62 %ile,38 %ile,41 %ile,44 %ile,47 %ile,0 %ile,0 %ile,47 %ile,50 %ile,46 %ile,53 %ile,65 %ile,75 %ile,0 %ile,0 %ile,24 %ile,22 %ile,0 %ile,0 %ile,4064468.0,682091.0,0.0,0.0,0.0,0.0,0.924104048702631,1.047463305993187,0.099649488426379,0.0004455336605
280590406002,Mississippi,MS,Jackson County,4,438.0,438.0,380.0,232.0,232.0,380.0,901.0,0.374506066064697,1.427326568948043,0.0,0.0,70.0,0.159817351598174,28.0,0.19047619047619,138.0,0.153629712999437,0.0,0.0,11.0,0.028947368421053,35.0,0.079908675799087,223.0,0.509132420091324,0.215384615384615,9.17181284153006,56.82627,0.085734184548513,743.2353154,414604.459943384,54.0,0.232758620689655,0.0,0.199355357150078,0.68425295769024,0.0,0.0,4.987520217895508,0.0,29.211473153046395,111.33147237794736,11.984194114070316,45.674450206337376,8.239133453423342,31.40118451685695,19.84882150142896,75.6483081542463,13.482218378329106,51.38375648212956,19.474315435364264,74.22098158529823,0.0,0.0,16.103760840781987,61.375042464765855,14.2312305104585,54.23840962002564,0.0,0.0,0.0,0.0,8.61363951948804,32.82851108580499,0.0,0.0,8.0,43.0,0.0,30.0,95.0,66.0,0.0,24.0,77.0,98.0,70.0,78.0,32.0,22.0,53.0,36.0,52.0,0.0,43.0,38.0,0.0,0.0,23.0,0.0,35.0,73.0,16.0,33.0,12.0,23.0,25.0,54.0,20.0,39.0,26.0,50.0,0.0,0.0,32.0,46.0,23.0,41.0,0.0,0.0,0.0,0.0,14.0,25.0,0.0,0.0,1.0,5.0,1.0,4.0,11.0,7.0,1.0,3.0,8.0,11.0,8.0,8.0,4.0,3.0,6.0,4.0,6.0,1.0,5.0,4.0,1.0,1.0,3.0,1.0,4.0,8.0,2.0,4.0,2.0,3.0,3.0,6.0,3.0,4.0,3.0,6.0,1.0,1.0,4.0,5.0,3.0,5.0,1.0,1.0,1.0,1.0,2.0,3.0,1.0,1.0,8 %ile,43 %ile,0 %ile,30 %ile,95 %ile,66 %ile,0 %ile,24 %ile,77 %ile,98 %ile,70 %ile,78 %ile,32 %ile,22 %ile,53 %ile,36 %ile,52 %ile,0 %ile,43 %ile,38 %ile,0 %ile,0 %ile,23 %ile,0 %ile,35 %ile,73 %ile,16 %ile,33 %ile,12 %ile,23 %ile,25 %ile,54 %ile,20 %ile,39 %ile,26 %ile,50 %ile,0 %ile,0 %ile,32 %ile,46 %ile,23 %ile,41 %ile,0 %ile,0 %ile,0 %ile,0 %ile,14 %ile,25 %ile,0 %ile,0 %ile,1081960.0,261653.0,0.0,0.0,0.0,0.0,0.364872259103444,0.87482629649963,0.061638538874567,0.0001261213445
280590406003,Mississippi,MS,Jackson County,4,1129.0,1129.0,917.0,602.0,602.0,944.0,947.0,0.702718353778328,1.455825060419043,215.0,0.190434012400354,193.0,0.170947741364039,0.0,0.0,145.0,0.153629712999437,22.0,0.036544850498339,0.0,0.0,0.0,0.0,90.0,0.079716563330381,0.215384615384615,9.17181284153006,56.82627,0.085801256398568,756.0260282,416637.72612561536,276.0,0.458471760797342,0.0,0.206293651894023,0.495603950204656,12.569230220339788,0.0,6.886499881744385,0.0,54.8120315947096,113.55435471268532,22.4869873209065,46.58640193340936,15.45980378312322,32.028151329218936,37.94679110402972,78.6145532626283,25.29786073601981,52.409702175085535,49.8930031182613,103.36357928975202,0.0,0.0,30.91960756624644,64.05630265843787,23.189705674684827,48.04222699382841,64.65008854760619,133.93590555855192,0.0,0.0,29.51417085868978,61.14465253759978,0.0,0.0,26.0,45.0,35.0,32.0,0.0,66.0,71.0,0.0,0.0,17.0,70.0,78.0,32.0,22.0,54.0,36.0,71.0,0.0,44.0,33.0,92.0,0.0,42.0,0.0,54.0,74.0,29.0,34.0,22.0,23.0,43.0,56.0,33.0,40.0,51.0,67.0,0.0,0.0,42.0,48.0,32.0,37.0,62.0,79.0,0.0,0.0,37.0,46.0,0.0,0.0,3.0,5.0,4.0,4.0,1.0,7.0,8.0,1.0,1.0,2.0,8.0,8.0,4.0,3.0,6.0,4.0,8.0,1.0,5.0,4.0,10.0,1.0,5.0,1.0,6.0,8.0,3.0,4.0,3.0,3.0,5.0,6.0,4.0,5.0,6.0,7.0,1.0,1.0,5.0,5.0,4.0,4.0,7.0,8.0,1.0,1.0,4.0,5.0,1.0,1.0,26 %ile,45 %ile,35 %ile,32 %ile,0 %ile,66 %ile,71 %ile,0 %ile,0 %ile,17 %ile,70 %ile,78 %ile,32 %ile,22 %ile,54 %ile,36 %ile,71 %ile,0 %ile,44 %ile,33 %ile,92 %ile,0 %ile,42 %ile,0 %ile,54 %ile,74 %ile,29 %ile,34 %ile,22 %ile,23 %ile,43 %ile,56 %ile,33 %ile,40 %ile,51 %ile,67 %ile,0 %ile,0 %ile,42 %ile,48 %ile,32 %ile,37 %ile,62 %ile,79 %ile,0 %ile,0 %ile,37 %ile,46 %ile,0 %ile,0 %ile,689160.0,0.0,0.0,0.0,0.0,0.0,0.694952098605694,1.083607018991117,0.033327331174158,6.4695511e-05
280590406004,Mississippi,MS,Jackson County,4,927.0,927.0,577.0,420.0,420.0,692.0,786.0,1.347107939860107,1.599541168878362,344.0,0.37108953613808,300.0,0.323624595469256,0.0,0.0,121.0,0.153629712999437,0.0,0.0,23.0,0.039861351819757,101.0,0.108953613807983,155.0,0.167206040992449,0.215384615384615,9.17181284153006,56.82627,0.085800270449288,743.7307105,422210.21878904,0.0,0.0,0.0,0.21433756053215,0.585827040804094,8.126558445657732,0.0,7.132450103759766,0.0,105.07441930908836,124.76421117251226,43.10745407552344,51.18531740410759,29.63637467692236,35.189905715323974,71.39672081258568,84.7756819505532,48.495885834963865,57.58348207962104,0.0,0.0,0.0,0.0,60.61985729370483,71.97935259952631,48.495885834963865,57.58348207962104,117.19839076782932,139.16008169241752,0.0,0.0,60.61985729370483,71.97935259952631,0.0,0.0,58.0,53.0,55.0,59.0,0.0,66.0,0.0,31.0,89.0,53.0,70.0,78.0,32.0,22.0,53.0,36.0,0.0,0.0,45.0,36.0,87.0,0.0,45.0,0.0,75.0,78.0,48.0,38.0,37.0,26.0,64.0,60.0,50.0,44.0,0.0,0.0,0.0,0.0,58.0,53.0,50.0,44.0,78.0,80.0,0.0,0.0,56.0,53.0,0.0,0.0,6.0,6.0,6.0,6.0,1.0,7.0,1.0,4.0,9.0,6.0,8.0,8.0,4.0,3.0,6.0,4.0,1.0,1.0,5.0,4.0,9.0,1.0,5.0,1.0,8.0,8.0,5.0,4.0,4.0,3.0,7.0,7.0,6.0,5.0,1.0,1.0,1.0,1.0,6.0,6.0,6.0,5.0,8.0,9.0,1.0,1.0,6.0,6.0,1.0,1.0,58 %ile,53 %ile,55 %ile,59 %ile,0 %ile,66 %ile,0 %ile,31 %ile,89 %ile,53 %ile,70 %ile,78 %ile,32 %ile,22 %ile,53 %ile,36 %ile,0 %ile,0 %ile,45 %ile,36 %ile,87 %ile,0 %ile,45 %ile,0 %ile,75 %ile,78 %ile,48 %ile,38 %ile,37 %ile,26 %ile,64 %ile,60 %ile,50 %ile,44 %ile,0 %ile,0 %ile,0 %ile,0 %ile,58 %ile,53 %ile,50 %ile,44 %ile,78 %ile,80 %ile,0 %ile,0 %ile,56 %ile,53 %ile,0 %ile,0 %ile,507423.0,0.0,0.0,0.0,0.0,1.0,1.332546452904986,1.044485771235933,0.030516911460828,4.7634715e-05
280590406005,Mississippi,MS,Jackson County,4,1587.0,1587.0,967.0,561.0,604.0,1002.0,1146.0,0.319636429164748,1.391931046945666,206.0,0.129804662885948,77.0,0.048519218651544,0.0,0.0,176.0,0.153629712999437,15.0,0.026737967914439,39.0,0.040330920372285,77.0,0.048519218651544,32.0,0.020163831127914,0.215384615384615,9.17181284153006,56.82627,0.085703068035904,708.4294312,318385.4648934977,0.0,0.0,0.0,0.112936833459119,0.47269300859346,0.0,0.0,5.403160095214844,0.0,24.931641474850327,108.57062166176193,10.228365733271929,44.541793502261314,7.032001441624451,30.62248303280465,16.621094316566882,72.38041444117462,9.90872930410718,43.14986245531565,0.0,0.0,0.0,0.0,11.187275020766172,48.71758664309832,10.548002162436676,45.93372454920698,0.0,0.0,0.0,0.0,8.63018358744819,37.582138267532976,0.0,0.0,6.0,40.0,26.0,8.0,0.0,66.0,67.0,31.0,51.0,3.0,70.0,78.0,32.0,22.0,52.0,31.0,0.0,0.0,35.0,33.0,0.0,0.0,27.0,0.0,31.0,71.0,14.0,33.0,10.0,22.0,21.0,52.0,15.0,33.0,0.0,0.0,0.0,0.0,30.0,39.0,20.0,35.0,0.0,0.0,0.0,0.0,14.0,29.0,0.0,0.0,1.0,5.0,3.0,1.0,1.0,7.0,7.0,4.0,6.0,1.0,8.0,8.0,4.0,3.0,6.0,4.0,1.0,1.0,4.0,4.0,1.0,1.0,3.0,1.0,4.0,8.0,2.0,4.0,2.0,3.0,3.0,6.0,2.0,4.0,1.0,1.0,1.0,1.0,4.0,4.0,3.0,4.0,1.0,1.0,1.0,1.0,2.0,3.0,1.0,1.0,6 %ile,40 %ile,26 %ile,8 %ile,0 %ile,66 %ile,67 %ile,31 %ile,51 %ile,3 %ile,70 %ile,78 %ile,32 %ile,22 %ile,52 %ile,31 %ile,0 %ile,0 %ile,35 %ile,33 %ile,0 %ile,0 %ile,27 %ile,0 %ile,31 %ile,71 %ile,14 %ile,33 %ile,10 %ile,22 %ile,21 %ile,52 %ile,15 %ile,33 %ile,0 %ile,0 %ile,0 %ile,0 %ile,30 %ile,39 %ile,20 %ile,35 %ile,0 %ile,0 %ile,0 %ile,0 %ile,14 %ile,29 %ile,0 %ile,0 %ile,1081956.0,328485.0,0.0,0.0,0.0,0.0,0.318441986758042,0.978374815109975,0.046902856261774,0.000132391453
280590407011,Mississippi,MS,Jackson County,4,1861.0,1793.0,1191.0,636.0,663.0,1573.0,1769.0,1.212569758210608,1.968809826963168,780.0,0.419129500268673,419.0,0.233686558839933,54.0,0.050420168067227,353.0,0.19941113490364,0.0,0.0,158.0,0.132661628883291,144.0,0.077377753895755,265.0,0.142396560988716,0.245128205128205,9.187712295081973,56.54137,0.095749143769429,1318.327435,278328.18598575925,112.0,0.168929110105581,0.0,0.182779299566973,0.457683795309966,1.865154422096784,3.049993989459573,3.804529666900635,0.689017951425554,94.58044114042744,153.5671665031271,36.37709274631825,59.06429480889505,31.526813713475818,51.189055501042375,77.60446452547893,126.00382892564276,35.16452298810764,57.09548498193188,54.565639119477375,88.59644221334257,0.0,0.0,50.92792984484555,82.69001273245307,38.802232262739466,63.001914462821375,73.9667552508471,120.09739944475326,33.95195322989703,55.12667515496871,14.5508370985273,23.625717923558017,92.15530162400624,149.62954684920075,52.0,72.0,59.0,44.0,60.0,85.0,0.0,68.0,75.0,42.0,89.0,78.0,30.0,26.0,64.0,29.0,45.0,0.0,42.0,32.0,61.0,28.0,12.0,76.0,71.0,87.0,43.0,43.0,39.0,39.0,67.0,79.0,41.0,44.0,54.0,59.0,0.0,0.0,54.0,59.0,44.0,48.0,65.0,74.0,39.0,40.0,22.0,18.0,85.0,89.0,6.0,8.0,6.0,5.0,7.0,9.0,1.0,7.0,8.0,5.0,9.0,8.0,4.0,3.0,7.0,3.0,5.0,1.0,5.0,4.0,7.0,3.0,2.0,8.0,8.0,9.0,5.0,5.0,4.0,4.0,7.0,8.0,5.0,5.0,6.0,6.0,1.0,1.0,6.0,6.0,5.0,5.0,7.0,8.0,4.0,5.0,3.0,2.0,9.0,9.0,52 %ile,72 %ile,59 %ile,44 %ile,60 %ile,85 %ile,0 %ile,68 %ile,75 %ile,42 %ile,89 %ile,78 %ile,30 %ile,26 %ile,64 %ile,29 %ile,45 %ile,0 %ile,42 %ile,32 %ile,61 %ile,28 %ile,12 %ile,76 %ile,71 %ile,87 %ile,43 %ile,43 %ile,39 %ile,39 %ile,67 %ile,79 %ile,41 %ile,44 %ile,54 %ile,59 %ile,0 %ile,0 %ile,54 %ile,59 %ile,44 %ile,48 %ile,65 %ile,74 %ile,39 %ile,40 %ile,22 %ile,18 %ile,85 %ile,89 %ile,11652718.0,2147.0,0.0,0.0,1.0,2.0,1.204070120283758,1.42871227599359,0.154702653470985,0.0010942231445
280590407012,Mississippi,MS,Jackson County,4,1982.0,1970.0,1609.0,762.0,762.0,1701.0,1967.0,0.488477789248371,1.678450616195316,423.0,0.213420787083754,126.0,0.063959390862944,11.0,0.012761020881671,392.0,0.19941113490364,0.0,0.0,90.0,0.055935363579863,0.0,0.0,451.0,0.227547931382442,0.245128205128205,9.187712295081973,56.54137,0.088143455220416,913.2290654,278693.6494720437,4.0,0.005249343832021,0.0,0.088832938514696,0.803877563739272,4.638552836819425,0.0,4.795253753662109,0.0,38.101267561372914,130.91914806323464,14.65433367745112,50.35351848585948,11.234989152712526,38.60436417249226,27.843233987157127,95.67168512313299,14.165855888202753,48.67506786966417,7.32716683872556,25.17675924292974,0.0,0.0,14.65433367745112,50.35351848585948,20.0275893591832,68.81647526400796,38.101267561372914,130.91914806323464,0.0,0.0,10.258033574215784,35.24746294010164,0.0,0.0,14.0,58.0,38.0,10.0,28.0,85.0,0.0,40.0,0.0,73.0,89.0,78.0,30.0,23.0,57.0,29.0,15.0,0.0,30.0,41.0,78.0,0.0,21.0,0.0,43.0,80.0,20.0,37.0,16.0,29.0,33.0,66.0,21.0,37.0,17.0,20.0,0.0,0.0,32.0,40.0,29.0,52.0,48.0,78.0,0.0,0.0,16.0,27.0,0.0,0.0,2.0,6.0,4.0,2.0,3.0,9.0,1.0,5.0,1.0,8.0,9.0,8.0,4.0,3.0,6.0,3.0,2.0,1.0,4.0,5.0,8.0,1.0,3.0,1.0,5.0,9.0,3.0,4.0,2.0,3.0,4.0,7.0,3.0,4.0,2.0,3.0,1.0,1.0,4.0,5.0,3.0,6.0,5.0,8.0,1.0,1.0,2.0,3.0,1.0,1.0,14 %ile,58 %ile,38 %ile,10 %ile,28 %ile,85 %ile,0 %ile,40 %ile,0 %ile,73 %ile,89 %ile,78 %ile,30 %ile,23 %ile,57 %ile,29 %ile,15 %ile,0 %ile,30 %ile,41 %ile,78 %ile,0 %ile,21 %ile,0 %ile,43 %ile,80 %ile,20 %ile,37 %ile,16 %ile,29 %ile,33 %ile,66 %ile,21 %ile,37 %ile,17 %ile,20 %ile,0 %ile,0 %ile,32 %ile,40 %ile,29 %ile,52 %ile,48 %ile,78 %ile,0 %ile,0 %ile,16 %ile,27 %ile,0 %ile,0 %ile,3327972.0,139085.0,0.0,0.0,0.0,1.0,0.48746721783884,1.13264135863681,0.093932043031762,0.000325459567
280590407021,Mississippi,MS,Jackson County,4,2529.0,2462.0,1923.0,1046.0,1140.0,2170.0,2725.0,0.513178590031843,1.572072567922675,463.0,0.183076314748913,234.0,0.095044679122664,93.0,0.0744,488.0,0.179186102621843,0.0,0.0,28.0,0.014560582423297,98.0,0.038750494266508,423.0,0.167259786476868,0.245128205128205,9.197663934426227,56.48339,0.09443915211572,1099.682945,362205.7131571052,36.0,0.031578947368421,0.0,0.265888566823331,1.135450267813704,1.261058053687628,1.685793066481326,3.961245059967041,0.606394707828004,40.02793002248374,122.62166029796865,15.395357700955282,47.16217703768024,13.342643340827912,40.873886765989546,31.30389399194241,95.89642664328316,17.44807206108265,53.45046730937094,11.28992898070054,34.58559649429885,0.0,0.0,25.14575091156029,77.03155582821107,24.119393731496608,73.88741069236573,28.22482245175135,86.4639912357471,12.316286160764223,37.7297416301442,7.184500260445798,22.009015950917448,39.001572842420046,119.47751516212328,15.0,52.0,34.0,17.0,73.0,78.0,0.0,15.0,42.0,53.0,89.0,78.0,30.0,26.0,61.0,34.0,22.0,0.0,49.0,47.0,55.0,24.0,14.0,76.0,44.0,77.0,21.0,35.0,19.0,31.0,37.0,66.0,25.0,41.0,19.0,26.0,0.0,0.0,38.0,55.0,33.0,55.0,41.0,60.0,17.0,28.0,12.0,16.0,76.0,83.0,2.0,6.0,4.0,2.0,8.0,8.0,1.0,2.0,5.0,6.0,9.0,8.0,4.0,3.0,7.0,4.0,3.0,1.0,5.0,5.0,6.0,3.0,2.0,8.0,5.0,8.0,3.0,4.0,2.0,4.0,4.0,7.0,3.0,5.0,2.0,3.0,1.0,1.0,4.0,6.0,4.0,6.0,5.0,7.0,2.0,3.0,2.0,2.0,8.0,9.0,15 %ile,52 %ile,34 %ile,17 %ile,73 %ile,78 %ile,0 %ile,15 %ile,42 %ile,53 %ile,89 %ile,78 %ile,30 %ile,26 %ile,61 %ile,34 %ile,22 %ile,0 %ile,49 %ile,47 %ile,55 %ile,24 %ile,14 %ile,76 %ile,44 %ile,77 %ile,21 %ile,35 %ile,19 %ile,31 %ile,37 %ile,66 %ile,25 %ile,41 %ile,19 %ile,26 %ile,0 %ile,0 %ile,38 %ile,55 %ile,33 %ile,55 %ile,41 %ile,60 %ile,17 %ile,28 %ile,12 %ile,16 %ile,76 %ile,83 %ile,4894935.0,0.0,0.0,1.0,0.0,1.0,0.509889701129516,1.02686935299289,0.197512369516398,0.0004595977905
280590407022,Mississippi,MS,Jackson County,4,1032.0,997.0,676.0,435.0,477.0,811.0,761.0,0.930704380598396,1.746041397593435,240.0,0.232558139534884,239.0,0.239719157472417,12.0,0.024291497975708,136.0,0.179186102621843,0.0,0.0,25.0,0.03698224852071,91.0,0.088178294573643,145.0,0.140503875968992,0.245128205128205,9.197663934426227,56.48339,0.112101161263591,840.0506176999999,569346.2639419507,55.0,0.115303983228512,0.0,0.201947441886225,1.568524313713569,12.286110776174445,0.0,6.416785717010498,0.0,72.59494168667484,136.19122901228795,27.921131417951862,52.38124192780305,30.713244559747054,57.619366120583365,52.119445313510155,97.77831826523236,39.089583985132606,73.3337386989243,35.36676646273903,66.34957310855054,0.0,0.0,40.950992746329405,76.82582149411115,50.25803655231336,94.28623547004547,84.69409863445398,158.8897671810026,0.0,0.0,34.43606208214064,64.6035317109571,0.0,0.0,39.0,62.0,41.0,45.0,39.0,78.0,0.0,29.0,81.0,42.0,89.0,78.0,30.0,33.0,56.0,42.0,38.0,0.0,44.0,54.0,91.0,0.0,37.0,0.0,63.0,82.0,35.0,38.0,38.0,44.0,53.0,67.0,44.0,55.0,40.0,45.0,0.0,0.0,48.0,55.0,51.0,66.0,69.0,85.0,0.0,0.0,41.0,48.0,0.0,0.0,4.0,7.0,5.0,5.0,4.0,8.0,1.0,3.0,9.0,5.0,9.0,8.0,4.0,4.0,6.0,5.0,4.0,1.0,5.0,6.0,10.0,1.0,4.0,1.0,7.0,9.0,4.0,4.0,4.0,5.0,6.0,7.0,5.0,6.0,5.0,5.0,1.0,1.0,5.0,6.0,6.0,7.0,7.0,9.0,1.0,1.0,5.0,5.0,1.0,1.0,39 %ile,62 %ile,41 %ile,45 %ile,39 %ile,78 %ile,0 %ile,29 %ile,81 %ile,42 %ile,89 %ile,78 %ile,30 %ile,33 %ile,56 %ile,42 %ile,38 %ile,0 %ile,44 %ile,54 %ile,91 %ile,0 %ile,37 %ile,0 %ile,63 %ile,82 %ile,35 %ile,38 %ile,38 %ile,44 %ile,53 %ile,67 %ile,44 %ile,55 %ile,40 %ile,45 %ile,0 %ile,0 %ile,48 %ile,55 %ile,51 %ile,66 %ile,69 %ile,85 %ile,0 %ile,0 %ile,41 %ile,48 %ile,0 %ile,0 %ile,1594619.0,0.0,0.0,0.0,0.0,2.0,0.919354093414372,1.200214853186098,0.062645135701058,0.00014970657
280590407023,Mississippi,MS,Jackson County,4,2837.0,2773.0,1722.0,1019.0,1063.0,2266.0,2732.0,1.198613108353968,1.833179175295832,1010.0,0.356009869580543,750.0,0.270465200144248,67.0,0.056302521008403,489.0,0.179186102621843,44.0,0.043179587831207,42.0,0.024390243902439,12.0,0.00422982023264,563.0,0.198449065914699,0.245128205128205,9.197663934426227,56.48339,0.085388890212282,1073.735593,307802.4165208971,30.0,0.028222013170273,0.0,0.097371060049433,0.734711324798546,3.635182473492129,0.094449523814424,4.546253681182861,0.0,93.49182245160947,142.98797567307483,35.95839325061903,54.995375258874944,26.36948838378729,40.329941856508285,73.11539960959203,111.82392969304571,37.157006358973,56.828554434170776,25.17087527543332,38.49676268121246,0.0,0.0,37.157006358973,56.828554434170776,46.74591122580473,71.49398783653743,87.49875690983964,133.8220797965957,17.979196625309516,27.497687629437472,22.773649058725383,34.8304043306208,0.0,0.0,52.0,66.0,54.0,51.0,64.0,78.0,73.0,22.0,13.0,64.0,89.0,78.0,30.0,22.0,61.0,31.0,21.0,0.0,31.0,39.0,73.0,15.0,19.0,0.0,71.0,84.0,42.0,40.0,34.0,30.0,65.0,74.0,42.0,43.0,31.0,28.0,0.0,0.0,46.0,44.0,49.0,53.0,70.0,79.0,24.0,20.0,31.0,27.0,0.0,0.0,6.0,7.0,6.0,6.0,7.0,8.0,8.0,3.0,2.0,7.0,9.0,8.0,4.0,3.0,7.0,4.0,3.0,1.0,4.0,4.0,8.0,2.0,2.0,1.0,8.0,9.0,5.0,5.0,4.0,4.0,7.0,8.0,5.0,5.0,4.0,3.0,1.0,1.0,5.0,5.0,5.0,6.0,8.0,8.0,3.0,3.0,4.0,3.0,1.0,1.0,52 %ile,66 %ile,54 %ile,51 %ile,64 %ile,78 %ile,73 %ile,22 %ile,13 %ile,64 %ile,89 %ile,78 %ile,30 %ile,22 %ile,61 %ile,31 %ile,21 %ile,0 %ile,31 %ile,39 %ile,73 %ile,15 %ile,19 %ile,0 %ile,71 %ile,84 %ile,42 %ile,40 %ile,34 %ile,30 %ile,65 %ile,74 %ile,42 %ile,43 %ile,31 %ile,28 %ile,0 %ile,0 %ile,46 %ile,44 %ile,49 %ile,53 %ile,70 %ile,79 %ile,24 %ile,20 %ile,31 %ile,27 %ile,0 %ile,0 %ile,3436956.0,0.0,0.0,0.0,0.0,1.0,1.187055062858232,1.502702399632701,0.088004109745179,0.000322670685
280590408011,Mississippi,MS,Jackson County,4,829.0,829.0,770.0,573.0,691.0,819.0,1806.0,1.055699877439221,2.271498884003645,367.0,0.44270205066345,125.0,0.150784077201448,0.0,0.0,610.0,0.337829158638407,0.0,0.0,120.0,0.155844155844156,0.0,0.0,260.0,0.313630880579011,0.224615384615385,9.18975546448087,56.12881,0.113860065366193,2204.240652,289184.5828900786,12.0,0.017366136034732,0.0,0.287696333569118,0.461301694875205,3.182003650763995,13.254481651667986,4.030432224273682,0.218571428571429,82.34459044025921,177.1769129522843,29.559596568298183,63.601968752102074,34.83809595549429,74.9594631721203,78.12179093050234,168.09091741626975,31.670996323176624,68.14496652010935,19.002597793905974,40.886979912065605,0.0,0.0,53.84069374940026,115.8464430841859,33.782396078055065,72.68796428811665,74.95469129818467,161.2764207642588,40.116595342690395,86.31695759213852,14.779798284149091,31.800984376051037,78.12179093050234,168.09091741626975,45.0,83.0,61.0,28.0,0.0,99.0,0.0,74.0,0.0,89.0,78.0,78.0,28.0,33.0,74.0,30.0,18.0,0.0,51.0,32.0,71.0,38.0,14.0,74.0,67.0,92.0,37.0,47.0,41.0,56.0,68.0,89.0,38.0,51.0,26.0,30.0,0.0,0.0,55.0,73.0,41.0,54.0,66.0,86.0,44.0,61.0,22.0,24.0,83.0,91.0,5.0,9.0,7.0,3.0,1.0,11.0,1.0,8.0,1.0,9.0,8.0,8.0,3.0,4.0,8.0,4.0,2.0,1.0,6.0,4.0,8.0,4.0,2.0,8.0,7.0,10.0,4.0,5.0,5.0,6.0,7.0,9.0,4.0,6.0,3.0,4.0,1.0,1.0,6.0,8.0,5.0,6.0,7.0,9.0,5.0,7.0,3.0,3.0,9.0,10.0,45 %ile,83 %ile,61 %ile,28 %ile,0 %ile,99 %ile,0 %ile,74 %ile,0 %ile,89 %ile,78 %ile,78 %ile,28 %ile,33 %ile,74 %ile,30 %ile,18 %ile,0 %ile,51 %ile,32 %ile,71 %ile,38 %ile,14 %ile,74 %ile,67 %ile,92 %ile,37 %ile,47 %ile,41 %ile,56 %ile,68 %ile,89 %ile,38 %ile,51 %ile,26 %ile,30 %ile,0 %ile,0 %ile,55 %ile,73 %ile,41 %ile,54 %ile,66 %ile,86 %ile,44 %ile,61 %ile,22 %ile,24 %ile,83 %ile,91 %ile,28645271.0,35702.0,0.0,0.0,1.0,4.0,1.052511832950595,1.67989026370133,0.2418981761734,0.002692590348999
280590408012,Mississippi,MS,Jackson County,4,2311.0,2271.0,1272.0,458.0,511.0,1431.0,1308.0,1.644522965949608,2.601173663463388,924.0,0.399826914755517,979.0,0.431087626596213,65.0,0.077844311377246,442.0,0.337829158638407,0.0,0.0,248.0,0.19496855345912,301.0,0.130246646473388,132.0,0.05711813067936,0.224615384615385,9.18975546448087,56.12881,0.078248300721022,2414.341876,179994.7461089899,150.0,0.293542074363992,0.0,0.208337385236364,0.662261675874285,1.019796902664512,12.850905458666356,3.196885585784912,,128.2727913440694,202.8915457501442,46.04664304658902,72.83286257697485,31.24593635304255,49.42229960580436,123.33922244622057,195.0880247597541,37.82402821684098,59.82699425965792,95.38233202507726,150.86807248087646,0.0,0.0,72.35901050178275,114.45164119238903,62.4918727060851,98.84459921160872,85.51519422937962,135.26103050009615,62.4918727060851,98.84459921160872,13.156183727596863,20.8093893077071,,,68.0,91.0,58.0,74.0,74.0,99.0,0.0,81.0,94.0,10.0,78.0,78.0,28.0,19.0,75.0,23.0,58.0,0.0,44.0,38.0,52.0,38.0,8.0,,81.0,95.0,50.0,53.0,38.0,38.0,82.0,93.0,43.0,46.0,74.0,84.0,0.0,0.0,64.0,73.0,58.0,68.0,69.0,79.0,59.0,67.0,20.0,15.0,,,7.0,10.0,6.0,8.0,8.0,11.0,1.0,9.0,10.0,2.0,8.0,8.0,3.0,2.0,8.0,3.0,6.0,1.0,5.0,4.0,6.0,4.0,1.0,,9.0,11.0,6.0,6.0,4.0,4.0,9.0,10.0,5.0,5.0,8.0,9.0,1.0,1.0,7.0,8.0,6.0,7.0,7.0,8.0,6.0,7.0,3.0,2.0,,,68 %ile,91 %ile,58 %ile,74 %ile,74 %ile,99 %ile,0 %ile,81 %ile,94 %ile,10 %ile,78 %ile,78 %ile,28 %ile,19 %ile,75 %ile,23 %ile,58 %ile,0 %ile,44 %ile,38 %ile,52 %ile,38 %ile,8 %ile,,81 %ile,95 %ile,50 %ile,53 %ile,38 %ile,38 %ile,82 %ile,93 %ile,43 %ile,46 %ile,74 %ile,84 %ile,0 %ile,0 %ile,64 %ile,73 %ile,58 %ile,68 %ile,69 %ile,79 %ile,59 %ile,67 %ile,20 %ile,15 %ile,,,37166044.0,513600.0,0.0,1.0,2.0,3.0,1.623866666428674,2.007805715051385,0.306523306711776,0.003539216962
280590408021,Mississippi,MS,Jackson County,4,1221.0,1221.0,775.0,412.0,426.0,885.0,1542.0,1.569108443412371,2.403252615870343,410.0,0.335790335790336,540.0,0.442260442260442,32.0,0.05,366.0,0.237189891027127,18.0,0.04368932038835,166.0,0.214193548387097,56.0,0.045864045864046,101.0,0.082719082719083,0.224615384615385,9.17469863387978,55.84089,0.131063104638258,4129.798223,110218.85761216946,0.0,0.0,0.0,0.203498749319783,0.267201164999401,2.081843883773979,26.50763180411852,2.462825059890747,0.0,122.39045858616493,187.4537040378868,40.79681952872165,62.48456801262893,62.76433773649484,96.13010463481373,131.80510924663915,201.87321973310884,28.24395198142268,43.25854708566617,0.0,0.0,0.0,0.0,69.04077151014432,105.7431150982951,40.79681952872165,62.48456801262893,98.85383193497935,151.40491479983163,69.04077151014432,105.7431150982951,4.707325330237113,7.20975784761103,0.0,0.0,65.0,87.0,52.0,75.0,60.0,93.0,73.0,84.0,49.0,18.0,78.0,78.0,26.0,40.0,84.0,18.0,0.0,0.0,44.0,26.0,63.0,44.0,3.0,0.0,79.0,93.0,46.0,46.0,58.0,68.0,84.0,94.0,35.0,33.0,0.0,0.0,0.0,0.0,62.0,69.0,46.0,47.0,74.0,84.0,63.0,70.0,8.0,5.0,0.0,0.0,7.0,9.0,6.0,8.0,7.0,10.0,8.0,9.0,5.0,2.0,8.0,8.0,3.0,5.0,9.0,2.0,1.0,1.0,5.0,3.0,7.0,5.0,1.0,1.0,8.0,10.0,5.0,5.0,6.0,7.0,9.0,10.0,4.0,4.0,1.0,1.0,1.0,1.0,7.0,7.0,5.0,5.0,8.0,9.0,7.0,8.0,1.0,1.0,1.0,1.0,65 %ile,87 %ile,52 %ile,75 %ile,60 %ile,93 %ile,73 %ile,84 %ile,49 %ile,18 %ile,78 %ile,78 %ile,26 %ile,40 %ile,84 %ile,18 %ile,0 %ile,0 %ile,44 %ile,26 %ile,63 %ile,44 %ile,3 %ile,0 %ile,79 %ile,93 %ile,46 %ile,46 %ile,58 %ile,68 %ile,84 %ile,94 %ile,35 %ile,33 %ile,0 %ile,0 %ile,0 %ile,0 %ile,62 %ile,69 %ile,46 %ile,47 %ile,74 %ile,84 %ile,63 %ile,70 %ile,8 %ile,5 %ile,0 %ile,0 %ile,1504890.0,90030.0,0.0,0.0,1.0,3.0,1.546925035260409,2.06539481826292,0.064429510409937,0.0001498024005
280590408022,Mississippi,MS,Jackson County,4,1839.0,1789.0,1315.0,633.0,773.0,1599.0,1461.0,1.917520731524252,2.275807413756678,882.0,0.479608482871126,883.0,0.49357182783678,67.0,0.088042049934297,346.0,0.237189891027127,36.0,0.056872037914692,128.0,0.097338403041825,0.0,0.0,495.0,0.269168026101142,0.224615384615385,9.17469863387978,55.84089,0.130047714339038,4382.491824,141424.05913735076,27.0,0.034928848641656,0.0,0.368244859234586,0.430617980057195,0.779772129396958,34.877939539752525,3.11120867729187,0.0,149.5666170588916,177.5129782730209,49.85553901963054,59.17099275767363,76.70082926097007,91.03229655026712,161.07174144803713,191.16782275556096,40.26793536200928,47.79195568889024,44.10297682505779,52.3435705164036,0.0,0.0,107.38116096535808,127.44521517037398,59.4431426772518,70.55002982645702,93.95851584468832,111.51456327407725,88.20595365011557,104.6871410328072,13.42264512066976,15.930651896296748,0.0,0.0,75.0,83.0,64.0,80.0,78.0,93.0,77.0,58.0,0.0,83.0,78.0,78.0,26.0,40.0,84.0,21.0,23.0,0.0,56.0,31.0,49.0,46.0,7.0,0.0,86.0,92.0,53.0,43.0,64.0,65.0,89.0,93.0,44.0,36.0,47.0,37.0,0.0,0.0,75.0,77.0,56.0,53.0,72.0,71.0,71.0,70.0,20.0,11.0,0.0,0.0,8.0,9.0,7.0,9.0,8.0,10.0,8.0,6.0,1.0,9.0,8.0,8.0,3.0,5.0,9.0,3.0,3.0,1.0,6.0,4.0,5.0,5.0,1.0,1.0,9.0,10.0,6.0,5.0,7.0,7.0,9.0,10.0,5.0,4.0,5.0,4.0,1.0,1.0,8.0,8.0,6.0,6.0,8.0,8.0,8.0,8.0,3.0,2.0,1.0,1.0,75 %ile,83 %ile,64 %ile,80 %ile,78 %ile,93 %ile,77 %ile,58 %ile,0 %ile,83 %ile,78 %ile,78 %ile,26 %ile,40 %ile,84 %ile,21 %ile,23 %ile,0 %ile,56 %ile,31 %ile,49 %ile,46 %ile,7 %ile,0 %ile,86 %ile,92 %ile,53 %ile,43 %ile,64 %ile,65 %ile,89 %ile,93 %ile,44 %ile,36 %ile,47 %ile,37 %ile,0 %ile,0 %ile,75 %ile,77 %ile,56 %ile,53 %ile,72 %ile,71 %ile,71 %ile,70 %ile,20 %ile,11 %ile,0 %ile,0 %ile,6994099.0,1067216.0,0.0,0.0,2.0,2.0,1.894161369141188,1.988244300746274,0.165748685300812,0.0007571879005
280590408023,Mississippi,MS,Jackson County,4,1269.0,1269.0,1170.0,717.0,766.0,1170.0,1310.0,1.37327302509724,1.977974892427774,515.0,0.405831363278172,395.0,0.311268715524035,185.0,0.297906602254428,311.0,0.237189891027127,0.0,0.0,99.0,0.084615384615385,11.0,0.008668242710796,306.0,0.24113475177305,0.224615384615385,9.17469863387978,55.84089,0.132792650407052,3917.934976,193106.81445545607,27.0,0.035248041775457,0.0,0.284102388527334,0.276916428158659,1.165086320754673,28.255900487049608,3.969506740570068,0.0,107.11529595758476,154.2820416093664,35.70509865252825,51.427347203122125,56.304194028986856,81.09697058953871,113.98166108307096,164.17191607150525,32.95855260233377,47.47139741826658,31.585279577236527,45.4934225258388,0.0,0.0,70.03692427995927,100.87671951381648,35.70509865252825,51.427347203122125,74.15674335525098,106.8106441910998,61.79728612937583,89.00887015924982,19.22582235136137,27.69164849398884,0.0,0.0,59.0,73.0,58.0,57.0,98.0,93.0,0.0,53.0,15.0,77.0,78.0,78.0,26.0,41.0,83.0,24.0,23.0,0.0,51.0,26.0,54.0,45.0,14.0,0.0,75.0,87.0,42.0,38.0,55.0,60.0,80.0,88.0,39.0,36.0,37.0,33.0,0.0,0.0,63.0,67.0,42.0,39.0,65.0,69.0,59.0,62.0,27.0,21.0,0.0,0.0,6.0,8.0,6.0,6.0,11.0,10.0,1.0,6.0,2.0,8.0,8.0,8.0,3.0,5.0,9.0,3.0,3.0,1.0,6.0,3.0,6.0,5.0,2.0,1.0,8.0,9.0,5.0,4.0,6.0,7.0,9.0,9.0,4.0,4.0,4.0,4.0,1.0,1.0,7.0,7.0,5.0,4.0,7.0,7.0,6.0,7.0,3.0,3.0,1.0,1.0,59 %ile,73 %ile,58 %ile,57 %ile,98 %ile,93 %ile,0 %ile,53 %ile,15 %ile,77 %ile,78 %ile,78 %ile,26 %ile,41 %ile,83 %ile,24 %ile,23 %ile,0 %ile,51 %ile,26 %ile,54 %ile,45 %ile,14 %ile,0 %ile,75 %ile,87 %ile,42 %ile,38 %ile,55 %ile,60 %ile,80 %ile,88 %ile,39 %ile,36 %ile,37 %ile,33 %ile,0 %ile,0 %ile,63 %ile,67 %ile,42 %ile,39 %ile,65 %ile,69 %ile,59 %ile,62 %ile,27 %ile,21 %ile,0 %ile,0 %ile,5518636.0,46883.0,0.0,0.0,1.0,2.0,1.359919461820975,1.406447839970612,0.104973198327806,0.000522664244
280590409011,Mississippi,MS,Jackson County,4,1636.0,1636.0,1050.0,660.0,660.0,1252.0,1308.0,0.660147777106922,1.31675304481094,567.0,0.346577017114914,77.0,0.047066014669927,32.0,0.039167686658507,201.0,0.153532608695652,0.0,0.0,37.0,0.035238095238095,121.0,0.073960880195599,191.0,0.116748166259169,0.212307692307692,9.06521174863388,57.14874,0.06195231943769,1980.406066,88371.89850110476,0.0,0.0,0.0,0.177331718711798,0.296100591625964,0.0,5.485563710327946,1.83519446849823,0.0,50.17123106012608,100.0732314056314,21.784876644528428,43.45285047876101,8.581921102389988,17.117789582542215,47.53063995169839,94.80621922638765,10.562364433710751,21.068048716975035,0.0,0.0,0.0,0.0,27.726206638490726,55.303627882059466,17.823989981886896,35.55233220989537,0.0,0.0,20.464581090314585,40.819344389139125,0.660147777106922,1.31675304481094,0.0,0.0,23.0,36.0,53.0,7.0,52.0,66.0,0.0,28.0,73.0,31.0,68.0,76.0,33.0,13.0,72.0,16.0,0.0,0.0,42.0,27.0,0.0,31.0,1.0,0.0,51.0,67.0,28.0,32.0,12.0,11.0,50.0,66.0,16.0,14.0,0.0,0.0,0.0,0.0,40.0,43.0,27.0,27.0,0.0,0.0,26.0,30.0,2.0,1.0,0.0,0.0,3.0,4.0,6.0,1.0,6.0,7.0,1.0,3.0,8.0,4.0,7.0,8.0,4.0,2.0,8.0,2.0,1.0,1.0,5.0,3.0,1.0,4.0,1.0,1.0,6.0,7.0,3.0,4.0,2.0,2.0,6.0,7.0,2.0,2.0,1.0,1.0,1.0,1.0,5.0,5.0,3.0,3.0,1.0,1.0,3.0,4.0,1.0,1.0,1.0,1.0,23 %ile,36 %ile,53 %ile,7 %ile,52 %ile,66 %ile,0 %ile,28 %ile,73 %ile,31 %ile,68 %ile,76 %ile,33 %ile,13 %ile,72 %ile,16 %ile,0 %ile,0 %ile,42 %ile,27 %ile,0 %ile,31 %ile,1 %ile,0 %ile,51 %ile,67 %ile,28 %ile,32 %ile,12 %ile,11 %ile,50 %ile,66 %ile,16 %ile,14 %ile,0 %ile,0 %ile,0 %ile,0 %ile,40 %ile,43 %ile,27 %ile,27 %ile,0 %ile,0 %ile,26 %ile,30 %ile,2 %ile,1 %ile,0 %ile,0 %ile,5867027.0,2079821.0,0.0,0.0,0.0,0.0,0.661930517990518,0.766155398800241,0.188428905044851,0.0007456448065
280590409012,Mississippi,MS,Jackson County,4,2749.0,2749.0,1797.0,1078.0,1135.0,1967.0,2297.0,0.550264919092969,1.242429786518612,918.0,0.333939614405238,24.0,0.008730447435431,0.0,0.0,353.0,0.153532608695652,0.0,0.0,23.0,0.012799109627156,203.0,0.073845034558021,163.0,0.059294288832303,0.212307692307692,9.06521174863388,57.14874,0.068036039946921,1484.066439,148380.43539496354,0.0,0.0,0.0,0.149615974581528,0.357935525781458,0.0,3.661721324819289,1.322114825248718,0.0,41.820133851065656,94.4246637754145,18.15874233006798,41.00018295511419,8.253973786394537,18.636446797779172,36.867749579228935,83.242795696747,11.555563300952352,26.09102551689085,0.0,0.0,0.0,0.0,21.4603318446258,48.45476167422586,15.957682653696104,36.03046380903975,0.0,0.0,15.957682653696104,36.03046380903975,0.0,0.0,0.0,0.0,17.0,31.0,52.0,2.0,0.0,66.0,0.0,14.0,73.0,11.0,68.0,76.0,33.0,15.0,67.0,21.0,0.0,0.0,39.0,29.0,0.0,29.0,0.0,0.0,46.0,64.0,24.0,30.0,12.0,12.0,42.0,59.0,17.0,18.0,0.0,0.0,0.0,0.0,35.0,39.0,25.0,27.0,0.0,0.0,21.0,26.0,0.0,0.0,0.0,0.0,2.0,4.0,6.0,1.0,1.0,7.0,1.0,2.0,8.0,2.0,7.0,8.0,4.0,2.0,7.0,3.0,1.0,1.0,4.0,3.0,1.0,3.0,1.0,1.0,5.0,7.0,3.0,4.0,2.0,2.0,5.0,6.0,2.0,2.0,1.0,1.0,1.0,1.0,4.0,4.0,3.0,3.0,1.0,1.0,3.0,3.0,1.0,1.0,1.0,1.0,17 %ile,31 %ile,52 %ile,2 %ile,0 %ile,66 %ile,0 %ile,14 %ile,73 %ile,11 %ile,68 %ile,76 %ile,33 %ile,15 %ile,67 %ile,21 %ile,0 %ile,0 %ile,39 %ile,29 %ile,0 %ile,29 %ile,0 %ile,0 %ile,46 %ile,64 %ile,24 %ile,30 %ile,12 %ile,12 %ile,42 %ile,59 %ile,17 %ile,18 %ile,0 %ile,0 %ile,0 %ile,0 %ile,35 %ile,39 %ile,25 %ile,27 %ile,0 %ile,0 %ile,21 %ile,26 %ile,0 %ile,0 %ile,0 %ile,0 %ile,8480512.0,25502283.0,0.0,0.0,0.0,0.0,0.554190074974239,0.689889208525789,0.454661086365314,0.003188340582
280590409013,Mississippi,MS,Jackson County,4,1005.0,1005.0,914.0,374.0,484.0,914.0,1547.0,1.969250193021092,1.919134969151588,472.0,0.469651741293532,525.0,0.522388059701492,266.0,0.52156862745098,238.0,0.153532608695652,0.0,0.0,116.0,0.12691466083151,0.0,0.0,231.0,0.229850746268657,0.212307692307692,9.06521174863388,57.14874,0.092088809290467,1431.741397,140346.60946034756,34.0,0.070247933884298,0.0,0.125439371301641,0.360236098313826,0.984741969771681,7.232289753290701,3.008457183837891,0.0,149.66301466960297,145.85425765552068,64.98525636969603,63.3314539820024,49.231254825527294,47.9783742287897,129.97051273939206,126.6629079640048,39.38500386042183,38.38269938303176,59.07750579063274,57.57404907454764,0.0,0.0,72.86225714178039,71.00799385860876,57.10825559761166,55.654914105396045,102.40101003709675,99.79501839588258,66.95450656271711,65.25058895115399,11.815501158126551,11.514809814909528,0.0,0.0,77.0,70.0,63.0,83.0,99.0,66.0,0.0,67.0,0.0,74.0,68.0,76.0,33.0,25.0,66.0,20.0,30.0,0.0,37.0,29.0,52.0,34.0,6.0,0.0,86.0,85.0,62.0,46.0,51.0,37.0,84.0,79.0,44.0,29.0,57.0,40.0,0.0,0.0,64.0,52.0,55.0,42.0,75.0,67.0,62.0,47.0,18.0,8.0,0.0,0.0,8.0,8.0,7.0,9.0,11.0,7.0,1.0,7.0,1.0,8.0,7.0,8.0,4.0,3.0,7.0,3.0,4.0,1.0,4.0,3.0,6.0,4.0,1.0,1.0,9.0,9.0,7.0,5.0,6.0,4.0,9.0,8.0,5.0,3.0,6.0,5.0,1.0,1.0,7.0,6.0,6.0,5.0,8.0,7.0,7.0,5.0,2.0,1.0,1.0,1.0,77 %ile,70 %ile,63 %ile,83 %ile,99 %ile,66 %ile,0 %ile,67 %ile,0 %ile,74 %ile,68 %ile,76 %ile,33 %ile,25 %ile,66 %ile,20 %ile,30 %ile,0 %ile,37 %ile,29 %ile,52 %ile,34 %ile,6 %ile,0 %ile,86 %ile,85 %ile,62 %ile,46 %ile,51 %ile,37 %ile,84 %ile,79 %ile,44 %ile,29 %ile,57 %ile,40 %ile,0 %ile,0 %ile,64 %ile,52 %ile,55 %ile,42 %ile,75 %ile,67 %ile,62 %ile,47 %ile,18 %ile,8 %ile,0 %ile,0 %ile,11407316.0,1152504.0,0.0,0.0,2.0,1.0,1.944021061358287,1.368790880559602,0.176894722385718,0.0011787342815
280590409021,Mississippi,MS,Jackson County,4,2341.0,2297.0,1170.0,665.0,782.0,1777.0,2208.0,0.557480560212188,1.565954732130291,231.0,0.098675779581375,393.0,0.171092729647366,41.0,0.033661740558292,349.0,0.158168574401665,0.0,0.0,122.0,0.104273504273504,114.0,0.048697137975224,244.0,0.104228961982059,0.212307692307692,9.14191338797814,56.82383,0.087707356912565,937.0143146,146489.9268521851,0.0,0.0,0.0,0.0,0.34060770248163,0.0,0.0,2.252021312713623,0.0,42.92600313633845,120.57851437403242,17.839377926790007,50.11055142816932,12.822052884880318,36.01695883899669,32.33387249230689,90.82537446355688,11.707091764455942,32.88504937473611,0.0,0.0,0.0,0.0,0.0,0.0,15.609455685941256,43.84673249964816,0.0,0.0,0.0,0.0,1.114961120424375,3.131909464260582,0.0,0.0,18.0,51.0,21.0,32.0,47.0,68.0,0.0,60.0,52.0,26.0,68.0,77.0,32.0,23.0,58.0,21.0,0.0,0.0,0.0,28.0,0.0,0.0,2.0,0.0,46.0,77.0,24.0,37.0,19.0,27.0,38.0,63.0,18.0,24.0,0.0,0.0,0.0,0.0,0.0,0.0,24.0,33.0,0.0,0.0,0.0,0.0,2.0,2.0,0.0,0.0,2.0,6.0,3.0,4.0,5.0,7.0,1.0,7.0,6.0,3.0,7.0,8.0,4.0,3.0,6.0,3.0,1.0,1.0,1.0,3.0,1.0,1.0,1.0,1.0,5.0,8.0,3.0,4.0,2.0,3.0,4.0,7.0,2.0,3.0,1.0,1.0,1.0,1.0,1.0,1.0,3.0,4.0,1.0,1.0,1.0,1.0,1.0,1.0,1.0,1.0,18 %ile,51 %ile,21 %ile,32 %ile,47 %ile,68 %ile,0 %ile,60 %ile,52 %ile,26 %ile,68 %ile,77 %ile,32 %ile,23 %ile,58 %ile,21 %ile,0 %ile,0 %ile,0 %ile,28 %ile,0 %ile,0 %ile,2 %ile,0 %ile,46 %ile,77 %ile,24 %ile,37 %ile,19 %ile,27 %ile,38 %ile,63 %ile,18 %ile,24 %ile,0 %ile,0 %ile,0 %ile,0 %ile,0 %ile,0 %ile,24 %ile,33 %ile,0 %ile,0 %ile,0 %ile,0 %ile,2 %ile,2 %ile,0 %ile,0 %ile,3646497.0,122739.0,0.0,0.0,0.0,0.0,0.548482424281413,1.019665390293711,0.105101119912263,0.000353737632
280590409022,Mississippi,MS,Jackson County,4,2608.0,2608.0,2020.0,1036.0,1036.0,2357.0,2597.0,1.152071839775,1.767380842836131,436.0,0.167177914110429,987.0,0.378450920245399,0.0,0.0,411.0,0.158168574401665,9.0,0.008687258687259,200.0,0.099009900990099,28.0,0.010736196319018,545.0,0.208972392638037,0.212307692307692,9.14191338797814,56.82383,0.089850166394292,1019.947708,205514.04616817125,0.0,0.0,0.0,0.078655445100395,0.429840421834057,0.123834299139731,0.381325914186954,3.460649967193604,0.0,88.70953166267499,136.08832489838207,36.8662988728,56.55618697075619,27.649724154599998,42.41714022806713,69.12431038649999,106.04285057016784,28.801795994374995,44.18452107090327,0.0,0.0,0.0,0.0,33.410083353474995,51.2540444422478,35.714227033025,54.78880612792005,39.17044255235,60.090948656428445,20.73729311595,31.812855171050355,11.52071839775,17.67380842836131,0.0,0.0,49.0,63.0,32.0,67.0,0.0,68.0,58.0,58.0,16.0,68.0,68.0,77.0,32.0,24.0,60.0,25.0,0.0,0.0,29.0,31.0,34.0,18.0,10.0,0.0,69.0,82.0,43.0,42.0,35.0,32.0,63.0,71.0,36.0,33.0,0.0,0.0,0.0,0.0,43.0,40.0,42.0,42.0,48.0,45.0,27.0,23.0,18.0,13.0,0.0,0.0,5.0,7.0,4.0,7.0,1.0,7.0,6.0,6.0,2.0,7.0,7.0,8.0,4.0,3.0,7.0,3.0,1.0,1.0,3.0,4.0,4.0,2.0,2.0,1.0,7.0,9.0,5.0,5.0,4.0,4.0,7.0,8.0,4.0,4.0,1.0,1.0,1.0,1.0,5.0,5.0,5.0,5.0,5.0,5.0,3.0,3.0,2.0,2.0,1.0,1.0,49 %ile,63 %ile,32 %ile,67 %ile,0 %ile,68 %ile,58 %ile,58 %ile,16 %ile,68 %ile,68 %ile,77 %ile,32 %ile,24 %ile,60 %ile,25 %ile,0 %ile,0 %ile,29 %ile,31 %ile,34 %ile,18 %ile,10 %ile,0 %ile,69 %ile,82 %ile,43 %ile,42 %ile,35 %ile,32 %ile,63 %ile,71 %ile,36 %ile,33 %ile,0 %ile,0 %ile,0 %ile,0 %ile,43 %ile,40 %ile,42 %ile,42 %ile,48 %ile,45 %ile,27 %ile,23 %ile,18 %ile,13 %ile,0 %ile,0 %ile,8897906.0,222463.0,0.0,0.0,0.0,1.0,1.131487266193987,1.259217958366281,0.152387379477149,0.0008560464305
280590409031,Mississippi,MS,Jackson County,4,662.0,662.0,527.0,279.0,307.0,608.0,946.0,1.043299147099325,1.664269435712616,103.0,0.155589123867069,225.0,0.33987915407855,16.0,0.035398230088496,119.0,0.125204315135665,0.0,0.0,69.0,0.130929791271347,8.0,0.012084592145015,112.0,0.169184290030211,0.212307692307692,9.10051256830601,57.06667,0.060729109239765,990.4015273000001,93675.64620663384,0.0,0.0,0.0,0.0,0.273098694800742,0.0,0.0,1.424950003623962,0.0,79.2907351795487,126.48447711415876,34.42887185427773,54.92089137851632,12.519589765191904,19.971233228551387,61.55464967886017,98.19189670704432,17.736085500688528,28.292580407114464,0.0,0.0,0.0,0.0,0.0,0.0,27.125777824582453,43.271005328528005,0.0,0.0,0.0,0.0,0.0,0.0,0.0,0.0,44.0,57.0,30.0,62.0,49.0,48.0,0.0,68.0,17.0,53.0,68.0,76.0,33.0,12.0,59.0,17.0,0.0,0.0,0.0,26.0,0.0,0.0,0.0,0.0,66.0,79.0,41.0,40.0,18.0,13.0,59.0,67.0,25.0,20.0,0.0,0.0,0.0,0.0,0.0,0.0,35.0,33.0,0.0,0.0,0.0,0.0,0.0,0.0,0.0,0.0,5.0,6.0,4.0,7.0,5.0,5.0,1.0,7.0,2.0,6.0,7.0,8.0,4.0,2.0,6.0,2.0,1.0,1.0,1.0,3.0,1.0,1.0,1.0,1.0,7.0,8.0,5.0,5.0,2.0,2.0,6.0,7.0,3.0,3.0,1.0,1.0,1.0,1.0,1.0,1.0,4.0,4.0,1.0,1.0,1.0,1.0,1.0,1.0,1.0,1.0,44 %ile,57 %ile,30 %ile,62 %ile,49 %ile,48 %ile,0 %ile,68 %ile,17 %ile,53 %ile,68 %ile,76 %ile,33 %ile,12 %ile,59 %ile,17 %ile,0 %ile,0 %ile,0 %ile,26 %ile,0 %ile,0 %ile,0 %ile,0 %ile,66 %ile,79 %ile,41 %ile,40 %ile,18 %ile,13 %ile,59 %ile,67 %ile,25 %ile,20 %ile,0 %ile,0 %ile,0 %ile,0 %ile,0 %ile,0 %ile,35 %ile,33 %ile,0 %ile,0 %ile,0 %ile,0 %ile,0 %ile,0 %ile,0 %ile,0 %ile,1066418.0,0.0,0.0,0.0,0.0,0.0,1.024885204658143,1.128142908045989,0.039940815043735,0.000100069388
280590409032,Mississippi,MS,Jackson County,4,2465.0,2465.0,1735.0,1042.0,1042.0,1928.0,2113.0,0.637911201314094,1.404577990112873,260.0,0.105476673427992,495.0,0.200811359026369,334.0,0.235543018335684,264.0,0.125204315135665,0.0,0.0,96.0,0.055331412103746,185.0,0.075050709939148,515.0,0.208924949290061,0.212307692307692,9.10051256830601,57.06667,0.067030843403023,978.1603784,161000.61700794534,0.0,0.0,0.0,0.068515409522344,0.322801809433088,0.0,0.0,1.577195882797241,0.0,48.481251299871175,106.74792724857836,21.051069643365118,46.351073673724805,9.568668019711415,21.06866985169309,37.636760877531565,82.87010141665952,14.034046428910075,30.900715782483207,0.0,0.0,0.0,0.0,17.861513636794644,39.32818372316044,17.861513636794644,39.32818372316044,0.0,0.0,0.0,0.0,0.0,0.0,0.0,0.0,22.0,41.0,22.0,38.0,97.0,48.0,0.0,39.0,74.0,68.0,68.0,76.0,33.0,15.0,59.0,22.0,0.0,0.0,28.0,28.0,0.0,0.0,0.0,0.0,50.0,71.0,28.0,34.0,14.0,14.0,42.0,59.0,21.0,22.0,0.0,0.0,0.0,0.0,33.0,34.0,27.0,30.0,0.0,0.0,0.0,0.0,0.0,0.0,0.0,0.0,3.0,5.0,3.0,4.0,11.0,5.0,1.0,4.0,8.0,7.0,7.0,8.0,4.0,2.0,6.0,3.0,1.0,1.0,3.0,3.0,1.0,1.0,1.0,1.0,6.0,8.0,3.0,4.0,2.0,2.0,5.0,6.0,3.0,3.0,1.0,1.0,1.0,1.0,4.0,4.0,3.0,4.0,1.0,1.0,1.0,1.0,1.0,1.0,1.0,1.0,22 %ile,41 %ile,22 %ile,38 %ile,97 %ile,48 %ile,0 %ile,39 %ile,74 %ile,68 %ile,68 %ile,76 %ile,33 %ile,15 %ile,59 %ile,22 %ile,0 %ile,0 %ile,28 %ile,28 %ile,0 %ile,0 %ile,0 %ile,0 %ile,50 %ile,71 %ile,28 %ile,34 %ile,14 %ile,14 %ile,42 %ile,59 %ile,21 %ile,22 %ile,0 %ile,0 %ile,0 %ile,0 %ile,33 %ile,34 %ile,27 %ile,30 %ile,0 %ile,0 %ile,0 %ile,0 %ile,0 %ile,0 %ile,0 %ile,0 %ile,11957159.0,2947587.0,0.0,0.0,0.0,0.0,0.627212279424062,0.862144618411437,0.286375794022197,0.001398639965501
280590410011,Mississippi,MS,Jackson County,4,1329.0,1329.0,924.0,446.0,546.0,969.0,1089.0,0.717928936185389,1.701631912039022,498.0,0.374717832957111,70.0,0.052671181339353,0.0,0.0,273.0,0.250186150409531,0.0,0.0,65.0,0.07034632034632,8.0,0.00601956358164,223.0,0.167795334838224,0.214358974358974,9.12218989071038,56.66238,0.14189805816852,3444.652027,241210.22326992007,14.0,0.025641025641026,0.0,0.501056823426342,0.44327126661983,10.946744248070408,18.86559169962859,4.469850063323975,0.0,55.28052808627496,131.02565722700473,22.25579702174706,52.7505892732097,31.58887319215712,74.87180412971699,58.152243831016506,137.8321848751608,19.384081277005503,45.94406162505361,14.35857872370778,34.03263824078045,0.0,0.0,45.229522979679516,107.2028104584584,22.973725957932448,54.45222118524872,64.61360425668501,153.14687208351202,29.435086383600954,69.76690839359992,12.922720851337004,30.629374416702404,0.0,0.0,27.0,59.0,55.0,8.0,0.0,95.0,0.0,47.0,13.0,53.0,70.0,77.0,31.0,44.0,81.0,27.0,20.0,0.0,63.0,32.0,90.0,41.0,18.0,0.0,54.0,80.0,29.0,39.0,39.0,56.0,57.0,82.0,27.0,35.0,21.0,26.0,0.0,0.0,50.0,70.0,31.0,41.0,62.0,84.0,35.0,50.0,20.0,23.0,0.0,0.0,3.0,6.0,6.0,1.0,1.0,11.0,1.0,5.0,2.0,6.0,8.0,8.0,4.0,5.0,9.0,3.0,3.0,1.0,7.0,4.0,10.0,5.0,2.0,1.0,6.0,9.0,3.0,4.0,4.0,6.0,6.0,9.0,3.0,4.0,3.0,3.0,1.0,1.0,6.0,8.0,4.0,5.0,7.0,9.0,4.0,6.0,3.0,3.0,1.0,1.0,27 %ile,59 %ile,55 %ile,8 %ile,0 %ile,95 %ile,0 %ile,47 %ile,13 %ile,53 %ile,70 %ile,77 %ile,31 %ile,44 %ile,81 %ile,27 %ile,20 %ile,0 %ile,63 %ile,32 %ile,90 %ile,41 %ile,18 %ile,0 %ile,54 %ile,80 %ile,29 %ile,39 %ile,39 %ile,56 %ile,57 %ile,82 %ile,27 %ile,35 %ile,21 %ile,26 %ile,0 %ile,0 %ile,50 %ile,70 %ile,31 %ile,41 %ile,62 %ile,84 %ile,35 %ile,50 %ile,20 %ile,23 %ile,0 %ile,0 %ile,2196451.0,121489.0,0.0,0.0,0.0,3.0,0.719748915206612,1.124742613615608,0.08321606724194,0.000217573727
280590410012,Mississippi,MS,Jackson County,4,1358.0,1326.0,907.0,507.0,603.0,1009.0,1597.0,2.17071815695102,2.52787250747095,480.0,0.353460972017673,911.0,0.687028657616893,103.0,0.170247933884298,399.0,0.250186150409531,6.0,0.011834319526627,175.0,0.192943770672547,63.0,0.04639175257732,215.0,0.158321060382916,0.214358974358974,9.12218989071038,56.66238,0.149529213741647,5065.964056,293928.77525493456,28.0,0.046434494195688,0.0,0.447649233181393,0.568378744351561,11.83764766643204,27.650235484164487,4.60049295425415,0.0,167.14529808522855,194.6461830752632,67.29226286548162,78.36404773159947,102.02375337669794,118.81000785113469,186.68176149778773,217.39703564250172,65.1215447085306,75.83617522412851,56.43867208072652,65.72468519424471,0.0,0.0,132.41380757401222,154.20022295572798,75.97513549328569,88.47553776148327,197.5353522825428,230.0363981798565,95.51159890584488,111.22639032872182,41.24364498206938,48.02957764194806,0.0,0.0,81.0,89.0,54.0,93.0,93.0,95.0,60.0,81.0,49.0,49.0,70.0,77.0,31.0,47.0,86.0,30.0,26.0,0.0,61.0,35.0,91.0,44.0,19.0,0.0,89.0,94.0,63.0,57.0,73.0,77.0,92.0,95.0,58.0,56.0,56.0,45.0,0.0,0.0,81.0,84.0,64.0,63.0,92.0,96.0,73.0,73.0,45.0,37.0,0.0,0.0,9.0,9.0,6.0,10.0,10.0,11.0,7.0,9.0,5.0,5.0,8.0,8.0,4.0,5.0,9.0,4.0,3.0,1.0,7.0,4.0,10.0,5.0,2.0,1.0,9.0,10.0,7.0,6.0,8.0,8.0,10.0,11.0,6.0,6.0,6.0,5.0,1.0,1.0,9.0,9.0,7.0,7.0,10.0,11.0,8.0,8.0,5.0,4.0,1.0,1.0,81 %ile,89 %ile,54 %ile,93 %ile,93 %ile,95 %ile,60 %ile,81 %ile,49 %ile,49 %ile,70 %ile,77 %ile,31 %ile,47 %ile,86 %ile,30 %ile,26 %ile,0 %ile,61 %ile,35 %ile,91 %ile,44 %ile,19 %ile,0 %ile,89 %ile,94 %ile,63 %ile,57 %ile,73 %ile,77 %ile,92 %ile,95 %ile,58 %ile,56 %ile,56 %ile,45 %ile,0 %ile,0 %ile,81 %ile,84 %ile,64 %ile,63 %ile,92 %ile,96 %ile,73 %ile,73 %ile,45 %ile,37 %ile,0 %ile,0 %ile,4044123.0,285249.0,0.0,0.0,4.0,4.0,2.134015645005689,2.01101873619486,0.118829272853386,0.000406338394
280590410021,Mississippi,MS,Jackson County,4,592.0,592.0,443.0,265.0,265.0,501.0,779.0,2.132971127551526,2.566491020433518,468.0,0.790540540540541,222.0,0.375,19.0,0.073929961089494,228.0,0.292267743796884,0.0,0.0,142.0,0.320541760722348,53.0,0.089527027027027,95.0,0.160472972972973,0.214358974358974,9.15275655737705,56.35199,0.137264017396,4233.564437,252733.6404310464,0.0,0.0,0.0,0.712983605766316,0.369545226072929,4.347708481188455,24.55691963649176,4.367581844329834,0.0,164.23877682146752,197.61980857338085,61.856162698994254,74.42823959257201,89.58478735716409,107.79262285820772,179.1695747143282,215.58524571641547,59.723191571442726,71.8617485721385,0.0,0.0,0.0,0.0,153.57392118370987,184.7873534712133,61.856162698994254,74.42823959257201,162.10580569391598,195.05331755294733,91.71775848471565,110.35911387864124,36.26050916837595,43.6303473473698,0.0,0.0,81.0,90.0,82.0,67.0,73.0,98.0,0.0,93.0,82.0,50.0,70.0,77.0,29.0,42.0,84.0,28.0,0.0,0.0,72.0,29.0,76.0,43.0,17.0,0.0,88.0,94.0,60.0,54.0,69.0,73.0,91.0,95.0,56.0,54.0,0.0,0.0,0.0,0.0,85.0,90.0,58.0,55.0,87.0,92.0,72.0,72.0,42.0,34.0,0.0,0.0,9.0,10.0,9.0,7.0,8.0,11.0,1.0,10.0,9.0,6.0,8.0,8.0,3.0,5.0,9.0,3.0,1.0,1.0,8.0,3.0,8.0,5.0,2.0,1.0,9.0,10.0,7.0,6.0,7.0,8.0,10.0,11.0,6.0,6.0,1.0,1.0,1.0,1.0,9.0,10.0,6.0,6.0,9.0,10.0,8.0,8.0,5.0,4.0,1.0,1.0,81 %ile,90 %ile,82 %ile,67 %ile,73 %ile,98 %ile,0 %ile,93 %ile,82 %ile,50 %ile,70 %ile,77 %ile,29 %ile,42 %ile,84 %ile,28 %ile,0 %ile,0 %ile,72 %ile,29 %ile,76 %ile,43 %ile,17 %ile,0 %ile,88 %ile,94 %ile,60 %ile,54 %ile,69 %ile,73 %ile,91 %ile,95 %ile,56 %ile,54 %ile,0 %ile,0 %ile,0 %ile,0 %ile,85 %ile,90 %ile,58 %ile,55 %ile,87 %ile,92 %ile,72 %ile,72 %ile,42 %ile,34 %ile,0 %ile,0 %ile,3200575.0,10640.0,0.0,0.0,4.0,4.0,2.120904024114637,1.999979166677333,0.071708588580468,0.000301518426
280590410022,Mississippi,MS,Jackson County,4,1563.0,1499.0,1358.0,443.0,491.0,1434.0,1274.0,1.326511271494995,2.079087062449613,1025.0,0.655790147152911,183.0,0.122081387591728,113.0,0.112887112887113,372.0,0.292267743796884,21.0,0.047404063205418,167.0,0.122974963181149,0.0,0.0,270.0,0.172744721689059,0.214358974358974,9.15275655737705,56.35199,0.139460424670392,5270.117324,220278.78105038553,30.0,0.061099796334012,0.0,0.801416843161466,0.531660485676951,2.144226321030769,22.4341532934876,3.691315889358521,0.0,102.14136790511463,160.08970380862024,38.468826873354864,60.29352481103879,57.0399846742848,89.40074368533338,114.0799693485696,178.80148737066676,34.48929305886988,54.05626362368995,38.468826873354864,60.29352481103879,0.0,0.0,99.48834536212463,155.931529683721,45.10138323082984,70.68896012328686,84.89672137567969,133.06157199677523,57.0399846742848,89.40074368533338,14.591623986444947,22.869957686945742,0.0,0.0,57.0,77.0,75.0,22.0,85.0,98.0,75.0,66.0,0.0,55.0,70.0,77.0,29.0,43.0,86.0,26.0,29.0,0.0,75.0,34.0,64.0,43.0,11.0,0.0,74.0,88.0,45.0,44.0,55.0,64.0,80.0,91.0,40.0,41.0,43.0,42.0,0.0,0.0,73.0,85.0,48.0,53.0,69.0,79.0,56.0,62.0,22.0,17.0,0.0,0.0,6.0,8.0,8.0,3.0,9.0,11.0,8.0,7.0,1.0,6.0,8.0,8.0,3.0,5.0,9.0,3.0,3.0,1.0,8.0,4.0,7.0,5.0,2.0,1.0,8.0,9.0,5.0,5.0,6.0,7.0,9.0,10.0,5.0,5.0,5.0,5.0,1.0,1.0,8.0,9.0,5.0,6.0,7.0,8.0,6.0,7.0,3.0,2.0,1.0,1.0,57 %ile,77 %ile,75 %ile,22 %ile,85 %ile,98 %ile,75 %ile,66 %ile,0 %ile,55 %ile,70 %ile,77 %ile,29 %ile,43 %ile,86 %ile,26 %ile,29 %ile,0 %ile,75 %ile,34 %ile,64 %ile,43 %ile,11 %ile,0 %ile,74 %ile,88 %ile,45 %ile,44 %ile,55 %ile,64 %ile,80 %ile,91 %ile,40 %ile,41 %ile,43 %ile,42 %ile,0 %ile,0 %ile,73 %ile,85 %ile,48 %ile,53 %ile,69 %ile,79 %ile,56 %ile,62 %ile,22 %ile,17 %ile,0 %ile,0 %ile,6819339.0,852761.0,0.0,0.0,1.0,3.0,1.327893900889644,1.732427103401937,0.146425679159362,0.000720191788
280590410023,Mississippi,MS,Jackson County,4,1375.0,1375.0,971.0,664.0,758.0,1118.0,1412.0,2.21160314890232,2.32718810046969,871.0,0.633454545454545,708.0,0.514909090909091,13.0,0.020440251572327,413.0,0.292267743796884,0.0,0.0,101.0,0.104016477857878,87.0,0.063272727272727,296.0,0.215272727272727,0.214358974358974,9.15275655737705,56.35199,0.142068416915482,5688.842877,214295.19518517636,26.0,0.034300791556728,0.0,1.227698339799471,0.624805623579645,3.07281655191086,29.882553813297847,4.203733444213867,0.0,170.29344246547862,179.19348373616612,64.13649131816727,67.48845491362101,97.31053855170207,102.39627642066635,192.4094739545018,202.46536474086304,57.50168187146031,60.50689061221193,50.86687242475335,53.525326310802875,0.0,0.0,187.98626765669715,197.81098853992364,81.82931650938582,86.10595971737852,154.81222042316236,162.9031670328783,99.52214170060437,104.72346452113604,35.38565038243711,37.23500960751504,0.0,0.0,82.0,85.0,74.0,82.0,35.0,98.0,0.0,60.0,65.0,70.0,70.0,77.0,29.0,44.0,87.0,26.0,23.0,0.0,85.0,37.0,70.0,45.0,16.0,0.0,89.0,92.0,61.0,49.0,72.0,70.0,93.0,94.0,55.0,46.0,52.0,37.0,0.0,0.0,90.0,92.0,66.0,62.0,86.0,86.0,74.0,70.0,41.0,29.0,0.0,0.0,9.0,9.0,8.0,9.0,4.0,11.0,1.0,7.0,7.0,8.0,8.0,8.0,3.0,5.0,9.0,3.0,3.0,1.0,9.0,4.0,8.0,5.0,2.0,1.0,9.0,10.0,7.0,5.0,8.0,8.0,10.0,10.0,6.0,5.0,6.0,4.0,1.0,1.0,10.0,10.0,7.0,7.0,9.0,9.0,8.0,8.0,5.0,3.0,1.0,1.0,82 %ile,85 %ile,74 %ile,82 %ile,35 %ile,98 %ile,0 %ile,60 %ile,65 %ile,70 %ile,70 %ile,77 %ile,29 %ile,44 %ile,87 %ile,26 %ile,23 %ile,0 %ile,85 %ile,37 %ile,70 %ile,45 %ile,16 %ile,0 %ile,89 %ile,92 %ile,61 %ile,49 %ile,72 %ile,70 %ile,93 %ile,94 %ile,55 %ile,46 %ile,52 %ile,37 %ile,0 %ile,0 %ile,90 %ile,92 %ile,66 %ile,62 %ile,86 %ile,86 %ile,74 %ile,70 %ile,41 %ile,29 %ile,0 %ile,0 %ile,5530465.0,767685.0,0.0,0.0,4.0,4.0,2.189008348090069,1.729634889360353,0.136458036344399,0.0005913315185
280590411011,Mississippi,MS,Jackson County,4,813.0,746.0,409.0,230.0,322.0,547.0,666.0,1.366450652231613,1.828997866299395,264.0,0.324723247232472,271.0,0.363270777479893,0.0,0.0,134.0,0.201767304860088,0.0,0.0,34.0,0.083129584352078,0.0,0.0,104.0,0.127921279212792,0.208205128205128,9.08292595628415,56.90401,0.129717162682381,4080.388523,143056.09087410447,0.0,0.0,0.0,0.331195611512327,0.548060540786321,0.0,16.308458563207605,2.854462623596191,0.0,103.85024956960255,139.00383783875398,43.726420871411605,58.52793172158063,53.2915754370329,71.3309167856764,113.41540413522384,151.80682290284975,28.695463696863865,38.40895519228729,0.0,0.0,0.0,0.0,73.7883352205071,98.76588478016733,47.825772828106444,64.01492532047881,0.0,0.0,54.65802608926451,73.15991465197578,6.832253261158064,9.144989331496973,0.0,0.0,58.0,66.0,51.0,65.0,0.0,86.0,0.0,52.0,0.0,36.0,64.0,76.0,32.0,39.0,83.0,21.0,0.0,0.0,54.0,35.0,0.0,40.0,5.0,0.0,74.0,83.0,49.0,43.0,53.0,54.0,80.0,86.0,36.0,29.0,0.0,0.0,0.0,0.0,64.0,66.0,50.0,48.0,0.0,0.0,55.0,52.0,11.0,6.0,0.0,0.0,6.0,7.0,6.0,7.0,1.0,9.0,1.0,6.0,1.0,4.0,7.0,8.0,4.0,4.0,9.0,3.0,1.0,1.0,6.0,4.0,1.0,5.0,1.0,1.0,8.0,9.0,5.0,5.0,6.0,6.0,9.0,9.0,4.0,3.0,1.0,1.0,1.0,1.0,7.0,7.0,6.0,5.0,1.0,1.0,6.0,6.0,2.0,1.0,1.0,1.0,58 %ile,66 %ile,51 %ile,65 %ile,0 %ile,86 %ile,0 %ile,52 %ile,0 %ile,36 %ile,64 %ile,76 %ile,32 %ile,39 %ile,83 %ile,21 %ile,0 %ile,0 %ile,54 %ile,35 %ile,0 %ile,40 %ile,5 %ile,0 %ile,74 %ile,83 %ile,49 %ile,43 %ile,53 %ile,54 %ile,80 %ile,86 %ile,36 %ile,29 %ile,0 %ile,0 %ile,0 %ile,0 %ile,64 %ile,66 %ile,50 %ile,48 %ile,0 %ile,0 %ile,55 %ile,52 %ile,11 %ile,6 %ile,0 %ile,0 %ile,1866605.0,2048671.0,0.0,0.0,1.0,2.0,1.348881224752942,1.258851468874402,0.104740676292671,0.000367391507
280590411012,Mississippi,MS,Jackson County,4,1008.0,1008.0,680.0,325.0,403.0,858.0,1081.0,1.996541793268769,2.267267022333727,465.0,0.461309523809524,544.0,0.53968253968254,97.0,0.190944881889764,218.0,0.201767304860088,0.0,0.0,165.0,0.242647058823529,48.0,0.047619047619048,85.0,0.084325396825397,0.208205128205128,9.08292595628415,56.90401,0.148996048043503,3892.265771,157198.67818544,38.0,0.094292803970223,0.0,0.352927810443003,0.455460808905618,2.643671743098484,16.694574100046403,3.262219905853271,0.0,151.7371762884264,172.31229369736323,63.889337384600594,72.55254471467926,93.83746428363213,106.56155004968518,165.7129688413078,188.18316285369937,43.9239194519129,49.879874491342,67.88242097113813,77.08707875934672,0.0,0.0,109.80979862978228,124.699686228355,63.889337384600594,72.55254471467926,133.7683001490075,151.90689049635972,79.86167173075074,90.69068089334908,15.972334346150149,18.138136178669814,0.0,0.0,77.0,83.0,63.0,84.0,95.0,86.0,0.0,87.0,51.0,19.0,64.0,76.0,32.0,47.0,83.0,22.0,34.0,0.0,55.0,32.0,67.0,40.0,8.0,0.0,86.0,91.0,61.0,53.0,70.0,72.0,90.0,92.0,47.0,38.0,62.0,52.0,0.0,0.0,76.0,76.0,59.0,54.0,82.0,84.0,67.0,63.0,23.0,13.0,0.0,0.0,8.0,9.0,7.0,9.0,11.0,9.0,1.0,9.0,6.0,2.0,7.0,8.0,4.0,5.0,9.0,3.0,4.0,1.0,6.0,4.0,7.0,5.0,1.0,1.0,9.0,10.0,7.0,6.0,8.0,8.0,10.0,10.0,5.0,4.0,7.0,6.0,1.0,1.0,8.0,8.0,6.0,6.0,9.0,9.0,7.0,7.0,3.0,2.0,1.0,1.0,77 %ile,83 %ile,63 %ile,84 %ile,95 %ile,86 %ile,0 %ile,87 %ile,51 %ile,19 %ile,64 %ile,76 %ile,32 %ile,47 %ile,83 %ile,22 %ile,34 %ile,0 %ile,55 %ile,32 %ile,67 %ile,40 %ile,8 %ile,0 %ile,86 %ile,91 %ile,61 %ile,53 %ile,70 %ile,72 %ile,90 %ile,92 %ile,47 %ile,38 %ile,62 %ile,52 %ile,0 %ile,0 %ile,76 %ile,76 %ile,59 %ile,54 %ile,82 %ile,84 %ile,67 %ile,63 %ile,23 %ile,13 %ile,0 %ile,0 %ile,3017114.0,49346.0,0.0,0.0,3.0,3.0,1.970158946425461,1.71325031345176,0.093009347378182,0.0002877686345
280590411013,Mississippi,MS,Jackson County,4,895.0,895.0,487.0,340.0,381.0,548.0,969.0,2.81089027687075,2.295385243769729,698.0,0.779888268156425,601.0,0.671508379888268,58.0,0.136792452830189,196.0,0.201767304860088,0.0,0.0,91.0,0.186858316221766,120.0,0.134078212290503,111.0,0.124022346368715,0.208205128205128,9.08292595628415,56.90401,0.148920920296641,3030.864885,153065.8033186212,0.0,0.0,0.0,0.362802883139559,0.256566513738847,6.624875013128113,15.19444123886936,3.658383369445801,0.0,213.627661042177,174.44927852649943,89.948488859864,73.45232780063132,132.11184301292525,107.88310645717728,222.06033187278925,181.33543425780863,59.028695814285754,48.20309011916432,0.0,0.0,0.0,0.0,157.409855504762,128.54157365110484,70.27225692176873,57.38463109424323,236.11478325714296,192.8123604766573,109.62472079795924,89.52002450701944,30.91979304557825,25.249237681467022,0.0,0.0,92.0,84.0,82.0,93.0,90.0,86.0,0.0,80.0,94.0,35.0,64.0,76.0,32.0,47.0,79.0,21.0,0.0,0.0,56.0,25.0,84.0,39.0,11.0,0.0,94.0,91.0,72.0,54.0,80.0,73.0,95.0,91.0,56.0,37.0,0.0,0.0,0.0,0.0,86.0,78.0,62.0,44.0,95.0,92.0,77.0,62.0,38.0,19.0,0.0,0.0,10.0,9.0,9.0,10.0,10.0,9.0,1.0,9.0,10.0,4.0,7.0,8.0,4.0,5.0,8.0,3.0,1.0,1.0,6.0,3.0,9.0,4.0,2.0,1.0,10.0,10.0,8.0,6.0,9.0,8.0,11.0,10.0,6.0,4.0,1.0,1.0,1.0,1.0,9.0,8.0,7.0,5.0,11.0,10.0,8.0,7.0,4.0,2.0,1.0,1.0,92 %ile,84 %ile,82 %ile,93 %ile,90 %ile,86 %ile,0 %ile,80 %ile,94 %ile,35 %ile,64 %ile,76 %ile,32 %ile,47 %ile,79 %ile,21 %ile,0 %ile,0 %ile,56 %ile,25 %ile,84 %ile,39 %ile,11 %ile,0 %ile,94 %ile,91 %ile,72 %ile,54 %ile,80 %ile,73 %ile,95 %ile,91 %ile,56 %ile,37 %ile,0 %ile,0 %ile,0 %ile,0 %ile,86 %ile,78 %ile,62 %ile,44 %ile,95 %ile,92 %ile,77 %ile,62 %ile,38 %ile,19 %ile,0 %ile,0 %ile,702652.0,0.0,0.0,0.0,5.0,3.0,2.780807621531898,1.731061191388161,0.039958143999042,6.59424395e-05
280590411021,Mississippi,MS,Jackson County,4,1294.0,1294.0,763.0,494.0,670.0,793.0,1537.0,2.560059299039808,1.818468326030233,1029.0,0.795208655332303,717.0,0.554095826893354,22.0,0.038664323374341,230.0,0.149894863322319,0.0,0.0,53.0,0.069462647444299,52.0,0.040185471406492,142.0,0.109737248840804,0.208205128205128,9.08409754098361,56.9072,0.118513400672348,2548.787887,149595.27229972405,41.0,0.061194029850746,0.0,0.3231726557658,0.248021785409333,3.213329399677297,12.973646046091664,3.423133373260498,0.0,194.56450672702536,138.20359277829772,81.92189756927385,58.190986432967456,89.60207546639326,63.64639141105816,194.56450672702536,138.20359277829772,53.76124527983597,38.18783484663489,74.24171967215443,52.735581454876765,0.0,0.0,135.68314284910983,96.37882127960236,64.0014824759952,45.46170815075583,181.76421023182635,129.11125114814655,97.28225336351267,69.10179638914886,23.040533691358274,16.3662149342721,0.0,0.0,89.0,65.0,83.0,85.0,51.0,64.0,0.0,46.0,43.0,29.0,64.0,76.0,32.0,35.0,76.0,21.0,29.0,0.0,53.0,25.0,71.0,38.0,9.0,0.0,92.0,83.0,69.0,43.0,69.0,49.0,93.0,82.0,53.0,28.0,65.0,37.0,0.0,0.0,82.0,65.0,59.0,34.0,90.0,77.0,74.0,50.0,31.0,12.0,0.0,0.0,9.0,7.0,9.0,9.0,6.0,7.0,1.0,5.0,5.0,3.0,7.0,8.0,4.0,4.0,8.0,3.0,3.0,1.0,6.0,3.0,8.0,4.0,1.0,1.0,10.0,9.0,7.0,5.0,7.0,5.0,10.0,9.0,6.0,3.0,7.0,4.0,1.0,1.0,9.0,7.0,6.0,4.0,10.0,8.0,8.0,6.0,4.0,2.0,1.0,1.0,89 %ile,65 %ile,83 %ile,85 %ile,51 %ile,64 %ile,0 %ile,46 %ile,43 %ile,29 %ile,64 %ile,76 %ile,32 %ile,35 %ile,76 %ile,21 %ile,29 %ile,0 %ile,53 %ile,25 %ile,71 %ile,38 %ile,9 %ile,0 %ile,92 %ile,83 %ile,69 %ile,43 %ile,69 %ile,49 %ile,93 %ile,82 %ile,53 %ile,28 %ile,65 %ile,37 %ile,0 %ile,0 %ile,82 %ile,65 %ile,59 %ile,34 %ile,90 %ile,77 %ile,74 %ile,50 %ile,31 %ile,12 %ile,0 %ile,0 %ile,2510122.0,0.0,0.0,0.0,4.0,2.0,2.53725850625296,1.259010796135459,0.067335639625943,0.000235566714
280590411022,Mississippi,MS,Jackson County,4,2035.0,2035.0,1590.0,903.0,972.0,1673.0,1792.0,1.032178542489335,1.423178947651127,742.0,0.364619164619165,394.0,0.193611793611794,15.0,0.012668918918919,269.0,0.149894863322319,30.0,0.033222591362126,0.0,0.0,128.0,0.062899262899263,224.0,0.11007371007371,0.208205128205128,9.08409754098361,56.9072,0.092540201549814,2358.334741,137147.3781321688,74.0,0.076131687242798,0.0,0.278022943921137,0.323861982979471,0.0,10.847426388175997,2.890685796737671,0.0,78.44556922918947,108.16160002148563,33.02971335965873,45.541726324836056,25.80446356223338,35.57947369127817,77.41339068670014,106.7384210738345,20.643570849786705,28.46357895302253,31.997534817169395,44.118547377184925,0.0,0.0,51.60892712446676,71.15894738255633,28.900999189701388,39.849010534231546,0.0,0.0,38.1906060721054,52.65762106309169,6.193071254936012,8.53907368590676,0.0,0.0,44.0,42.0,55.0,36.0,28.0,64.0,70.0,0.0,65.0,29.0,64.0,76.0,32.0,25.0,75.0,20.0,31.0,0.0,50.0,28.0,0.0,37.0,6.0,0.0,65.0,71.0,40.0,33.0,34.0,26.0,67.0,71.0,28.0,20.0,37.0,32.0,0.0,0.0,54.0,52.0,37.0,30.0,0.0,0.0,43.0,38.0,10.0,6.0,0.0,0.0,5.0,5.0,6.0,4.0,3.0,7.0,8.0,1.0,7.0,3.0,7.0,8.0,4.0,3.0,8.0,3.0,4.0,1.0,6.0,3.0,1.0,4.0,1.0,1.0,7.0,8.0,5.0,4.0,4.0,3.0,7.0,8.0,3.0,3.0,4.0,4.0,1.0,1.0,6.0,6.0,4.0,4.0,1.0,1.0,5.0,4.0,2.0,1.0,1.0,1.0,44 %ile,42 %ile,55 %ile,36 %ile,28 %ile,64 %ile,70 %ile,0 %ile,65 %ile,29 %ile,64 %ile,76 %ile,32 %ile,25 %ile,75 %ile,20 %ile,31 %ile,0 %ile,50 %ile,28 %ile,0 %ile,37 %ile,6 %ile,0 %ile,65 %ile,71 %ile,40 %ile,33 %ile,34 %ile,26 %ile,67 %ile,71 %ile,28 %ile,20 %ile,37 %ile,32 %ile,0 %ile,0 %ile,54 %ile,52 %ile,37 %ile,30 %ile,0 %ile,0 %ile,43 %ile,38 %ile,10 %ile,6 %ile,0 %ile,0 %ile,7203118.0,2569857.0,0.0,0.0,0.0,0.0,1.025367990758864,1.031036982106694,0.190431290890458,0.000917103229
280590413011,Mississippi,MS,Jackson County,4,1180.0,1180.0,1025.0,646.0,686.0,1030.0,1113.0,1.12406009861618,2.407097133063565,356.0,0.301694915254237,325.0,0.275423728813559,0.0,0.0,372.0,0.333873206848681,0.0,0.0,151.0,0.147317073170732,112.0,0.094915254237288,455.0,0.385593220338983,0.233846153846154,9.16870983606557,55.67462,0.09173242542726,3510.675047,125801.42649924367,211.0,0.307580174927114,0.0,0.521618007417521,0.577203763848994,1.11631761401822,14.386252804656056,4.041327953338623,6.0,87.67668769206205,187.7535763789581,28.101502465404504,60.17742832658913,28.101502465404504,60.17742832658913,91.0488679879106,194.9748677781488,21.357141873707423,45.73484552820774,66.31954581835463,142.01873085075036,0.0,0.0,71.93984631143553,154.05421651606818,40.466163550182486,86.65549679028835,60.69924532527373,129.9832451854325,43.83834384603102,93.87678818947904,15.736841380626522,33.699359862889914,102.2894689740724,219.04583910878443,48.0,87.0,48.0,51.0,0.0,99.0,0.0,72.0,84.0,95.0,83.0,78.0,25.0,25.0,81.0,19.0,59.0,0.0,64.0,36.0,54.0,39.0,14.0,91.0,69.0,93.0,35.0,44.0,36.0,46.0,73.0,93.0,29.0,35.0,61.0,81.0,0.0,0.0,63.0,84.0,45.0,62.0,60.0,78.0,47.0,65.0,23.0,26.0,87.0,97.0,5.0,9.0,5.0,6.0,1.0,11.0,1.0,8.0,9.0,11.0,9.0,8.0,3.0,3.0,9.0,2.0,6.0,1.0,7.0,4.0,6.0,4.0,2.0,10.0,7.0,10.0,4.0,5.0,4.0,5.0,8.0,10.0,3.0,4.0,7.0,9.0,1.0,1.0,7.0,9.0,5.0,7.0,7.0,8.0,5.0,7.0,3.0,3.0,9.0,11.0,48 %ile,87 %ile,48 %ile,51 %ile,0 %ile,99 %ile,0 %ile,72 %ile,84 %ile,95 %ile,83 %ile,78 %ile,25 %ile,25 %ile,81 %ile,19 %ile,59 %ile,0 %ile,64 %ile,36 %ile,54 %ile,39 %ile,14 %ile,91 %ile,69 %ile,93 %ile,35 %ile,44 %ile,36 %ile,46 %ile,73 %ile,93 %ile,29 %ile,35 %ile,61 %ile,81 %ile,0 %ile,0 %ile,63 %ile,84 %ile,45 %ile,62 %ile,60 %ile,78 %ile,47 %ile,65 %ile,23 %ile,26 %ile,87 %ile,97 %ile,6892508.0,15033.0,0.0,0.0,1.0,5.0,1.111479132009196,1.817648147073801,0.115402362715835,0.0006490432225
280590413012,Mississippi,MS,Jackson County,4,1100.0,1061.0,915.0,418.0,496.0,1006.0,780.0,0.689535972223809,2.575666111879949,34.0,0.030909090909091,290.0,0.273327049952875,0.0,0.0,260.0,0.333873206848681,0.0,0.0,226.0,0.246994535519126,53.0,0.048181818181818,335.0,0.304545454545455,0.233846153846154,9.16870983606557,55.67462,0.086083795273876,4268.253354,103417.0539959054,0.0,0.0,0.0,0.458536408962021,0.585687478540405,1.779120338295675,17.201772544139292,3.913745403289795,6.000000000000001,53.783805833457095,200.901956726636,17.238399305595223,64.39165279699873,15.859327361147605,59.240320573238826,57.92102166679995,216.35595339791567,11.722111527804753,43.78632390195913,0.0,0.0,0.0,0.0,42.061694305652345,157.11563282467688,24.82329500005712,92.72398002767817,42.061694305652345,157.11563282467688,27.58143888895236,103.02664447519795,8.963967638909516,33.483659454439334,62.74777347236661,234.3856161810753,25.0,90.0,7.0,51.0,0.0,99.0,0.0,87.0,51.0,88.0,83.0,78.0,25.0,23.0,84.0,17.0,0.0,0.0,61.0,36.0,61.0,40.0,13.0,91.0,53.0,95.0,23.0,47.0,23.0,45.0,57.0,95.0,18.0,33.0,0.0,0.0,0.0,0.0,49.0,85.0,33.0,65.0,50.0,85.0,34.0,69.0,14.0,26.0,80.0,97.0,3.0,10.0,1.0,6.0,1.0,11.0,1.0,9.0,6.0,9.0,9.0,8.0,3.0,3.0,9.0,2.0,1.0,1.0,7.0,4.0,7.0,5.0,2.0,10.0,6.0,11.0,3.0,5.0,3.0,5.0,6.0,11.0,2.0,4.0,1.0,1.0,1.0,1.0,5.0,9.0,4.0,7.0,6.0,9.0,4.0,7.0,2.0,3.0,9.0,11.0,25 %ile,90 %ile,7 %ile,51 %ile,0 %ile,99 %ile,0 %ile,87 %ile,51 %ile,88 %ile,83 %ile,78 %ile,25 %ile,23 %ile,84 %ile,17 %ile,0 %ile,0 %ile,61 %ile,36 %ile,61 %ile,40 %ile,13 %ile,91 %ile,53 %ile,95 %ile,23 %ile,47 %ile,23 %ile,45 %ile,57 %ile,95 %ile,18 %ile,33 %ile,0 %ile,0 %ile,0 %ile,0 %ile,49 %ile,85 %ile,33 %ile,65 %ile,50 %ile,85 %ile,34 %ile,69 %ile,14 %ile,26 %ile,80 %ile,97 %ile,2671496.0,220751.0,0.0,0.0,1.0,5.0,0.673471807962982,1.999004588197573,0.078474850522075,0.000271722749
280590413013,Mississippi,MS,Jackson County,4,727.0,727.0,578.0,284.0,463.0,620.0,1290.0,2.152922661045988,2.979573876148374,282.0,0.387895460797799,477.0,0.656121045392022,175.0,0.505780346820809,431.0,0.333873206848681,0.0,0.0,158.0,0.273356401384083,24.0,0.033012379642366,87.0,0.119669876203576,0.233846153846154,9.16870983606557,55.67462,0.148579477972194,5912.805111,239357.451086254,20.0,0.043196544276458,0.100102799410169,0.575306897926307,1.092373012570731,7.341421069625308,22.924731497568647,4.26373815536499,6.0,167.92796756158705,232.40676233957316,53.823066526149695,74.48934690370935,101.18736506916144,140.03997217897356,189.4571941720469,262.2025011010569,58.12891184824167,80.44849465600609,53.823066526149695,74.48934690370935,127.02243700171329,175.79485869275405,144.2458182900812,199.63144970194105,101.18736506916144,140.03997217897356,182.99842618890895,253.26377947261173,92.57567442497748,128.12167667438007,34.44676257673581,47.67318201837398,195.91596215518487,271.141222729502,81.0,96.0,57.0,92.0,99.0,99.0,0.0,90.0,36.0,33.0,83.0,78.0,25.0,47.0,88.0,27.0,25.0,59.0,67.0,47.0,85.0,43.0,16.0,91.0,89.0,97.0,55.0,54.0,73.0,83.0,93.0,98.0,55.0,59.0,54.0,50.0,83.0,91.0,83.0,92.0,73.0,83.0,90.0,97.0,72.0,79.0,41.0,37.0,95.0,99.0,9.0,11.0,6.0,10.0,11.0,11.0,1.0,10.0,4.0,4.0,9.0,8.0,3.0,5.0,9.0,3.0,3.0,6.0,7.0,5.0,9.0,5.0,2.0,10.0,9.0,11.0,6.0,6.0,8.0,9.0,10.0,11.0,6.0,6.0,6.0,6.0,9.0,10.0,9.0,10.0,8.0,9.0,10.0,11.0,8.0,8.0,5.0,4.0,11.0,11.0,81 %ile,96 %ile,57 %ile,92 %ile,99 %ile,99 %ile,0 %ile,90 %ile,36 %ile,33 %ile,83 %ile,78 %ile,25 %ile,47 %ile,88 %ile,27 %ile,25 %ile,59 %ile,67 %ile,47 %ile,85 %ile,43 %ile,16 %ile,91 %ile,89 %ile,97 %ile,55 %ile,54 %ile,73 %ile,83 %ile,93 %ile,98 %ile,55 %ile,59 %ile,54 %ile,50 %ile,83 %ile,91 %ile,83 %ile,92 %ile,73 %ile,83 %ile,90 %ile,97 %ile,72 %ile,79 %ile,41 %ile,37 %ile,95 %ile,99 %ile,6156072.0,211885.0,0.0,0.0,6.0,8.0,2.118542276343092,2.397050958564348,0.135923066490891,0.0005981230665
280590413014,Mississippi,MS,Jackson County,4,1395.0,1395.0,632.0,416.0,567.0,827.0,1139.0,1.874438107975055,2.368493861238345,790.0,0.566308243727599,581.0,0.416487455197133,29.0,0.058585858585859,380.0,0.333873206848681,0.0,0.0,30.0,0.04746835443038,136.0,0.097491039426523,109.0,0.078136200716846,0.233846153846154,9.16870983606557,55.67462,0.192966942015192,10188.54128,486496.8710513687,164.0,0.289241622574956,0.134580870609777,0.571725668678932,2.313572939434906,8.24844430015244,2108.108556951467,5.64497709274292,2.390361445783133,146.2061724220543,184.74252117659088,46.86095269937638,59.212346530958634,116.21516269445343,146.84661939677738,174.32274404168012,220.26992909516608,73.10308621102713,92.37126058829544,106.84297215457813,135.00415009058565,121.83847701837858,153.9521009804924,125.5873532343287,158.68908870296912,116.21516269445343,146.84661939677738,163.0761153938298,206.058965927736,148.08061053002936,187.11101503782925,54.3587051312766,68.68632197591201,163.0761153938298,206.058965927736,74.0,86.0,70.0,72.0,65.0,99.0,0.0,35.0,85.0,17.0,83.0,78.0,25.0,62.0,93.0,39.0,57.0,65.0,67.0,62.0,87.0,79.0,29.0,87.0,85.0,93.0,51.0,44.0,77.0,85.0,91.0,96.0,62.0,66.0,77.0,79.0,82.0,87.0,80.0,85.0,77.0,85.0,87.0,93.0,86.0,92.0,53.0,51.0,93.0,96.0,8.0,9.0,8.0,8.0,7.0,11.0,1.0,4.0,9.0,2.0,9.0,8.0,3.0,7.0,10.0,4.0,6.0,7.0,7.0,7.0,9.0,8.0,3.0,9.0,9.0,10.0,6.0,5.0,8.0,9.0,10.0,11.0,7.0,7.0,8.0,8.0,9.0,9.0,9.0,9.0,8.0,9.0,9.0,10.0,9.0,10.0,6.0,6.0,10.0,11.0,74 %ile,86 %ile,70 %ile,72 %ile,65 %ile,99 %ile,0 %ile,35 %ile,85 %ile,17 %ile,83 %ile,78 %ile,25 %ile,62 %ile,93 %ile,39 %ile,57 %ile,65 %ile,67 %ile,62 %ile,87 %ile,79 %ile,29 %ile,87 %ile,85 %ile,93 %ile,51 %ile,44 %ile,77 %ile,85 %ile,91 %ile,96 %ile,62 %ile,66 %ile,77 %ile,79 %ile,82 %ile,87 %ile,80 %ile,85 %ile,77 %ile,85 %ile,87 %ile,93 %ile,86 %ile,92 %ile,53 %ile,51 %ile,93 %ile,96 %ile,9916523.0,1815922.0,0.0,1.0,7.0,9.0,1.856881110996587,1.76288475022648,0.161583156386949,0.001101701710499
280590413021,Mississippi,MS,Jackson County,4,467.0,467.0,457.0,207.0,274.0,457.0,545.0,0.429699762750557,3.061555364050159,29.0,0.062098501070664,66.0,0.141327623126338,0.0,0.0,277.0,0.507831821929101,0.0,0.0,127.0,0.277899343544858,7.0,0.014989293361884,150.0,0.321199143468951,0.233846153846154,9.178847540983607,55.55807,0.091086485823396,5243.194594,146853.68120513612,47.0,0.171532846715328,0.09876406642275,0.565415359079478,1.042835363357226,2.457396958768622,1775.7041104514756,3.21980357170105,0.0,33.516581494543445,238.8013183959124,10.742494068763929,76.53888410125398,10.31279430601337,73.47732873720382,36.95417959654791,263.29376130831366,9.0236950177617,64.29266264505334,19.33648932377507,137.76999138225716,25.352286002282874,180.63176647895935,28.36018434153677,202.0626540273105,19.76618908652563,140.8315467463073,28.36018434153677,202.0626540273105,33.516581494543445,238.8013183959124,3.437598102004457,24.492442912401277,0.0,0.0,11.0,96.0,14.0,26.0,0.0,99.0,0.0,90.0,19.0,90.0,83.0,78.0,25.0,24.0,86.0,21.0,45.0,59.0,66.0,46.0,66.0,78.0,8.0,0.0,39.0,97.0,15.0,56.0,15.0,55.0,42.0,98.0,14.0,49.0,26.0,80.0,59.0,92.0,40.0,92.0,28.0,83.0,41.0,93.0,39.0,97.0,6.0,18.0,0.0,0.0,2.0,11.0,2.0,3.0,1.0,11.0,1.0,10.0,2.0,10.0,9.0,8.0,3.0,3.0,9.0,3.0,5.0,6.0,7.0,5.0,7.0,8.0,1.0,1.0,4.0,11.0,2.0,6.0,2.0,6.0,5.0,11.0,2.0,5.0,3.0,9.0,6.0,10.0,5.0,10.0,3.0,9.0,5.0,10.0,4.0,11.0,1.0,2.0,1.0,1.0,11 %ile,96 %ile,14 %ile,26 %ile,0 %ile,99 %ile,0 %ile,90 %ile,19 %ile,90 %ile,83 %ile,78 %ile,25 %ile,24 %ile,86 %ile,21 %ile,45 %ile,59 %ile,66 %ile,46 %ile,66 %ile,78 %ile,8 %ile,0 %ile,39 %ile,97 %ile,15 %ile,56 %ile,15 %ile,55 %ile,42 %ile,98 %ile,14 %ile,49 %ile,26 %ile,80 %ile,59 %ile,92 %ile,40 %ile,92 %ile,28 %ile,83 %ile,41 %ile,93 %ile,39 %ile,97 %ile,6 %ile,18 %ile,0 %ile,0 %ile,31312041.0,276635.0,0.0,1.0,0.0,8.0,0.422008294048513,2.43489257269992,0.264437270681073,0.0029668088325
280590413022,Mississippi,MS,Jackson County,4,746.0,739.0,721.0,265.0,334.0,726.0,668.0,0.266589955084829,3.005303080093499,18.0,0.024128686327078,72.0,0.097428958051421,5.0,0.015974440894569,339.0,0.507831821929101,0.0,0.0,194.0,0.269070735090153,6.0,0.008042895442359,352.0,0.471849865951743,0.233846153846154,9.178847540983607,55.55807,0.087065555411897,3699.864544,123145.92451291054,97.0,0.290419161676647,0.084132623387275,0.719361524381372,0.804974230545742,1.365013980204254,15.8486734684173,3.050068855285645,0.639899623588457,20.79401649661668,234.41364024729288,6.664748877120729,75.13257700233747,6.131568966951072,69.12197084215046,21.860376316955996,246.4348525676669,5.065209146611755,57.10075852177647,15.195627439835263,171.3022755653294,15.195627439835263,171.3022755653294,19.194476766107705,216.3818217667319,10.930188158477996,123.21742628383345,14.929037484750436,168.29697248523593,10.663598203393168,120.21212320373992,1.866129685593804,21.037121560654487,20.26083658644702,228.40303408710588,4.0,96.0,6.0,17.0,31.0,99.0,0.0,89.0,14.0,97.0,83.0,78.0,25.0,23.0,82.0,19.0,57.0,57.0,72.0,41.0,56.0,40.0,7.0,76.0,27.0,97.0,9.0,55.0,9.0,52.0,27.0,97.0,8.0,44.0,22.0,89.0,57.0,90.0,34.0,94.0,20.0,78.0,31.0,88.0,15.0,76.0,3.0,15.0,74.0,97.0,1.0,11.0,1.0,2.0,4.0,11.0,1.0,9.0,2.0,11.0,9.0,8.0,3.0,3.0,9.0,2.0,6.0,6.0,8.0,5.0,6.0,5.0,1.0,8.0,3.0,11.0,1.0,6.0,1.0,6.0,3.0,11.0,1.0,5.0,3.0,9.0,6.0,10.0,4.0,10.0,3.0,8.0,4.0,9.0,2.0,8.0,1.0,2.0,8.0,11.0,4 %ile,96 %ile,6 %ile,17 %ile,31 %ile,99 %ile,0 %ile,89 %ile,14 %ile,97 %ile,83 %ile,78 %ile,25 %ile,23 %ile,82 %ile,19 %ile,57 %ile,57 %ile,72 %ile,41 %ile,56 %ile,40 %ile,7 %ile,76 %ile,27 %ile,97 %ile,9 %ile,55 %ile,9 %ile,52 %ile,27 %ile,97 %ile,8 %ile,44 %ile,22 %ile,89 %ile,57 %ile,90 %ile,34 %ile,94 %ile,20 %ile,78 %ile,31 %ile,88 %ile,15 %ile,76 %ile,3 %ile,15 %ile,74 %ile,97 %ile,20917281.0,109035.0,0.0,1.0,0.0,7.0,0.26103856346246,2.378570644922275,0.219847169532719,0.001975604962
280590414001,Mississippi,MS,Jackson County,4,1391.0,1391.0,983.0,601.0,601.0,1165.0,1231.0,1.733894645866098,1.896056794953772,569.0,0.409058231488138,644.0,0.462976276060388,63.0,0.086183310533516,275.0,0.223581757508343,0.0,0.0,47.0,0.047812817904374,150.0,0.1078360891445,384.0,0.276060388209921,0.201025641025641,9.1207306010929,56.39676,0.150186839384645,11705.63607,246194.27856888488,103.0,0.171381031613977,0.155007932527157,0.480128629743531,1.392082740074125,0.0,2406.8596324687737,5.432971477508545,0.0,133.50988773168953,145.99637321144047,52.01683937598295,56.88170384861317,81.49304835570659,89.1146693628273,162.9860967114132,178.2293387256546,48.54905008425074,53.08959025870563,78.0252590639744,85.32255577291974,116.17094127302856,127.03580526190277,107.50146804369805,117.55552128713389,88.428626939171,96.69889654264239,0.0,0.0,138.71157166928785,151.68454359630175,46.81515543838464,51.193533463751855,0.0,0.0,70.0,69.0,58.0,77.0,78.0,91.0,0.0,35.0,89.0,84.0,57.0,77.0,30.0,47.0,94.0,28.0,45.0,67.0,62.0,51.0,0.0,80.0,27.0,0.0,82.0,85.0,54.0,42.0,66.0,64.0,89.0,91.0,50.0,41.0,67.0,57.0,81.0,81.0,75.0,74.0,69.0,67.0,0.0,0.0,84.0,86.0,49.0,39.0,0.0,0.0,8.0,7.0,6.0,8.0,8.0,10.0,1.0,4.0,9.0,9.0,6.0,8.0,4.0,5.0,10.0,3.0,5.0,7.0,7.0,6.0,1.0,9.0,3.0,1.0,9.0,9.0,6.0,5.0,7.0,7.0,9.0,10.0,6.0,5.0,7.0,6.0,9.0,9.0,8.0,8.0,7.0,7.0,1.0,1.0,9.0,9.0,5.0,4.0,1.0,1.0,70 %ile,69 %ile,58 %ile,77 %ile,78 %ile,91 %ile,0 %ile,35 %ile,89 %ile,84 %ile,57 %ile,77 %ile,30 %ile,47 %ile,94 %ile,28 %ile,45 %ile,67 %ile,62 %ile,51 %ile,0 %ile,80 %ile,27 %ile,0 %ile,82 %ile,85 %ile,54 %ile,42 %ile,66 %ile,64 %ile,89 %ile,91 %ile,50 %ile,41 %ile,67 %ile,57 %ile,81 %ile,81 %ile,75 %ile,74 %ile,69 %ile,67 %ile,0 %ile,0 %ile,84 %ile,86 %ile,49 %ile,39 %ile,0 %ile,0 %ile,3390833.0,1128600.0,0.0,0.0,4.0,4.0,1.711439148976821,1.307974847263564,0.124187459331338,0.0004242808435
280590414002,Mississippi,MS,Jackson County,4,603.0,603.0,423.0,180.0,201.0,525.0,718.0,2.454125113067349,1.904217698700745,531.0,0.880597014925373,272.0,0.451077943615257,17.0,0.050898203592814,160.0,0.223581757508343,0.0,0.0,25.0,0.059101654846336,0.0,0.0,147.0,0.243781094527363,0.201025641025641,9.1207306010929,56.39676,0.157972717064586,15374.02246,291010.59351183014,55.0,0.27363184079602,0.205692630572656,0.563368947435674,1.502678254672424,0.0,2871.580937851212,5.359414100646973,0.163978494623656,188.96763370618584,146.62476279995738,73.62375339202046,57.12653096102236,122.70625565336744,95.21088493503729,233.1418857413981,180.9006813765708,73.62375339202046,57.12653096102236,137.43100633177153,106.63619112724174,171.7887579147144,133.29523890905216,161.972257462445,125.6783681142492,130.06863099256947,100.9235380311395,0.0,0.0,198.78413415845523,154.24163359476037,63.807252939751066,49.509660166219376,181.6052583669838,140.91210970385515,87.0,69.0,87.0,76.0,60.0,91.0,0.0,41.0,0.0,78.0,57.0,77.0,30.0,50.0,95.0,30.0,56.0,70.0,66.0,53.0,0.0,81.0,26.0,74.0,92.0,85.0,66.0,42.0,78.0,67.0,96.0,91.0,62.0,44.0,84.0,68.0,90.0,83.0,86.0,77.0,80.0,69.0,0.0,0.0,93.0,86.0,58.0,38.0,94.0,87.0,9.0,7.0,9.0,8.0,7.0,10.0,1.0,5.0,1.0,8.0,6.0,8.0,4.0,6.0,11.0,4.0,6.0,8.0,7.0,6.0,1.0,9.0,3.0,8.0,10.0,9.0,7.0,5.0,8.0,7.0,11.0,10.0,7.0,5.0,9.0,7.0,10.0,9.0,9.0,8.0,9.0,7.0,1.0,1.0,10.0,9.0,6.0,4.0,10.0,9.0,87 %ile,69 %ile,87 %ile,76 %ile,60 %ile,91 %ile,0 %ile,41 %ile,0 %ile,78 %ile,57 %ile,77 %ile,30 %ile,50 %ile,95 %ile,30 %ile,56 %ile,70 %ile,66 %ile,53 %ile,0 %ile,81 %ile,26 %ile,74 %ile,92 %ile,85 %ile,66 %ile,42 %ile,78 %ile,67 %ile,96 %ile,91 %ile,62 %ile,44 %ile,84 %ile,68 %ile,90 %ile,83 %ile,86 %ile,77 %ile,80 %ile,69 %ile,0 %ile,0 %ile,93 %ile,86 %ile,58 %ile,38 %ile,94 %ile,87 %ile,1044833.0,116819.0,0.0,0.0,8.0,5.0,2.438672479435717,1.317865145392362,0.046446291892332,0.000109039557
280590414003,Mississippi,MS,Jackson County,4,703.0,703.0,626.0,299.0,451.0,678.0,749.0,2.15688544677141,1.784073513964098,681.0,0.968705547652916,186.0,0.264580369843528,0.0,0.0,167.0,0.223581757508343,0.0,0.0,57.0,0.091054313099042,0.0,0.0,101.0,0.143669985775249,0.201025641025641,9.1207306010929,56.39676,0.155323906259554,13612.69889,271393.7553788916,139.0,0.30820399113082,0.178111743477683,0.498245766055569,1.471883541862683,0.0,2591.602077941224,5.536574840545654,0.0,166.08017940139857,137.37366057523556,64.7065634031423,53.522205418922944,105.68738689179908,87.41960218424082,202.7472319965125,167.70291031262522,62.549677956370886,51.73813190495885,127.2562413595132,105.2603373238818,148.8250958272273,123.10107246352275,135.88378314659883,112.39663137973818,112.15804323211331,92.77182272613312,0.0,0.0,172.5508357417128,142.72588111712787,60.39279250959948,49.954058390994746,0.0,0.0,81.0,63.0,94.0,50.0,0.0,91.0,0.0,55.0,0.0,43.0,57.0,77.0,30.0,49.0,94.0,29.0,59.0,69.0,63.0,52.0,0.0,80.0,28.0,0.0,88.0,82.0,61.0,39.0,74.0,63.0,94.0,89.0,57.0,40.0,82.0,67.0,86.0,80.0,82.0,72.0,76.0,65.0,0.0,0.0,90.0,84.0,56.0,38.0,0.0,0.0,9.0,7.0,10.0,6.0,1.0,10.0,1.0,6.0,1.0,5.0,6.0,8.0,4.0,5.0,10.0,3.0,6.0,7.0,7.0,6.0,1.0,9.0,3.0,1.0,9.0,9.0,7.0,4.0,8.0,7.0,10.0,9.0,6.0,5.0,9.0,7.0,9.0,9.0,9.0,8.0,8.0,7.0,1.0,1.0,10.0,9.0,6.0,4.0,1.0,1.0,81 %ile,63 %ile,94 %ile,50 %ile,0 %ile,91 %ile,0 %ile,55 %ile,0 %ile,43 %ile,57 %ile,77 %ile,30 %ile,49 %ile,94 %ile,29 %ile,59 %ile,69 %ile,63 %ile,52 %ile,0 %ile,80 %ile,28 %ile,0 %ile,88 %ile,82 %ile,61 %ile,39 %ile,74 %ile,63 %ile,94 %ile,89 %ile,57 %ile,40 %ile,82 %ile,67 %ile,86 %ile,80 %ile,82 %ile,72 %ile,76 %ile,65 %ile,0 %ile,0 %ile,90 %ile,84 %ile,56 %ile,38 %ile,0 %ile,0 %ile,1317639.0,0.0,0.0,0.0,6.0,4.0,2.153849396936184,1.206300747539006,0.049915139429447,0.000123696087
280590415001,Mississippi,MS,Jackson County,4,1202.0,1202.0,936.0,458.0,553.0,1038.0,1202.0,2.217826489940282,2.308809240604285,1088.0,0.905158069883527,401.0,0.333610648918469,19.0,0.042128603104213,327.0,0.272046589018303,16.0,0.034934497816594,159.0,0.169871794871795,33.0,0.027454242928453,220.0,0.183028286189684,,9.11255683060109,56.31707,0.156786869714544,16730.98964,388448.8435159242,184.0,0.332730560578662,0.259197669407461,0.607566395479432,1.638888121778171,4.428157145972948,2979.343827329028,7.001384735107422,0.0,170.77263972540172,177.77831152652996,64.31696820826818,66.95546797752426,110.89132449701412,115.44046203021423,210.6935165443268,219.33687785740707,77.62392714790988,80.80832342114998,135.28741588635722,140.8373636768614,164.11916025558088,170.8518838047171,150.81220131593915,156.99902836109135,121.98045694671552,126.98450823323569,170.77263972540172,177.77831152652996,179.64394568516286,187.01354848894707,97.58436555737242,101.58760658658854,0.0,0.0,82.0,84.0,89.0,61.0,54.0,97.0,70.0,77.0,30.0,59.0,,77.0,29.0,50.0,95.0,35.0,61.0,74.0,68.0,55.0,77.0,81.0,44.0,0.0,89.0,92.0,61.0,49.0,75.0,76.0,94.0,95.0,64.0,59.0,84.0,81.0,89.0,90.0,85.0,85.0,78.0,79.0,88.0,89.0,91.0,92.0,71.0,69.0,0.0,0.0,9.0,9.0,9.0,7.0,6.0,11.0,8.0,8.0,4.0,6.0,,8.0,3.0,6.0,11.0,4.0,7.0,8.0,7.0,6.0,8.0,9.0,5.0,1.0,9.0,10.0,7.0,5.0,8.0,8.0,10.0,11.0,7.0,6.0,9.0,9.0,9.0,10.0,9.0,9.0,8.0,8.0,9.0,9.0,10.0,10.0,8.0,7.0,1.0,1.0,82 %ile,84 %ile,89 %ile,61 %ile,54 %ile,97 %ile,70 %ile,77 %ile,30 %ile,59 %ile,,77 %ile,29 %ile,50 %ile,95 %ile,35 %ile,61 %ile,74 %ile,68 %ile,55 %ile,77 %ile,81 %ile,44 %ile,0 %ile,89 %ile,92 %ile,61 %ile,49 %ile,75 %ile,76 %ile,94 %ile,95 %ile,64 %ile,59 %ile,84 %ile,81 %ile,89 %ile,90 %ile,85 %ile,85 %ile,78 %ile,79 %ile,88 %ile,89 %ile,91 %ile,92 %ile,71 %ile,69 %ile,0 %ile,0 %ile,4109605.0,837692.0,0.0,0.0,7.0,7.0,2.209782197160905,2.048820348533499,0.11520515113596,0.0004644452085
280590416001,Mississippi,MS,Jackson County,4,603.0,603.0,341.0,232.0,325.0,413.0,602.0,3.462326594208649,2.962836940645043,573.0,0.950248756218905,503.0,0.834162520729685,58.0,0.305263157894737,105.0,0.17384916748286,2.0,0.008620689655172,128.0,0.375366568914956,86.0,0.142620232172471,70.0,0.116086235489221,0.261538461538461,9.10799316939891,56.31852,0.162790693161542,12274.80707,321102.86350966047,64.0,0.196923076923077,0.352393385545546,0.546345887363751,1.5350260983909,2.220782929998233,3321.2617208625566,5.374099731445312,0.0,263.13682115985733,225.17560748902324,100.40747123205084,85.92227127870622,180.04098289884976,154.0675209135422,325.458699855613,278.506672420634,110.79445101467678,94.81078210064136,166.19167652201517,142.21617315096205,270.06147434827466,231.10128137031333,228.51355521777083,195.5472380825728,183.5033094930584,157.03035785418723,221.5889020293536,189.62156420128272,283.91078072510925,242.9526291328935,93.48281804363354,79.99659739741614,0.0,0.0,98.0,95.0,92.0,98.0,98.0,76.0,58.0,95.0,95.0,31.0,94.0,76.0,29.0,52.0,94.0,32.0,48.0,78.0,66.0,53.0,64.0,82.0,27.0,0.0,98.0,97.0,75.0,62.0,89.0,86.0,99.0,98.0,75.0,67.0,89.0,81.0,98.0,97.0,94.0,92.0,90.0,87.0,94.0,91.0,99.0,97.0,69.0,58.0,0.0,0.0,11.0,11.0,10.0,11.0,11.0,8.0,6.0,11.0,11.0,4.0,10.0,8.0,3.0,6.0,10.0,4.0,5.0,8.0,7.0,6.0,7.0,9.0,3.0,1.0,11.0,11.0,8.0,7.0,9.0,9.0,11.0,11.0,8.0,7.0,9.0,9.0,11.0,11.0,10.0,10.0,10.0,9.0,10.0,10.0,11.0,11.0,7.0,6.0,1.0,1.0,98 %ile,95 %ile,92 %ile,98 %ile,98 %ile,76 %ile,58 %ile,95 %ile,95 %ile,31 %ile,94 %ile,76 %ile,29 %ile,52 %ile,94 %ile,32 %ile,48 %ile,78 %ile,66 %ile,53 %ile,64 %ile,82 %ile,27 %ile,0 %ile,98 %ile,97 %ile,75 %ile,62 %ile,89 %ile,86 %ile,99 %ile,98 %ile,75 %ile,67 %ile,89 %ile,81 %ile,98 %ile,97 %ile,94 %ile,92 %ile,90 %ile,87 %ile,94 %ile,91 %ile,99 %ile,97 %ile,69 %ile,58 %ile,0 %ile,0 %ile,3933633.0,28135.0,0.0,0.0,9.0,9.0,3.424710041951042,2.499941795229252,0.115993178882451,0.000371934182
280590416002,Mississippi,MS,Jackson County,4,482.0,477.0,441.0,255.0,324.0,462.0,599.0,2.398348620200447,2.023986064032266,457.0,0.948132780082988,182.0,0.381551362683438,6.0,0.021739130434783,104.0,0.17384916748286,0.0,0.0,37.0,0.08390022675737,0.0,0.0,76.0,0.157676348547718,0.261538461538461,9.10799316939891,56.31852,0.16394741775337,21583.99141,401389.16259006487,129.0,0.398148148148148,0.35737915606658,0.472336788270374,1.64821081447224,1.540857061704769,3286.809755422748,5.639639854431152,0.0,182.274495135234,153.82294086645217,69.55210998581296,58.6955958569357,124.71412825042324,105.2472753296778,230.24146753924288,194.3026621470975,83.94220170701564,70.8395122411293,158.2910089332295,133.5830802261295,189.46954099583527,159.894899058549,148.6976144524277,125.48713597000047,131.90917411102458,111.3192335217746,139.10421997162592,117.3911917138714,196.66458685643664,165.96685725064577,69.55210998581296,58.6955958569357,0.0,0.0,86.0,74.0,92.0,68.0,36.0,76.0,0.0,52.0,0.0,49.0,94.0,76.0,29.0,52.0,96.0,35.0,66.0,79.0,62.0,55.0,58.0,82.0,29.0,0.0,91.0,87.0,64.0,43.0,79.0,72.0,96.0,93.0,66.0,53.0,88.0,79.0,92.0,88.0,84.0,77.0,80.0,74.0,83.0,73.0,93.0,89.0,60.0,44.0,0.0,0.0,9.0,8.0,10.0,7.0,4.0,8.0,1.0,6.0,1.0,5.0,10.0,8.0,3.0,6.0,11.0,4.0,7.0,8.0,7.0,6.0,6.0,9.0,3.0,1.0,10.0,9.0,7.0,5.0,8.0,8.0,11.0,10.0,7.0,6.0,9.0,8.0,10.0,9.0,9.0,8.0,9.0,8.0,9.0,8.0,10.0,9.0,7.0,5.0,1.0,1.0,86 %ile,74 %ile,92 %ile,68 %ile,36 %ile,76 %ile,0 %ile,52 %ile,0 %ile,49 %ile,94 %ile,76 %ile,29 %ile,52 %ile,96 %ile,35 %ile,66 %ile,79 %ile,62 %ile,55 %ile,58 %ile,82 %ile,29 %ile,0 %ile,91 %ile,87 %ile,64 %ile,43 %ile,79 %ile,72 %ile,96 %ile,93 %ile,66 %ile,53 %ile,88 %ile,79 %ile,92 %ile,88 %ile,84 %ile,77 %ile,80 %ile,74 %ile,83 %ile,73 %ile,93 %ile,89 %ile,60 %ile,44 %ile,0 %ile,0 %ile,822422.0,0.0,0.0,0.0,8.0,4.0,2.387987310669312,1.491297122304815,0.038870106980461,7.72043185e-05
280590416003,Mississippi,MS,Jackson County,4,957.0,957.0,613.0,325.0,376.0,751.0,840.0,2.550379330350325,2.362022142246806,921.0,0.962382445141066,418.0,0.436781609195402,74.0,0.185929648241206,146.0,0.17384916748286,0.0,0.0,154.0,0.251223491027732,113.0,0.118077324973877,137.0,0.143155694879833,0.261538461538461,9.10799316939891,56.31852,0.163608479512247,17529.60638,354321.63106267294,52.0,0.138297872340426,0.420614177052898,0.51942511954468,1.53592480781713,2.720821094203873,3488.327813912668,5.183419704437256,0.0,193.8288291066247,179.5136828107572,73.96100058015942,68.49864212515736,132.61972517821692,122.82515139683387,242.28603638328087,224.39210351344647,84.16251790156073,77.94673069414458,104.56555254436334,96.84290783211902,206.5807257583764,191.32379352199123,163.2242771424208,151.16941710379555,135.17010450856725,125.18717353908067,173.42579446382211,160.61750567278278,209.13110508872668,193.68581566423805,63.75948325875813,59.05055355617014,0.0,0.0,89.0,86.0,93.0,75.0,95.0,76.0,0.0,88.0,91.0,43.0,94.0,76.0,29.0,52.0,95.0,33.0,41.0,81.0,64.0,53.0,68.0,82.0,25.0,0.0,92.0,92.0,66.0,50.0,81.0,78.0,97.0,96.0,66.0,58.0,76.0,63.0,94.0,93.0,87.0,84.0,81.0,79.0,89.0,86.0,94.0,93.0,58.0,45.0,0.0,0.0,9.0,9.0,10.0,8.0,11.0,8.0,1.0,9.0,10.0,5.0,10.0,8.0,3.0,6.0,11.0,4.0,5.0,9.0,7.0,6.0,7.0,9.0,3.0,1.0,10.0,10.0,7.0,6.0,9.0,8.0,11.0,11.0,7.0,6.0,8.0,7.0,10.0,10.0,9.0,9.0,9.0,8.0,9.0,9.0,10.0,10.0,6.0,5.0,1.0,1.0,89 %ile,86 %ile,93 %ile,75 %ile,95 %ile,76 %ile,0 %ile,88 %ile,91 %ile,43 %ile,94 %ile,76 %ile,29 %ile,52 %ile,95 %ile,33 %ile,41 %ile,81 %ile,64 %ile,53 %ile,68 %ile,82 %ile,25 %ile,0 %ile,92 %ile,92 %ile,66 %ile,50 %ile,81 %ile,78 %ile,97 %ile,96 %ile,66 %ile,58 %ile,76 %ile,63 %ile,94 %ile,93 %ile,87 %ile,84 %ile,81 %ile,79 %ile,89 %ile,86 %ile,94 %ile,93 %ile,58 %ile,45 %ile,0 %ile,0 %ile,1034774.0,0.0,0.0,0.0,8.0,6.0,2.536878684277285,1.849382256219741,0.04335780667978,9.71386355e-05
280590417001,Mississippi,MS,Jackson County,4,297.0,297.0,249.0,186.0,303.0,282.0,478.0,3.219769479498638,2.442852001470873,297.0,1.0,207.0,0.696969696969697,6.0,0.046153846153846,77.0,0.160140268848627,0.0,0.0,40.0,0.160642570281124,0.0,0.0,85.0,0.286195286195286,0.268717948717949,9.0759912568306,56.49212,0.166020501133007,29375.55241,368093.4219182578,72.0,0.237623762376238,0.585905195430138,0.652215010367469,1.523665951744058,2.520928236079216,3806.243732048396,5.001857280731201,0.0,244.70248044189648,185.65675211178632,96.59308438495917,73.28556004412617,170.64778241342785,129.47115607795624,312.31763951136793,236.95664414267463,109.4721623029537,83.05696805000966,167.4280129339292,127.02830407648536,273.6804057573843,207.64242012502413,225.3838635649047,170.99964010296108,170.64778241342785,129.47115607795624,215.7245551264088,163.67108409854845,267.240866798387,202.7567161220824,74.05469802846868,56.18559603383007,0.0,0.0,97.0,88.0,98.0,94.0,57.0,69.0,0.0,75.0,0.0,86.0,96.0,76.0,30.0,53.0,97.0,34.0,52.0,85.0,70.0,53.0,67.0,83.0,23.0,0.0,97.0,93.0,74.0,54.0,88.0,80.0,99.0,97.0,74.0,61.0,89.0,77.0,98.0,95.0,94.0,88.0,88.0,80.0,94.0,87.0,98.0,94.0,62.0,43.0,0.0,0.0,11.0,9.0,11.0,10.0,6.0,7.0,1.0,8.0,1.0,9.0,11.0,8.0,4.0,6.0,11.0,4.0,6.0,9.0,8.0,6.0,7.0,9.0,3.0,1.0,11.0,10.0,8.0,6.0,9.0,9.0,11.0,11.0,8.0,7.0,9.0,8.0,11.0,11.0,10.0,9.0,9.0,9.0,10.0,9.0,11.0,10.0,7.0,5.0,1.0,1.0,97 %ile,88 %ile,98 %ile,94 %ile,57 %ile,69 %ile,0 %ile,75 %ile,0 %ile,86 %ile,96 %ile,76 %ile,30 %ile,53 %ile,97 %ile,34 %ile,52 %ile,85 %ile,70 %ile,53 %ile,67 %ile,83 %ile,23 %ile,0 %ile,97 %ile,93 %ile,74 %ile,54 %ile,88 %ile,80 %ile,99 %ile,97 %ile,74 %ile,61 %ile,89 %ile,77 %ile,98 %ile,95 %ile,94 %ile,88 %ile,88 %ile,80 %ile,94 %ile,87 %ile,98 %ile,94 %ile,62 %ile,43 %ile,0 %ile,0 %ile,1246773.0,0.0,0.0,0.0,9.0,8.0,3.191086111291127,1.920720435970162,0.043773582703098,0.0001170297755
280590417002,Mississippi,MS,Jackson County,4,1414.0,1414.0,949.0,517.0,574.0,1117.0,1233.0,2.864975724250753,2.182447094011566,1391.0,0.983734087694484,787.0,0.556577086280057,22.0,0.034810126582278,197.0,0.160140268848627,0.0,0.0,81.0,0.085353003161222,153.0,0.108203677510608,374.0,0.264497878359264,0.268717948717949,9.0759912568306,56.49212,0.171400783522706,40812.14338,381702.9864648584,171.0,0.297909407665505,0.504265432402268,0.591486820170356,1.644086995984051,3.923419361137941,3689.544998321387,6.067422389984131,0.0,217.7381550430572,165.86597914487905,85.94927172752257,65.473412820347,157.5736648337914,120.03459017063616,280.76762097657377,213.87981521313347,97.4091746245256,74.20320119639325,166.16859200654366,126.58193145267084,237.7929851128125,181.14310880296,191.95337352480044,146.2239552987749,157.5736648337914,120.03459017063616,214.87317931880648,163.68353205086748,237.7929851128125,181.14310880296,97.4091746245256,74.20320119639325,0.0,0.0,93.0,80.0,95.0,86.0,48.0,69.0,0.0,53.0,89.0,82.0,96.0,76.0,30.0,55.0,98.0,34.0,58.0,83.0,67.0,55.0,75.0,83.0,34.0,0.0,95.0,90.0,71.0,48.0,86.0,77.0,98.0,95.0,71.0,55.0,89.0,76.0,96.0,92.0,90.0,83.0,86.0,77.0,94.0,87.0,96.0,91.0,71.0,54.0,0.0,0.0,10.0,9.0,11.0,9.0,5.0,7.0,1.0,6.0,9.0,9.0,11.0,8.0,4.0,6.0,11.0,4.0,6.0,9.0,7.0,6.0,8.0,9.0,4.0,1.0,11.0,10.0,8.0,5.0,9.0,8.0,11.0,11.0,8.0,6.0,9.0,8.0,11.0,10.0,10.0,9.0,9.0,8.0,10.0,9.0,11.0,10.0,8.0,6.0,1.0,1.0,93 %ile,80 %ile,95 %ile,86 %ile,48 %ile,69 %ile,0 %ile,53 %ile,89 %ile,82 %ile,96 %ile,76 %ile,30 %ile,55 %ile,98 %ile,34 %ile,58 %ile,83 %ile,67 %ile,55 %ile,75 %ile,83 %ile,34 %ile,0 %ile,95 %ile,90 %ile,71 %ile,48 %ile,86 %ile,77 %ile,98 %ile,95 %ile,71 %ile,55 %ile,89 %ile,76 %ile,96 %ile,92 %ile,90 %ile,83 %ile,86 %ile,77 %ile,94 %ile,87 %ile,96 %ile,91 %ile,71 %ile,54 %ile,0 %ile,0 %ile,1373937.0,0.0,0.0,0.0,9.0,6.0,2.844538412305271,1.654080088865288,0.047301335516277,0.000128963568
280590418001,Mississippi,MS,Jackson County,4,550.0,550.0,389.0,245.0,245.0,466.0,555.0,2.477002357613754,2.1376480479399,550.0,1.0,209.0,0.38,75.0,0.286259541984733,135.0,0.242845461978741,0.0,0.0,61.0,0.15681233933162,0.0,0.0,109.0,0.198181818181818,,9.07621202185792,56.58898,0.162671238886167,27595.57745,326306.7451959247,15.0,0.061224489795918,0.346846400031625,0.590072825027319,1.659840551516179,0.753057359401271,3351.398463580615,5.108340263366699,,188.2521791786453,162.46125164343235,76.78707308602637,66.26708948613688,128.8041225959152,111.15769849287476,240.26922868853407,207.35186065017024,79.26407544364012,68.40473753407679,71.83306837079886,61.99179339025709,193.2061838938728,166.73654773931216,165.9591579601215,143.22241921197326,136.23512966875643,117.57064263669449,118.89611316546016,102.60710630111518,203.11419332432783,175.28713993107175,59.44805658273009,51.30355315055759,,,87.0,79.0,98.0,67.0,98.0,94.0,0.0,74.0,0.0,64.0,,76.0,31.0,52.0,97.0,32.0,29.0,78.0,67.0,55.0,48.0,82.0,24.0,,92.0,89.0,67.0,49.0,80.0,74.0,97.0,94.0,64.0,52.0,64.0,43.0,92.0,90.0,87.0,82.0,81.0,76.0,79.0,68.0,94.0,91.0,56.0,39.0,,,9.0,8.0,11.0,7.0,11.0,10.0,1.0,8.0,1.0,7.0,,8.0,4.0,6.0,11.0,4.0,3.0,8.0,7.0,6.0,5.0,9.0,3.0,,10.0,9.0,7.0,5.0,9.0,8.0,11.0,10.0,7.0,6.0,7.0,5.0,10.0,10.0,9.0,9.0,9.0,8.0,8.0,7.0,10.0,10.0,6.0,4.0,,,87 %ile,79 %ile,98 %ile,67 %ile,98 %ile,94 %ile,0 %ile,74 %ile,0 %ile,64 %ile,,76 %ile,31 %ile,52 %ile,97 %ile,32 %ile,29 %ile,78 %ile,67 %ile,55 %ile,48 %ile,82 %ile,24 %ile,,92 %ile,89 %ile,67 %ile,49 %ile,80 %ile,74 %ile,97 %ile,94 %ile,64 %ile,52 %ile,64 %ile,43 %ile,92 %ile,90 %ile,87 %ile,82 %ile,81 %ile,76 %ile,79 %ile,68 %ile,94 %ile,91 %ile,56 %ile,39 %ile,,,534366.0,0.0,0.0,0.0,7.0,5.0,2.467425956469811,1.665999964709744,0.032675788885094,5.01598935e-05
280590418002,Mississippi,MS,Jackson County,4,716.0,716.0,615.0,317.0,365.0,635.0,484.0,3.532434941919795,2.515636020822511,674.0,0.941340782122905,623.0,0.870111731843575,45.0,0.169172932330827,117.0,0.242845461978741,0.0,0.0,40.0,0.065040650406504,51.0,0.07122905027933,124.0,0.173184357541899,,9.07621202185792,56.58898,0.160206040767202,22900.65282,371550.53288652335,167.0,0.457534246575342,0.290316366092977,0.589280290861752,1.691141948055586,13.694339938996848,3274.0005409348023,6.25029993057251,0.116438356164384,268.46505558590445,191.1883375825108,109.50548319951366,77.98471664549783,180.15418203790955,128.29743706194805,339.11375442430034,241.501057998961,120.10278802527304,85.53162470796536,250.80288087630544,178.61015747839826,268.46505558590445,191.1883375825108,236.67314110862628,168.5476133951082,194.28392180558876,138.35998114523807,328.516449598541,233.95414993649348,289.6596652374232,206.28215370744587,127.16765790911263,90.5628967496104,261.40018570206485,186.15706554086577,99.0,89.0,91.0,98.0,93.0,94.0,0.0,44.0,71.0,55.0,,76.0,31.0,51.0,96.0,34.0,71.0,76.0,67.0,55.0,93.0,82.0,36.0,74.0,98.0,94.0,78.0,57.0,89.0,80.0,99.0,97.0,77.0,62.0,97.0,90.0,98.0,93.0,95.0,87.0,91.0,82.0,99.0,96.0,99.0,95.0,79.0,63.0,98.0,94.0,11.0,9.0,10.0,11.0,10.0,10.0,1.0,5.0,8.0,6.0,,8.0,4.0,6.0,11.0,4.0,8.0,8.0,7.0,6.0,10.0,9.0,4.0,8.0,11.0,10.0,8.0,6.0,9.0,9.0,11.0,11.0,8.0,7.0,11.0,10.0,11.0,10.0,11.0,9.0,10.0,9.0,11.0,11.0,11.0,11.0,8.0,7.0,11.0,10.0,99 %ile,89 %ile,91 %ile,98 %ile,93 %ile,94 %ile,0 %ile,44 %ile,71 %ile,55 %ile,,76 %ile,31 %ile,51 %ile,96 %ile,34 %ile,71 %ile,76 %ile,67 %ile,55 %ile,93 %ile,82 %ile,36 %ile,74 %ile,98 %ile,94 %ile,78 %ile,57 %ile,89 %ile,80 %ile,99 %ile,97 %ile,77 %ile,62 %ile,97 %ile,90 %ile,98 %ile,93 %ile,95 %ile,87 %ile,91 %ile,82 %ile,99 %ile,96 %ile,99 %ile,95 %ile,79 %ile,63 %ile,98 %ile,94 %ile,783949.0,0.0,0.0,0.0,10.0,10.0,3.492532623745991,2.014557571697327,0.035406845868593,7.3584786e-05
280590418003,Mississippi,MS,Jackson County,4,588.0,456.0,381.0,118.0,155.0,475.0,528.0,2.351168192775597,2.119743054331611,460.0,0.782312925170068,216.0,0.473684210526316,0.0,0.0,128.0,0.242845461978741,0.0,0.0,37.0,0.097112860892388,33.0,0.056122448979592,228.0,0.387755102040816,,9.07621202185792,56.58898,0.160221773937556,18638.67089,388291.95083847,103.0,0.664516129032258,0.250410536082047,0.592668170636713,1.660078231074025,12.380929582670278,3156.9328996094623,5.877640247344971,0.436681222707424,178.68878265094534,161.10047212920244,72.88621397604349,65.71203468427994,119.90957783155544,108.10689577091216,225.7121465064573,203.49533321583465,82.29088674714589,74.19100690160639,197.4981281931501,178.0584165638553,173.98644626539416,156.8609860205392,159.87943710874055,144.14252769454953,129.3142506026578,116.5858679882386,216.30747373535488,195.0163609985082,192.79579180759893,173.8189304551921,75.23738216881908,67.83177773861155,176.33761445816975,158.98072907487082,85.0,78.0,82.0,78.0,0.0,94.0,0.0,58.0,59.0,95.0,,76.0,31.0,51.0,96.0,35.0,84.0,74.0,68.0,55.0,92.0,82.0,32.0,75.0,90.0,89.0,65.0,48.0,78.0,73.0,96.0,94.0,66.0,55.0,93.0,90.0,90.0,88.0,86.0,82.0,80.0,76.0,94.0,92.0,93.0,90.0,63.0,50.0,94.0,90.0,9.0,8.0,9.0,8.0,1.0,10.0,1.0,6.0,6.0,11.0,,8.0,4.0,6.0,11.0,4.0,9.0,8.0,7.0,6.0,10.0,9.0,4.0,8.0,10.0,9.0,7.0,5.0,8.0,8.0,11.0,10.0,7.0,6.0,10.0,10.0,10.0,9.0,9.0,9.0,9.0,8.0,10.0,10.0,10.0,10.0,7.0,6.0,10.0,10.0,85 %ile,78 %ile,82 %ile,78 %ile,0 %ile,94 %ile,0 %ile,58 %ile,59 %ile,95 %ile,,76 %ile,31 %ile,51 %ile,96 %ile,35 %ile,84 %ile,74 %ile,68 %ile,55 %ile,92 %ile,82 %ile,32 %ile,75 %ile,90 %ile,89 %ile,65 %ile,48 %ile,78 %ile,73 %ile,96 %ile,94 %ile,66 %ile,55 %ile,93 %ile,90 %ile,90 %ile,88 %ile,86 %ile,82 %ile,80 %ile,76 %ile,94 %ile,92 %ile,93 %ile,90 %ile,63 %ile,50 %ile,94 %ile,90 %ile,842732.0,346.0,0.0,0.0,9.0,8.0,2.333042720190549,1.63573573426117,0.041049149013855,7.9134969e-05
280590418004,Mississippi,MS,Jackson County,4,724.0,724.0,531.0,279.0,364.0,646.0,879.0,2.549407348048866,2.332360988679711,707.0,0.976519337016575,309.0,0.426795580110497,34.0,0.12781954887218,214.0,0.242845461978741,0.0,0.0,118.0,0.222222222222222,0.0,0.0,149.0,0.205801104972376,,9.07621202185792,56.58898,0.165755170587691,33564.63821,321117.65766952315,101.0,0.277472527472527,0.382206648752761,0.633826714713884,1.749454369022855,3.66194665223169,3562.9834400406417,6.05019998550415,1.0,193.7549584517138,177.259435139658,79.03162778951484,72.30319064907103,135.11858944658988,123.61513240002466,247.29251276074,226.23901590193196,81.5810351375637,74.63555163775074,142.76681149073647,130.6122153660638,203.95258784390927,186.58887909437684,175.90910701537175,160.93290821890002,142.76681149073647,130.6122153660638,186.1067364075672,170.26235217361886,211.60080988805584,193.585962060416,86.67984983366142,79.30027361511014,198.85377314781152,181.9241571170174,89.0,85.0,94.0,73.0,88.0,94.0,0.0,85.0,0.0,67.0,,76.0,31.0,53.0,97.0,32.0,56.0,80.0,69.0,56.0,73.0,83.0,34.0,78.0,92.0,92.0,68.0,53.0,81.0,78.0,97.0,96.0,65.0,56.0,85.0,78.0,93.0,93.0,88.0,86.0,83.0,80.0,90.0,88.0,94.0,93.0,67.0,57.0,95.0,93.0,9.0,9.0,10.0,8.0,9.0,10.0,1.0,9.0,1.0,7.0,,8.0,4.0,6.0,11.0,4.0,6.0,9.0,7.0,6.0,8.0,9.0,4.0,8.0,10.0,10.0,7.0,6.0,9.0,8.0,11.0,11.0,7.0,6.0,9.0,8.0,10.0,10.0,9.0,9.0,9.0,9.0,10.0,9.0,10.0,10.0,7.0,6.0,11.0,10.0,89 %ile,85 %ile,94 %ile,73 %ile,88 %ile,94 %ile,0 %ile,85 %ile,0 %ile,67 %ile,,76 %ile,31 %ile,53 %ile,97 %ile,32 %ile,56 %ile,80 %ile,69 %ile,56 %ile,73 %ile,83 %ile,34 %ile,78 %ile,92 %ile,92 %ile,68 %ile,53 %ile,81 %ile,78 %ile,97 %ile,96 %ile,65 %ile,56 %ile,85 %ile,78 %ile,93 %ile,93 %ile,88 %ile,86 %ile,83 %ile,80 %ile,90 %ile,88 %ile,94 %ile,93 %ile,67 %ile,57 %ile,95 %ile,93 %ile,1000536.0,0.0,0.0,0.0,10.0,8.0,2.536697106195914,1.869750176938453,0.039213653533175,9.39128835e-05
280590419001,Mississippi,MS,Jackson County,4,1849.0,1838.0,1243.0,751.0,870.0,1586.0,1773.0,2.446857914373865,2.560343044951758,1134.0,0.613304488912926,1156.0,0.628944504896627,262.0,0.278723404255319,372.0,0.210073181231167,15.0,0.019973368841545,233.0,0.18744971842317,141.0,0.076257436452136,272.0,0.14710654407788,0.256410256410256,9.04470546448087,56.87083,0.182589831836237,29877.58681,439450.7144173801,144.0,0.16551724137931,0.325882836051883,0.716643310949312,2.131457170843734,21.89017149414135,3712.8398678098015,7.875578880310059,0.995386389850058,183.51434357803984,192.02572837138183,78.29945325996367,81.93097743845625,141.91775903368415,148.49989660720195,237.34521769426487,248.35327536032048,90.533742831833,94.73269266321503,107.66174823245004,112.65509397787734,188.4080594067876,197.14641446128536,176.17376983491826,184.34469923652657,146.81147486243188,153.62058269710548,234.89835977989097,245.7929323153688,203.0892068930308,212.50847273099592,129.68346946181484,135.69818138244318,188.4080594067876,197.14641446128536,87.0,90.0,73.0,90.0,98.0,88.0,64.0,80.0,74.0,44.0,93.0,75.0,32.0,58.0,97.0,37.0,44.0,77.0,72.0,60.0,96.0,83.0,53.0,77.0,91.0,94.0,68.0,59.0,82.0,85.0,96.0,97.0,69.0,67.0,77.0,71.0,92.0,94.0,88.0,90.0,84.0,86.0,95.0,97.0,94.0,95.0,79.0,81.0,94.0,95.0,9.0,10.0,8.0,10.0,11.0,9.0,7.0,9.0,8.0,5.0,10.0,8.0,4.0,6.0,11.0,4.0,5.0,8.0,8.0,7.0,11.0,9.0,6.0,8.0,10.0,10.0,7.0,6.0,9.0,9.0,11.0,11.0,7.0,7.0,8.0,8.0,10.0,10.0,9.0,10.0,9.0,9.0,11.0,11.0,10.0,11.0,8.0,9.0,10.0,11.0,87 %ile,90 %ile,73 %ile,90 %ile,98 %ile,88 %ile,64 %ile,80 %ile,74 %ile,44 %ile,93 %ile,75 %ile,32 %ile,58 %ile,97 %ile,37 %ile,44 %ile,77 %ile,72 %ile,60 %ile,96 %ile,83 %ile,53 %ile,77 %ile,91 %ile,94 %ile,68 %ile,59 %ile,82 %ile,85 %ile,96 %ile,97 %ile,69 %ile,67 %ile,77 %ile,71 %ile,92 %ile,94 %ile,88 %ile,90 %ile,84 %ile,86 %ile,95 %ile,97 %ile,94 %ile,95 %ile,79 %ile,81 %ile,94 %ile,95 %ile,4017798.0,24266.0,0.0,1.0,9.0,10.0,2.417120445625931,2.120971137464148,0.122393742380839,0.00037935703
280590419002,Mississippi,MS,Jackson County,4,485.0,485.0,346.0,218.0,237.0,394.0,550.0,1.19393592611087,2.31927390900093,139.0,0.28659793814433,153.0,0.315463917525773,31.0,0.142857142857143,116.0,0.210073181231167,0.0,0.0,83.0,0.239884393063584,35.0,0.072164948453608,99.0,0.204123711340206,0.256410256410256,9.04470546448087,56.87083,0.187502750433774,17586.29423,490614.37439755985,133.0,0.561181434599156,0.203994882940429,0.974961155537682,1.580043838063997,7.759191686080895,3198.9113056643378,7.904575347900391,1.0,89.54519445831528,173.94554317506973,38.205949635547846,74.21676508802975,71.63615556665222,139.15643454005578,113.42391298053268,220.33102135508827,46.56350111832394,90.45168245103626,93.12700223664787,180.90336490207247,83.57551482776093,162.34917363006508,95.51487408886963,185.5419127200744,64.472540009987,125.2407910860502,102.67848964553484,199.45755617407997,97.90274594109135,190.18046053807623,63.278604083876125,122.92151717704925,93.12700223664787,180.90336490207247,51.0,84.0,47.0,58.0,90.0,88.0,0.0,87.0,72.0,66.0,93.0,75.0,32.0,60.0,95.0,39.0,78.0,70.0,80.0,54.0,86.0,82.0,53.0,78.0,70.0,91.0,44.0,54.0,62.0,83.0,80.0,96.0,49.0,65.0,73.0,90.0,75.0,89.0,72.0,90.0,59.0,79.0,75.0,93.0,74.0,93.0,58.0,77.0,85.0,93.0,6.0,9.0,5.0,6.0,10.0,9.0,1.0,9.0,8.0,7.0,10.0,8.0,4.0,7.0,11.0,4.0,8.0,8.0,9.0,6.0,9.0,9.0,6.0,8.0,8.0,10.0,5.0,6.0,7.0,9.0,9.0,11.0,5.0,7.0,8.0,10.0,8.0,9.0,8.0,10.0,6.0,8.0,8.0,10.0,8.0,10.0,6.0,8.0,9.0,10.0,51 %ile,84 %ile,47 %ile,58 %ile,90 %ile,88 %ile,0 %ile,87 %ile,72 %ile,66 %ile,93 %ile,75 %ile,32 %ile,60 %ile,95 %ile,39 %ile,78 %ile,70 %ile,80 %ile,54 %ile,86 %ile,82 %ile,53 %ile,78 %ile,70 %ile,91 %ile,44 %ile,54 %ile,62 %ile,83 %ile,80 %ile,96 %ile,49 %ile,65 %ile,73 %ile,90 %ile,75 %ile,89 %ile,72 %ile,90 %ile,59 %ile,79 %ile,75 %ile,93 %ile,74 %ile,93 %ile,58 %ile,77 %ile,85 %ile,93 %ile,1073152.0,792109.0,0.0,0.0,2.0,9.0,1.178740089369359,1.793460345654488,0.070522933963072,0.0001750516255
280590420001,Mississippi,MS,Jackson County,4,706.0,706.0,400.0,309.0,422.0,521.0,788.0,2.525268360884902,2.020338760246755,496.0,0.702549575070821,425.0,0.601983002832861,129.0,0.355371900826446,117.0,0.148162401385415,4.0,0.01294498381877,4.0,0.01,29.0,0.041076487252125,28.0,0.039660056657224,0.256410256410256,9.02656557377049,56.88899,0.157842573423457,73566.20570999998,293753.23076548806,103.0,0.244075829383886,0.912317196211671,0.65176206158685,2.157498197977731,12.293524223588207,5420.98188923827,4.383333206176758,0.0,189.39512706636768,151.5254070185066,80.80858754831688,64.65084032789615,126.26341804424511,101.01693801233772,250.00156772760533,200.01353726442872,75.75805082654708,60.61016280740264,133.83922312689984,107.077954293078,227.27415247964123,181.8304884222079,176.76878526194315,141.42371321727282,151.51610165309415,121.22032561480528,229.79942084052607,183.85082718245468,214.64781067521673,171.72879462097416,42.92956213504334,34.345758924194826,0.0,0.0,88.0,74.0,78.0,89.0,99.0,63.0,60.0,13.0,44.0,6.0,93.0,75.0,32.0,50.0,99.0,30.0,53.0,90.0,70.0,60.0,91.0,85.0,17.0,0.0,92.0,86.0,69.0,47.0,79.0,70.0,97.0,94.0,63.0,46.0,83.0,68.0,96.0,92.0,89.0,81.0,85.0,77.0,95.0,90.0,95.0,90.0,46.0,26.0,0.0,0.0,9.0,8.0,8.0,9.0,11.0,7.0,7.0,2.0,5.0,1.0,10.0,8.0,4.0,6.0,11.0,4.0,6.0,10.0,8.0,7.0,10.0,9.0,2.0,1.0,10.0,9.0,7.0,5.0,8.0,8.0,11.0,10.0,7.0,5.0,9.0,7.0,11.0,10.0,9.0,9.0,9.0,8.0,11.0,10.0,11.0,10.0,5.0,3.0,1.0,1.0,88 %ile,74 %ile,78 %ile,89 %ile,99 %ile,63 %ile,60 %ile,13 %ile,44 %ile,6 %ile,93 %ile,75 %ile,32 %ile,50 %ile,99 %ile,30 %ile,53 %ile,90 %ile,70 %ile,60 %ile,91 %ile,85 %ile,17 %ile,0 %ile,92 %ile,86 %ile,69 %ile,47 %ile,79 %ile,70 %ile,97 %ile,94 %ile,63 %ile,46 %ile,83 %ile,68 %ile,96 %ile,92 %ile,89 %ile,81 %ile,85 %ile,77 %ile,95 %ile,90 %ile,95 %ile,90 %ile,46 %ile,26 %ile,0 %ile,0 %ile,438163.0,0.0,0.0,0.0,8.0,6.0,2.498345774855722,1.543840249025598,0.035118319885695,4.11170875e-05
280590420002,Mississippi,MS,Jackson County,4,1792.0,1779.0,994.0,719.0,866.0,1278.0,1851.0,2.234393161475593,2.314887883534458,1213.0,0.676897321428571,881.0,0.49522203485104,82.0,0.103666245259166,274.0,0.148162401385415,69.0,0.095966620305981,150.0,0.150905432595573,333.0,0.185825892857143,155.0,0.086495535714286,0.256410256410256,9.02656557377049,56.88899,0.183284938759081,101918.0455,328701.7159311688,15.0,0.017321016166282,0.900452805480789,0.842216053941928,1.938137826545913,17.921820052428117,4768.699353982177,6.411814212799072,0.0,167.57948711066945,173.6165912650843,71.50058116721897,74.07641227310266,131.82919652705996,136.578385128533,221.2049229860837,229.17390046991127,71.50058116721897,74.07641227310266,40.21907690656067,41.66798190362024,201.0953845328033,208.3399095181012,169.81388027214504,175.9314791486188,129.59480336558437,134.26349724499855,212.26735034018128,219.9143489357735,187.68902556394977,194.45058221689445,82.67254697459693,85.65085169077494,0.0,0.0,83.0,84.0,76.0,81.0,83.0,63.0,84.0,73.0,98.0,20.0,93.0,75.0,32.0,59.0,99.0,32.0,18.0,90.0,76.0,58.0,95.0,84.0,37.0,0.0,89.0,91.0,65.0,54.0,80.0,82.0,95.0,96.0,61.0,55.0,44.0,30.0,93.0,95.0,88.0,89.0,80.0,81.0,93.0,95.0,92.0,93.0,66.0,61.0,0.0,0.0,9.0,9.0,8.0,9.0,9.0,7.0,9.0,8.0,11.0,3.0,10.0,8.0,4.0,6.0,11.0,4.0,2.0,10.0,8.0,6.0,11.0,9.0,4.0,1.0,9.0,10.0,7.0,6.0,9.0,9.0,11.0,11.0,7.0,6.0,5.0,4.0,10.0,11.0,9.0,9.0,9.0,9.0,10.0,11.0,10.0,10.0,7.0,7.0,1.0,1.0,83 %ile,84 %ile,76 %ile,81 %ile,83 %ile,63 %ile,84 %ile,73 %ile,98 %ile,20 %ile,93 %ile,75 %ile,32 %ile,59 %ile,99 %ile,32 %ile,18 %ile,90 %ile,76 %ile,58 %ile,95 %ile,84 %ile,37 %ile,0 %ile,89 %ile,91 %ile,65 %ile,54 %ile,80 %ile,82 %ile,95 %ile,96 %ile,61 %ile,55 %ile,44 %ile,30 %ile,93 %ile,95 %ile,88 %ile,89 %ile,80 %ile,81 %ile,93 %ile,95 %ile,92 %ile,93 %ile,66 %ile,61 %ile,0 %ile,0 %ile,1554196.0,0.0,0.0,0.0,8.0,8.0,2.213564192408272,2.277541949131132,0.064050150296427,0.0001458631285
280590420003,Mississippi,MS,Jackson County,4,1888.0,1871.0,872.0,605.0,737.0,1466.0,1770.0,2.227250038083655,2.356953262538742,1008.0,0.533898305084746,1102.0,0.588989845002672,90.0,0.123287671232877,262.0,0.148162401385415,12.0,0.019834710743802,180.0,0.206422018348624,209.0,0.110699152542373,193.0,0.102224576271186,0.256410256410256,9.02656557377049,56.88899,0.161045761345486,36323.00629,363324.45608985337,67.0,0.090909090909091,0.566670749250106,0.639411032632587,2.675068004251231,32.45977493892445,4727.484814587847,5.920133590698242,0.0,167.04375285627412,176.77149469040563,71.27200121867696,75.42250440123973,113.5897519422664,120.20461638947585,216.04325369411453,228.62446646625796,75.72650129484427,80.13641092631721,75.72650129484427,80.13641092631721,189.3162532371107,200.34102731579304,153.6802526277722,162.62977511517315,144.7712524754376,153.20196206501822,218.27050373219816,230.98141972879668,187.089003199027,197.9840740532543,71.27200121867696,75.42250440123973,0.0,0.0,83.0,85.0,68.0,88.0,87.0,63.0,64.0,83.0,89.0,26.0,93.0,75.0,32.0,51.0,97.0,34.0,34.0,85.0,69.0,65.0,98.0,84.0,32.0,0.0,89.0,91.0,65.0,55.0,76.0,77.0,95.0,96.0,63.0,59.0,66.0,54.0,92.0,94.0,85.0,86.0,83.0,86.0,94.0,96.0,92.0,94.0,61.0,55.0,0.0,0.0,9.0,9.0,7.0,9.0,9.0,7.0,7.0,9.0,9.0,3.0,10.0,8.0,4.0,6.0,11.0,4.0,4.0,9.0,7.0,7.0,11.0,9.0,4.0,1.0,9.0,10.0,7.0,6.0,8.0,8.0,11.0,11.0,7.0,6.0,7.0,6.0,10.0,10.0,9.0,9.0,9.0,9.0,10.0,11.0,10.0,10.0,7.0,6.0,1.0,1.0,83 %ile,85 %ile,68 %ile,88 %ile,87 %ile,63 %ile,64 %ile,83 %ile,89 %ile,26 %ile,93 %ile,75 %ile,32 %ile,51 %ile,97 %ile,34 %ile,34 %ile,85 %ile,69 %ile,65 %ile,98 %ile,84 %ile,32 %ile,0 %ile,89 %ile,91 %ile,65 %ile,55 %ile,76 %ile,77 %ile,95 %ile,96 %ile,63 %ile,59 %ile,66 %ile,54 %ile,92 %ile,94 %ile,85 %ile,86 %ile,83 %ile,86 %ile,94 %ile,96 %ile,92 %ile,94 %ile,61 %ile,55 %ile,0 %ile,0 %ile,1247869.0,11441.0,0.0,0.0,7.0,7.0,2.198862552935304,1.940603280250453,0.048505512719502,0.0001181781985
280590420004,Mississippi,MS,Jackson County,4,828.0,828.0,520.0,277.0,364.0,544.0,789.0,2.454477965657272,2.463815278413126,733.0,0.885265700483092,371.0,0.448067632850242,38.0,0.100529100529101,117.0,0.148162401385415,72.0,0.259927797833935,45.0,0.086538461538462,106.0,0.128019323671498,24.0,0.028985507246377,0.256410256410256,9.02656557377049,56.88899,0.157677821473361,862674.996,270048.1253664924,5.0,0.013736263736264,1.513917457194018,0.823822062033468,2.053787995525419,0.0,5653.217291008248,4.689000129699707,0.0,184.08584742429545,184.78614588098444,78.54329490103272,78.84208890922001,122.7238982828636,123.19076392065628,242.99331860006995,243.91771256289945,71.1798610040609,71.45064307398064,41.72612541617363,41.884859733023134,230.7209287717836,231.59863617083383,186.54032538995267,187.2499611593976,144.81419997377907,145.36510142637442,0.0,0.0,208.63062708086807,209.42429866511569,49.08955931314544,49.27630556826252,0.0,0.0,87.0,88.0,88.0,76.0,82.0,63.0,95.0,53.0,93.0,4.0,93.0,75.0,32.0,50.0,99.0,29.0,17.0,94.0,76.0,59.0,0.0,85.0,20.0,0.0,91.0,93.0,68.0,57.0,78.0,78.0,97.0,97.0,61.0,54.0,45.0,30.0,96.0,97.0,90.0,90.0,83.0,84.0,0.0,0.0,94.0,95.0,50.0,38.0,0.0,0.0,9.0,9.0,9.0,8.0,9.0,7.0,11.0,6.0,10.0,1.0,10.0,8.0,4.0,6.0,11.0,3.0,2.0,10.0,8.0,6.0,1.0,9.0,3.0,1.0,10.0,10.0,7.0,6.0,8.0,8.0,11.0,11.0,7.0,6.0,5.0,4.0,11.0,11.0,10.0,10.0,9.0,9.0,1.0,1.0,10.0,11.0,6.0,4.0,1.0,1.0,87 %ile,88 %ile,88 %ile,76 %ile,82 %ile,63 %ile,95 %ile,53 %ile,93 %ile,4 %ile,93 %ile,75 %ile,32 %ile,50 %ile,99 %ile,29 %ile,17 %ile,94 %ile,76 %ile,59 %ile,0 %ile,85 %ile,20 %ile,0 %ile,91 %ile,93 %ile,68 %ile,57 %ile,78 %ile,78 %ile,97 %ile,97 %ile,61 %ile,54 %ile,45 %ile,30 %ile,96 %ile,97 %ile,90 %ile,90 %ile,83 %ile,84 %ile,0 %ile,0 %ile,94 %ile,95 %ile,50 %ile,38 %ile,0 %ile,0 %ile,1531115.0,0.0,1.0,0.0,6.0,6.0,2.43926902764083,3.246030634225995,0.054800678293536,0.0001436856805
280590421001,Mississippi,MS,Jackson County,4,891.0,891.0,579.0,426.0,497.0,774.0,873.0,3.121160490545454,2.9913352871957,747.0,0.838383838383838,681.0,0.764309764309764,70.0,0.134357005758157,152.0,0.173598553345389,81.0,0.190140845070423,156.0,0.269430051813472,83.0,0.093153759820426,74.0,0.083052749719416,,8.99700519125683,57.17464,0.156435655871213,97958.17633,289854.8098827038,56.0,0.112676056338028,0.828256292107781,0.58503478625354,2.258867662873779,10.280409011317484,5692.85234448788,3.785850048065186,0.0,230.9658763003636,221.35881125248173,102.99829618799996,98.71406447745808,156.0580245272727,149.56676435978497,308.9948885639999,296.14219343237426,93.6348147163636,89.74005861587099,115.4829381501818,110.67940562624088,277.7832836585454,266.22884056041727,209.1177528665454,200.41946424211187,190.39078992327268,182.47145251893767,277.7832836585454,266.22884056041727,268.419802186909,257.25483469883017,37.45392588654545,35.896023446348394,0.0,0.0,96.0,96.0,85.0,96.0,89.0,76.0,92.0,89.0,83.0,18.0,,74.0,33.0,50.0,99.0,30.0,37.0,89.0,67.0,61.0,89.0,86.0,12.0,0.0,96.0,96.0,76.0,69.0,85.0,85.0,99.0,99.0,70.0,64.0,79.0,70.0,98.0,98.0,92.0,92.0,91.0,91.0,98.0,98.0,98.0,98.0,43.0,28.0,0.0,0.0,11.0,11.0,9.0,11.0,9.0,8.0,10.0,9.0,9.0,2.0,,8.0,4.0,6.0,11.0,4.0,4.0,9.0,7.0,7.0,9.0,9.0,2.0,1.0,11.0,11.0,8.0,7.0,9.0,9.0,11.0,11.0,8.0,7.0,8.0,8.0,11.0,11.0,10.0,10.0,10.0,10.0,11.0,11.0,11.0,11.0,5.0,3.0,1.0,1.0,96 %ile,96 %ile,85 %ile,96 %ile,89 %ile,76 %ile,92 %ile,89 %ile,83 %ile,18 %ile,,74 %ile,33 %ile,50 %ile,99 %ile,30 %ile,37 %ile,89 %ile,67 %ile,61 %ile,89 %ile,86 %ile,12 %ile,0 %ile,96 %ile,96 %ile,76 %ile,69 %ile,85 %ile,85 %ile,99 %ile,99 %ile,70 %ile,64 %ile,79 %ile,70 %ile,98 %ile,98 %ile,92 %ile,92 %ile,91 %ile,91 %ile,98 %ile,98 %ile,98 %ile,98 %ile,43 %ile,28 %ile,0 %ile,0 %ile,1445613.0,14708.0,0.0,0.0,8.0,8.0,3.086263506127878,3.752820757835089,0.066936144768088,0.000137026
280590421002,Mississippi,MS,Jackson County,4,1159.0,1141.0,637.0,433.0,537.0,761.0,731.0,2.718201659887368,2.255927640079417,997.0,0.860224331320104,659.0,0.577563540753725,0.0,0.0,127.0,0.173598553345389,74.0,0.170900692840647,31.0,0.048665620094192,230.0,0.198446937014668,0.0,0.0,,8.99700519125683,57.17464,0.161019995449613,38286.81283,372848.1516771781,13.0,0.024208566108007,0.456834643553717,0.58390045265825,2.236576085553137,18.066143558839297,4886.69443562056,5.33050012588501,0.0,201.1469228316652,166.93864536587685,89.70065477628313,74.44561212262077,138.62828465425576,115.05230964405024,266.38376266896205,221.08090872778283,92.41885643617053,76.7015397627002,54.36403319774736,45.118552801588336,222.89253611076415,184.98606648651216,182.11951121245363,151.1471518853209,165.81030125312944,137.6115860448444,258.22915768929994,214.31312580754457,231.04714109042624,191.7538494067504,70.67324315707157,58.65411864206484,0.0,0.0,91.0,83.0,86.0,87.0,0.0,76.0,91.0,36.0,98.0,0.0,,74.0,33.0,51.0,98.0,34.0,20.0,82.0,67.0,61.0,95.0,85.0,26.0,0.0,93.0,90.0,72.0,54.0,82.0,75.0,98.0,96.0,69.0,57.0,54.0,32.0,95.0,92.0,89.0,84.0,87.0,82.0,97.0,94.0,96.0,93.0,61.0,44.0,0.0,0.0,10.0,9.0,9.0,9.0,1.0,8.0,10.0,4.0,11.0,1.0,,8.0,4.0,6.0,11.0,4.0,3.0,9.0,7.0,7.0,11.0,9.0,3.0,1.0,10.0,10.0,8.0,6.0,9.0,8.0,11.0,11.0,7.0,6.0,6.0,4.0,11.0,10.0,9.0,9.0,9.0,9.0,11.0,10.0,11.0,10.0,7.0,5.0,1.0,1.0,91 %ile,83 %ile,86 %ile,87 %ile,0 %ile,76 %ile,91 %ile,36 %ile,98 %ile,0 %ile,,74 %ile,33 %ile,51 %ile,98 %ile,34 %ile,20 %ile,82 %ile,67 %ile,61 %ile,95 %ile,85 %ile,26 %ile,0 %ile,93 %ile,90 %ile,72 %ile,54 %ile,82 %ile,75 %ile,98 %ile,96 %ile,69 %ile,57 %ile,54 %ile,32 %ile,95 %ile,92 %ile,89 %ile,84 %ile,87 %ile,82 %ile,97 %ile,94 %ile,96 %ile,93 %ile,61 %ile,44 %ile,0 %ile,0 %ile,476608.0,0.0,0.0,0.0,8.0,7.0,2.694852892327327,2.866524975716268,0.026612259622859,4.47226545e-05
280590421003,Mississippi,MS,Jackson County,4,464.0,464.0,206.0,133.0,151.0,259.0,740.0,2.892853019027692,2.192507978027548,335.0,0.72198275862069,346.0,0.745689655172414,27.0,0.16875,128.0,0.173598553345389,0.0,0.0,23.0,0.111650485436893,113.0,0.243534482758621,51.0,0.109913793103448,,8.99700519125683,57.17464,0.156489804398091,45202.95297,325130.9969415803,34.0,0.225165562913907,0.497957033860791,0.544947712900898,2.110101833687428,17.491227644380974,5244.051428146448,4.418075084686279,,214.0711234080492,162.24559037403853,95.46414962791384,72.3527632749091,144.6426509513846,109.6253989013774,283.49959586471374,214.8657818466997,92.57129660888614,70.16025529688153,147.5355039704123,111.81790687940494,240.10680057929844,181.97816217628647,188.0354462368,142.5130185717906,173.57118114166153,131.55047868165286,274.8210368076307,208.28825791261704,245.89250661735383,186.3631781323416,52.071354342498445,39.46514360449586,,,93.0,81.0,79.0,95.0,93.0,76.0,0.0,62.0,99.0,29.0,,74.0,33.0,50.0,98.0,32.0,51.0,83.0,65.0,60.0,95.0,85.0,18.0,,94.0,89.0,74.0,53.0,83.0,73.0,98.0,95.0,69.0,53.0,86.0,70.0,97.0,92.0,90.0,82.0,88.0,81.0,98.0,94.0,97.0,92.0,52.0,30.0,,,10.0,9.0,8.0,11.0,10.0,8.0,1.0,7.0,11.0,3.0,,8.0,4.0,6.0,11.0,4.0,6.0,9.0,7.0,7.0,11.0,9.0,2.0,,10.0,9.0,8.0,6.0,9.0,8.0,11.0,11.0,7.0,6.0,9.0,8.0,11.0,10.0,10.0,9.0,9.0,9.0,11.0,10.0,11.0,10.0,6.0,4.0,,,93 %ile,81 %ile,79 %ile,95 %ile,93 %ile,76 %ile,0 %ile,62 %ile,99 %ile,29 %ile,,74 %ile,33 %ile,50 %ile,98 %ile,32 %ile,51 %ile,83 %ile,65 %ile,60 %ile,95 %ile,85 %ile,18 %ile,,94 %ile,89 %ile,74 %ile,53 %ile,83 %ile,73 %ile,98 %ile,95 %ile,69 %ile,53 %ile,86 %ile,70 %ile,97 %ile,92 %ile,90 %ile,82 %ile,88 %ile,81 %ile,98 %ile,94 %ile,97 %ile,92 %ile,52 %ile,30 %ile,,,527122.0,0.0,0.0,0.0,9.0,7.0,2.857526825803304,1.731052831277734,0.028182771239762,4.94593315e-05
280590421004,Mississippi,MS,Jackson County,4,804.0,804.0,670.0,415.0,432.0,740.0,974.0,1.913867972927197,2.063811810961855,416.0,0.517412935323383,375.0,0.466417910447761,150.0,0.420168067226891,169.0,0.173598553345389,0.0,0.0,137.0,0.204477611940299,10.0,0.012437810945274,206.0,0.256218905472637,,8.99700519125683,57.17464,0.155929571768612,73424.85937999998,260202.8497554173,65.0,0.150462962962963,0.808977882358075,0.53680108189043,2.362012714229761,16.10441964699269,6030.705322124592,3.790225028991699,0.599511599511599,141.6262299966126,152.72207401117728,63.15764310659752,68.10578976174122,93.77953067343267,101.1267787371309,189.4729293197925,204.3173692852237,53.588303241961526,57.78673070693194,80.38245486294228,86.6800960603979,170.33424959052059,183.67925117560512,124.40141824026784,134.1477677125206,118.65981432148624,127.95633227963503,179.90358945515655,193.9983102304144,164.59264567173895,177.48781574271956,22.966415675126367,24.765741731542263,145.453965942467,156.849697633101,75.0,76.0,66.0,78.0,99.0,76.0,0.0,82.0,17.0,80.0,,74.0,33.0,49.0,99.0,28.0,42.0,89.0,65.0,62.0,94.0,86.0,12.0,76.0,84.0,87.0,61.0,50.0,70.0,70.0,93.0,94.0,53.0,44.0,68.0,58.0,89.0,92.0,79.0,79.0,77.0,80.0,90.0,92.0,89.0,91.0,31.0,19.0,91.0,90.0,8.0,8.0,7.0,8.0,11.0,8.0,1.0,9.0,2.0,9.0,,8.0,4.0,5.0,11.0,3.0,5.0,9.0,7.0,7.0,10.0,9.0,2.0,8.0,9.0,9.0,7.0,6.0,8.0,8.0,10.0,10.0,6.0,5.0,7.0,6.0,9.0,10.0,8.0,8.0,8.0,9.0,10.0,10.0,9.0,10.0,4.0,2.0,10.0,10.0,75 %ile,76 %ile,66 %ile,78 %ile,99 %ile,76 %ile,0 %ile,82 %ile,17 %ile,80 %ile,,74 %ile,33 %ile,49 %ile,99 %ile,28 %ile,42 %ile,89 %ile,65 %ile,62 %ile,94 %ile,86 %ile,12 %ile,76 %ile,84 %ile,87 %ile,61 %ile,50 %ile,70 %ile,70 %ile,93 %ile,94 %ile,53 %ile,44 %ile,68 %ile,58 %ile,89 %ile,92 %ile,79 %ile,79 %ile,77 %ile,80 %ile,90 %ile,92 %ile,89 %ile,91 %ile,31 %ile,19 %ile,91 %ile,90 %ile,849278.0,0.0,0.0,0.0,6.0,7.0,1.892649386410584,1.625600883045228,0.037183680737405,7.96871725e-05
280590422011,Mississippi,MS,Jackson County,4,1155.0,1155.0,682.0,568.0,642.0,830.0,788.0,3.059893276210417,2.794171315750255,885.0,0.766233766233766,909.0,0.787012987012987,34.0,0.1,202.0,0.256607400288323,16.0,0.028169014084507,119.0,0.174486803519062,194.0,0.167965367965368,272.0,0.235497835497836,0.245128205128205,9.00758743169399,57.13845,0.182405875112944,26290.039,451574.43389599177,59.0,0.09190031152648,0.350798742095884,0.631922026201622,2.832983788968178,33.43683714257254,4265.872891180456,6.845933437347412,1.0,229.4919957157812,209.56284868126912,100.97647811494375,92.2076534197584,177.47381002020416,162.06193631351476,296.8096477924104,271.0346176277747,113.2160512197854,103.38433868275942,104.03637139115416,95.00182473550866,238.67167554441247,217.9453626285199,211.13263605851873,192.7978207867676,201.9529562298875,184.4153068395168,299.86954106862083,273.8287889435249,257.03103520167497,234.7103905230214,128.51551760083748,117.3551952615107,238.67167554441247,217.9453626285199,95.0,94.0,81.0,97.0,82.0,95.0,68.0,77.0,97.0,76.0,89.0,75.0,33.0,58.0,97.0,37.0,34.0,78.0,69.0,66.0,98.0,84.0,42.0,78.0,96.0,95.0,75.0,66.0,89.0,88.0,99.0,98.0,75.0,71.0,76.0,62.0,96.0,96.0,93.0,91.0,92.0,92.0,99.0,98.0,97.0,97.0,79.0,75.0,97.0,96.0,11.0,10.0,9.0,11.0,9.0,11.0,7.0,8.0,11.0,8.0,9.0,8.0,4.0,6.0,11.0,4.0,4.0,8.0,7.0,7.0,11.0,9.0,5.0,8.0,11.0,11.0,8.0,7.0,9.0,9.0,11.0,11.0,8.0,8.0,8.0,7.0,11.0,11.0,10.0,10.0,10.0,10.0,11.0,11.0,11.0,11.0,8.0,8.0,11.0,11.0,95 %ile,94 %ile,81 %ile,97 %ile,82 %ile,95 %ile,68 %ile,77 %ile,97 %ile,76 %ile,89 %ile,75 %ile,33 %ile,58 %ile,97 %ile,37 %ile,34 %ile,78 %ile,69 %ile,66 %ile,98 %ile,84 %ile,42 %ile,78 %ile,96 %ile,95 %ile,75 %ile,66 %ile,89 %ile,88 %ile,99 %ile,98 %ile,75 %ile,71 %ile,76 %ile,62 %ile,96 %ile,96 %ile,93 %ile,91 %ile,92 %ile,92 %ile,99 %ile,98 %ile,97 %ile,97 %ile,79 %ile,75 %ile,97 %ile,96 %ile,746580.0,0.0,0.0,0.0,9.0,9.0,3.022665975815534,2.36931224958678,0.049132683517502,7.0058745e-05
280590422012,Mississippi,MS,Jackson County,4,926.0,926.0,532.0,354.0,568.0,685.0,1293.0,2.332729119082801,2.84095111679351,592.0,0.639308855291577,521.0,0.562634989200864,33.0,0.075688073394495,332.0,0.256607400288323,72.0,0.203389830508475,72.0,0.135338345864662,11.0,0.011879049676026,122.0,0.131749460043197,0.245128205128205,9.00758743169399,57.13845,0.184886277176828,32473.99085,324283.9659797444,128.0,0.225352112676056,0.383707957478861,0.589588932523502,2.010598780219744,11.083382204012816,4679.565506464262,5.277920246124268,1.0,174.95468393121007,213.0713337595133,76.98006092973243,93.75138685418585,137.63101802588525,167.61611589081713,226.27472455103168,275.57225832897046,74.64733181064963,90.91043573739232,118.96918507322285,144.88850695646903,186.61832952662408,227.27608934348083,156.29285097854768,190.3437248251652,137.63101802588525,167.61611589081713,209.94562071745207,255.68560051141597,195.94924600295528,238.63989381065488,60.650957096152815,73.86472903663126,181.95287128845848,221.59418710989385,85.0,94.0,74.0,86.0,74.0,95.0,93.0,69.0,17.0,38.0,89.0,75.0,33.0,59.0,97.0,32.0,51.0,80.0,67.0,59.0,90.0,84.0,26.0,78.0,90.0,96.0,67.0,66.0,82.0,89.0,96.0,98.0,63.0,65.0,80.0,82.0,91.0,96.0,85.0,91.0,82.0,89.0,93.0,98.0,93.0,97.0,56.0,54.0,94.0,97.0,9.0,10.0,8.0,9.0,8.0,11.0,10.0,7.0,2.0,4.0,9.0,8.0,4.0,6.0,11.0,4.0,6.0,9.0,7.0,6.0,10.0,9.0,3.0,8.0,10.0,11.0,7.0,7.0,9.0,9.0,11.0,11.0,7.0,7.0,9.0,9.0,10.0,11.0,9.0,10.0,9.0,9.0,10.0,11.0,10.0,11.0,6.0,6.0,10.0,11.0,85 %ile,94 %ile,74 %ile,86 %ile,74 %ile,95 %ile,93 %ile,69 %ile,17 %ile,38 %ile,89 %ile,75 %ile,33 %ile,59 %ile,97 %ile,32 %ile,51 %ile,80 %ile,67 %ile,59 %ile,90 %ile,84 %ile,26 %ile,78 %ile,90 %ile,96 %ile,67 %ile,66 %ile,82 %ile,89 %ile,96 %ile,98 %ile,63 %ile,65 %ile,80 %ile,82 %ile,91 %ile,96 %ile,85 %ile,91 %ile,82 %ile,89 %ile,93 %ile,98 %ile,93 %ile,97 %ile,56 %ile,54 %ile,94 %ile,97 %ile,630548.0,0.0,0.0,0.0,10.0,10.0,2.307335434222949,3.299917157826484,0.035301907837844,5.91647745e-05
280590422021,Mississippi,MS,Jackson County,4,780.0,113.0,674.0,63.0,96.0,739.0,778.0,2.452712006410854,2.602882242211472,431.0,0.552564102564103,76.0,0.672566371681416,0.0,0.0,167.0,0.214596003475239,0.0,0.0,158.0,0.234421364985163,29.0,0.037179487179487,109.0,0.13974358974359,0.245128205128205,9.01374836065574,57.12827,0.185621494621501,19391.71313,617599.9896755733,41.0,0.427083333333333,0.265044808848674,0.837916949209231,2.093598199578615,39.927896645608016,3675.8298900440873,8.113633155822754,1.0,183.953400480814,195.21616816586044,80.93949621155816,85.8951139929786,144.71000837824036,153.57005229047687,235.46035261544196,249.87669525230132,107.91932828207756,114.52681865730479,169.2371284423489,179.5988747125916,181.5006884744032,192.61328592364893,186.40611248722487,197.8190504080719,147.1627203846512,156.17293453268834,242.81848863467448,257.6853419789357,203.57509653210084,216.0392261035522,134.8991603525969,143.15852332163098,191.31153650004657,203.02481489249485,87.0,91.0,69.0,93.0,0.0,89.0,0.0,86.0,40.0,41.0,89.0,75.0,33.0,59.0,96.0,44.0,69.0,74.0,76.0,60.0,99.0,83.0,55.0,78.0,91.0,94.0,69.0,62.0,83.0,86.0,96.0,97.0,74.0,75.0,89.0,90.0,91.0,93.0,90.0,92.0,84.0,87.0,96.0,98.0,94.0,95.0,80.0,83.0,95.0,95.0,9.0,10.0,7.0,10.0,1.0,9.0,1.0,9.0,5.0,5.0,9.0,8.0,4.0,6.0,11.0,5.0,7.0,8.0,8.0,7.0,11.0,9.0,6.0,8.0,10.0,10.0,7.0,7.0,9.0,9.0,11.0,11.0,8.0,8.0,9.0,10.0,10.0,10.0,10.0,10.0,9.0,9.0,11.0,11.0,10.0,11.0,9.0,9.0,11.0,11.0,87 %ile,91 %ile,69 %ile,93 %ile,0 %ile,89 %ile,0 %ile,86 %ile,40 %ile,41 %ile,89 %ile,75 %ile,33 %ile,59 %ile,96 %ile,44 %ile,69 %ile,74 %ile,76 %ile,60 %ile,99 %ile,83 %ile,55 %ile,78 %ile,91 %ile,94 %ile,69 %ile,62 %ile,83 %ile,86 %ile,96 %ile,97 %ile,74 %ile,75 %ile,89 %ile,90 %ile,91 %ile,93 %ile,90 %ile,92 %ile,84 %ile,87 %ile,96 %ile,98 %ile,94 %ile,95 %ile,80 %ile,83 %ile,95 %ile,95 %ile,1105254.0,0.0,0.0,0.0,11.0,11.0,2.419535335154384,2.060218230094049,0.044489753382189,0.0001037200175
280590422022,Mississippi,MS,Jackson County,4,2189.0,2189.0,1299.0,756.0,840.0,1519.0,1524.0,1.922038342654866,2.16243516347335,1200.0,0.548195523069895,983.0,0.449063499314756,38.0,0.056129985228951,327.0,0.214596003475239,48.0,0.063492063492063,40.0,0.030792917628945,150.0,0.068524440383737,406.0,0.185472818638648,0.245128205128205,9.01374836065574,57.12827,0.185404819376719,22184.71578,403626.022571596,289.0,0.344047619047619,0.298251577199207,0.794739510742797,1.856398039299243,19.22219331863207,4119.650375024484,6.550149917602539,1.0,144.1528756991149,162.18263726050128,63.42726530761056,71.36036039462056,113.40026221663706,127.58367464492765,184.51568089486713,207.5937756934416,67.2713419929203,75.68523072156727,119.16637724460166,134.07098013534772,146.07491404176977,164.3450724239746,144.1528756991149,162.18263726050128,109.55618553132732,123.25880431798096,182.59364255221223,205.43134052996828,161.4512207830087,181.64455373176145,74.95949536353976,84.33497137546067,149.91899072707952,168.6699427509213,76.0,80.0,69.0,76.0,63.0,89.0,79.0,26.0,69.0,60.0,89.0,75.0,33.0,59.0,96.0,35.0,62.0,76.0,75.0,57.0,95.0,84.0,39.0,78.0,84.0,89.0,61.0,52.0,76.0,80.0,92.0,94.0,59.0,56.0,80.0,79.0,86.0,89.0,83.0,86.0,75.0,78.0,90.0,93.0,88.0,92.0,63.0,60.0,92.0,91.0,8.0,9.0,7.0,8.0,7.0,9.0,8.0,3.0,7.0,7.0,9.0,8.0,4.0,6.0,11.0,4.0,7.0,8.0,8.0,6.0,11.0,9.0,4.0,8.0,9.0,9.0,7.0,6.0,8.0,9.0,10.0,10.0,6.0,6.0,9.0,8.0,9.0,9.0,9.0,9.0,8.0,8.0,10.0,10.0,9.0,10.0,7.0,7.0,10.0,10.0,76 %ile,80 %ile,69 %ile,76 %ile,63 %ile,89 %ile,79 %ile,26 %ile,69 %ile,60 %ile,89 %ile,75 %ile,33 %ile,59 %ile,96 %ile,35 %ile,62 %ile,76 %ile,75 %ile,57 %ile,95 %ile,84 %ile,39 %ile,78 %ile,84 %ile,89 %ile,61 %ile,52 %ile,76 %ile,80 %ile,92 %ile,94 %ile,59 %ile,56 %ile,80 %ile,79 %ile,86 %ile,89 %ile,83 %ile,86 %ile,75 %ile,78 %ile,90 %ile,93 %ile,88 %ile,92 %ile,63 %ile,60 %ile,92 %ile,91 %ile,1102674.0,0.0,0.0,0.0,8.0,8.0,1.902276214992335,1.919250679279185,0.053404409138723,0.0001034676495
280590425001,Mississippi,MS,Jackson County,4,563.0,563.0,425.0,327.0,380.0,505.0,685.0,1.144369826585544,1.861618396552375,155.0,0.275310834813499,170.0,0.301953818827709,0.0,0.0,154.0,0.225188916876574,0.0,0.0,44.0,0.103529411764706,16.0,0.02841918294849,216.0,0.383658969804618,,8.9701325136612,57.44345,0.081797132661362,21716.44285,267510.18970031926,196.0,0.515789473684211,0.303413879458532,0.561428795793651,1.650750271303965,0.0,4439.135383233624,5.220375061035156,1.0,84.68336716733022,137.75976134487573,38.908574103908485,63.29502548278074,24.031766358296416,39.09398632759987,109.8595033522122,178.71536606902797,33.18672497098077,53.986933500018864,85.82773699391578,139.62137974142811,86.97210682050131,141.48299813798047,75.52840855464589,122.86681417245671,62.9403404622049,102.3890118103806,0.0,0.0,96.12706543318569,156.3759453103995,28.609245664638596,46.54045991380936,89.26084647367242,145.20623493108522,49.0,67.0,46.0,56.0,0.0,91.0,0.0,60.0,31.0,94.0,,74.0,34.0,21.0,96.0,29.0,75.0,76.0,66.0,55.0,0.0,84.0,25.0,78.0,68.0,83.0,45.0,46.0,32.0,29.0,79.0,91.0,39.0,41.0,70.0,81.0,75.0,85.0,65.0,76.0,58.0,70.0,0.0,0.0,73.0,87.0,36.0,36.0,85.0,88.0,5.0,7.0,5.0,6.0,1.0,10.0,1.0,7.0,4.0,10.0,,8.0,4.0,3.0,11.0,3.0,8.0,8.0,7.0,6.0,1.0,9.0,3.0,8.0,7.0,9.0,5.0,5.0,4.0,3.0,8.0,10.0,4.0,5.0,8.0,9.0,8.0,9.0,7.0,8.0,6.0,8.0,1.0,1.0,8.0,9.0,4.0,4.0,9.0,9.0,49 %ile,67 %ile,46 %ile,56 %ile,0 %ile,91 %ile,0 %ile,60 %ile,31 %ile,94 %ile,,74 %ile,34 %ile,21 %ile,96 %ile,29 %ile,75 %ile,76 %ile,66 %ile,55 %ile,0 %ile,84 %ile,25 %ile,78 %ile,68 %ile,83 %ile,45 %ile,46 %ile,32 %ile,29 %ile,79 %ile,91 %ile,39 %ile,41 %ile,70 %ile,81 %ile,75 %ile,85 %ile,65 %ile,76 %ile,58 %ile,70 %ile,0 %ile,0 %ile,73 %ile,87 %ile,36 %ile,36 %ile,85 %ile,88 %ile,675905.0,0.0,0.0,0.0,1.0,6.0,1.129837922500314,1.391060590259932,0.036360342738323,6.3413825e-05
280590425002,Mississippi,MS,Jackson County,4,858.0,858.0,533.0,355.0,431.0,647.0,726.0,1.399352826735929,2.06820181296085,228.0,0.265734265734266,358.0,0.417249417249417,43.0,0.126470588235294,163.0,0.225188916876574,0.0,0.0,73.0,0.136960600375235,19.0,0.022144522144522,162.0,0.188811188811189,,8.9701325136612,57.44345,0.082140079582855,17864.99246,267150.9313401627,125.0,0.290023201856148,0.25066302830946,0.632048671563587,1.534332853050978,10.602498618622311,3991.232791216381,5.497550010681152,1.0,103.55210917845872,153.04693415910293,47.577996109021576,70.31886164066891,29.386409361454504,43.43223807217785,132.9385185399132,196.4791722312808,40.581231975341936,59.97785257586466,79.76311112394794,117.88750333876845,103.55210917845872,153.04693415910293,96.55534504477907,142.70592509429866,74.16569981700422,109.61469608692506,125.94175440623358,186.13816316647652,116.14628461908208,171.66075047575055,39.18187914860601,57.90965076290381,109.14952048540243,161.3197414109463,60.0,76.0,45.0,72.0,88.0,91.0,0.0,69.0,25.0,61.0,,74.0,34.0,21.0,95.0,29.0,57.0,74.0,69.0,53.0,90.0,83.0,28.0,78.0,74.0,87.0,51.0,51.0,37.0,33.0,84.0,93.0,45.0,46.0,68.0,73.0,79.0,87.0,72.0,82.0,63.0,73.0,80.0,91.0,79.0,90.0,44.0,44.0,87.0,90.0,7.0,8.0,5.0,8.0,9.0,10.0,1.0,7.0,3.0,7.0,,8.0,4.0,3.0,11.0,3.0,6.0,8.0,7.0,6.0,10.0,9.0,3.0,8.0,8.0,9.0,6.0,6.0,4.0,4.0,9.0,10.0,5.0,5.0,7.0,8.0,8.0,9.0,8.0,9.0,7.0,8.0,9.0,10.0,8.0,10.0,5.0,5.0,9.0,10.0,60 %ile,76 %ile,45 %ile,72 %ile,88 %ile,91 %ile,0 %ile,69 %ile,25 %ile,61 %ile,,74 %ile,34 %ile,21 %ile,95 %ile,29 %ile,57 %ile,74 %ile,69 %ile,53 %ile,90 %ile,83 %ile,28 %ile,78 %ile,74 %ile,87 %ile,51 %ile,51 %ile,37 %ile,33 %ile,84 %ile,93 %ile,45 %ile,46 %ile,68 %ile,73 %ile,79 %ile,87 %ile,72 %ile,82 %ile,63 %ile,73 %ile,80 %ile,91 %ile,79 %ile,90 %ile,44 %ile,44 %ile,87 %ile,90 %ile,920749.0,0.0,0.0,0.0,3.0,7.0,1.377743235666567,1.599508838509145,0.038062525726029,8.6385015e-05
280590425003,Mississippi,MS,Jackson County,4,573.0,573.0,431.0,276.0,315.0,467.0,575.0,0.366949247295375,1.491718393394158,38.0,0.066317626527051,64.0,0.111692844677138,7.0,0.026315789473684,129.0,0.225188916876574,0.0,0.0,15.0,0.034802784222738,29.0,0.050610820244328,68.0,0.118673647469459,,8.9701325136612,57.44345,0.083333859077269,20380.02969,255451.1665027199,126.0,0.4,0.219020290439918,0.771597902174346,1.482013329458726,4.135268484669553,3696.959197075476,5.875450134277344,1.0,27.154244299857737,110.38716111116771,12.476274408042745,50.718425375401374,7.705934193202872,31.32608626127732,35.22712774035598,143.20496576583915,10.274578924270497,41.76811501503642,24.585599568790112,99.94513235740861,26.053396557971613,105.91200593098525,27.154244299857737,110.38716111116771,19.448310106654866,79.0610748498904,27.52119354715311,111.87887950456187,30.45678752551611,123.81262665171512,11.742375913451994,47.73498858861306,28.622041289039235,116.35403468474433,8.0,47.0,15.0,20.0,41.0,91.0,0.0,28.0,53.0,32.0,,74.0,34.0,21.0,96.0,28.0,67.0,71.0,74.0,53.0,75.0,83.0,32.0,78.0,34.0,72.0,17.0,37.0,11.0,23.0,40.0,84.0,16.0,31.0,31.0,65.0,59.0,75.0,39.0,71.0,28.0,58.0,40.0,71.0,36.0,78.0,18.0,37.0,75.0,82.0,1.0,5.0,2.0,3.0,5.0,10.0,1.0,3.0,6.0,4.0,,8.0,4.0,3.0,11.0,3.0,7.0,8.0,8.0,6.0,8.0,9.0,4.0,8.0,4.0,8.0,2.0,4.0,2.0,3.0,5.0,9.0,2.0,4.0,4.0,7.0,6.0,8.0,4.0,8.0,3.0,6.0,5.0,8.0,4.0,8.0,2.0,4.0,8.0,9.0,8 %ile,47 %ile,15 %ile,20 %ile,41 %ile,91 %ile,0 %ile,28 %ile,53 %ile,32 %ile,,74 %ile,34 %ile,21 %ile,96 %ile,28 %ile,67 %ile,71 %ile,74 %ile,53 %ile,75 %ile,83 %ile,32 %ile,78 %ile,34 %ile,72 %ile,17 %ile,37 %ile,11 %ile,23 %ile,40 %ile,84 %ile,16 %ile,31 %ile,31 %ile,65 %ile,59 %ile,75 %ile,39 %ile,71 %ile,28 %ile,58 %ile,40 %ile,71 %ile,36 %ile,78 %ile,18 %ile,37 %ile,75 %ile,82 %ile,938486.0,918783.0,0.0,0.0,0.0,2.0,0.361100407299943,1.015917598152074,0.08301921755369,0.0001742456035
280590426001,Mississippi,MS,Jackson County,4,980.0,980.0,759.0,454.0,502.0,907.0,1126.0,0.811058417029333,1.502485820357498,179.0,0.18265306122449,218.0,0.222448979591837,39.0,0.06989247311828,179.0,0.158716392020815,0.0,0.0,47.0,0.061923583662714,35.0,0.035714285714286,326.0,0.33265306122449,0.204102564102564,8.96903989071038,57.43036,0.082789661199801,245831.2031,228152.3614362814,12.0,0.02390438247012,0.793393309044932,0.466319132085844,2.970821418699895,5.3753708108236,6518.294575168227,3.037339925765991,1.0,60.018322860170606,111.18395070645484,27.575986178997308,51.084517892154935,17.032226757615984,31.552202227507458,80.2947832859039,148.74609621539227,21.08751884276265,39.064631329294954,16.22116834058665,30.04971640714996,72.1841991156106,133.72123801181732,50.28562185581862,93.15412086216487,54.34091394096528,100.66654996395236,64.8846733623466,120.19886562859983,69.7510238645226,129.2137805507448,4.866350502175996,9.014914922144987,63.26255652828794,117.19389398788483,32.0,47.0,34.0,42.0,71.0,69.0,0.0,43.0,39.0,91.0,60.0,74.0,34.0,21.0,99.0,26.0,20.0,89.0,62.0,67.0,80.0,86.0,6.0,78.0,57.0,73.0,35.0,37.0,24.0,23.0,69.0,85.0,29.0,29.0,23.0,23.0,72.0,83.0,53.0,64.0,54.0,69.0,62.0,74.0,63.0,79.0,8.0,6.0,80.0,83.0,4.0,5.0,4.0,5.0,8.0,7.0,1.0,5.0,4.0,10.0,7.0,8.0,4.0,3.0,11.0,3.0,3.0,9.0,7.0,7.0,9.0,9.0,1.0,8.0,6.0,8.0,4.0,4.0,3.0,3.0,7.0,9.0,3.0,3.0,3.0,3.0,8.0,9.0,6.0,7.0,6.0,7.0,7.0,8.0,7.0,8.0,1.0,1.0,9.0,9.0,32 %ile,47 %ile,34 %ile,42 %ile,71 %ile,69 %ile,0 %ile,43 %ile,39 %ile,91 %ile,60 %ile,74 %ile,34 %ile,21 %ile,99 %ile,26 %ile,20 %ile,89 %ile,62 %ile,67 %ile,80 %ile,86 %ile,6 %ile,78 %ile,57 %ile,73 %ile,35 %ile,37 %ile,24 %ile,23 %ile,69 %ile,85 %ile,29 %ile,29 %ile,23 %ile,23 %ile,72 %ile,83 %ile,53 %ile,64 %ile,54 %ile,69 %ile,62 %ile,74 %ile,63 %ile,79 %ile,8 %ile,6 %ile,80 %ile,83 %ile,2414363.0,622289.0,0.0,1.0,1.0,3.0,0.800083941350921,0.944962018332369,0.075858124292378,0.000284890775
280590426002,Mississippi,MS,Jackson County,4,650.0,650.0,450.0,311.0,311.0,459.0,560.0,0.335277584507238,1.32214496323065,0.0,0.0,93.0,0.143076923076923,0.0,0.0,89.0,0.158716392020815,0.0,0.0,0.0,0.0,105.0,0.161538461538462,151.0,0.232307692307692,0.204102564102564,8.96903989071038,57.43036,0.079452646282934,44431.71958,231040.59179009864,10.0,0.032154340836013,0.496873216101558,0.471233217977551,2.141326387300493,7.763894366339415,5643.925802448615,3.593420028686523,1.0,24.810541253535607,97.83872727906812,11.399437873246091,44.9529287498421,6.70555169014476,26.442899264613008,32.857203281709324,129.5702063966037,9.052494781695426,35.69791400722756,7.376106859159236,29.08718919107431,27.82803951410075,109.73803194814398,20.787210239448758,81.97298772030032,20.11665507043428,79.32869779383903,28.833872267622468,113.70446683783592,28.49859468311523,112.38232187460528,3.688053429579618,14.543594595537154,26.15165159156456,103.12730713199072,7.0,36.0,0.0,26.0,0.0,69.0,0.0,0.0,97.0,75.0,60.0,74.0,34.0,20.0,98.0,27.0,22.0,83.0,62.0,60.0,86.0,85.0,11.0,78.0,31.0,66.0,15.0,33.0,10.0,19.0,38.0,80.0,14.0,26.0,17.0,23.0,59.0,76.0,35.0,58.0,29.0,58.0,41.0,72.0,34.0,73.0,6.0,10.0,74.0,80.0,1.0,4.0,1.0,3.0,1.0,7.0,1.0,1.0,11.0,8.0,7.0,8.0,4.0,3.0,11.0,3.0,3.0,9.0,7.0,7.0,9.0,9.0,2.0,8.0,4.0,7.0,2.0,4.0,2.0,2.0,4.0,9.0,2.0,3.0,2.0,3.0,6.0,8.0,4.0,6.0,3.0,6.0,5.0,8.0,4.0,8.0,1.0,2.0,8.0,9.0,7 %ile,36 %ile,0 %ile,26 %ile,0 %ile,69 %ile,0 %ile,0 %ile,97 %ile,75 %ile,60 %ile,74 %ile,34 %ile,20 %ile,98 %ile,27 %ile,22 %ile,83 %ile,62 %ile,60 %ile,86 %ile,85 %ile,11 %ile,78 %ile,31 %ile,66 %ile,15 %ile,33 %ile,10 %ile,19 %ile,38 %ile,80 %ile,14 %ile,26 %ile,17 %ile,23 %ile,59 %ile,76 %ile,35 %ile,58 %ile,29 %ile,58 %ile,41 %ile,72 %ile,34 %ile,73 %ile,6 %ile,10 %ile,74 %ile,80 %ile,1125086.0,347612.0,0.0,0.0,0.0,2.0,0.326652892358673,0.758622312946076,0.059158390006594,0.0001381636525
280590426003,Mississippi,MS,Jackson County,4,676.0,676.0,522.0,202.0,228.0,549.0,619.0,0.56454900697932,1.337992750732424,115.0,0.170118343195266,85.0,0.125739644970414,3.0,0.009009009009009,98.0,0.158716392020815,1.0,0.004950495049505,7.0,0.013409961685824,5.0,0.007396449704142,186.0,0.275147928994083,0.204102564102564,8.96903989071038,57.43036,0.081026725359303,27937.97787,248914.8699239016,62.0,0.271929824561404,0.385833202771902,0.510375438071726,1.859740322776125,15.131454930354485,5015.20211869868,4.03862476348877,1.0,41.77662651646965,99.0114635541994,19.194666237296865,45.49175352490242,11.290980139586392,26.759855014648487,54.761253676994,129.78529682104516,15.807372195420946,37.46379702050788,31.61474439084189,74.92759404101577,45.163920558345566,107.03942005859393,36.13113644667645,85.63153604687515,32.179293397821205,76.26558679174819,52.50305764907672,124.43332581811546,47.98666559324216,113.72938381225606,7.903686097710473,18.73189851025394,44.03482254438693,104.36343455712908,18.0,37.0,32.0,23.0,25.0,69.0,57.0,15.0,14.0,84.0,60.0,74.0,34.0,20.0,97.0,28.0,56.0,80.0,64.0,57.0,93.0,85.0,14.0,78.0,46.0,67.0,25.0,33.0,16.0,19.0,55.0,80.0,23.0,28.0,37.0,51.0,64.0,75.0,45.0,60.0,39.0,56.0,56.0,76.0,50.0,74.0,13.0,14.0,77.0,80.0,2.0,4.0,4.0,3.0,3.0,7.0,6.0,2.0,2.0,9.0,7.0,8.0,4.0,3.0,11.0,3.0,6.0,9.0,7.0,6.0,10.0,9.0,2.0,8.0,5.0,7.0,3.0,4.0,2.0,2.0,6.0,9.0,3.0,3.0,4.0,6.0,7.0,8.0,5.0,7.0,4.0,6.0,6.0,8.0,6.0,8.0,2.0,2.0,8.0,9.0,18 %ile,37 %ile,32 %ile,23 %ile,25 %ile,69 %ile,57 %ile,15 %ile,14 %ile,84 %ile,60 %ile,74 %ile,34 %ile,20 %ile,97 %ile,28 %ile,56 %ile,80 %ile,64 %ile,57 %ile,93 %ile,85 %ile,14 %ile,78 %ile,46 %ile,67 %ile,25 %ile,33 %ile,16 %ile,19 %ile,55 %ile,80 %ile,23 %ile,28 %ile,37 %ile,51 %ile,64 %ile,75 %ile,45 %ile,60 %ile,39 %ile,56 %ile,56 %ile,76 %ile,50 %ile,74 %ile,13 %ile,14 %ile,77 %ile,80 %ile,866218.0,0.0,0.0,0.0,0.0,2.0,0.559237091999318,0.80156077455186,0.036074397758793,8.12698955e-05
280590427001,Mississippi,MS,Jackson County,4,621.0,621.0,450.0,176.0,218.0,543.0,467.0,1.118258206154672,2.450662910040494,194.0,0.312399355877617,165.0,0.265700483091787,29.0,0.099315068493151,129.0,0.276410998552822,0.0,0.0,68.0,0.151111111111111,43.0,0.069243156199678,152.0,0.244766505636071,0.28,9.052893442622953,56.5769,0.13793981137152,3827.150354,241433.1481061359,74.0,0.339449541284404,0.266667312297781,0.424707673185578,1.014163860652783,0.432215576283337,3020.265210624112,3.879389524459839,4.806366047745358,84.98762366775507,186.25038116307752,33.54774618464016,73.51988730121482,48.085102864650885,105.37850513174122,91.6971729046831,200.95435862332047,30.192971566176144,66.16789857109333,69.33200878158966,151.9411004225106,83.86936546160038,183.799718253037,65.97723416312564,144.5891116923891,50.32161927696024,110.2798309518222,48.085102864650885,105.37850513174122,90.57891469852845,198.50369571328,14.537356680010737,31.858617830526416,100.64323855392048,220.5596619036444,48.0,88.0,50.0,50.0,82.0,97.0,0.0,73.0,70.0,78.0,97.0,76.0,30.0,43.0,82.0,27.0,62.0,75.0,59.0,45.0,43.0,81.0,13.0,90.0,68.0,93.0,40.0,54.0,50.0,72.0,73.0,94.0,37.0,50.0,63.0,84.0,75.0,92.0,61.0,82.0,52.0,73.0,54.0,69.0,71.0,94.0,22.0,24.0,86.0,97.0,5.0,9.0,6.0,6.0,9.0,11.0,1.0,8.0,8.0,8.0,11.0,8.0,4.0,5.0,9.0,3.0,7.0,8.0,6.0,5.0,5.0,9.0,2.0,10.0,7.0,10.0,5.0,6.0,6.0,8.0,8.0,10.0,4.0,6.0,7.0,9.0,8.0,10.0,7.0,9.0,6.0,8.0,6.0,7.0,8.0,10.0,3.0,3.0,9.0,11.0,48 %ile,88 %ile,50 %ile,50 %ile,82 %ile,97 %ile,0 %ile,73 %ile,70 %ile,78 %ile,97 %ile,76 %ile,30 %ile,43 %ile,82 %ile,27 %ile,62 %ile,75 %ile,59 %ile,45 %ile,43 %ile,81 %ile,13 %ile,90 %ile,68 %ile,93 %ile,40 %ile,54 %ile,50 %ile,72 %ile,73 %ile,94 %ile,37 %ile,50 %ile,63 %ile,84 %ile,75 %ile,92 %ile,61 %ile,82 %ile,52 %ile,73 %ile,54 %ile,69 %ile,71 %ile,94 %ile,22 %ile,24 %ile,86 %ile,97 %ile,26988128.0,500483.0,0.0,0.0,1.0,7.0,1.106406048448619,1.905581956029993,0.278210728835773,0.0025813923055
280590427002,Mississippi,MS,Jackson County,4,70.0,70.0,70.0,53.0,88.0,70.0,224.0,1.272097747669552,2.720771076547821,0.0,0.0,38.0,0.542857142857143,0.0,0.0,62.0,0.276410998552822,0.0,0.0,11.0,0.157142857142857,0.0,0.0,24.0,0.342857142857143,0.28,9.052893442622953,56.5769,0.129055560851737,18585.31781,199859.707736096,11.0,0.125,0.562889443821609,0.507445028841214,1.153340276779318,0.206056930709626,7866.838421243358,2.084386587142944,0.0,96.67942882288594,206.7786018176344,38.16293243008656,81.62313229643462,49.611812159112525,106.11007198536502,122.12138377627699,261.1940233485908,31.8024436917388,68.01927691369552,49.611812159112525,106.11007198536502,108.12830855191191,231.2655415065648,81.41425585085133,174.12934889906055,61.060691888138486,130.5970116742954,47.06761666377342,100.66852983226936,110.672504047251,236.70708365966044,2.544195495339104,5.441542153095642,0.0,0.0,55.0,93.0,0.0,85.0,0.0,97.0,0.0,74.0,0.0,92.0,97.0,76.0,30.0,39.0,96.0,25.0,39.0,85.0,64.0,48.0,37.0,87.0,2.0,0.0,72.0,95.0,44.0,59.0,51.0,72.0,82.0,98.0,38.0,51.0,51.0,68.0,80.0,97.0,67.0,88.0,57.0,80.0,53.0,67.0,78.0,97.0,4.0,4.0,0.0,0.0,6.0,10.0,1.0,9.0,1.0,11.0,1.0,8.0,1.0,10.0,11.0,8.0,4.0,4.0,11.0,3.0,4.0,9.0,7.0,5.0,4.0,9.0,1.0,1.0,8.0,11.0,5.0,6.0,6.0,8.0,9.0,11.0,4.0,6.0,6.0,7.0,9.0,11.0,7.0,9.0,6.0,9.0,6.0,7.0,8.0,11.0,1.0,1.0,1.0,1.0,55 %ile,93 %ile,0 %ile,85 %ile,0 %ile,97 %ile,0 %ile,74 %ile,0 %ile,92 %ile,97 %ile,76 %ile,30 %ile,39 %ile,96 %ile,25 %ile,39 %ile,85 %ile,64 %ile,48 %ile,37 %ile,87 %ile,2 %ile,0 %ile,72 %ile,95 %ile,44 %ile,59 %ile,51 %ile,72 %ile,82 %ile,98 %ile,38 %ile,51 %ile,51 %ile,68 %ile,80 %ile,97 %ile,67 %ile,88 %ile,57 %ile,80 %ile,53 %ile,67 %ile,78 %ile,97 %ile,4 %ile,4 %ile,0 %ile,0 %ile,93707444.0,39967157.0,1.0,2.0,2.0,6.0,1.239374261330142,2.1697780531871,0.490955197263902,0.012544114356499
280590429001,Mississippi,MS,Jackson County,4,505.0,473.0,346.0,206.0,242.0,451.0,633.0,1.093661575014163,1.434212489494725,233.0,0.461386138613861,73.0,0.154334038054968,0.0,0.0,109.0,0.171685155837295,0.0,0.0,8.0,0.023121387283237,6.0,0.011881188118812,90.0,0.178217821782178,0.208205128205128,8.98483743169399,57.50863,0.113835170805925,15670.39763,326388.852322716,142.0,0.586776859504132,0.195241046286057,1.241887783639518,1.619462505267993,0.164050655745207,3375.6807839932862,3.491686344146729,1.0,80.9309565510481,106.13172422260963,38.27815512549572,50.197437132315365,36.0908319754674,47.32901215332592,103.89784962634552,136.25018650199883,34.99717040045323,45.89479966383119,86.39926442611889,113.30278667008326,76.55631025099143,100.39487426463072,92.96123387620388,121.9080616070516,59.057725050764816,77.44747443271514,39.37181670050988,51.63164962181009,89.6802491511614,117.60542413856741,10.936615750141634,14.342124894947249,85.30560285110474,111.86857418058852,47.0,43.0,63.0,29.0,0.0,75.0,0.0,21.0,17.0,57.0,64.0,74.0,35.0,33.0,95.0,32.0,79.0,70.0,85.0,54.0,36.0,82.0,10.0,78.0,66.0,70.0,44.0,37.0,42.0,36.0,77.0,82.0,41.0,35.0,70.0,71.0,73.0,73.0,71.0,75.0,56.0,57.0,48.0,39.0,71.0,75.0,17.0,10.0,84.0,82.0,5.0,5.0,7.0,3.0,1.0,8.0,1.0,3.0,2.0,6.0,7.0,8.0,4.0,4.0,11.0,4.0,8.0,8.0,9.0,6.0,4.0,9.0,2.0,8.0,7.0,8.0,5.0,4.0,5.0,4.0,8.0,9.0,5.0,4.0,8.0,8.0,8.0,8.0,8.0,8.0,6.0,6.0,5.0,4.0,8.0,8.0,2.0,2.0,9.0,9.0,47 %ile,43 %ile,63 %ile,29 %ile,0 %ile,75 %ile,0 %ile,21 %ile,17 %ile,57 %ile,64 %ile,74 %ile,35 %ile,33 %ile,95 %ile,32 %ile,79 %ile,70 %ile,85 %ile,54 %ile,36 %ile,82 %ile,10 %ile,78 %ile,66 %ile,70 %ile,44 %ile,37 %ile,42 %ile,36 %ile,77 %ile,82 %ile,41 %ile,35 %ile,70 %ile,71 %ile,73 %ile,73 %ile,71 %ile,75 %ile,56 %ile,57 %ile,48 %ile,39 %ile,71 %ile,75 %ile,17 %ile,10 %ile,84 %ile,82 %ile,84408523.0,124273921.0,0.0,1.0,1.0,2.0,1.090508598134064,0.871315921000112,1.643033964153193,0.019576771476497
280590429002,Mississippi,MS,Jackson County,4,584.0,584.0,387.0,235.0,280.0,436.0,432.0,1.918816386514538,2.108679375612661,148.0,0.253424657534247,378.0,0.647260273972603,55.0,0.193661971830986,74.0,0.171685155837295,0.0,0.0,57.0,0.147286821705426,69.0,0.118150684931507,69.0,0.118150684931507,0.208205128205128,8.98483743169399,57.50863,0.163984918905324,21467.56742,354053.5848240844,182.0,0.65,0.283048612614092,0.798534855458153,1.677845575293532,14.774967452611897,4119.678270521151,5.861000061035156,1.0,141.9924126020758,156.0422737953369,67.15857352800882,73.80377814644315,99.77845209875596,109.65132753185839,184.20637310539564,202.4332200588155,63.32094075497975,69.58641939521783,159.26176008070664,175.02038817585088,143.91122898859032,158.1509531709496,143.91122898859032,158.1509531709496,105.53490125829958,115.97736565869636,178.44992394585202,196.10718193197752,161.1805764672212,177.12906755146355,61.40212436846521,67.47774001960516,149.66767814813394,164.47699129778755,75.0,78.0,43.0,91.0,95.0,75.0,0.0,72.0,91.0,32.0,64.0,74.0,35.0,52.0,96.0,33.0,83.0,75.0,75.0,55.0,93.0,84.0,32.0,78.0,84.0,87.0,63.0,54.0,72.0,73.0,92.0,94.0,58.0,52.0,88.0,89.0,86.0,88.0,83.0,85.0,74.0,75.0,89.0,92.0,88.0,91.0,57.0,50.0,92.0,91.0,8.0,8.0,5.0,10.0,11.0,8.0,1.0,8.0,10.0,4.0,7.0,8.0,4.0,6.0,11.0,4.0,9.0,8.0,8.0,6.0,10.0,9.0,4.0,8.0,9.0,9.0,7.0,6.0,8.0,8.0,10.0,10.0,6.0,6.0,9.0,9.0,9.0,9.0,9.0,9.0,8.0,8.0,9.0,10.0,9.0,10.0,6.0,6.0,10.0,10.0,75 %ile,78 %ile,43 %ile,91 %ile,95 %ile,75 %ile,0 %ile,72 %ile,91 %ile,32 %ile,64 %ile,74 %ile,35 %ile,52 %ile,96 %ile,33 %ile,83 %ile,75 %ile,75 %ile,55 %ile,93 %ile,84 %ile,32 %ile,78 %ile,84 %ile,87 %ile,63 %ile,54 %ile,72 %ile,73 %ile,92 %ile,94 %ile,58 %ile,52 %ile,88 %ile,89 %ile,86 %ile,88 %ile,83 %ile,85 %ile,74 %ile,75 %ile,89 %ile,92 %ile,88 %ile,91 %ile,57 %ile,50 %ile,92 %ile,91 %ile,429158.0,0.0,0.0,0.0,8.0,8.0,1.88317762896437,1.549763358620954,0.026273053925702,4.02673265e-05
280590429003,Mississippi,MS,Jackson County,4,836.0,834.0,432.0,285.0,398.0,533.0,828.0,2.436505984553377,2.134444751254301,437.0,0.522727272727273,572.0,0.685851318944844,0.0,0.0,142.0,0.171685155837295,0.0,0.0,61.0,0.141203703703704,178.0,0.212918660287081,86.0,0.102870813397129,0.208205128205128,8.98483743169399,57.50863,0.176538228107153,22468.90369,505939.34418896266,235.0,0.590452261306533,0.217579549516239,2.02169974013039,1.541244787441826,18.94819639861032,3501.80753636409,7.396157264709473,1.0,180.30144285694988,157.9489115928183,85.27770945936818,74.70556629390055,136.44433513498907,119.52890607024086,233.90457451712416,204.90669612041287,97.46023938213504,85.37779005017205,194.9204787642701,170.7555801003441,172.99192490328974,151.5455773390554,229.0315625480174,200.63780661790432,129.13481718132897,113.12557181647796,231.4680685325708,202.77225136915865,199.79349073337687,175.0244696028527,116.95228725856208,102.45334806020644,190.04746679516333,166.4866905978355,87.0,79.0,67.0,93.0,0.0,75.0,0.0,71.0,99.0,26.0,64.0,74.0,35.0,56.0,96.0,40.0,80.0,71.0,94.0,53.0,95.0,82.0,48.0,78.0,91.0,88.0,70.0,55.0,81.0,77.0,96.0,94.0,71.0,62.0,93.0,88.0,90.0,87.0,94.0,92.0,80.0,74.0,95.0,93.0,93.0,90.0,76.0,69.0,95.0,91.0,9.0,8.0,7.0,10.0,1.0,8.0,1.0,8.0,11.0,3.0,7.0,8.0,4.0,6.0,11.0,5.0,9.0,8.0,10.0,6.0,11.0,9.0,5.0,8.0,10.0,9.0,8.0,6.0,9.0,8.0,11.0,10.0,8.0,7.0,10.0,9.0,10.0,9.0,10.0,10.0,9.0,8.0,11.0,10.0,10.0,10.0,8.0,7.0,11.0,10.0,87 %ile,79 %ile,67 %ile,93 %ile,0 %ile,75 %ile,0 %ile,71 %ile,99 %ile,26 %ile,64 %ile,74 %ile,35 %ile,56 %ile,96 %ile,40 %ile,80 %ile,71 %ile,94 %ile,53 %ile,95 %ile,82 %ile,48 %ile,78 %ile,91 %ile,88 %ile,70 %ile,55 %ile,81 %ile,77 %ile,96 %ile,94 %ile,71 %ile,62 %ile,93 %ile,88 %ile,90 %ile,87 %ile,94 %ile,92 %ile,80 %ile,74 %ile,95 %ile,93 %ile,93 %ile,90 %ile,76 %ile,69 %ile,95 %ile,91 %ile,2144756.0,207975.0,0.0,0.0,10.0,8.0,2.402130769148032,1.573820917143439,0.073344330053907,0.0002207668255
280599900000,Mississippi,MS,Jackson County,4,0.0,0.0,0.0,0.0,0.0,0.0,0.0,0.0,0.385545010846213,0.0,0.0,0.0,0.0,0.0,0.0,0.0,0.0,0.0,0.0,0.0,0.0,0.0,0.0,0.0,0.0,,8.71799754098361,58.50119,,,,0.0,0.0,,,,,,,,0.0,25.83151572669629,0.0,15.421800433848531,,,,,,,0.0,0.0,,,,,,,,,,,,,,,0.0,0.0,0.0,0.0,0.0,0.0,0.0,0.0,0.0,0.0,,67.0,40.0,,,,0.0,,,,,,,,0.0,20.0,0.0,10.0,,,,,,,0.0,0.0,,,,,,,,,,,,,,,1.0,1.0,1.0,1.0,1.0,1.0,1.0,1.0,1.0,1.0,,7.0,5.0,,,,1.0,,,,,,,,1.0,3.0,1.0,2.0,,,,,,,1.0,1.0,,,,,,,,,,,,,,,0 %ile,0 %ile,0 %ile,0 %ile,0 %ile,0 %ile,0 %ile,0 %ile,0 %ile,0 %ile,,67 %ile,40 %ile,,,,0 %ile,,,,,,,,0 %ile,20 %ile,0 %ile,10 %ile,,,,,,,0 %ile,0 %ile,,,,,,,,,,,,,,,0.0,584982462.0,0.0,0.0,0.0,0.0,0.0,0.0,1.924373745821642,0.054826702641502
