gbif_id,scientific_name,event_date,year,month,latitude,longitude,coordinate_uncertainty_m,county,locality,basis_of_record,dataset_key,individual_count,issue_flags
6130009240,"Alligator mississippiensis (Daudin, 1801)",2026-01-08T14:16,2026.0,1.0,33.755065,-90.165735,13.0,,,HUMAN_OBSERVATION,50c9509d-22c7-4a22-a47d-8c48425ef4a7,,"COORDINATE_ROUNDED,CONTINENT_DERIVED_FROM_COORDINATES,TAXON_ID_NOT_FOUND"
6130656920,"Alligator mississippiensis (Daudin, 1801)",2026-01-19T19:28:02,2026.0,1.0,31.397773,-91.565923,2667.0,,,HUMAN_OBSERVATION,50c9509d-22c7-4a22-a47d-8c48425ef4a7,,"COORDINATE_ROUNDED,CONTINENT_DERIVED_FROM_COORDINATES,TAXON_ID_NOT_FOUND"
6159196519,"Alligator mississippiensis (Daudin, 1801)",2026-01-11T15:04,2026.0,1.0,31.303837,-91.598261,29252.0,,,HUMAN_OBSERVATION,50c9509d-22c7-4a22-a47d-8c48425ef4a7,,"COORDINATE_ROUNDED,CONTINENT_DERIVED_FROM_COORDINATES,TAXON_ID_NOT_FOUND"
6159409894,"Alligator mississippiensis (Daudin, 1801)",2026-01-11T15:02,2026.0,1.0,31.234617,-91.451907,29252.0,,,HUMAN_OBSERVATION,50c9509d-22c7-4a22-a47d-8c48425ef4a7,,"COORDINATE_ROUNDED,CONTINENT_DERIVED_FROM_COORDINATES,TAXON_ID_NOT_FOUND"
6159424364,"Alligator mississippiensis (Daudin, 1801)",2026-01-11T14:50,2026.0,1.0,31.300689,-91.435504,29252.0,,,HUMAN_OBSERVATION,50c9509d-22c7-4a22-a47d-8c48425ef4a7,,"COORDINATE_ROUNDED,CONTINENT_DERIVED_FROM_COORDINATES,TAXON_ID_NOT_FOUND"
6159188398,"Alligator mississippiensis (Daudin, 1801)",2026-02-12T11:26,2026.0,2.0,30.468343,-88.60187,29356.0,,,HUMAN_OBSERVATION,50c9509d-22c7-4a22-a47d-8c48425ef4a7,,"COORDINATE_ROUNDED,CONTINENT_DERIVED_FROM_COORDINATES,TAXON_ID_NOT_FOUND,MULTIMEDIA_DATE_INVALID"
6162902245,"Alligator mississippiensis (Daudin, 1801)",2026-02-18T10:50,2026.0,2.0,30.379189,-88.635792,617.0,,,HUMAN_OBSERVATION,50c9509d-22c7-4a22-a47d-8c48425ef4a7,,"COORDINATE_ROUNDED,CONTINENT_DERIVED_FROM_COORDINATES,TAXON_ID_NOT_FOUND"
6171410689,"Alligator mississippiensis (Daudin, 1801)",2026-02-28T17:00:36,2026.0,2.0,33.500681,-88.432206,71.0,,,HUMAN_OBSERVATION,50c9509d-22c7-4a22-a47d-8c48425ef4a7,,"COORDINATE_ROUNDED,CONTINENT_DERIVED_FROM_COORDINATES,TAXON_ID_NOT_FOUND"
6179355308,"Alligator mississippiensis (Daudin, 1801)",2026-02-27T18:03,2026.0,2.0,30.451698,-88.678104,29356.0,,,HUMAN_OBSERVATION,50c9509d-22c7-4a22-a47d-8c48425ef4a7,,"COORDINATE_ROUNDED,CONTINENT_DERIVED_FROM_COORDINATES,TAXON_ID_NOT_FOUND"
6178381249,"Alligator mississippiensis (Daudin, 1801)",2026-03-09T15:11:51,2026.0,3.0,30.400947,-88.755275,,,,HUMAN_OBSERVATION,50c9509d-22c7-4a22-a47d-8c48425ef4a7,,"COORDINATE_ROUNDED,CONTINENT_DERIVED_FROM_COORDINATES,TAXON_ID_NOT_FOUND"
6178458927,"Alligator mississippiensis (Daudin, 1801)",2026-03-07,2026.0,3.0,30.397939,-88.790649,99.0,,,HUMAN_OBSERVATION,50c9509d-22c7-4a22-a47d-8c48425ef4a7,,"COORDINATE_ROUNDED,CONTINENT_DERIVED_FROM_COORDINATES,TAXON_ID_NOT_FOUND,MULTIMEDIA_DATE_INVALID"
6178764526,"Alligator mississippiensis (Daudin, 1801)",2026-03-09T16:05:55,2026.0,3.0,30.398066,-88.790085,6.0,,,HUMAN_OBSERVATION,50c9509d-22c7-4a22-a47d-8c48425ef4a7,,"COORDINATE_ROUNDED,CONTINENT_DERIVED_FROM_COORDINATES,TAXON_ID_NOT_FOUND"
6178874477,"Alligator mississippiensis (Daudin, 1801)",2026-03-10T18:20:02,2026.0,3.0,33.262667,-88.778267,,,,HUMAN_OBSERVATION,50c9509d-22c7-4a22-a47d-8c48425ef4a7,,"COORDINATE_ROUNDED,CONTINENT_DERIVED_FROM_COORDINATES,TAXON_ID_NOT_FOUND"
6178876140,"Alligator mississippiensis (Daudin, 1801)",2026-03-09T15:12:13,2026.0,3.0,30.401569,-88.754857,366.0,,,HUMAN_OBSERVATION,50c9509d-22c7-4a22-a47d-8c48425ef4a7,,"COORDINATE_ROUNDED,CONTINENT_DERIVED_FROM_COORDINATES,TAXON_ID_NOT_FOUND"
6179263742,"Alligator mississippiensis (Daudin, 1801)",2026-03-04T16:09:42,2026.0,3.0,33.361536,-88.816397,28984.0,,,HUMAN_OBSERVATION,50c9509d-22c7-4a22-a47d-8c48425ef4a7,,"COORDINATE_ROUNDED,CONTINENT_DERIVED_FROM_COORDINATES,TAXON_ID_NOT_FOUND"
6179339016,"Alligator mississippiensis (Daudin, 1801)",2026-03-06T11:39:03,2026.0,3.0,32.578494,-89.869758,98.0,,,HUMAN_OBSERVATION,50c9509d-22c7-4a22-a47d-8c48425ef4a7,,"COORDINATE_ROUNDED,CONTINENT_DERIVED_FROM_COORDINATES,TAXON_ID_NOT_FOUND"
6185249315,"Alligator mississippiensis (Daudin, 1801)",2026-03-20T14:56:12,2026.0,3.0,32.329289,-90.149014,,,,HUMAN_OBSERVATION,50c9509d-22c7-4a22-a47d-8c48425ef4a7,,"COORDINATE_ROUNDED,CONTINENT_DERIVED_FROM_COORDINATES,TAXON_ID_NOT_FOUND"
6185488419,"Alligator mississippiensis (Daudin, 1801)",2026-03-29T10:34:50,2026.0,3.0,32.57935,-89.821037,2.0,,,HUMAN_OBSERVATION,50c9509d-22c7-4a22-a47d-8c48425ef4a7,,"COORDINATE_ROUNDED,CONTINENT_DERIVED_FROM_COORDINATES,TAXON_ID_NOT_FOUND"
6185651639,"Alligator mississippiensis (Daudin, 1801)",2026-03-28T13:06,2026.0,3.0,32.328486,-90.147889,13.0,,,HUMAN_OBSERVATION,50c9509d-22c7-4a22-a47d-8c48425ef4a7,,"COORDINATE_ROUNDED,CONTINENT_DERIVED_FROM_COORDINATES,TAXON_ID_NOT_FOUND"
6185713775,"Alligator mississippiensis (Daudin, 1801)",2026-03-29T12:40:18,2026.0,3.0,30.436567,-88.434975,,,,HUMAN_OBSERVATION,50c9509d-22c7-4a22-a47d-8c48425ef4a7,,"COORDINATE_ROUNDED,CONTINENT_DERIVED_FROM_COORDINATES,TAXON_ID_NOT_FOUND"
6185947963,"Alligator mississippiensis (Daudin, 1801)",2026-03-20T16:32,2026.0,3.0,32.362756,-89.043242,29120.0,,,HUMAN_OBSERVATION,50c9509d-22c7-4a22-a47d-8c48425ef4a7,,"COORDINATE_ROUNDED,CONTINENT_DERIVED_FROM_COORDINATES,TAXON_ID_NOT_FOUND"
6186128579,"Alligator mississippiensis (Daudin, 1801)",2026-03-20T16:10,2026.0,3.0,32.271355,-89.009771,29120.0,,,HUMAN_OBSERVATION,50c9509d-22c7-4a22-a47d-8c48425ef4a7,,"COORDINATE_ROUNDED,CONTINENT_DERIVED_FROM_COORDINATES,TAXON_ID_NOT_FOUND"
6188243929,"Alligator mississippiensis (Daudin, 1801)",2026-03-30T13:45,2026.0,3.0,33.224993,-88.789013,28984.0,,,HUMAN_OBSERVATION,50c9509d-22c7-4a22-a47d-8c48425ef4a7,,"COORDINATE_ROUNDED,CONTINENT_DERIVED_FROM_COORDINATES,TAXON_ID_NOT_FOUND"
6188215137,"Alligator mississippiensis (Daudin, 1801)",2026-04-03T19:13:41,2026.0,4.0,32.352425,-90.071975,4.0,,,HUMAN_OBSERVATION,50c9509d-22c7-4a22-a47d-8c48425ef4a7,,"CONTINENT_DERIVED_FROM_COORDINATES,TAXON_ID_NOT_FOUND"
6195373599,"Alligator mississippiensis (Daudin, 1801)",2026-04-10T19:24:13,2026.0,4.0,32.385283,-90.027642,10.0,,,HUMAN_OBSERVATION,50c9509d-22c7-4a22-a47d-8c48425ef4a7,,"COORDINATE_ROUNDED,CONTINENT_DERIVED_FROM_COORDINATES,TAXON_ID_NOT_FOUND"
6195423339,"Alligator mississippiensis (Daudin, 1801)",2026-04-09T09:29,2026.0,4.0,30.450928,-88.655545,207.0,,,HUMAN_OBSERVATION,50c9509d-22c7-4a22-a47d-8c48425ef4a7,,"COORDINATE_ROUNDED,CONTINENT_DERIVED_FROM_COORDINATES,TAXON_ID_NOT_FOUND,MULTIMEDIA_DATE_INVALID"
6195623230,"Alligator mississippiensis (Daudin, 1801)",2026-04-01T16:27,2026.0,4.0,30.377858,-88.518523,6.0,,,HUMAN_OBSERVATION,50c9509d-22c7-4a22-a47d-8c48425ef4a7,,"COORDINATE_ROUNDED,CONTINENT_DERIVED_FROM_COORDINATES,TAXON_ID_NOT_FOUND"
6195940040,"Alligator mississippiensis (Daudin, 1801)",2026-04-08T13:37,2026.0,4.0,30.397992,-88.790032,6.0,,,HUMAN_OBSERVATION,50c9509d-22c7-4a22-a47d-8c48425ef4a7,,"COORDINATE_ROUNDED,CONTINENT_DERIVED_FROM_COORDINATES,TAXON_ID_NOT_FOUND"
6195988307,"Alligator mississippiensis (Daudin, 1801)",2026-04-07T17:56:17,2026.0,4.0,30.397928,-88.79013,4.0,,,HUMAN_OBSERVATION,50c9509d-22c7-4a22-a47d-8c48425ef4a7,,"COORDINATE_ROUNDED,CONTINENT_DERIVED_FROM_COORDINATES,TAXON_ID_NOT_FOUND"
6234805598,"Alligator mississippiensis (Daudin, 1801)",2026-04-19T13:04:47,2026.0,4.0,32.313658,-90.163103,,,,HUMAN_OBSERVATION,50c9509d-22c7-4a22-a47d-8c48425ef4a7,,"COORDINATE_ROUNDED,CONTINENT_DERIVED_FROM_COORDINATES,TAXON_ID_NOT_FOUND"
6235264830,"Alligator mississippiensis (Daudin, 1801)",2026-04-25T10:58:35,2026.0,4.0,33.271122,-88.777367,3.0,,,HUMAN_OBSERVATION,50c9509d-22c7-4a22-a47d-8c48425ef4a7,,"COORDINATE_ROUNDED,CONTINENT_DERIVED_FROM_COORDINATES,TAXON_ID_NOT_FOUND"
6235609954,"Alligator mississippiensis (Daudin, 1801)",2026-04-16T17:18,2026.0,4.0,30.787989,-89.807351,162.0,,,HUMAN_OBSERVATION,50c9509d-22c7-4a22-a47d-8c48425ef4a7,,"COORDINATE_ROUNDED,CONTINENT_DERIVED_FROM_COORDINATES,TAXON_ID_NOT_FOUND"
6235788315,"Alligator mississippiensis (Daudin, 1801)",2026-04-25T13:39:29,2026.0,4.0,32.323973,-90.149538,2524.0,,,HUMAN_OBSERVATION,50c9509d-22c7-4a22-a47d-8c48425ef4a7,,"COORDINATE_ROUNDED,CONTINENT_DERIVED_FROM_COORDINATES,TAXON_ID_NOT_FOUND"
6235790817,"Alligator mississippiensis (Daudin, 1801)",2026-04-18T18:40:13,2026.0,4.0,30.502945,-88.83307,6.0,,,HUMAN_OBSERVATION,50c9509d-22c7-4a22-a47d-8c48425ef4a7,,"CONTINENT_DERIVED_FROM_COORDINATES,TAXON_ID_NOT_FOUND"
6235816038,"Alligator mississippiensis (Daudin, 1801)",2026-04-14T15:55:14,2026.0,4.0,33.296388,-88.858431,100.0,,,HUMAN_OBSERVATION,50c9509d-22c7-4a22-a47d-8c48425ef4a7,,"COORDINATE_ROUNDED,CONTINENT_DERIVED_FROM_COORDINATES,TAXON_ID_NOT_FOUND"
6236264064,"Alligator mississippiensis (Daudin, 1801)",2026-04-25T10:58:59,2026.0,4.0,33.271203,-88.777262,4.0,,,HUMAN_OBSERVATION,50c9509d-22c7-4a22-a47d-8c48425ef4a7,,"COORDINATE_ROUNDED,CONTINENT_DERIVED_FROM_COORDINATES,TAXON_ID_NOT_FOUND"
6251575632,"Alligator mississippiensis (Daudin, 1801)",2026-04-29T11:50:37,2026.0,4.0,31.180283,-90.523025,4.0,,,HUMAN_OBSERVATION,50c9509d-22c7-4a22-a47d-8c48425ef4a7,,"COORDINATE_ROUNDED,CONTINENT_DERIVED_FROM_COORDINATES,TAXON_ID_NOT_FOUND"
6251638976,"Alligator mississippiensis (Daudin, 1801)",2026-04-28T12:49,2026.0,4.0,33.157684,-89.128047,10478.0,,,HUMAN_OBSERVATION,50c9509d-22c7-4a22-a47d-8c48425ef4a7,,"COORDINATE_ROUNDED,CONTINENT_DERIVED_FROM_COORDINATES,TAXON_ID_NOT_FOUND"
6273395314,"Alligator mississippiensis (Daudin, 1801)",2026-04-13T15:47:11,2026.0,4.0,32.445923,-89.934038,29093.0,,,HUMAN_OBSERVATION,50c9509d-22c7-4a22-a47d-8c48425ef4a7,,"COORDINATE_ROUNDED,CONTINENT_DERIVED_FROM_COORDINATES,TAXON_ID_NOT_FOUND"
6273875320,"Alligator mississippiensis (Daudin, 1801)",2026-04-13T12:50:41,2026.0,4.0,32.538988,-89.939347,6.0,,,HUMAN_OBSERVATION,50c9509d-22c7-4a22-a47d-8c48425ef4a7,,"COORDINATE_ROUNDED,CONTINENT_DERIVED_FROM_COORDINATES,TAXON_ID_NOT_FOUND"
6252063656,"Alligator mississippiensis (Daudin, 1801)",2026-05-03T13:26:55,2026.0,5.0,30.461905,-89.05667,374.0,,,HUMAN_OBSERVATION,50c9509d-22c7-4a22-a47d-8c48425ef4a7,,"COORDINATE_ROUNDED,CONTINENT_DERIVED_FROM_COORDINATES,TAXON_ID_NOT_FOUND"
6252210948,"Alligator mississippiensis (Daudin, 1801)",2026-05-02T11:25:45,2026.0,5.0,30.802113,-88.732872,4.0,,,HUMAN_OBSERVATION,50c9509d-22c7-4a22-a47d-8c48425ef4a7,,"COORDINATE_ROUNDED,CONTINENT_DERIVED_FROM_COORDINATES,TAXON_ID_NOT_FOUND"
6253062510,"Alligator mississippiensis (Daudin, 1801)",2026-05-03T13:30:38,2026.0,5.0,30.460521,-89.056868,32.0,,,HUMAN_OBSERVATION,50c9509d-22c7-4a22-a47d-8c48425ef4a7,,"COORDINATE_ROUNDED,CONTINENT_DERIVED_FROM_COORDINATES,TAXON_ID_NOT_FOUND"
6273300520,"Alligator mississippiensis (Daudin, 1801)",2026-05-05T16:41:42,2026.0,5.0,30.315744,-89.247543,6604.0,,,HUMAN_OBSERVATION,50c9509d-22c7-4a22-a47d-8c48425ef4a7,,"COORDINATE_ROUNDED,CONTINENT_DERIVED_FROM_COORDINATES,TAXON_ID_NOT_FOUND"
6320201750,"Alligator mississippiensis (Daudin, 1801)",2026-05-12T19:23:21,2026.0,5.0,30.503549,-88.547618,29356.0,,,HUMAN_OBSERVATION,50c9509d-22c7-4a22-a47d-8c48425ef4a7,,"COORDINATE_ROUNDED,CONTINENT_DERIVED_FROM_COORDINATES,TAXON_ID_NOT_FOUND"
6320922727,"Alligator mississippiensis (Daudin, 1801)",2026-05-14T21:20:59,2026.0,5.0,33.160578,-90.936112,205.0,,,HUMAN_OBSERVATION,50c9509d-22c7-4a22-a47d-8c48425ef4a7,,"COORDINATE_ROUNDED,CONTINENT_DERIVED_FROM_COORDINATES,TAXON_ID_NOT_FOUND"
6321020636,"Alligator mississippiensis (Daudin, 1801)",2026-05-13T15:34:48,2026.0,5.0,30.397831,-88.790135,,,,HUMAN_OBSERVATION,50c9509d-22c7-4a22-a47d-8c48425ef4a7,,"COORDINATE_ROUNDED,CONTINENT_DERIVED_FROM_COORDINATES,TAXON_ID_NOT_FOUND"
6321081941,"Alligator mississippiensis (Daudin, 1801)",2026-05-14T19:00,2026.0,5.0,30.374992,-88.70755,8.0,,,HUMAN_OBSERVATION,50c9509d-22c7-4a22-a47d-8c48425ef4a7,,"COORDINATE_ROUNDED,CONTINENT_DERIVED_FROM_COORDINATES,TAXON_ID_NOT_FOUND"
6334238064,"Alligator mississippiensis (Daudin, 1801)",2026-05-23T14:00:48,2026.0,5.0,33.259767,-88.774861,,,,HUMAN_OBSERVATION,50c9509d-22c7-4a22-a47d-8c48425ef4a7,,"COORDINATE_ROUNDED,CONTINENT_DERIVED_FROM_COORDINATES,TAXON_ID_NOT_FOUND"
6334246070,"Alligator mississippiensis (Daudin, 1801)",2026-05-23T13:24:24,2026.0,5.0,33.272011,-88.775903,,,,HUMAN_OBSERVATION,50c9509d-22c7-4a22-a47d-8c48425ef4a7,,"COORDINATE_ROUNDED,CONTINENT_DERIVED_FROM_COORDINATES,TAXON_ID_NOT_FOUND"
6334670927,"Alligator mississippiensis (Daudin, 1801)",2026-05-23T13:58:24,2026.0,5.0,33.260222,-88.774531,,,,HUMAN_OBSERVATION,50c9509d-22c7-4a22-a47d-8c48425ef4a7,,"COORDINATE_ROUNDED,CONTINENT_DERIVED_FROM_COORDINATES,TAXON_ID_NOT_FOUND"
6353312795,"Alligator mississippiensis (Daudin, 1801)",2026-05-29T18:43,2026.0,5.0,32.388376,-90.049315,23.0,,,HUMAN_OBSERVATION,50c9509d-22c7-4a22-a47d-8c48425ef4a7,,"COORDINATE_ROUNDED,CONTINENT_DERIVED_FROM_COORDINATES,TAXON_ID_NOT_FOUND"
6422485890,"Alligator mississippiensis (Daudin, 1801)",2026-06-13T09:37:34,2026.0,6.0,33.390921,-88.78622,28984.0,,,HUMAN_OBSERVATION,50c9509d-22c7-4a22-a47d-8c48425ef4a7,,"COORDINATE_ROUNDED,CONTINENT_DERIVED_FROM_COORDINATES,TAXON_ID_NOT_FOUND"
6422512725,"Alligator mississippiensis (Daudin, 1801)",2026-06-13T10:53:21,2026.0,6.0,33.215289,-88.652366,28984.0,,,HUMAN_OBSERVATION,50c9509d-22c7-4a22-a47d-8c48425ef4a7,,"COORDINATE_ROUNDED,CONTINENT_DERIVED_FROM_COORDINATES,TAXON_ID_NOT_FOUND"
6431527045,"Alligator mississippiensis (Daudin, 1801)",2026-06-30T10:05:19,2026.0,6.0,30.39207,-88.88585,10.0,,,HUMAN_OBSERVATION,50c9509d-22c7-4a22-a47d-8c48425ef4a7,,"CONTINENT_DERIVED_FROM_COORDINATES,TAXON_ID_NOT_FOUND"
6451598453,"Alligator mississippiensis (Daudin, 1801)",2026-07-17T17:24:14,2026.0,7.0,33.083818,-90.064129,29012.0,,,HUMAN_OBSERVATION,50c9509d-22c7-4a22-a47d-8c48425ef4a7,,"COORDINATE_ROUNDED,CONTINENT_DERIVED_FROM_COORDINATES,TAXON_ID_NOT_FOUND"
6452274765,"Alligator mississippiensis (Daudin, 1801)",2026-07-14T11:58:53,2026.0,7.0,33.075472,-90.960555,,,,HUMAN_OBSERVATION,50c9509d-22c7-4a22-a47d-8c48425ef4a7,,"COORDINATE_ROUNDED,CONTINENT_DERIVED_FROM_COORDINATES,TAXON_ID_NOT_FOUND"
6452371955,"Alligator mississippiensis (Daudin, 1801)",2026-07-19T19:23,2026.0,7.0,33.531531,-88.470903,,,,HUMAN_OBSERVATION,50c9509d-22c7-4a22-a47d-8c48425ef4a7,,"COORDINATE_ROUNDED,CONTINENT_DERIVED_FROM_COORDINATES,TAXON_ID_NOT_FOUND"
6452512695,"Alligator mississippiensis (Daudin, 1801)",2026-07-18T10:30,2026.0,7.0,32.579434,-89.869955,3229.0,,,HUMAN_OBSERVATION,50c9509d-22c7-4a22-a47d-8c48425ef4a7,,"COORDINATE_ROUNDED,CONTINENT_DERIVED_FROM_COORDINATES,TAXON_ID_NOT_FOUND"
6470088378,"Alligator mississippiensis (Daudin, 1801)",2026-07-14T19:39:13,2026.0,7.0,30.529541,-88.530769,29356.0,,,HUMAN_OBSERVATION,50c9509d-22c7-4a22-a47d-8c48425ef4a7,,"COORDINATE_ROUNDED,CONTINENT_DERIVED_FROM_COORDINATES,TAXON_ID_NOT_FOUND"
6479150721,"Alligator mississippiensis (Daudin, 1801)",2026-07-31T18:07:28,2026.0,7.0,32.50606,-89.931874,14.0,,,HUMAN_OBSERVATION,50c9509d-22c7-4a22-a47d-8c48425ef4a7,,"COORDINATE_ROUNDED,CONTINENT_DERIVED_FROM_COORDINATES,TAXON_ID_NOT_FOUND"
6479878689,"Alligator mississippiensis (Daudin, 1801)",2026-07-25T14:11:26,2026.0,7.0,30.383176,-88.741283,4.0,,,HUMAN_OBSERVATION,50c9509d-22c7-4a22-a47d-8c48425ef4a7,,"COORDINATE_ROUNDED,CONTINENT_DERIVED_FROM_COORDINATES,TAXON_ID_NOT_FOUND"
6481093796,"Alligator mississippiensis (Daudin, 1801)",2026-07-13T11:08:44,2026.0,7.0,30.376537,-89.619575,4.0,,,HUMAN_OBSERVATION,50c9509d-22c7-4a22-a47d-8c48425ef4a7,,"COORDINATE_ROUNDED,CONTINENT_DERIVED_FROM_COORDINATES,TAXON_ID_NOT_FOUND"
6480659166,"Alligator mississippiensis (Daudin, 1801)",2026-08-01T18:51,2026.0,8.0,32.313545,-89.055567,29120.0,,,HUMAN_OBSERVATION,50c9509d-22c7-4a22-a47d-8c48425ef4a7,,"COORDINATE_ROUNDED,CONTINENT_DERIVED_FROM_COORDINATES,TAXON_ID_NOT_FOUND"
6499815531,"Alligator mississippiensis (Daudin, 1801)",2026-08-15T09:36:10,2026.0,8.0,32.522139,-89.958096,383.0,,,HUMAN_OBSERVATION,50c9509d-22c7-4a22-a47d-8c48425ef4a7,,"COORDINATE_ROUNDED,CONTINENT_DERIVED_FROM_COORDINATES,TAXON_ID_NOT_FOUND"
6499967711,"Alligator mississippiensis (Daudin, 1801)",2026-08-19T16:49:11,2026.0,8.0,30.361756,-88.758584,,,,HUMAN_OBSERVATION,50c9509d-22c7-4a22-a47d-8c48425ef4a7,,"COORDINATE_ROUNDED,CONTINENT_DERIVED_FROM_COORDINATES,TAXON_ID_NOT_FOUND"
6500025627,"Alligator mississippiensis (Daudin, 1801)",2026-08-16T12:01:38,2026.0,8.0,30.392772,-88.797714,,,,HUMAN_OBSERVATION,50c9509d-22c7-4a22-a47d-8c48425ef4a7,,"COORDINATE_ROUNDED,CONTINENT_DERIVED_FROM_COORDINATES,TAXON_ID_NOT_FOUND"
6500092415,"Alligator mississippiensis (Daudin, 1801)",2026-08-04T13:52,2026.0,8.0,33.27113,-88.783607,195.0,,,HUMAN_OBSERVATION,50c9509d-22c7-4a22-a47d-8c48425ef4a7,,"COORDINATE_ROUNDED,CONTINENT_DERIVED_FROM_COORDINATES,TAXON_ID_NOT_FOUND"
6500162850,"Alligator mississippiensis (Daudin, 1801)",2026-08-15T09:43:46,2026.0,8.0,32.521402,-89.957832,286.0,,,HUMAN_OBSERVATION,50c9509d-22c7-4a22-a47d-8c48425ef4a7,,"COORDINATE_ROUNDED,CONTINENT_DERIVED_FROM_COORDINATES,TAXON_ID_NOT_FOUND"
5063650194,"Alligator mississippiensis (Daudin, 1801)",2025-01-31T14:43:43,2025.0,1.0,30.380692,-89.61788,,,,HUMAN_OBSERVATION,50c9509d-22c7-4a22-a47d-8c48425ef4a7,,"COORDINATE_ROUNDED,CONTINENT_DERIVED_FROM_COORDINATES,TAXON_ID_NOT_FOUND"
5063681058,"Alligator mississippiensis (Daudin, 1801)",2025-01-31T14:41:09,2025.0,1.0,30.379613,-89.615538,,,,HUMAN_OBSERVATION,50c9509d-22c7-4a22-a47d-8c48425ef4a7,,"COORDINATE_ROUNDED,CONTINENT_DERIVED_FROM_COORDINATES,TAXON_ID_NOT_FOUND"
5063752768,"Alligator mississippiensis (Daudin, 1801)",2025-02-03T14:10:35,2025.0,2.0,30.379662,-89.61553,,,,HUMAN_OBSERVATION,50c9509d-22c7-4a22-a47d-8c48425ef4a7,,"COORDINATE_ROUNDED,CONTINENT_DERIVED_FROM_COORDINATES,TAXON_ID_NOT_FOUND"
5063810565,"Alligator mississippiensis (Daudin, 1801)",2025-02-05T13:06:07,2025.0,2.0,30.37897,-89.617753,,,,HUMAN_OBSERVATION,50c9509d-22c7-4a22-a47d-8c48425ef4a7,,"COORDINATE_ROUNDED,CONTINENT_DERIVED_FROM_COORDINATES,TAXON_ID_NOT_FOUND"
5063864315,"Alligator mississippiensis (Daudin, 1801)",2025-02-04T14:06:50,2025.0,2.0,30.380712,-89.615853,,,,HUMAN_OBSERVATION,50c9509d-22c7-4a22-a47d-8c48425ef4a7,,"COORDINATE_ROUNDED,CONTINENT_DERIVED_FROM_COORDINATES,TAXON_ID_NOT_FOUND"
5063916502,"Alligator mississippiensis (Daudin, 1801)",2025-02-05T13:04:52,2025.0,2.0,30.380687,-89.61767,,,,HUMAN_OBSERVATION,50c9509d-22c7-4a22-a47d-8c48425ef4a7,,"COORDINATE_ROUNDED,CONTINENT_DERIVED_FROM_COORDINATES,TAXON_ID_NOT_FOUND"
5063941548,"Alligator mississippiensis (Daudin, 1801)",2025-02-06T16:09:21,2025.0,2.0,30.378987,-89.617638,,,,HUMAN_OBSERVATION,50c9509d-22c7-4a22-a47d-8c48425ef4a7,,"COORDINATE_ROUNDED,CONTINENT_DERIVED_FROM_COORDINATES,TAXON_ID_NOT_FOUND"
5063983592,"Alligator mississippiensis (Daudin, 1801)",2025-02-06T16:09:27,2025.0,2.0,30.378987,-89.617638,,,,HUMAN_OBSERVATION,50c9509d-22c7-4a22-a47d-8c48425ef4a7,,"COORDINATE_ROUNDED,CONTINENT_DERIVED_FROM_COORDINATES,TAXON_ID_NOT_FOUND"
5069978322,"Alligator mississippiensis (Daudin, 1801)",2025-02-11T16:15:23,2025.0,2.0,30.378972,-89.617692,,,,HUMAN_OBSERVATION,50c9509d-22c7-4a22-a47d-8c48425ef4a7,,"COORDINATE_ROUNDED,CONTINENT_DERIVED_FROM_COORDINATES,TAXON_ID_NOT_FOUND"
5077185665,"Alligator mississippiensis (Daudin, 1801)",2025-02-25T16:10:43,2025.0,2.0,30.379963,-89.615525,,,,HUMAN_OBSERVATION,50c9509d-22c7-4a22-a47d-8c48425ef4a7,,"COORDINATE_ROUNDED,CONTINENT_DERIVED_FROM_COORDINATES,TAXON_ID_NOT_FOUND"
5087215874,"Alligator mississippiensis (Daudin, 1801)",2025-02-27T10:40:44,2025.0,2.0,30.411447,-88.779678,4.0,,,HUMAN_OBSERVATION,50c9509d-22c7-4a22-a47d-8c48425ef4a7,,"COORDINATE_ROUNDED,CONTINENT_DERIVED_FROM_COORDINATES,TAXON_ID_NOT_FOUND"
5087248909,"Alligator mississippiensis (Daudin, 1801)",2025-02-27T15:43:09,2025.0,2.0,30.400799,-88.752153,8.0,,,HUMAN_OBSERVATION,50c9509d-22c7-4a22-a47d-8c48425ef4a7,,"COORDINATE_ROUNDED,CONTINENT_DERIVED_FROM_COORDINATES,TAXON_ID_NOT_FOUND"
5087296652,"Alligator mississippiensis (Daudin, 1801)",2025-02-28T14:54:03,2025.0,2.0,30.430253,-88.644042,4.0,,,HUMAN_OBSERVATION,50c9509d-22c7-4a22-a47d-8c48425ef4a7,,"COORDINATE_ROUNDED,CONTINENT_DERIVED_FROM_COORDINATES,TAXON_ID_NOT_FOUND"
5087652050,"Alligator mississippiensis (Daudin, 1801)",2025-02-15T11:37:39,2025.0,2.0,33.278689,-88.795661,10.0,,,HUMAN_OBSERVATION,50c9509d-22c7-4a22-a47d-8c48425ef4a7,,"COORDINATE_ROUNDED,CONTINENT_DERIVED_FROM_COORDINATES,TAXON_ID_NOT_FOUND"
5087864103,"Alligator mississippiensis (Daudin, 1801)",2025-03-12T14:07:44,2025.0,3.0,30.37902,-89.615538,,,,HUMAN_OBSERVATION,50c9509d-22c7-4a22-a47d-8c48425ef4a7,,"COORDINATE_ROUNDED,CONTINENT_DERIVED_FROM_COORDINATES,TAXON_ID_NOT_FOUND"
5087915545,"Alligator mississippiensis (Daudin, 1801)",2025-03-14T12:24:56,2025.0,3.0,30.359122,-89.61857,,,,HUMAN_OBSERVATION,50c9509d-22c7-4a22-a47d-8c48425ef4a7,,"COORDINATE_ROUNDED,CONTINENT_DERIVED_FROM_COORDINATES,TAXON_ID_NOT_FOUND"
5087923491,"Alligator mississippiensis (Daudin, 1801)",2025-03-12T14:11:16,2025.0,3.0,30.378963,-89.618103,,,,HUMAN_OBSERVATION,50c9509d-22c7-4a22-a47d-8c48425ef4a7,,"COORDINATE_ROUNDED,CONTINENT_DERIVED_FROM_COORDINATES,TAXON_ID_NOT_FOUND"
5087949557,"Alligator mississippiensis (Daudin, 1801)",2025-03-12T14:09:45,2025.0,3.0,30.380688,-89.618142,,,,HUMAN_OBSERVATION,50c9509d-22c7-4a22-a47d-8c48425ef4a7,,"COORDINATE_ROUNDED,CONTINENT_DERIVED_FROM_COORDINATES,TAXON_ID_NOT_FOUND"
5087984627,"Alligator mississippiensis (Daudin, 1801)",2025-03-12T14:09:24,2025.0,3.0,30.380697,-89.617675,,,,HUMAN_OBSERVATION,50c9509d-22c7-4a22-a47d-8c48425ef4a7,,"COORDINATE_ROUNDED,CONTINENT_DERIVED_FROM_COORDINATES,TAXON_ID_NOT_FOUND"
5087984630,"Alligator mississippiensis (Daudin, 1801)",2025-03-11T13:15:48,2025.0,3.0,30.380692,-89.617937,,,,HUMAN_OBSERVATION,50c9509d-22c7-4a22-a47d-8c48425ef4a7,,"COORDINATE_ROUNDED,CONTINENT_DERIVED_FROM_COORDINATES,TAXON_ID_NOT_FOUND"
5088050463,"Alligator mississippiensis (Daudin, 1801)",2025-03-18T14:23:23,2025.0,3.0,32.783233,-90.556516,375.0,,,HUMAN_OBSERVATION,50c9509d-22c7-4a22-a47d-8c48425ef4a7,,"COORDINATE_ROUNDED,CONTINENT_DERIVED_FROM_COORDINATES,TAXON_ID_NOT_FOUND"
5088123210,"Alligator mississippiensis (Daudin, 1801)",2025-03-11T13:16:15,2025.0,3.0,30.380178,-89.618562,,,,HUMAN_OBSERVATION,50c9509d-22c7-4a22-a47d-8c48425ef4a7,,"COORDINATE_ROUNDED,CONTINENT_DERIVED_FROM_COORDINATES,TAXON_ID_NOT_FOUND"
5104375879,"Alligator mississippiensis (Daudin, 1801)",2025-03-19T16:08:04,2025.0,3.0,30.379437,-89.61553,,,,HUMAN_OBSERVATION,50c9509d-22c7-4a22-a47d-8c48425ef4a7,,"COORDINATE_ROUNDED,CONTINENT_DERIVED_FROM_COORDINATES,TAXON_ID_NOT_FOUND"
5104456765,"Alligator mississippiensis (Daudin, 1801)",2025-03-19T16:07:38,2025.0,3.0,30.379012,-89.615538,,,,HUMAN_OBSERVATION,50c9509d-22c7-4a22-a47d-8c48425ef4a7,,"COORDINATE_ROUNDED,CONTINENT_DERIVED_FROM_COORDINATES,TAXON_ID_NOT_FOUND"
5104482816,"Alligator mississippiensis (Daudin, 1801)",2025-03-19T16:10:21,2025.0,3.0,30.381062,-89.61722,,,,HUMAN_OBSERVATION,50c9509d-22c7-4a22-a47d-8c48425ef4a7,,"COORDINATE_ROUNDED,CONTINENT_DERIVED_FROM_COORDINATES,TAXON_ID_NOT_FOUND"
5134585288,"Alligator mississippiensis (Daudin, 1801)",2025-03-30T19:11:05,2025.0,3.0,32.323185,-90.166808,389468.0,,,HUMAN_OBSERVATION,50c9509d-22c7-4a22-a47d-8c48425ef4a7,,"COORDINATE_ROUNDED,CONTINENT_DERIVED_FROM_COORDINATES,TAXON_ID_NOT_FOUND"
5153800255,"Alligator mississippiensis (Daudin, 1801)",2025-03-26T16:37:35,2025.0,3.0,33.263922,-88.779006,,,,HUMAN_OBSERVATION,50c9509d-22c7-4a22-a47d-8c48425ef4a7,,"COORDINATE_ROUNDED,CONTINENT_DERIVED_FROM_COORDINATES,TAXON_ID_NOT_FOUND"
5133505012,"Alligator mississippiensis (Daudin, 1801)",2025-04-11T15:15:50,2025.0,4.0,30.380717,-89.618187,,,,HUMAN_OBSERVATION,50c9509d-22c7-4a22-a47d-8c48425ef4a7,,"COORDINATE_ROUNDED,CONTINENT_DERIVED_FROM_COORDINATES,TAXON_ID_NOT_FOUND"
5133507890,"Alligator mississippiensis (Daudin, 1801)",2025-04-11T15:12:08,2025.0,4.0,30.380113,-89.615517,,,,HUMAN_OBSERVATION,50c9509d-22c7-4a22-a47d-8c48425ef4a7,,"COORDINATE_ROUNDED,CONTINENT_DERIVED_FROM_COORDINATES,TAXON_ID_NOT_FOUND"
5133593008,"Alligator mississippiensis (Daudin, 1801)",2025-04-11T15:07:55,2025.0,4.0,30.379428,-89.61553,,,,HUMAN_OBSERVATION,50c9509d-22c7-4a22-a47d-8c48425ef4a7,,"COORDINATE_ROUNDED,CONTINENT_DERIVED_FROM_COORDINATES,TAXON_ID_NOT_FOUND"
5133832019,"Alligator mississippiensis (Daudin, 1801)",2025-04-03T10:08:11,2025.0,4.0,30.331916,-88.571873,53.0,,,HUMAN_OBSERVATION,50c9509d-22c7-4a22-a47d-8c48425ef4a7,,"COORDINATE_ROUNDED,CONTINENT_DERIVED_FROM_COORDINATES,TAXON_ID_NOT_FOUND"
5134017958,"Alligator mississippiensis (Daudin, 1801)",2025-04-17T16:01,2025.0,4.0,30.379362,-89.615547,,,,HUMAN_OBSERVATION,50c9509d-22c7-4a22-a47d-8c48425ef4a7,,"COORDINATE_ROUNDED,CONTINENT_DERIVED_FROM_COORDINATES,TAXON_ID_NOT_FOUND"
5134020911,"Alligator mississippiensis (Daudin, 1801)",2025-04-17T16:05,2025.0,4.0,30.380713,-89.616378,,,,HUMAN_OBSERVATION,50c9509d-22c7-4a22-a47d-8c48425ef4a7,,"COORDINATE_ROUNDED,CONTINENT_DERIVED_FROM_COORDINATES,TAXON_ID_NOT_FOUND"
5134169783,"Alligator mississippiensis (Daudin, 1801)",2025-04-18T15:11,2025.0,4.0,30.379555,-89.615525,,,,HUMAN_OBSERVATION,50c9509d-22c7-4a22-a47d-8c48425ef4a7,,"CONTINENT_DERIVED_FROM_COORDINATES,TAXON_ID_NOT_FOUND"
5134222775,"Alligator mississippiensis (Daudin, 1801)",2025-04-18T15:18,2025.0,4.0,30.38057,-89.615538,,,,HUMAN_OBSERVATION,50c9509d-22c7-4a22-a47d-8c48425ef4a7,,"COORDINATE_ROUNDED,CONTINENT_DERIVED_FROM_COORDINATES,TAXON_ID_NOT_FOUND"
5134261108,"Alligator mississippiensis (Daudin, 1801)",2025-04-16T12:24,2025.0,4.0,30.438,-88.438072,15.0,,,HUMAN_OBSERVATION,50c9509d-22c7-4a22-a47d-8c48425ef4a7,,"COORDINATE_ROUNDED,CONTINENT_DERIVED_FROM_COORDINATES,TAXON_ID_NOT_FOUND"
5134268311,"Alligator mississippiensis (Daudin, 1801)",2025-04-18T15:18,2025.0,4.0,30.38057,-89.615538,,,,HUMAN_OBSERVATION,50c9509d-22c7-4a22-a47d-8c48425ef4a7,,"COORDINATE_ROUNDED,CONTINENT_DERIVED_FROM_COORDINATES,TAXON_ID_NOT_FOUND"
5134293816,"Alligator mississippiensis (Daudin, 1801)",2025-04-17T16:01,2025.0,4.0,30.379455,-89.61553,,,,HUMAN_OBSERVATION,50c9509d-22c7-4a22-a47d-8c48425ef4a7,,"CONTINENT_DERIVED_FROM_COORDINATES,TAXON_ID_NOT_FOUND"
5134308955,"Alligator mississippiensis (Daudin, 1801)",2025-04-16T12:00,2025.0,4.0,30.436099,-88.43596,10.0,,,HUMAN_OBSERVATION,50c9509d-22c7-4a22-a47d-8c48425ef4a7,,"COORDINATE_ROUNDED,CONTINENT_DERIVED_FROM_COORDINATES,TAXON_ID_NOT_FOUND"
5134342057,"Alligator mississippiensis (Daudin, 1801)",2025-04-18T15:12,2025.0,4.0,30.380272,-89.615517,,,,HUMAN_OBSERVATION,50c9509d-22c7-4a22-a47d-8c48425ef4a7,,"COORDINATE_ROUNDED,CONTINENT_DERIVED_FROM_COORDINATES,TAXON_ID_NOT_FOUND"
5134347987,"Alligator mississippiensis (Daudin, 1801)",2025-04-17T16:09,2025.0,4.0,30.380713,-89.616378,,,,HUMAN_OBSERVATION,50c9509d-22c7-4a22-a47d-8c48425ef4a7,,"COORDINATE_ROUNDED,CONTINENT_DERIVED_FROM_COORDINATES,TAXON_ID_NOT_FOUND"
5134348952,"Alligator mississippiensis (Daudin, 1801)",2025-04-20T12:45,2025.0,4.0,33.271081,-88.777863,27.0,,,HUMAN_OBSERVATION,50c9509d-22c7-4a22-a47d-8c48425ef4a7,,"COORDINATE_ROUNDED,CONTINENT_DERIVED_FROM_COORDINATES,TAXON_ID_NOT_FOUND"
5134395363,"Alligator mississippiensis (Daudin, 1801)",2025-04-06T15:34,2025.0,4.0,33.273149,-88.777059,31.0,,,HUMAN_OBSERVATION,50c9509d-22c7-4a22-a47d-8c48425ef4a7,,"COORDINATE_ROUNDED,CONTINENT_DERIVED_FROM_COORDINATES,TAXON_ID_NOT_FOUND"
5134494103,"Alligator mississippiensis (Daudin, 1801)",2025-04-20T16:55,2025.0,4.0,33.273804,-88.791037,216.0,,,HUMAN_OBSERVATION,50c9509d-22c7-4a22-a47d-8c48425ef4a7,,"COORDINATE_ROUNDED,CONTINENT_DERIVED_FROM_COORDINATES,TAXON_ID_NOT_FOUND,MULTIMEDIA_DATE_INVALID"
5134596619,"Alligator mississippiensis (Daudin, 1801)",2025-04-19T10:44,2025.0,4.0,30.332028,-88.572167,5.0,,,HUMAN_OBSERVATION,50c9509d-22c7-4a22-a47d-8c48425ef4a7,,"COORDINATE_ROUNDED,CONTINENT_DERIVED_FROM_COORDINATES,TAXON_ID_NOT_FOUND"
5139989283,"Alligator mississippiensis (Daudin, 1801)",2025-04-22T16:08,2025.0,4.0,30.37917,-89.615547,,,,HUMAN_OBSERVATION,50c9509d-22c7-4a22-a47d-8c48425ef4a7,,"COORDINATE_ROUNDED,CONTINENT_DERIVED_FROM_COORDINATES,TAXON_ID_NOT_FOUND"
5140015251,"Alligator mississippiensis (Daudin, 1801)",2025-04-22T16:09,2025.0,4.0,30.37917,-89.615547,,,,HUMAN_OBSERVATION,50c9509d-22c7-4a22-a47d-8c48425ef4a7,,"COORDINATE_ROUNDED,CONTINENT_DERIVED_FROM_COORDINATES,TAXON_ID_NOT_FOUND"
5140138488,"Alligator mississippiensis (Daudin, 1801)",2025-04-22T16:14,2025.0,4.0,30.37917,-89.615547,,,,HUMAN_OBSERVATION,50c9509d-22c7-4a22-a47d-8c48425ef4a7,,"COORDINATE_ROUNDED,CONTINENT_DERIVED_FROM_COORDINATES,TAXON_ID_NOT_FOUND"
5140148523,"Alligator mississippiensis (Daudin, 1801)",2025-04-22T16:13,2025.0,4.0,30.37917,-89.615547,,,,HUMAN_OBSERVATION,50c9509d-22c7-4a22-a47d-8c48425ef4a7,,"COORDINATE_ROUNDED,CONTINENT_DERIVED_FROM_COORDINATES,TAXON_ID_NOT_FOUND"
5140164860,"Alligator mississippiensis (Daudin, 1801)",2025-04-24T16:23,2025.0,4.0,30.379712,-89.618538,,,,HUMAN_OBSERVATION,50c9509d-22c7-4a22-a47d-8c48425ef4a7,,"COORDINATE_ROUNDED,CONTINENT_DERIVED_FROM_COORDINATES,TAXON_ID_NOT_FOUND"
5140164861,"Alligator mississippiensis (Daudin, 1801)",2025-04-24T16:23,2025.0,4.0,30.379712,-89.618538,,,,HUMAN_OBSERVATION,50c9509d-22c7-4a22-a47d-8c48425ef4a7,,"COORDINATE_ROUNDED,CONTINENT_DERIVED_FROM_COORDINATES,TAXON_ID_NOT_FOUND"
5140175935,"Alligator mississippiensis (Daudin, 1801)",2025-04-24T16:16,2025.0,4.0,30.37948,-89.615547,,,,HUMAN_OBSERVATION,50c9509d-22c7-4a22-a47d-8c48425ef4a7,,"COORDINATE_ROUNDED,CONTINENT_DERIVED_FROM_COORDINATES,TAXON_ID_NOT_FOUND"
5140242863,"Alligator mississippiensis (Daudin, 1801)",2025-04-24T16:21,2025.0,4.0,30.379586,-89.615546,88.0,,,HUMAN_OBSERVATION,50c9509d-22c7-4a22-a47d-8c48425ef4a7,,"COORDINATE_ROUNDED,CONTINENT_DERIVED_FROM_COORDINATES,TAXON_ID_NOT_FOUND"
5154008694,"Alligator mississippiensis (Daudin, 1801)",2025-04-28T16:16,2025.0,4.0,30.379003,-89.617662,,,,HUMAN_OBSERVATION,50c9509d-22c7-4a22-a47d-8c48425ef4a7,,"COORDINATE_ROUNDED,CONTINENT_DERIVED_FROM_COORDINATES,TAXON_ID_NOT_FOUND"
5920035524,"Alligator mississippiensis (Daudin, 1801)",2025-04-13T19:43:30,2025.0,4.0,30.266369,-89.021607,29382.0,,,HUMAN_OBSERVATION,50c9509d-22c7-4a22-a47d-8c48425ef4a7,,"COORDINATE_ROUNDED,CONTINENT_DERIVED_FROM_COORDINATES,TAXON_ID_NOT_FOUND"
6130165239,"Alligator mississippiensis (Daudin, 1801)",2025-04-18T18:51:04,2025.0,4.0,30.302003,-89.360992,951.0,,,HUMAN_OBSERVATION,50c9509d-22c7-4a22-a47d-8c48425ef4a7,,"COORDINATE_ROUNDED,CONTINENT_DERIVED_FROM_COORDINATES,TAXON_ID_NOT_FOUND"
5153356920,"Alligator mississippiensis (Daudin, 1801)",2025-05-04T09:21:12,2025.0,5.0,33.287466,-88.785861,2965.0,,,HUMAN_OBSERVATION,50c9509d-22c7-4a22-a47d-8c48425ef4a7,,"COORDINATE_ROUNDED,CONTINENT_DERIVED_FROM_COORDINATES,TAXON_ID_NOT_FOUND"
5153990039,"Alligator mississippiensis (Daudin, 1801)",2025-05-11T10:23,2025.0,5.0,30.332725,-88.571997,5.0,,,HUMAN_OBSERVATION,50c9509d-22c7-4a22-a47d-8c48425ef4a7,,"COORDINATE_ROUNDED,CONTINENT_DERIVED_FROM_COORDINATES,TAXON_ID_NOT_FOUND"
5154812459,"Alligator mississippiensis (Daudin, 1801)",2025-05-05T15:59,2025.0,5.0,33.845913,-90.079918,,,,HUMAN_OBSERVATION,50c9509d-22c7-4a22-a47d-8c48425ef4a7,,"COORDINATE_ROUNDED,CONTINENT_DERIVED_FROM_COORDINATES,TAXON_ID_NOT_FOUND"
5167273509,"Alligator mississippiensis (Daudin, 1801)",2025-05-09T10:54,2025.0,5.0,33.767767,-90.170473,45.0,,,HUMAN_OBSERVATION,50c9509d-22c7-4a22-a47d-8c48425ef4a7,,"COORDINATE_ROUNDED,CONTINENT_DERIVED_FROM_COORDINATES,TAXON_ID_NOT_FOUND"
5167284531,"Alligator mississippiensis (Daudin, 1801)",2025-05-25T19:45:08,2025.0,5.0,32.329538,-90.143012,3.0,,,HUMAN_OBSERVATION,50c9509d-22c7-4a22-a47d-8c48425ef4a7,,"COORDINATE_ROUNDED,CONTINENT_DERIVED_FROM_COORDINATES,TAXON_ID_NOT_FOUND"
5167455063,"Alligator mississippiensis (Daudin, 1801)",2025-05-16T16:07,2025.0,5.0,30.379005,-89.616363,,,,HUMAN_OBSERVATION,50c9509d-22c7-4a22-a47d-8c48425ef4a7,,"COORDINATE_ROUNDED,CONTINENT_DERIVED_FROM_COORDINATES,TAXON_ID_NOT_FOUND"
5167530676,"Alligator mississippiensis (Daudin, 1801)",2025-05-22T15:17,2025.0,5.0,30.378988,-89.615547,,,,HUMAN_OBSERVATION,50c9509d-22c7-4a22-a47d-8c48425ef4a7,,"COORDINATE_ROUNDED,CONTINENT_DERIVED_FROM_COORDINATES,TAXON_ID_NOT_FOUND"
5167552157,"Alligator mississippiensis (Daudin, 1801)",2025-05-16T16:03,2025.0,5.0,30.379013,-89.615555,,,,HUMAN_OBSERVATION,50c9509d-22c7-4a22-a47d-8c48425ef4a7,,"COORDINATE_ROUNDED,CONTINENT_DERIVED_FROM_COORDINATES,TAXON_ID_NOT_FOUND"
5167737774,"Alligator mississippiensis (Daudin, 1801)",2025-05-25T17:59:40,2025.0,5.0,32.329552,-90.143048,5.0,,,HUMAN_OBSERVATION,50c9509d-22c7-4a22-a47d-8c48425ef4a7,,"COORDINATE_ROUNDED,CONTINENT_DERIVED_FROM_COORDINATES,TAXON_ID_NOT_FOUND"
5167850629,"Alligator mississippiensis (Daudin, 1801)",2025-05-25T17:54:04,2025.0,5.0,32.329595,-90.142968,3.0,,,HUMAN_OBSERVATION,50c9509d-22c7-4a22-a47d-8c48425ef4a7,,"COORDINATE_ROUNDED,CONTINENT_DERIVED_FROM_COORDINATES,TAXON_ID_NOT_FOUND"
5167854554,"Alligator mississippiensis (Daudin, 1801)",2025-05-12T14:12:22,2025.0,5.0,32.428883,-90.075317,8.0,,,HUMAN_OBSERVATION,50c9509d-22c7-4a22-a47d-8c48425ef4a7,,"COORDINATE_ROUNDED,CONTINENT_DERIVED_FROM_COORDINATES,TAXON_ID_NOT_FOUND"
5168242293,"Alligator mississippiensis (Daudin, 1801)",2025-05-19T11:43:36,2025.0,5.0,32.865831,-90.573881,8.0,,,HUMAN_OBSERVATION,50c9509d-22c7-4a22-a47d-8c48425ef4a7,,"COORDINATE_ROUNDED,CONTINENT_DERIVED_FROM_COORDINATES,TAXON_ID_NOT_FOUND"
5176373040,"Alligator mississippiensis (Daudin, 1801)",2025-05-29T16:15,2025.0,5.0,30.379188,-89.61553,,,,HUMAN_OBSERVATION,50c9509d-22c7-4a22-a47d-8c48425ef4a7,,"COORDINATE_ROUNDED,CONTINENT_DERIVED_FROM_COORDINATES,TAXON_ID_NOT_FOUND"
5176683498,"Alligator mississippiensis (Daudin, 1801)",2025-05-29T17:23:26,2025.0,5.0,32.584562,-89.861213,4.0,,,HUMAN_OBSERVATION,50c9509d-22c7-4a22-a47d-8c48425ef4a7,,"COORDINATE_ROUNDED,CONTINENT_DERIVED_FROM_COORDINATES,TAXON_ID_NOT_FOUND"
5177063209,"Alligator mississippiensis (Daudin, 1801)",2025-05-29T16:12,2025.0,5.0,30.379188,-89.61553,,,,HUMAN_OBSERVATION,50c9509d-22c7-4a22-a47d-8c48425ef4a7,,"COORDINATE_ROUNDED,CONTINENT_DERIVED_FROM_COORDINATES,TAXON_ID_NOT_FOUND"
5177304211,"Alligator mississippiensis (Daudin, 1801)",2025-05-30T16:16,2025.0,5.0,30.38048,-89.615517,,,,HUMAN_OBSERVATION,50c9509d-22c7-4a22-a47d-8c48425ef4a7,,"COORDINATE_ROUNDED,CONTINENT_DERIVED_FROM_COORDINATES,TAXON_ID_NOT_FOUND"
5187787956,"Alligator mississippiensis (Daudin, 1801)",2025-05-30T11:47,2025.0,5.0,32.868318,-90.815309,15.0,,,HUMAN_OBSERVATION,50c9509d-22c7-4a22-a47d-8c48425ef4a7,,"COORDINATE_ROUNDED,CONTINENT_DERIVED_FROM_COORDINATES,TAXON_ID_NOT_FOUND"
5827792807,"Alligator mississippiensis (Daudin, 1801)",2025-05-22T14:00:38,2025.0,5.0,33.160578,-90.936112,205.0,,,HUMAN_OBSERVATION,50c9509d-22c7-4a22-a47d-8c48425ef4a7,,"COORDINATE_ROUNDED,CONTINENT_DERIVED_FROM_COORDINATES,TAXON_ID_NOT_FOUND"
5844286192,"Alligator mississippiensis (Daudin, 1801)",2025-05-26T10:08:49,2025.0,5.0,33.264172,-88.780075,,,,HUMAN_OBSERVATION,50c9509d-22c7-4a22-a47d-8c48425ef4a7,,"COORDINATE_ROUNDED,CONTINENT_DERIVED_FROM_COORDINATES,TAXON_ID_NOT_FOUND"
6441486413,"Alligator mississippiensis (Daudin, 1801)",2025-05-05T12:00,2025.0,5.0,33.587772,-88.476064,13.0,,,HUMAN_OBSERVATION,50c9509d-22c7-4a22-a47d-8c48425ef4a7,,"COORDINATE_ROUNDED,CONTINENT_DERIVED_FROM_COORDINATES,TAXON_ID_NOT_FOUND"
5176516247,"Alligator mississippiensis (Daudin, 1801)",2025-06-02T16:06,2025.0,6.0,30.378997,-89.61563,,,,HUMAN_OBSERVATION,50c9509d-22c7-4a22-a47d-8c48425ef4a7,,"COORDINATE_ROUNDED,CONTINENT_DERIVED_FROM_COORDINATES,TAXON_ID_NOT_FOUND"
5176996960,"Alligator mississippiensis (Daudin, 1801)",2025-06-02T16:01,2025.0,6.0,30.380723,-89.615662,,,,HUMAN_OBSERVATION,50c9509d-22c7-4a22-a47d-8c48425ef4a7,,"COORDINATE_ROUNDED,CONTINENT_DERIVED_FROM_COORDINATES,TAXON_ID_NOT_FOUND"
5177331583,"Alligator mississippiensis (Daudin, 1801)",2025-06-02T19:28:47,2025.0,6.0,33.271756,-88.777399,5.0,,,HUMAN_OBSERVATION,50c9509d-22c7-4a22-a47d-8c48425ef4a7,,"COORDINATE_ROUNDED,CONTINENT_DERIVED_FROM_COORDINATES,TAXON_ID_NOT_FOUND"
5187665869,"Alligator mississippiensis (Daudin, 1801)",2025-06-03T14:50,2025.0,6.0,30.379108,-89.615562,,,,HUMAN_OBSERVATION,50c9509d-22c7-4a22-a47d-8c48425ef4a7,,"COORDINATE_ROUNDED,CONTINENT_DERIVED_FROM_COORDINATES,TAXON_ID_NOT_FOUND"
5187693666,"Alligator mississippiensis (Daudin, 1801)",2025-06-06T16:17,2025.0,6.0,30.380695,-89.615608,,,,HUMAN_OBSERVATION,50c9509d-22c7-4a22-a47d-8c48425ef4a7,,"COORDINATE_ROUNDED,CONTINENT_DERIVED_FROM_COORDINATES,TAXON_ID_NOT_FOUND"
5187717620,"Alligator mississippiensis (Daudin, 1801)",2025-06-02T10:59,2025.0,6.0,32.782623,-90.624144,8.0,,,HUMAN_OBSERVATION,50c9509d-22c7-4a22-a47d-8c48425ef4a7,,"COORDINATE_ROUNDED,CONTINENT_DERIVED_FROM_COORDINATES,TAXON_ID_NOT_FOUND"
5187975790,"Alligator mississippiensis (Daudin, 1801)",2025-06-04T14:08,2025.0,6.0,30.37907,-89.615555,,,,HUMAN_OBSERVATION,50c9509d-22c7-4a22-a47d-8c48425ef4a7,,"CONTINENT_DERIVED_FROM_COORDINATES,TAXON_ID_NOT_FOUND"
5188264054,"Alligator mississippiensis (Daudin, 1801)",2025-06-05T15:24,2025.0,6.0,30.37897,-89.617775,,,,HUMAN_OBSERVATION,50c9509d-22c7-4a22-a47d-8c48425ef4a7,,"CONTINENT_DERIVED_FROM_COORDINATES,TAXON_ID_NOT_FOUND"
5198324902,"Alligator mississippiensis (Daudin, 1801)",2025-06-06T20:55:36,2025.0,6.0,30.384503,-88.610988,5.0,,,HUMAN_OBSERVATION,50c9509d-22c7-4a22-a47d-8c48425ef4a7,,"COORDINATE_ROUNDED,CONTINENT_DERIVED_FROM_COORDINATES,TAXON_ID_NOT_FOUND"
5199251327,"Alligator mississippiensis (Daudin, 1801)",2025-06-14T06:07,2025.0,6.0,32.526516,-89.937773,196.0,,,HUMAN_OBSERVATION,50c9509d-22c7-4a22-a47d-8c48425ef4a7,,"COORDINATE_ROUNDED,CONTINENT_DERIVED_FROM_COORDINATES,TAXON_ID_NOT_FOUND"
5206201733,"Alligator mississippiensis (Daudin, 1801)",2025-06-17T16:10,2025.0,6.0,30.379147,-89.615547,,,,HUMAN_OBSERVATION,50c9509d-22c7-4a22-a47d-8c48425ef4a7,,"COORDINATE_ROUNDED,CONTINENT_DERIVED_FROM_COORDINATES,TAXON_ID_NOT_FOUND"
5206617750,"Alligator mississippiensis (Daudin, 1801)",2025-06-17T16:13,2025.0,6.0,30.378972,-89.617872,,,,HUMAN_OBSERVATION,50c9509d-22c7-4a22-a47d-8c48425ef4a7,,"COORDINATE_ROUNDED,CONTINENT_DERIVED_FROM_COORDINATES,TAXON_ID_NOT_FOUND"
5216120444,"Alligator mississippiensis (Daudin, 1801)",2025-06-24T14:26,2025.0,6.0,33.271724,-88.776125,28.0,,,HUMAN_OBSERVATION,50c9509d-22c7-4a22-a47d-8c48425ef4a7,,"COORDINATE_ROUNDED,CONTINENT_DERIVED_FROM_COORDINATES,TAXON_ID_NOT_FOUND"
5217324696,"Alligator mississippiensis (Daudin, 1801)",2025-06-27T16:18,2025.0,6.0,30.378997,-89.616318,,,,HUMAN_OBSERVATION,50c9509d-22c7-4a22-a47d-8c48425ef4a7,,"COORDINATE_ROUNDED,CONTINENT_DERIVED_FROM_COORDINATES,TAXON_ID_NOT_FOUND"
5844244751,"Alligator mississippiensis (Daudin, 1801)",2025-06-08T10:11:05,2025.0,6.0,33.262867,-88.778683,,,,HUMAN_OBSERVATION,50c9509d-22c7-4a22-a47d-8c48425ef4a7,,"COORDINATE_ROUNDED,CONTINENT_DERIVED_FROM_COORDINATES,TAXON_ID_NOT_FOUND"
5844623344,"Alligator mississippiensis (Daudin, 1801)",2025-06-08T09:54:37,2025.0,6.0,33.272419,-88.776833,,,,HUMAN_OBSERVATION,50c9509d-22c7-4a22-a47d-8c48425ef4a7,,"COORDINATE_ROUNDED,CONTINENT_DERIVED_FROM_COORDINATES,TAXON_ID_NOT_FOUND"
5216221275,"Alligator mississippiensis (Daudin, 1801)",2025-07-07T14:40:23,2025.0,7.0,31.868351,-89.551624,22.0,,,HUMAN_OBSERVATION,50c9509d-22c7-4a22-a47d-8c48425ef4a7,,"COORDINATE_ROUNDED,CONTINENT_DERIVED_FROM_COORDINATES,TAXON_ID_NOT_FOUND"
5216328328,"Alligator mississippiensis (Daudin, 1801)",2025-07-07T16:19:41,2025.0,7.0,31.86808,-89.55055,7.0,,,HUMAN_OBSERVATION,50c9509d-22c7-4a22-a47d-8c48425ef4a7,,"COORDINATE_ROUNDED,CONTINENT_DERIVED_FROM_COORDINATES,TAXON_ID_NOT_FOUND"
5216735217,"Alligator mississippiensis (Daudin, 1801)",2025-07-01T16:19,2025.0,7.0,30.380555,-89.618553,,,,HUMAN_OBSERVATION,50c9509d-22c7-4a22-a47d-8c48425ef4a7,,"COORDINATE_ROUNDED,CONTINENT_DERIVED_FROM_COORDINATES,TAXON_ID_NOT_FOUND"
5230474968,"Alligator mississippiensis (Daudin, 1801)",2025-07-19T17:32:51,2025.0,7.0,30.439751,-88.686952,29356.0,,,HUMAN_OBSERVATION,50c9509d-22c7-4a22-a47d-8c48425ef4a7,,"COORDINATE_ROUNDED,CONTINENT_DERIVED_FROM_COORDINATES,TAXON_ID_NOT_FOUND"
5231111267,"Alligator mississippiensis (Daudin, 1801)",2025-07-15T12:26:46,2025.0,7.0,32.167908,-90.941004,5339.0,,,HUMAN_OBSERVATION,50c9509d-22c7-4a22-a47d-8c48425ef4a7,,"COORDINATE_ROUNDED,CONTINENT_DERIVED_FROM_COORDINATES,TAXON_ID_NOT_FOUND"
5282553692,"Alligator mississippiensis (Daudin, 1801)",2025-07-29T16:51:49,2025.0,7.0,30.397888,-88.789888,61.0,,,HUMAN_OBSERVATION,50c9509d-22c7-4a22-a47d-8c48425ef4a7,,"COORDINATE_ROUNDED,CONTINENT_DERIVED_FROM_COORDINATES,TAXON_ID_NOT_FOUND"
6352284335,"Alligator mississippiensis (Daudin, 1801)",2025-07-23T19:56:49,2025.0,7.0,32.418438,-90.002236,3.0,,,HUMAN_OBSERVATION,50c9509d-22c7-4a22-a47d-8c48425ef4a7,,"COORDINATE_ROUNDED,CONTINENT_DERIVED_FROM_COORDINATES,TAXON_ID_NOT_FOUND"
5291818849,"Alligator mississippiensis (Daudin, 1801)",2025-08-09,2025.0,8.0,30.397841,-88.79083,48.0,,,HUMAN_OBSERVATION,50c9509d-22c7-4a22-a47d-8c48425ef4a7,,"COORDINATE_ROUNDED,CONTINENT_DERIVED_FROM_COORDINATES,TAXON_ID_NOT_FOUND"
5759805825,"Alligator mississippiensis (Daudin, 1801)",2025-08-13T18:50:23,2025.0,8.0,30.376725,-88.66008,3.0,,,HUMAN_OBSERVATION,50c9509d-22c7-4a22-a47d-8c48425ef4a7,,"CONTINENT_DERIVED_FROM_COORDINATES,TAXON_ID_NOT_FOUND"
5827938987,"Alligator mississippiensis (Daudin, 1801)",2025-09-13T08:21:19,2025.0,9.0,30.406382,-88.817983,21.0,,,HUMAN_OBSERVATION,50c9509d-22c7-4a22-a47d-8c48425ef4a7,,"COORDINATE_ROUNDED,CONTINENT_DERIVED_FROM_COORDINATES,TAXON_ID_NOT_FOUND"
5828671491,"Alligator mississippiensis (Daudin, 1801)",2025-09-04T16:12:40,2025.0,9.0,32.843143,-89.100235,3.0,,,HUMAN_OBSERVATION,50c9509d-22c7-4a22-a47d-8c48425ef4a7,,"COORDINATE_ROUNDED,CONTINENT_DERIVED_FROM_COORDINATES,TAXON_ID_NOT_FOUND"
5830315977,"Alligator mississippiensis (Daudin, 1801)",2025-09-14T14:25:44,2025.0,9.0,31.527004,-91.440506,1760.0,,,HUMAN_OBSERVATION,50c9509d-22c7-4a22-a47d-8c48425ef4a7,,"COORDINATE_ROUNDED,CONTINENT_DERIVED_FROM_COORDINATES,TAXON_ID_NOT_FOUND"
5837682058,"Alligator mississippiensis (Daudin, 1801)",2025-09-28T15:26:51,2025.0,9.0,32.338012,-90.092755,13503.0,,,HUMAN_OBSERVATION,50c9509d-22c7-4a22-a47d-8c48425ef4a7,,"COORDINATE_ROUNDED,CONTINENT_DERIVED_FROM_COORDINATES,TAXON_ID_NOT_FOUND"
5838053795,"Alligator mississippiensis (Daudin, 1801)",2025-09-27T16:29,2025.0,9.0,32.209562,-89.1938,29120.0,,,HUMAN_OBSERVATION,50c9509d-22c7-4a22-a47d-8c48425ef4a7,,"COORDINATE_ROUNDED,CONTINENT_DERIVED_FROM_COORDINATES,TAXON_ID_NOT_FOUND"
5897524322,"Alligator mississippiensis (Daudin, 1801)",2025-09-27T12:22,2025.0,9.0,30.391369,-88.789869,194.0,,,HUMAN_OBSERVATION,50c9509d-22c7-4a22-a47d-8c48425ef4a7,,"COORDINATE_ROUNDED,CONTINENT_DERIVED_FROM_COORDINATES,TAXON_ID_NOT_FOUND"
5839935087,"Alligator mississippiensis (Daudin, 1801)",2025-10-05T17:47:56,2025.0,10.0,33.275251,-88.776858,7.0,,,HUMAN_OBSERVATION,50c9509d-22c7-4a22-a47d-8c48425ef4a7,,"COORDINATE_ROUNDED,CONTINENT_DERIVED_FROM_COORDINATES,TAXON_ID_NOT_FOUND"
5840240527,"Alligator mississippiensis (Daudin, 1801)",2025-10-01T16:09:18,2025.0,10.0,32.350933,-90.07315,4.0,,,HUMAN_OBSERVATION,50c9509d-22c7-4a22-a47d-8c48425ef4a7,,"COORDINATE_ROUNDED,CONTINENT_DERIVED_FROM_COORDINATES,TAXON_ID_NOT_FOUND"
5867814479,"Alligator mississippiensis (Daudin, 1801)",2025-10-21T12:18:57,2025.0,10.0,30.20981,-89.551053,59200.0,,,HUMAN_OBSERVATION,50c9509d-22c7-4a22-a47d-8c48425ef4a7,,"COORDINATE_ROUNDED,CONTINENT_DERIVED_FROM_COORDINATES,TAXON_ID_NOT_FOUND"
5868050502,"Alligator mississippiensis (Daudin, 1801)",2025-10-15T10:55:05,2025.0,10.0,33.337958,-88.872392,3.0,,,HUMAN_OBSERVATION,50c9509d-22c7-4a22-a47d-8c48425ef4a7,,"COORDINATE_ROUNDED,CONTINENT_DERIVED_FROM_COORDINATES,TAXON_ID_NOT_FOUND"
5890051908,"Alligator mississippiensis (Daudin, 1801)",2025-10-22T15:09:13,2025.0,10.0,30.229454,-89.48987,,,,HUMAN_OBSERVATION,50c9509d-22c7-4a22-a47d-8c48425ef4a7,,"COORDINATE_ROUNDED,CONTINENT_DERIVED_FROM_COORDINATES,TAXON_ID_NOT_FOUND"
5892418675,"Alligator mississippiensis (Daudin, 1801)",2025-10-07T14:19:21,2025.0,10.0,32.471966,-90.065703,132.0,,,HUMAN_OBSERVATION,50c9509d-22c7-4a22-a47d-8c48425ef4a7,,"COORDINATE_ROUNDED,CONTINENT_DERIVED_FROM_COORDINATES,TAXON_ID_NOT_FOUND"
6479579940,"Alligator mississippiensis (Daudin, 1801)",2025-10-02T15:22:50,2025.0,10.0,30.436211,-88.435155,,,,HUMAN_OBSERVATION,50c9509d-22c7-4a22-a47d-8c48425ef4a7,,"COORDINATE_ROUNDED,CONTINENT_DERIVED_FROM_COORDINATES,TAXON_ID_NOT_FOUND"
5892492349,"Alligator mississippiensis (Daudin, 1801)",2025-11-07T13:17,2025.0,11.0,30.788687,-89.807201,273.0,,,HUMAN_OBSERVATION,50c9509d-22c7-4a22-a47d-8c48425ef4a7,,"COORDINATE_ROUNDED,CONTINENT_DERIVED_FROM_COORDINATES,TAXON_ID_NOT_FOUND"
5897151078,"Alligator mississippiensis (Daudin, 1801)",2025-11-16T09:26:17,2025.0,11.0,30.38414,-88.708434,,,,HUMAN_OBSERVATION,50c9509d-22c7-4a22-a47d-8c48425ef4a7,,"COORDINATE_ROUNDED,CONTINENT_DERIVED_FROM_COORDINATES,TAXON_ID_NOT_FOUND"
5897377640,"Alligator mississippiensis (Daudin, 1801)",2025-11-13T18:21:37,2025.0,11.0,30.412247,-88.41642,4.0,,,HUMAN_OBSERVATION,50c9509d-22c7-4a22-a47d-8c48425ef4a7,,"COORDINATE_ROUNDED,CONTINENT_DERIVED_FROM_COORDINATES,TAXON_ID_NOT_FOUND"
5920162282,"Alligator mississippiensis (Daudin, 1801)",2025-11-13T20:09:47,2025.0,11.0,31.68688,-89.166881,2756.0,,,HUMAN_OBSERVATION,50c9509d-22c7-4a22-a47d-8c48425ef4a7,,"COORDINATE_ROUNDED,CONTINENT_DERIVED_FROM_COORDINATES,TAXON_ID_NOT_FOUND"
5932612264,"Alligator mississippiensis (Daudin, 1801)",2025-11-24T10:13,2025.0,11.0,31.658317,-90.124976,64.0,,,HUMAN_OBSERVATION,50c9509d-22c7-4a22-a47d-8c48425ef4a7,,"COORDINATE_ROUNDED,CONTINENT_DERIVED_FROM_COORDINATES,TAXON_ID_NOT_FOUND"
5938669517,"Alligator mississippiensis (Daudin, 1801)",2025-12-26T13:42:02,2025.0,12.0,30.496332,-88.784444,29356.0,,,HUMAN_OBSERVATION,50c9509d-22c7-4a22-a47d-8c48425ef4a7,,"COORDINATE_ROUNDED,CONTINENT_DERIVED_FROM_COORDINATES,TAXON_ID_NOT_FOUND"
6442043555,"Alligator mississippiensis (Daudin, 1801)",2024-01-10T10:11:33,2024.0,1.0,30.397903,-88.79007,5.0,,,HUMAN_OBSERVATION,50c9509d-22c7-4a22-a47d-8c48425ef4a7,,"COORDINATE_ROUNDED,CONTINENT_DERIVED_FROM_COORDINATES,TAXON_ID_NOT_FOUND"
4522738476,"Alligator mississippiensis (Daudin, 1801)",2024-02-09T15:55:14,2024.0,2.0,30.379239,-89.617677,61.0,,,HUMAN_OBSERVATION,50c9509d-22c7-4a22-a47d-8c48425ef4a7,,"COORDINATE_ROUNDED,CONTINENT_DERIVED_FROM_COORDINATES,TAXON_ID_NOT_FOUND"
4522799618,"Alligator mississippiensis (Daudin, 1801)",2024-02-13T16:12:55,2024.0,2.0,30.380756,-89.616544,32.0,,,HUMAN_OBSERVATION,50c9509d-22c7-4a22-a47d-8c48425ef4a7,,"COORDINATE_ROUNDED,CONTINENT_DERIVED_FROM_COORDINATES,TAXON_ID_NOT_FOUND"
4522802534,"Alligator mississippiensis (Daudin, 1801)",2024-02-13T16:16:26,2024.0,2.0,30.379465,-89.617736,107.0,,,HUMAN_OBSERVATION,50c9509d-22c7-4a22-a47d-8c48425ef4a7,,"COORDINATE_ROUNDED,CONTINENT_DERIVED_FROM_COORDINATES,TAXON_ID_NOT_FOUND"
4522812520,"Alligator mississippiensis (Daudin, 1801)",2024-02-12T14:20:26,2024.0,2.0,30.379998,-89.617263,85.0,,,HUMAN_OBSERVATION,50c9509d-22c7-4a22-a47d-8c48425ef4a7,,"COORDINATE_ROUNDED,CONTINENT_DERIVED_FROM_COORDINATES,TAXON_ID_NOT_FOUND"
4525189694,"Alligator mississippiensis (Daudin, 1801)",2024-02-15T14:12:40,2024.0,2.0,30.379137,-89.617676,103.0,,,HUMAN_OBSERVATION,50c9509d-22c7-4a22-a47d-8c48425ef4a7,,"COORDINATE_ROUNDED,CONTINENT_DERIVED_FROM_COORDINATES,TAXON_ID_NOT_FOUND"
4528043140,"Alligator mississippiensis (Daudin, 1801)",2024-02-26T16:07:38,2024.0,2.0,30.381094,-89.617263,125.0,,,HUMAN_OBSERVATION,50c9509d-22c7-4a22-a47d-8c48425ef4a7,,"COORDINATE_ROUNDED,CONTINENT_DERIVED_FROM_COORDINATES,TAXON_ID_NOT_FOUND"
4528189330,"Alligator mississippiensis (Daudin, 1801)",2024-02-26T16:09:37,2024.0,2.0,30.379155,-89.617599,92.0,,,HUMAN_OBSERVATION,50c9509d-22c7-4a22-a47d-8c48425ef4a7,,"COORDINATE_ROUNDED,CONTINENT_DERIVED_FROM_COORDINATES,TAXON_ID_NOT_FOUND"
4535781489,"Alligator mississippiensis (Daudin, 1801)",2024-03-05T14:52:11,2024.0,3.0,30.379202,-89.617684,81.0,,,HUMAN_OBSERVATION,50c9509d-22c7-4a22-a47d-8c48425ef4a7,,"COORDINATE_ROUNDED,CONTINENT_DERIVED_FROM_COORDINATES,TAXON_ID_NOT_FOUND"
4535933073,"Alligator mississippiensis (Daudin, 1801)",2024-03-01T14:23:36,2024.0,3.0,30.379257,-89.617609,80.0,,,HUMAN_OBSERVATION,50c9509d-22c7-4a22-a47d-8c48425ef4a7,,"COORDINATE_ROUNDED,CONTINENT_DERIVED_FROM_COORDINATES,TAXON_ID_NOT_FOUND"
4536007497,"Alligator mississippiensis (Daudin, 1801)",2024-03-05T14:49:45,2024.0,3.0,30.38023,-89.617784,69.0,,,HUMAN_OBSERVATION,50c9509d-22c7-4a22-a47d-8c48425ef4a7,,"COORDINATE_ROUNDED,CONTINENT_DERIVED_FROM_COORDINATES,TAXON_ID_NOT_FOUND"
4536069467,"Alligator mississippiensis (Daudin, 1801)",2024-03-05T14:50:54,2024.0,3.0,30.379701,-89.616039,127.0,,,HUMAN_OBSERVATION,50c9509d-22c7-4a22-a47d-8c48425ef4a7,,"COORDINATE_ROUNDED,CONTINENT_DERIVED_FROM_COORDINATES,TAXON_ID_NOT_FOUND"
4596873421,"Alligator mississippiensis (Daudin, 1801)",2024-03-06T16:19:41,2024.0,3.0,30.379078,-89.617542,80.0,,,HUMAN_OBSERVATION,50c9509d-22c7-4a22-a47d-8c48425ef4a7,,"COORDINATE_ROUNDED,CONTINENT_DERIVED_FROM_COORDINATES,TAXON_ID_NOT_FOUND"
4596874567,"Alligator mississippiensis (Daudin, 1801)",2024-03-07T16:06:16,2024.0,3.0,30.380974,-89.617426,82.0,,,HUMAN_OBSERVATION,50c9509d-22c7-4a22-a47d-8c48425ef4a7,,"COORDINATE_ROUNDED,CONTINENT_DERIVED_FROM_COORDINATES,TAXON_ID_NOT_FOUND"
4596882551,"Alligator mississippiensis (Daudin, 1801)",2024-03-07T16:04:59,2024.0,3.0,30.380284,-89.617439,32.0,,,HUMAN_OBSERVATION,50c9509d-22c7-4a22-a47d-8c48425ef4a7,,"COORDINATE_ROUNDED,CONTINENT_DERIVED_FROM_COORDINATES,TAXON_ID_NOT_FOUND"
4596885348,"Alligator mississippiensis (Daudin, 1801)",2024-03-06T16:15:51,2024.0,3.0,30.380999,-89.617857,79.0,,,HUMAN_OBSERVATION,50c9509d-22c7-4a22-a47d-8c48425ef4a7,,"COORDINATE_ROUNDED,CONTINENT_DERIVED_FROM_COORDINATES,TAXON_ID_NOT_FOUND"
4596928451,"Alligator mississippiensis (Daudin, 1801)",2024-03-07T16:09:07,2024.0,3.0,30.379266,-89.617662,128.0,,,HUMAN_OBSERVATION,50c9509d-22c7-4a22-a47d-8c48425ef4a7,,"COORDINATE_ROUNDED,CONTINENT_DERIVED_FROM_COORDINATES,TAXON_ID_NOT_FOUND"
4596992869,"Alligator mississippiensis (Daudin, 1801)",2024-03-11T12:03,2024.0,3.0,30.469197,-88.782131,29356.0,,,HUMAN_OBSERVATION,50c9509d-22c7-4a22-a47d-8c48425ef4a7,,"COORDINATE_ROUNDED,CONTINENT_DERIVED_FROM_COORDINATES,TAXON_ID_NOT_FOUND"
4597075662,"Alligator mississippiensis (Daudin, 1801)",2024-03-16T12:22:27,2024.0,3.0,30.398945,-88.646278,25.0,,,HUMAN_OBSERVATION,50c9509d-22c7-4a22-a47d-8c48425ef4a7,,"COORDINATE_ROUNDED,CONTINENT_DERIVED_FROM_COORDINATES,TAXON_ID_NOT_FOUND"
4597148664,"Alligator mississippiensis (Daudin, 1801)",2024-03-14T16:16,2024.0,3.0,30.382252,-89.617849,386.0,,,HUMAN_OBSERVATION,50c9509d-22c7-4a22-a47d-8c48425ef4a7,,"COORDINATE_ROUNDED,CONTINENT_DERIVED_FROM_COORDINATES,TAXON_ID_NOT_FOUND"
4597151707,"Alligator mississippiensis (Daudin, 1801)",2024-03-14T16:14,2024.0,3.0,30.382252,-89.617849,386.0,,,HUMAN_OBSERVATION,50c9509d-22c7-4a22-a47d-8c48425ef4a7,,"COORDINATE_ROUNDED,CONTINENT_DERIVED_FROM_COORDINATES,TAXON_ID_NOT_FOUND"
4597158716,"Alligator mississippiensis (Daudin, 1801)",2024-03-14T16:16,2024.0,3.0,30.382252,-89.617849,386.0,,,HUMAN_OBSERVATION,50c9509d-22c7-4a22-a47d-8c48425ef4a7,,"COORDINATE_ROUNDED,CONTINENT_DERIVED_FROM_COORDINATES,TAXON_ID_NOT_FOUND"
4597169814,"Alligator mississippiensis (Daudin, 1801)",2024-03-14T16:15,2024.0,3.0,30.382252,-89.617849,386.0,,,HUMAN_OBSERVATION,50c9509d-22c7-4a22-a47d-8c48425ef4a7,,"COORDINATE_ROUNDED,CONTINENT_DERIVED_FROM_COORDINATES,TAXON_ID_NOT_FOUND"
4597174730,"Alligator mississippiensis (Daudin, 1801)",2024-03-14T16:16,2024.0,3.0,30.382252,-89.617849,386.0,,,HUMAN_OBSERVATION,50c9509d-22c7-4a22-a47d-8c48425ef4a7,,"COORDINATE_ROUNDED,CONTINENT_DERIVED_FROM_COORDINATES,TAXON_ID_NOT_FOUND"
4597181610,"Alligator mississippiensis (Daudin, 1801)",2024-03-14T16:12,2024.0,3.0,30.382252,-89.617849,386.0,,,HUMAN_OBSERVATION,50c9509d-22c7-4a22-a47d-8c48425ef4a7,,"COORDINATE_ROUNDED,CONTINENT_DERIVED_FROM_COORDINATES,TAXON_ID_NOT_FOUND"
4597294348,"Alligator mississippiensis (Daudin, 1801)",2024-03-06T16:15:29,2024.0,3.0,30.380436,-89.617504,72.0,,,HUMAN_OBSERVATION,50c9509d-22c7-4a22-a47d-8c48425ef4a7,,"COORDINATE_ROUNDED,CONTINENT_DERIVED_FROM_COORDINATES,TAXON_ID_NOT_FOUND"
4597331527,"Alligator mississippiensis (Daudin, 1801)",2024-03-07T16:05:18,2024.0,3.0,30.380223,-89.617558,135.0,,,HUMAN_OBSERVATION,50c9509d-22c7-4a22-a47d-8c48425ef4a7,,"COORDINATE_ROUNDED,CONTINENT_DERIVED_FROM_COORDINATES,TAXON_ID_NOT_FOUND"
4597348395,"Alligator mississippiensis (Daudin, 1801)",2024-03-06T16:18:47,2024.0,3.0,30.379102,-89.617613,51.0,,,HUMAN_OBSERVATION,50c9509d-22c7-4a22-a47d-8c48425ef4a7,,"COORDINATE_ROUNDED,CONTINENT_DERIVED_FROM_COORDINATES,TAXON_ID_NOT_FOUND"
4597359360,"Alligator mississippiensis (Daudin, 1801)",2024-03-06T07:24:51,2024.0,3.0,30.37925,-89.617738,78.0,,,HUMAN_OBSERVATION,50c9509d-22c7-4a22-a47d-8c48425ef4a7,,"COORDINATE_ROUNDED,CONTINENT_DERIVED_FROM_COORDINATES,TAXON_ID_NOT_FOUND"
4597385361,"Alligator mississippiensis (Daudin, 1801)",2024-03-12T16:12:14,2024.0,3.0,30.380269,-89.617477,106.0,,,HUMAN_OBSERVATION,50c9509d-22c7-4a22-a47d-8c48425ef4a7,,"COORDINATE_ROUNDED,CONTINENT_DERIVED_FROM_COORDINATES,TAXON_ID_NOT_FOUND"
4597393204,"Alligator mississippiensis (Daudin, 1801)",2024-03-11T14:21:36,2024.0,3.0,30.379183,-89.617597,92.0,,,HUMAN_OBSERVATION,50c9509d-22c7-4a22-a47d-8c48425ef4a7,,"COORDINATE_ROUNDED,CONTINENT_DERIVED_FROM_COORDINATES,TAXON_ID_NOT_FOUND"
4597444272,"Alligator mississippiensis (Daudin, 1801)",2024-03-11T14:20:06,2024.0,3.0,30.380254,-89.617493,93.0,,,HUMAN_OBSERVATION,50c9509d-22c7-4a22-a47d-8c48425ef4a7,,"COORDINATE_ROUNDED,CONTINENT_DERIVED_FROM_COORDINATES,TAXON_ID_NOT_FOUND"
4597573655,"Alligator mississippiensis (Daudin, 1801)",2024-03-16T09:02:55,2024.0,3.0,30.400775,-88.755317,21.0,,,HUMAN_OBSERVATION,50c9509d-22c7-4a22-a47d-8c48425ef4a7,,"COORDINATE_ROUNDED,CONTINENT_DERIVED_FROM_COORDINATES,TAXON_ID_NOT_FOUND"
4597598633,"Alligator mississippiensis (Daudin, 1801)",2024-03-14T16:15,2024.0,3.0,30.382252,-89.617849,386.0,,,HUMAN_OBSERVATION,50c9509d-22c7-4a22-a47d-8c48425ef4a7,,"COORDINATE_ROUNDED,CONTINENT_DERIVED_FROM_COORDINATES,TAXON_ID_NOT_FOUND"
4597602668,"Alligator mississippiensis (Daudin, 1801)",2024-03-14T16:15,2024.0,3.0,30.382252,-89.617849,386.0,,,HUMAN_OBSERVATION,50c9509d-22c7-4a22-a47d-8c48425ef4a7,,"COORDINATE_ROUNDED,CONTINENT_DERIVED_FROM_COORDINATES,TAXON_ID_NOT_FOUND"
4597616558,"Alligator mississippiensis (Daudin, 1801)",2024-03-14T16:13,2024.0,3.0,30.382252,-89.617849,386.0,,,HUMAN_OBSERVATION,50c9509d-22c7-4a22-a47d-8c48425ef4a7,,"COORDINATE_ROUNDED,CONTINENT_DERIVED_FROM_COORDINATES,TAXON_ID_NOT_FOUND"
4599792210,"Alligator mississippiensis (Daudin, 1801)",2024-03-21T11:34,2024.0,3.0,30.391854,-88.791068,189.0,,,HUMAN_OBSERVATION,50c9509d-22c7-4a22-a47d-8c48425ef4a7,,"COORDINATE_ROUNDED,CONTINENT_DERIVED_FROM_COORDINATES,TAXON_ID_NOT_FOUND"
4600057059,"Alligator mississippiensis (Daudin, 1801)",2024-03-23T12:05,2024.0,3.0,33.278477,-88.795724,51.0,,,HUMAN_OBSERVATION,50c9509d-22c7-4a22-a47d-8c48425ef4a7,,"COORDINATE_ROUNDED,CONTINENT_DERIVED_FROM_COORDINATES,TAXON_ID_NOT_FOUND"
4600118487,"Alligator mississippiensis (Daudin, 1801)",2024-03-22T17:22:17,2024.0,3.0,30.397791,-88.790781,23.0,,,HUMAN_OBSERVATION,50c9509d-22c7-4a22-a47d-8c48425ef4a7,,"COORDINATE_ROUNDED,CONTINENT_DERIVED_FROM_COORDINATES,TAXON_ID_NOT_FOUND"
4600155102,"Alligator mississippiensis (Daudin, 1801)",2024-03-23T09:36,2024.0,3.0,33.274725,-88.790422,11.0,,,HUMAN_OBSERVATION,50c9509d-22c7-4a22-a47d-8c48425ef4a7,,"COORDINATE_ROUNDED,CONTINENT_DERIVED_FROM_COORDINATES,TAXON_ID_NOT_FOUND"
4606971920,"Alligator mississippiensis (Daudin, 1801)",2024-03-29T12:27,2024.0,3.0,33.266897,-88.798031,,,,HUMAN_OBSERVATION,50c9509d-22c7-4a22-a47d-8c48425ef4a7,,"COORDINATE_ROUNDED,CONTINENT_DERIVED_FROM_COORDINATES,TAXON_ID_NOT_FOUND"
4607490944,"Alligator mississippiensis (Daudin, 1801)",2024-03-31T13:37:30,2024.0,3.0,31.976739,-91.012913,4.0,,,HUMAN_OBSERVATION,50c9509d-22c7-4a22-a47d-8c48425ef4a7,,"COORDINATE_ROUNDED,CONTINENT_DERIVED_FROM_COORDINATES,TAXON_ID_NOT_FOUND"
4976281690,"Alligator mississippiensis (Daudin, 1801)",2024-03-11T13:18:59,2024.0,3.0,32.5787,-89.869775,5.0,,,HUMAN_OBSERVATION,50c9509d-22c7-4a22-a47d-8c48425ef4a7,,"CONTINENT_DERIVED_FROM_COORDINATES,TAXON_ID_NOT_FOUND"
4987802967,"Alligator mississippiensis (Daudin, 1801)",2024-03-13T13:08:51,2024.0,3.0,30.398224,-88.791015,802.0,,,HUMAN_OBSERVATION,50c9509d-22c7-4a22-a47d-8c48425ef4a7,,"COORDINATE_ROUNDED,CONTINENT_DERIVED_FROM_COORDINATES,TAXON_ID_NOT_FOUND"
5759940726,"Alligator mississippiensis (Daudin, 1801)",2024-03-13T17:05:45,2024.0,3.0,33.092554,-90.989268,8975.0,,,HUMAN_OBSERVATION,50c9509d-22c7-4a22-a47d-8c48425ef4a7,,"COORDINATE_ROUNDED,CONTINENT_DERIVED_FROM_COORDINATES,TAXON_ID_NOT_FOUND"
4606908947,"Alligator mississippiensis (Daudin, 1801)",2024-04-02T13:06,2024.0,4.0,30.4321,-88.658264,,,,HUMAN_OBSERVATION,50c9509d-22c7-4a22-a47d-8c48425ef4a7,,"COORDINATE_ROUNDED,CONTINENT_DERIVED_FROM_COORDINATES,TAXON_ID_NOT_FOUND"
4607256778,"Alligator mississippiensis (Daudin, 1801)",2024-04-04T14:13,2024.0,4.0,32.579434,-89.869955,3229.0,,,HUMAN_OBSERVATION,50c9509d-22c7-4a22-a47d-8c48425ef4a7,,"COORDINATE_ROUNDED,CONTINENT_DERIVED_FROM_COORDINATES,TAXON_ID_NOT_FOUND"
4607263900,"Alligator mississippiensis (Daudin, 1801)",2024-04-04T13:14,2024.0,4.0,32.579434,-89.869955,3229.0,,,HUMAN_OBSERVATION,50c9509d-22c7-4a22-a47d-8c48425ef4a7,,"COORDINATE_ROUNDED,CONTINENT_DERIVED_FROM_COORDINATES,TAXON_ID_NOT_FOUND"
4607453778,"Alligator mississippiensis (Daudin, 1801)",2024-04-04T13:14,2024.0,4.0,32.579434,-89.869955,3229.0,,,HUMAN_OBSERVATION,50c9509d-22c7-4a22-a47d-8c48425ef4a7,,"COORDINATE_ROUNDED,CONTINENT_DERIVED_FROM_COORDINATES,TAXON_ID_NOT_FOUND"
4607516970,"Alligator mississippiensis (Daudin, 1801)",2024-04-04T13:14,2024.0,4.0,32.579434,-89.869955,3229.0,,,HUMAN_OBSERVATION,50c9509d-22c7-4a22-a47d-8c48425ef4a7,,"COORDINATE_ROUNDED,CONTINENT_DERIVED_FROM_COORDINATES,TAXON_ID_NOT_FOUND"
4607668125,"Alligator mississippiensis (Daudin, 1801)",2024-04-07T08:39,2024.0,4.0,33.27323,-88.790408,4.0,,,HUMAN_OBSERVATION,50c9509d-22c7-4a22-a47d-8c48425ef4a7,,"COORDINATE_ROUNDED,CONTINENT_DERIVED_FROM_COORDINATES,TAXON_ID_NOT_FOUND"
4846910814,"Alligator mississippiensis (Daudin, 1801)",2024-04-15T10:19,2024.0,4.0,30.33215,-88.572189,4.0,,,HUMAN_OBSERVATION,50c9509d-22c7-4a22-a47d-8c48425ef4a7,,"COORDINATE_ROUNDED,CONTINENT_DERIVED_FROM_COORDINATES,TAXON_ID_NOT_FOUND"
4846944084,"Alligator mississippiensis (Daudin, 1801)",2024-04-13T14:06:40,2024.0,4.0,32.556986,-89.224826,303454.0,,,HUMAN_OBSERVATION,50c9509d-22c7-4a22-a47d-8c48425ef4a7,,"COORDINATE_ROUNDED,CONTINENT_DERIVED_FROM_COORDINATES,TAXON_ID_NOT_FOUND"
4846952210,"Alligator mississippiensis (Daudin, 1801)",2024-04-11T18:22:21,2024.0,4.0,30.397743,-88.792053,4.0,,,HUMAN_OBSERVATION,50c9509d-22c7-4a22-a47d-8c48425ef4a7,,"COORDINATE_ROUNDED,CONTINENT_DERIVED_FROM_COORDINATES,TAXON_ID_NOT_FOUND"
4851863227,"Alligator mississippiensis (Daudin, 1801)",2024-04-21T14:49:48,2024.0,4.0,32.523338,-89.94736,,,,HUMAN_OBSERVATION,50c9509d-22c7-4a22-a47d-8c48425ef4a7,,"COORDINATE_ROUNDED,CONTINENT_DERIVED_FROM_COORDINATES,TAXON_ID_NOT_FOUND"
4851909794,"Alligator mississippiensis (Daudin, 1801)",2024-04-18T07:21:40,2024.0,4.0,30.239697,-89.066731,,,,HUMAN_OBSERVATION,50c9509d-22c7-4a22-a47d-8c48425ef4a7,,"COORDINATE_ROUNDED,CONTINENT_DERIVED_FROM_COORDINATES,TAXON_ID_NOT_FOUND"
4851992755,"Alligator mississippiensis (Daudin, 1801)",2024-04-21T17:54:54,2024.0,4.0,30.397892,-88.790245,5.0,,,HUMAN_OBSERVATION,50c9509d-22c7-4a22-a47d-8c48425ef4a7,,"COORDINATE_ROUNDED,CONTINENT_DERIVED_FROM_COORDINATES,TAXON_ID_NOT_FOUND"
4852054074,"Alligator mississippiensis (Daudin, 1801)",2024-04-17T17:46:06,2024.0,4.0,30.397881,-88.790214,,,,HUMAN_OBSERVATION,50c9509d-22c7-4a22-a47d-8c48425ef4a7,,"COORDINATE_ROUNDED,CONTINENT_DERIVED_FROM_COORDINATES,TAXON_ID_NOT_FOUND"
4852158940,"Alligator mississippiensis (Daudin, 1801)",2024-04-25T10:40,2024.0,4.0,30.400782,-88.755207,,,,HUMAN_OBSERVATION,50c9509d-22c7-4a22-a47d-8c48425ef4a7,,"COORDINATE_ROUNDED,CONTINENT_DERIVED_FROM_COORDINATES,TAXON_ID_NOT_FOUND"
4852161242,"Alligator mississippiensis (Daudin, 1801)",2024-04-28T15:16:15,2024.0,4.0,32.378474,-90.01737,5.0,,,HUMAN_OBSERVATION,50c9509d-22c7-4a22-a47d-8c48425ef4a7,,"COORDINATE_ROUNDED,CONTINENT_DERIVED_FROM_COORDINATES,TAXON_ID_NOT_FOUND"
4852836911,"Alligator mississippiensis (Daudin, 1801)",2024-04-20T13:41:51,2024.0,4.0,32.522813,-89.937938,,,,HUMAN_OBSERVATION,50c9509d-22c7-4a22-a47d-8c48425ef4a7,,"COORDINATE_ROUNDED,CONTINENT_DERIVED_FROM_COORDINATES,TAXON_ID_NOT_FOUND"
4852857849,"Alligator mississippiensis (Daudin, 1801)",2024-04-20T11:31:13,2024.0,4.0,30.4141,-88.541662,108.0,,,HUMAN_OBSERVATION,50c9509d-22c7-4a22-a47d-8c48425ef4a7,,"COORDINATE_ROUNDED,CONTINENT_DERIVED_FROM_COORDINATES,TAXON_ID_NOT_FOUND"
4852861267,"Alligator mississippiensis (Daudin, 1801)",2024-04-21T09:58:19,2024.0,4.0,32.522955,-89.967847,,,,HUMAN_OBSERVATION,50c9509d-22c7-4a22-a47d-8c48425ef4a7,,"COORDINATE_ROUNDED,CONTINENT_DERIVED_FROM_COORDINATES,TAXON_ID_NOT_FOUND"
4853042427,"Alligator mississippiensis (Daudin, 1801)",2024-04-25T10:40,2024.0,4.0,30.400774,-88.755211,,,,HUMAN_OBSERVATION,50c9509d-22c7-4a22-a47d-8c48425ef4a7,,"COORDINATE_ROUNDED,CONTINENT_DERIVED_FROM_COORDINATES,TAXON_ID_NOT_FOUND"
4853056989,"Alligator mississippiensis (Daudin, 1801)",2024-04-21T15:16:57,2024.0,4.0,32.523123,-89.949105,,,,HUMAN_OBSERVATION,50c9509d-22c7-4a22-a47d-8c48425ef4a7,,"COORDINATE_ROUNDED,CONTINENT_DERIVED_FROM_COORDINATES,TAXON_ID_NOT_FOUND"
4891750061,"Alligator mississippiensis (Daudin, 1801)",2024-04-07T10:40:02,2024.0,4.0,32.589188,-89.791251,932.0,,,HUMAN_OBSERVATION,50c9509d-22c7-4a22-a47d-8c48425ef4a7,,"COORDINATE_ROUNDED,CONTINENT_DERIVED_FROM_COORDINATES,TAXON_ID_NOT_FOUND"
5844121713,"Alligator mississippiensis (Daudin, 1801)",2024-04-24T13:29:48,2024.0,4.0,33.271219,-88.777619,,,,HUMAN_OBSERVATION,50c9509d-22c7-4a22-a47d-8c48425ef4a7,,"COORDINATE_ROUNDED,CONTINENT_DERIVED_FROM_COORDINATES,TAXON_ID_NOT_FOUND"
6441906039,"Alligator mississippiensis (Daudin, 1801)",2024-04-03T11:40:29,2024.0,4.0,30.406667,-88.817772,5.0,,,HUMAN_OBSERVATION,50c9509d-22c7-4a22-a47d-8c48425ef4a7,,"COORDINATE_ROUNDED,CONTINENT_DERIVED_FROM_COORDINATES,TAXON_ID_NOT_FOUND"
4854786291,"Alligator mississippiensis (Daudin, 1801)",2024-05-02T11:52:51,2024.0,5.0,30.379153,-89.617646,64.0,,,HUMAN_OBSERVATION,50c9509d-22c7-4a22-a47d-8c48425ef4a7,,"COORDINATE_ROUNDED,CONTINENT_DERIVED_FROM_COORDINATES,TAXON_ID_NOT_FOUND"
4854814153,"Alligator mississippiensis (Daudin, 1801)",2024-05-06T06:56:01,2024.0,5.0,30.23825,-89.422964,59.0,,,HUMAN_OBSERVATION,50c9509d-22c7-4a22-a47d-8c48425ef4a7,,"COORDINATE_ROUNDED,CONTINENT_DERIVED_FROM_COORDINATES,TAXON_ID_NOT_FOUND"
4854888428,"Alligator mississippiensis (Daudin, 1801)",2024-05-02T13:21,2024.0,5.0,30.400815,-88.752104,,,,HUMAN_OBSERVATION,50c9509d-22c7-4a22-a47d-8c48425ef4a7,,"COORDINATE_ROUNDED,CONTINENT_DERIVED_FROM_COORDINATES,TAXON_ID_NOT_FOUND"
4855048629,"Alligator mississippiensis (Daudin, 1801)",2024-05-03T11:05:33,2024.0,5.0,32.032614,-88.697661,,,,HUMAN_OBSERVATION,50c9509d-22c7-4a22-a47d-8c48425ef4a7,,"COORDINATE_ROUNDED,CONTINENT_DERIVED_FROM_COORDINATES,TAXON_ID_NOT_FOUND"
4855301154,"Alligator mississippiensis (Daudin, 1801)",2024-05-02T13:21,2024.0,5.0,30.40082,-88.752109,,,,HUMAN_OBSERVATION,50c9509d-22c7-4a22-a47d-8c48425ef4a7,,"COORDINATE_ROUNDED,CONTINENT_DERIVED_FROM_COORDINATES,TAXON_ID_NOT_FOUND"
4855551205,"Alligator mississippiensis (Daudin, 1801)",2024-05-07T16:10:15,2024.0,5.0,30.379286,-89.615758,132.0,,,HUMAN_OBSERVATION,50c9509d-22c7-4a22-a47d-8c48425ef4a7,,"COORDINATE_ROUNDED,CONTINENT_DERIVED_FROM_COORDINATES,TAXON_ID_NOT_FOUND"
4863651887,"Alligator mississippiensis (Daudin, 1801)",2024-05-09T12:37:39,2024.0,5.0,30.415281,-88.792377,23.0,,,HUMAN_OBSERVATION,50c9509d-22c7-4a22-a47d-8c48425ef4a7,,"COORDINATE_ROUNDED,CONTINENT_DERIVED_FROM_COORDINATES,TAXON_ID_NOT_FOUND"
4863777554,"Alligator mississippiensis (Daudin, 1801)",2024-05-05T09:45:42,2024.0,5.0,33.262853,-88.77934,26.0,,,HUMAN_OBSERVATION,50c9509d-22c7-4a22-a47d-8c48425ef4a7,,"COORDINATE_ROUNDED,CONTINENT_DERIVED_FROM_COORDINATES,TAXON_ID_NOT_FOUND"
4863798808,"Alligator mississippiensis (Daudin, 1801)",2024-05-05T09:40:28,2024.0,5.0,33.263111,-88.779009,32.0,,,HUMAN_OBSERVATION,50c9509d-22c7-4a22-a47d-8c48425ef4a7,,"COORDINATE_ROUNDED,CONTINENT_DERIVED_FROM_COORDINATES,TAXON_ID_NOT_FOUND"
4867680598,"Alligator mississippiensis (Daudin, 1801)",2024-05-17T14:10:46,2024.0,5.0,33.26853,-88.863137,9.0,,,HUMAN_OBSERVATION,50c9509d-22c7-4a22-a47d-8c48425ef4a7,,"COORDINATE_ROUNDED,CONTINENT_DERIVED_FROM_COORDINATES,TAXON_ID_NOT_FOUND"
4867909134,"Alligator mississippiensis (Daudin, 1801)",2024-05-15T16:14:24,2024.0,5.0,30.397781,-88.790421,2840.0,,,HUMAN_OBSERVATION,50c9509d-22c7-4a22-a47d-8c48425ef4a7,,"COORDINATE_ROUNDED,CONTINENT_DERIVED_FROM_COORDINATES,TAXON_ID_NOT_FOUND"
4872405055,"Alligator mississippiensis (Daudin, 1801)",2024-05-24T13:13:19,2024.0,5.0,30.379547,-89.615872,220.0,,,HUMAN_OBSERVATION,50c9509d-22c7-4a22-a47d-8c48425ef4a7,,"COORDINATE_ROUNDED,CONTINENT_DERIVED_FROM_COORDINATES,TAXON_ID_NOT_FOUND"
4872580817,"Alligator mississippiensis (Daudin, 1801)",2024-05-21T18:00:16,2024.0,5.0,32.392637,-90.027039,4.0,,,HUMAN_OBSERVATION,50c9509d-22c7-4a22-a47d-8c48425ef4a7,,"COORDINATE_ROUNDED,CONTINENT_DERIVED_FROM_COORDINATES,TAXON_ID_NOT_FOUND"
4872596866,"Alligator mississippiensis (Daudin, 1801)",2024-05-22T19:04:44,2024.0,5.0,33.321027,-88.881465,,,,HUMAN_OBSERVATION,50c9509d-22c7-4a22-a47d-8c48425ef4a7,,"COORDINATE_ROUNDED,CONTINENT_DERIVED_FROM_COORDINATES,TAXON_ID_NOT_FOUND"
4872641640,"Alligator mississippiensis (Daudin, 1801)",2024-05-20T08:44,2024.0,5.0,33.523683,-88.462062,80.0,,,HUMAN_OBSERVATION,50c9509d-22c7-4a22-a47d-8c48425ef4a7,,"COORDINATE_ROUNDED,CONTINENT_DERIVED_FROM_COORDINATES,TAXON_ID_NOT_FOUND"
4875348285,"Alligator mississippiensis (Daudin, 1801)",2024-05-22T18:40,2024.0,5.0,32.522715,-89.967193,8.0,,,HUMAN_OBSERVATION,50c9509d-22c7-4a22-a47d-8c48425ef4a7,,"COORDINATE_ROUNDED,CONTINENT_DERIVED_FROM_COORDINATES,TAXON_ID_NOT_FOUND"
4919636954,"Alligator mississippiensis (Daudin, 1801)",2024-05-27T12:51:42,2024.0,5.0,30.752645,-88.800743,,,,HUMAN_OBSERVATION,50c9509d-22c7-4a22-a47d-8c48425ef4a7,,"COORDINATE_ROUNDED,CONTINENT_DERIVED_FROM_COORDINATES,TAXON_ID_NOT_FOUND"
4950016698,"Alligator mississippiensis (Daudin, 1801)",2024-05-18T10:33:34,2024.0,5.0,33.291797,-88.803925,4.0,,,HUMAN_OBSERVATION,50c9509d-22c7-4a22-a47d-8c48425ef4a7,,"COORDINATE_ROUNDED,CONTINENT_DERIVED_FROM_COORDINATES,TAXON_ID_NOT_FOUND"
5108309037,"Alligator mississippiensis (Daudin, 1801)",2024-05-28T11:37,2024.0,5.0,32.52376,-91.068164,2664.0,,,HUMAN_OBSERVATION,50c9509d-22c7-4a22-a47d-8c48425ef4a7,,"COORDINATE_ROUNDED,CONTINENT_DERIVED_FROM_COORDINATES,TAXON_ID_NOT_FOUND"
4892202862,"Alligator mississippiensis (Daudin, 1801)",2024-06-08T10:47:44,2024.0,6.0,30.397922,-88.7901,8.0,,,HUMAN_OBSERVATION,50c9509d-22c7-4a22-a47d-8c48425ef4a7,,"COORDINATE_ROUNDED,CONTINENT_DERIVED_FROM_COORDINATES,TAXON_ID_NOT_FOUND"
4901044227,"Alligator mississippiensis (Daudin, 1801)",2024-06-17T07:03,2024.0,6.0,32.514185,-90.981135,15.0,,,HUMAN_OBSERVATION,50c9509d-22c7-4a22-a47d-8c48425ef4a7,,"COORDINATE_ROUNDED,CONTINENT_DERIVED_FROM_COORDINATES,TAXON_ID_NOT_FOUND"
4901558556,"Alligator mississippiensis (Daudin, 1801)",2024-06-13T15:33,2024.0,6.0,33.282657,-88.778683,4.0,,,HUMAN_OBSERVATION,50c9509d-22c7-4a22-a47d-8c48425ef4a7,,"COORDINATE_ROUNDED,CONTINENT_DERIVED_FROM_COORDINATES,TAXON_ID_NOT_FOUND"
4901590051,"Alligator mississippiensis (Daudin, 1801)",2024-06-19T18:25:50,2024.0,6.0,32.523154,-89.949608,4.0,,,HUMAN_OBSERVATION,50c9509d-22c7-4a22-a47d-8c48425ef4a7,,"COORDINATE_ROUNDED,CONTINENT_DERIVED_FROM_COORDINATES,TAXON_ID_NOT_FOUND"
4902033887,"Alligator mississippiensis (Daudin, 1801)",2024-06-12T15:20,2024.0,6.0,33.263309,-88.778931,4.0,,,HUMAN_OBSERVATION,50c9509d-22c7-4a22-a47d-8c48425ef4a7,,"COORDINATE_ROUNDED,CONTINENT_DERIVED_FROM_COORDINATES,TAXON_ID_NOT_FOUND"
4903845053,"Alligator mississippiensis (Daudin, 1801)",2024-06-26T09:19:41,2024.0,6.0,30.237075,-89.421805,4.0,,,HUMAN_OBSERVATION,50c9509d-22c7-4a22-a47d-8c48425ef4a7,,"CONTINENT_DERIVED_FROM_COORDINATES,TAXON_ID_NOT_FOUND"
4903962334,"Alligator mississippiensis (Daudin, 1801)",2024-06-27T16:39:27,2024.0,6.0,33.763064,-90.143475,,,,HUMAN_OBSERVATION,50c9509d-22c7-4a22-a47d-8c48425ef4a7,,"COORDINATE_ROUNDED,CONTINENT_DERIVED_FROM_COORDINATES,TAXON_ID_NOT_FOUND"
4904208866,"Alligator mississippiensis (Daudin, 1801)",2024-06-01T13:00:41,2024.0,6.0,30.416191,-88.639862,99.0,,,HUMAN_OBSERVATION,50c9509d-22c7-4a22-a47d-8c48425ef4a7,,"COORDINATE_ROUNDED,CONTINENT_DERIVED_FROM_COORDINATES,TAXON_ID_NOT_FOUND"
4919709700,"Alligator mississippiensis (Daudin, 1801)",2024-06-27T12:00,2024.0,6.0,31.816343,-90.138725,,,,HUMAN_OBSERVATION,50c9509d-22c7-4a22-a47d-8c48425ef4a7,,"COORDINATE_ROUNDED,CONTINENT_DERIVED_FROM_COORDINATES,TAXON_ID_NOT_FOUND"
5237827387,"Alligator mississippiensis (Daudin, 1801)",2024-06-08T12:04:11,2024.0,6.0,32.351068,-90.072326,82.0,,,HUMAN_OBSERVATION,50c9509d-22c7-4a22-a47d-8c48425ef4a7,,"COORDINATE_ROUNDED,CONTINENT_DERIVED_FROM_COORDINATES,TAXON_ID_NOT_FOUND"
4910851884,"Alligator mississippiensis (Daudin, 1801)",2024-07-19T18:38:29,2024.0,7.0,30.397953,-88.790122,4.0,,,HUMAN_OBSERVATION,50c9509d-22c7-4a22-a47d-8c48425ef4a7,,"COORDINATE_ROUNDED,CONTINENT_DERIVED_FROM_COORDINATES,TAXON_ID_NOT_FOUND"
4921769730,"Alligator mississippiensis (Daudin, 1801)",2024-07-27T11:07,2024.0,7.0,31.361497,-91.417723,1844.0,,,HUMAN_OBSERVATION,50c9509d-22c7-4a22-a47d-8c48425ef4a7,,"COORDINATE_ROUNDED,CONTINENT_DERIVED_FROM_COORDINATES,TAXON_ID_NOT_FOUND"
4952708547,"Alligator mississippiensis (Daudin, 1801)",2024-08-24T15:35:48,2024.0,8.0,33.304273,-88.844433,,,,HUMAN_OBSERVATION,50c9509d-22c7-4a22-a47d-8c48425ef4a7,,"COORDINATE_ROUNDED,CONTINENT_DERIVED_FROM_COORDINATES,TAXON_ID_NOT_FOUND"
4987580290,"Alligator mississippiensis (Daudin, 1801)",2024-09-10T17:48,2024.0,9.0,32.388091,-89.967976,2.0,,,HUMAN_OBSERVATION,50c9509d-22c7-4a22-a47d-8c48425ef4a7,,"COORDINATE_ROUNDED,CONTINENT_DERIVED_FROM_COORDINATES,TAXON_ID_NOT_FOUND"
4952520755,"Alligator mississippiensis (Daudin, 1801)",2024-10-01T10:05,2024.0,10.0,33.271136,-88.783644,185.0,,,HUMAN_OBSERVATION,50c9509d-22c7-4a22-a47d-8c48425ef4a7,,"COORDINATE_ROUNDED,CONTINENT_DERIVED_FROM_COORDINATES,TAXON_ID_NOT_FOUND"
4954387820,"Alligator mississippiensis (Daudin, 1801)",2024-10-11T13:15:45,2024.0,10.0,30.381251,-89.617843,119.0,,,HUMAN_OBSERVATION,50c9509d-22c7-4a22-a47d-8c48425ef4a7,,"COORDINATE_ROUNDED,CONTINENT_DERIVED_FROM_COORDINATES,TAXON_ID_NOT_FOUND"
4954687758,"Alligator mississippiensis (Daudin, 1801)",2024-10-08T09:01:50,2024.0,10.0,30.262663,-89.398012,,,,HUMAN_OBSERVATION,50c9509d-22c7-4a22-a47d-8c48425ef4a7,,"COORDINATE_ROUNDED,CONTINENT_DERIVED_FROM_COORDINATES,TAXON_ID_NOT_FOUND"
4973829665,"Alligator mississippiensis (Daudin, 1801)",2024-10-20T10:26,2024.0,10.0,30.331858,-88.571969,5.0,,,HUMAN_OBSERVATION,50c9509d-22c7-4a22-a47d-8c48425ef4a7,,"COORDINATE_ROUNDED,CONTINENT_DERIVED_FROM_COORDINATES,TAXON_ID_NOT_FOUND"
4976272707,"Alligator mississippiensis (Daudin, 1801)",2024-10-24T14:41,2024.0,10.0,30.788564,-89.807172,143.0,,,HUMAN_OBSERVATION,50c9509d-22c7-4a22-a47d-8c48425ef4a7,,"COORDINATE_ROUNDED,CONTINENT_DERIVED_FROM_COORDINATES,TAXON_ID_NOT_FOUND"
4976380847,"Alligator mississippiensis (Daudin, 1801)",2024-10-24T14:59,2024.0,10.0,30.788781,-89.807293,48.0,,,HUMAN_OBSERVATION,50c9509d-22c7-4a22-a47d-8c48425ef4a7,,"COORDINATE_ROUNDED,CONTINENT_DERIVED_FROM_COORDINATES,TAXON_ID_NOT_FOUND"
4976492146,"Alligator mississippiensis (Daudin, 1801)",2024-10-24T14:58,2024.0,10.0,30.788564,-89.807172,143.0,,,HUMAN_OBSERVATION,50c9509d-22c7-4a22-a47d-8c48425ef4a7,,"COORDINATE_ROUNDED,CONTINENT_DERIVED_FROM_COORDINATES,TAXON_ID_NOT_FOUND"
4976620060,"Alligator mississippiensis (Daudin, 1801)",2024-10-24T14:43,2024.0,10.0,30.788781,-89.807293,48.0,,,HUMAN_OBSERVATION,50c9509d-22c7-4a22-a47d-8c48425ef4a7,,"COORDINATE_ROUNDED,CONTINENT_DERIVED_FROM_COORDINATES,TAXON_ID_NOT_FOUND"
4978202390,"Alligator mississippiensis (Daudin, 1801)",2024-10-30T15:11:57,2024.0,10.0,30.380638,-89.618505,,,,HUMAN_OBSERVATION,50c9509d-22c7-4a22-a47d-8c48425ef4a7,,"COORDINATE_ROUNDED,CONTINENT_DERIVED_FROM_COORDINATES,TAXON_ID_NOT_FOUND"
4978322600,"Alligator mississippiensis (Daudin, 1801)",2024-10-30T15:11:25,2024.0,10.0,30.380722,-89.61753,,,,HUMAN_OBSERVATION,50c9509d-22c7-4a22-a47d-8c48425ef4a7,,"COORDINATE_ROUNDED,CONTINENT_DERIVED_FROM_COORDINATES,TAXON_ID_NOT_FOUND"
4978393612,"Alligator mississippiensis (Daudin, 1801)",2024-11-01T07:37:05,2024.0,11.0,30.379267,-89.615547,,,,HUMAN_OBSERVATION,50c9509d-22c7-4a22-a47d-8c48425ef4a7,,"COORDINATE_ROUNDED,CONTINENT_DERIVED_FROM_COORDINATES,TAXON_ID_NOT_FOUND"
4980342708,"Alligator mississippiensis (Daudin, 1801)",2024-11-07T14:47,2024.0,11.0,30.788303,-89.807809,209.0,,,HUMAN_OBSERVATION,50c9509d-22c7-4a22-a47d-8c48425ef4a7,,"COORDINATE_ROUNDED,CONTINENT_DERIVED_FROM_COORDINATES,TAXON_ID_NOT_FOUND"
4982081540,"Alligator mississippiensis (Daudin, 1801)",2024-11-01T09:05,2024.0,11.0,30.286281,-89.634892,3815.0,,,HUMAN_OBSERVATION,50c9509d-22c7-4a22-a47d-8c48425ef4a7,,"COORDINATE_ROUNDED,CONTINENT_DERIVED_FROM_COORDINATES,TAXON_ID_NOT_FOUND"
4982145491,"Alligator mississippiensis (Daudin, 1801)",2024-11-19T14:30:56,2024.0,11.0,30.381192,-89.617701,128.0,,,HUMAN_OBSERVATION,50c9509d-22c7-4a22-a47d-8c48425ef4a7,,"COORDINATE_ROUNDED,CONTINENT_DERIVED_FROM_COORDINATES,TAXON_ID_NOT_FOUND"
4982249664,"Alligator mississippiensis (Daudin, 1801)",2024-11-13T07:37:08,2024.0,11.0,30.379467,-89.615547,,,,HUMAN_OBSERVATION,50c9509d-22c7-4a22-a47d-8c48425ef4a7,,"COORDINATE_ROUNDED,CONTINENT_DERIVED_FROM_COORDINATES,TAXON_ID_NOT_FOUND"
4982254814,"Alligator mississippiensis (Daudin, 1801)",2024-11-14T16:14:22,2024.0,11.0,30.378972,-89.617713,,,,HUMAN_OBSERVATION,50c9509d-22c7-4a22-a47d-8c48425ef4a7,,"COORDINATE_ROUNDED,CONTINENT_DERIVED_FROM_COORDINATES,TAXON_ID_NOT_FOUND"
4982276221,"Alligator mississippiensis (Daudin, 1801)",2024-11-19T14:33:34,2024.0,11.0,30.379017,-89.617508,89.0,,,HUMAN_OBSERVATION,50c9509d-22c7-4a22-a47d-8c48425ef4a7,,"COORDINATE_ROUNDED,CONTINENT_DERIVED_FROM_COORDINATES,TAXON_ID_NOT_FOUND"
5006743592,"Alligator mississippiensis (Daudin, 1801)",2024-12-11T16:29:15,2024.0,12.0,30.380703,-89.617133,,,,HUMAN_OBSERVATION,50c9509d-22c7-4a22-a47d-8c48425ef4a7,,"COORDINATE_ROUNDED,CONTINENT_DERIVED_FROM_COORDINATES,TAXON_ID_NOT_FOUND"
5007124580,"Alligator mississippiensis (Daudin, 1801)",2024-12-20T14:54:50,2024.0,12.0,30.380695,-89.617547,,,,HUMAN_OBSERVATION,50c9509d-22c7-4a22-a47d-8c48425ef4a7,,"COORDINATE_ROUNDED,CONTINENT_DERIVED_FROM_COORDINATES,TAXON_ID_NOT_FOUND"
5007201207,"Alligator mississippiensis (Daudin, 1801)",2024-12-27T15:12:47,2024.0,12.0,30.380695,-89.61792,,,,HUMAN_OBSERVATION,50c9509d-22c7-4a22-a47d-8c48425ef4a7,,"CONTINENT_DERIVED_FROM_COORDINATES,TAXON_ID_NOT_FOUND"
5007289656,"Alligator mississippiensis (Daudin, 1801)",2024-12-18T14:07:54,2024.0,12.0,30.380788,-89.616737,,,,HUMAN_OBSERVATION,50c9509d-22c7-4a22-a47d-8c48425ef4a7,,"COORDINATE_ROUNDED,CONTINENT_DERIVED_FROM_COORDINATES,TAXON_ID_NOT_FOUND"
5007346748,"Alligator mississippiensis (Daudin, 1801)",2024-12-17T16:15:17,2024.0,12.0,30.379637,-89.615517,,,,HUMAN_OBSERVATION,50c9509d-22c7-4a22-a47d-8c48425ef4a7,,"COORDINATE_ROUNDED,CONTINENT_DERIVED_FROM_COORDINATES,TAXON_ID_NOT_FOUND"
5007428307,"Alligator mississippiensis (Daudin, 1801)",2024-12-18T14:10:55,2024.0,12.0,30.380788,-89.616737,,,,HUMAN_OBSERVATION,50c9509d-22c7-4a22-a47d-8c48425ef4a7,,"COORDINATE_ROUNDED,CONTINENT_DERIVED_FROM_COORDINATES,TAXON_ID_NOT_FOUND"
5007457618,"Alligator mississippiensis (Daudin, 1801)",2024-12-16T15:02:56,2024.0,12.0,30.380688,-89.617605,,,,HUMAN_OBSERVATION,50c9509d-22c7-4a22-a47d-8c48425ef4a7,,"COORDINATE_ROUNDED,CONTINENT_DERIVED_FROM_COORDINATES,TAXON_ID_NOT_FOUND"
5007510168,"Alligator mississippiensis (Daudin, 1801)",2024-12-18T14:10:02,2024.0,12.0,30.380788,-89.616737,,,,HUMAN_OBSERVATION,50c9509d-22c7-4a22-a47d-8c48425ef4a7,,"COORDINATE_ROUNDED,CONTINENT_DERIVED_FROM_COORDINATES,TAXON_ID_NOT_FOUND"
5007840556,"Alligator mississippiensis (Daudin, 1801)",2024-12-30T16:05:53,2024.0,12.0,30.380692,-89.617605,,,,HUMAN_OBSERVATION,50c9509d-22c7-4a22-a47d-8c48425ef4a7,,"COORDINATE_ROUNDED,CONTINENT_DERIVED_FROM_COORDINATES,TAXON_ID_NOT_FOUND"
5008041571,"Alligator mississippiensis (Daudin, 1801)",2024-12-17T16:19:24,2024.0,12.0,30.379637,-89.615517,,,,HUMAN_OBSERVATION,50c9509d-22c7-4a22-a47d-8c48425ef4a7,,"COORDINATE_ROUNDED,CONTINENT_DERIVED_FROM_COORDINATES,TAXON_ID_NOT_FOUND"
5008048570,"Alligator mississippiensis (Daudin, 1801)",2024-12-16T15:05:57,2024.0,12.0,30.378963,-89.617692,,,,HUMAN_OBSERVATION,50c9509d-22c7-4a22-a47d-8c48425ef4a7,,"COORDINATE_ROUNDED,CONTINENT_DERIVED_FROM_COORDINATES,TAXON_ID_NOT_FOUND"
5008070185,"Alligator mississippiensis (Daudin, 1801)",2024-12-20T14:56:38,2024.0,12.0,30.378975,-89.617675,,,,HUMAN_OBSERVATION,50c9509d-22c7-4a22-a47d-8c48425ef4a7,,"CONTINENT_DERIVED_FROM_COORDINATES,TAXON_ID_NOT_FOUND"
5008123957,"Alligator mississippiensis (Daudin, 1801)",2024-12-18T15:15:12,2024.0,12.0,30.247255,-88.713695,,,,HUMAN_OBSERVATION,50c9509d-22c7-4a22-a47d-8c48425ef4a7,,"COORDINATE_ROUNDED,CONTINENT_DERIVED_FROM_COORDINATES,TAXON_ID_NOT_FOUND"
5008329774,"Alligator mississippiensis (Daudin, 1801)",2024-12-18T14:09:58,2024.0,12.0,30.380788,-89.616737,,,,HUMAN_OBSERVATION,50c9509d-22c7-4a22-a47d-8c48425ef4a7,,"COORDINATE_ROUNDED,CONTINENT_DERIVED_FROM_COORDINATES,TAXON_ID_NOT_FOUND"
5008355680,"Alligator mississippiensis (Daudin, 1801)",2024-12-17T16:17:49,2024.0,12.0,30.379637,-89.615517,,,,HUMAN_OBSERVATION,50c9509d-22c7-4a22-a47d-8c48425ef4a7,,"COORDINATE_ROUNDED,CONTINENT_DERIVED_FROM_COORDINATES,TAXON_ID_NOT_FOUND"
4011936466,"Alligator mississippiensis (Daudin, 1801)",2023-01-03T11:31,2023.0,1.0,30.382252,-89.617849,386.0,,,HUMAN_OBSERVATION,50c9509d-22c7-4a22-a47d-8c48425ef4a7,,"COORDINATE_ROUNDED,CONTINENT_DERIVED_FROM_COORDINATES,TAXON_ID_NOT_FOUND"
4011941416,"Alligator mississippiensis (Daudin, 1801)",2023-01-03T11:33,2023.0,1.0,30.382252,-89.617849,386.0,,,HUMAN_OBSERVATION,50c9509d-22c7-4a22-a47d-8c48425ef4a7,,"COORDINATE_ROUNDED,CONTINENT_DERIVED_FROM_COORDINATES,TAXON_ID_NOT_FOUND"
4011965440,"Alligator mississippiensis (Daudin, 1801)",2023-01-03T11:30,2023.0,1.0,30.382252,-89.617849,386.0,,,HUMAN_OBSERVATION,50c9509d-22c7-4a22-a47d-8c48425ef4a7,,"COORDINATE_ROUNDED,CONTINENT_DERIVED_FROM_COORDINATES,TAXON_ID_NOT_FOUND"
4014820900,"Alligator mississippiensis (Daudin, 1801)",2023-01-03T16:04,2023.0,1.0,30.382252,-89.617849,386.0,,,HUMAN_OBSERVATION,50c9509d-22c7-4a22-a47d-8c48425ef4a7,,"COORDINATE_ROUNDED,CONTINENT_DERIVED_FROM_COORDINATES,TAXON_ID_NOT_FOUND"
4014827875,"Alligator mississippiensis (Daudin, 1801)",2023-01-03T16:00,2023.0,1.0,30.382252,-89.617849,386.0,,,HUMAN_OBSERVATION,50c9509d-22c7-4a22-a47d-8c48425ef4a7,,"COORDINATE_ROUNDED,CONTINENT_DERIVED_FROM_COORDINATES,TAXON_ID_NOT_FOUND"
4014833057,"Alligator mississippiensis (Daudin, 1801)",2023-01-06T13:25,2023.0,1.0,30.400741,-88.752147,,,,HUMAN_OBSERVATION,50c9509d-22c7-4a22-a47d-8c48425ef4a7,,"COORDINATE_ROUNDED,CONTINENT_DERIVED_FROM_COORDINATES,TAXON_ID_NOT_FOUND"
4014846072,"Alligator mississippiensis (Daudin, 1801)",2023-01-06T11:18,2023.0,1.0,30.382252,-89.617849,386.0,,,HUMAN_OBSERVATION,50c9509d-22c7-4a22-a47d-8c48425ef4a7,,"COORDINATE_ROUNDED,CONTINENT_DERIVED_FROM_COORDINATES,TAXON_ID_NOT_FOUND"
4014874963,"Alligator mississippiensis (Daudin, 1801)",2023-01-04T16:04:03,2023.0,1.0,30.380091,-89.617611,113.0,,,HUMAN_OBSERVATION,50c9509d-22c7-4a22-a47d-8c48425ef4a7,,"COORDINATE_ROUNDED,CONTINENT_DERIVED_FROM_COORDINATES,TAXON_ID_NOT_FOUND"
4014915870,"Alligator mississippiensis (Daudin, 1801)",2023-01-04T11:41,2023.0,1.0,30.382252,-89.617849,386.0,,,HUMAN_OBSERVATION,50c9509d-22c7-4a22-a47d-8c48425ef4a7,,"COORDINATE_ROUNDED,CONTINENT_DERIVED_FROM_COORDINATES,TAXON_ID_NOT_FOUND"
4014934089,"Alligator mississippiensis (Daudin, 1801)",2023-01-03T10:29,2023.0,1.0,30.346814,-88.712197,4.0,,,HUMAN_OBSERVATION,50c9509d-22c7-4a22-a47d-8c48425ef4a7,,"COORDINATE_ROUNDED,CONTINENT_DERIVED_FROM_COORDINATES,TAXON_ID_NOT_FOUND"
4014939888,"Alligator mississippiensis (Daudin, 1801)",2023-01-04T12:11,2023.0,1.0,30.382252,-89.617849,386.0,,,HUMAN_OBSERVATION,50c9509d-22c7-4a22-a47d-8c48425ef4a7,,"COORDINATE_ROUNDED,CONTINENT_DERIVED_FROM_COORDINATES,TAXON_ID_NOT_FOUND"
4014941140,"Alligator mississippiensis (Daudin, 1801)",2023-01-06T11:57:42,2023.0,1.0,31.96998,-89.962065,29173.0,,,HUMAN_OBSERVATION,50c9509d-22c7-4a22-a47d-8c48425ef4a7,,"COORDINATE_ROUNDED,CONTINENT_DERIVED_FROM_COORDINATES,TAXON_ID_NOT_FOUND"
4015012886,"Alligator mississippiensis (Daudin, 1801)",2023-01-03T16:02,2023.0,1.0,30.382252,-89.617849,386.0,,,HUMAN_OBSERVATION,50c9509d-22c7-4a22-a47d-8c48425ef4a7,,"COORDINATE_ROUNDED,CONTINENT_DERIVED_FROM_COORDINATES,TAXON_ID_NOT_FOUND"
4015028399,"Alligator mississippiensis (Daudin, 1801)",2023-01-09T12:11,2023.0,1.0,30.382252,-89.617849,386.0,,,HUMAN_OBSERVATION,50c9509d-22c7-4a22-a47d-8c48425ef4a7,,"COORDINATE_ROUNDED,CONTINENT_DERIVED_FROM_COORDINATES,TAXON_ID_NOT_FOUND"
4015079883,"Alligator mississippiensis (Daudin, 1801)",2023-01-04T11:40,2023.0,1.0,30.382252,-89.617849,386.0,,,HUMAN_OBSERVATION,50c9509d-22c7-4a22-a47d-8c48425ef4a7,,"COORDINATE_ROUNDED,CONTINENT_DERIVED_FROM_COORDINATES,TAXON_ID_NOT_FOUND"
4015118906,"Alligator mississippiensis (Daudin, 1801)",2023-01-03T16:03,2023.0,1.0,30.382252,-89.617849,386.0,,,HUMAN_OBSERVATION,50c9509d-22c7-4a22-a47d-8c48425ef4a7,,"COORDINATE_ROUNDED,CONTINENT_DERIVED_FROM_COORDINATES,TAXON_ID_NOT_FOUND"
4015159493,"Alligator mississippiensis (Daudin, 1801)",2023-01-09T16:05:47,2023.0,1.0,30.380159,-89.617259,88.0,,,HUMAN_OBSERVATION,50c9509d-22c7-4a22-a47d-8c48425ef4a7,,"COORDINATE_ROUNDED,CONTINENT_DERIVED_FROM_COORDINATES,TAXON_ID_NOT_FOUND"
4015166918,"Alligator mississippiensis (Daudin, 1801)",2023-01-03T16:02,2023.0,1.0,30.382252,-89.617849,386.0,,,HUMAN_OBSERVATION,50c9509d-22c7-4a22-a47d-8c48425ef4a7,,"COORDINATE_ROUNDED,CONTINENT_DERIVED_FROM_COORDINATES,TAXON_ID_NOT_FOUND"
4015182375,"Alligator mississippiensis (Daudin, 1801)",2023-01-09T11:56,2023.0,1.0,30.382252,-89.617849,386.0,,,HUMAN_OBSERVATION,50c9509d-22c7-4a22-a47d-8c48425ef4a7,,"COORDINATE_ROUNDED,CONTINENT_DERIVED_FROM_COORDINATES,TAXON_ID_NOT_FOUND"
4015192874,"Alligator mississippiensis (Daudin, 1801)",2023-01-04T11:43,2023.0,1.0,30.382252,-89.617849,386.0,,,HUMAN_OBSERVATION,50c9509d-22c7-4a22-a47d-8c48425ef4a7,,"COORDINATE_ROUNDED,CONTINENT_DERIVED_FROM_COORDINATES,TAXON_ID_NOT_FOUND"
4015193053,"Alligator mississippiensis (Daudin, 1801)",2023-01-06T11:16,2023.0,1.0,30.382252,-89.617849,386.0,,,HUMAN_OBSERVATION,50c9509d-22c7-4a22-a47d-8c48425ef4a7,,"COORDINATE_ROUNDED,CONTINENT_DERIVED_FROM_COORDINATES,TAXON_ID_NOT_FOUND"
4015254045,"Alligator mississippiensis (Daudin, 1801)",2023-01-06T13:26,2023.0,1.0,30.400764,-88.752144,,,,HUMAN_OBSERVATION,50c9509d-22c7-4a22-a47d-8c48425ef4a7,,"COORDINATE_ROUNDED,CONTINENT_DERIVED_FROM_COORDINATES,TAXON_ID_NOT_FOUND"
4015266894,"Alligator mississippiensis (Daudin, 1801)",2023-01-04T11:45,2023.0,1.0,30.382252,-89.617849,386.0,,,HUMAN_OBSERVATION,50c9509d-22c7-4a22-a47d-8c48425ef4a7,,"COORDINATE_ROUNDED,CONTINENT_DERIVED_FROM_COORDINATES,TAXON_ID_NOT_FOUND"
4018148901,"Alligator mississippiensis (Daudin, 1801)",2023-01-11T11:45,2023.0,1.0,30.382252,-89.617849,386.0,,,HUMAN_OBSERVATION,50c9509d-22c7-4a22-a47d-8c48425ef4a7,,"COORDINATE_ROUNDED,CONTINENT_DERIVED_FROM_COORDINATES,TAXON_ID_NOT_FOUND"
4018151868,"Alligator mississippiensis (Daudin, 1801)",2023-01-10T11:19,2023.0,1.0,30.382252,-89.617849,386.0,,,HUMAN_OBSERVATION,50c9509d-22c7-4a22-a47d-8c48425ef4a7,,"COORDINATE_ROUNDED,CONTINENT_DERIVED_FROM_COORDINATES,TAXON_ID_NOT_FOUND"
4018165884,"Alligator mississippiensis (Daudin, 1801)",2023-01-10T11:20,2023.0,1.0,30.382252,-89.617849,386.0,,,HUMAN_OBSERVATION,50c9509d-22c7-4a22-a47d-8c48425ef4a7,,"COORDINATE_ROUNDED,CONTINENT_DERIVED_FROM_COORDINATES,TAXON_ID_NOT_FOUND"
4018211885,"Alligator mississippiensis (Daudin, 1801)",2023-01-10T11:13,2023.0,1.0,30.382252,-89.617849,386.0,,,HUMAN_OBSERVATION,50c9509d-22c7-4a22-a47d-8c48425ef4a7,,"COORDINATE_ROUNDED,CONTINENT_DERIVED_FROM_COORDINATES,TAXON_ID_NOT_FOUND"
4018219924,"Alligator mississippiensis (Daudin, 1801)",2023-01-11T11:22,2023.0,1.0,30.382252,-89.617849,386.0,,,HUMAN_OBSERVATION,50c9509d-22c7-4a22-a47d-8c48425ef4a7,,"COORDINATE_ROUNDED,CONTINENT_DERIVED_FROM_COORDINATES,TAXON_ID_NOT_FOUND"
4018287091,"Alligator mississippiensis (Daudin, 1801)",2023-01-13T11:40,2023.0,1.0,30.382252,-89.617849,386.0,,,HUMAN_OBSERVATION,50c9509d-22c7-4a22-a47d-8c48425ef4a7,,"COORDINATE_ROUNDED,CONTINENT_DERIVED_FROM_COORDINATES,TAXON_ID_NOT_FOUND"
4018287964,"Alligator mississippiensis (Daudin, 1801)",2023-01-11T11:27,2023.0,1.0,30.382252,-89.617849,386.0,,,HUMAN_OBSERVATION,50c9509d-22c7-4a22-a47d-8c48425ef4a7,,"COORDINATE_ROUNDED,CONTINENT_DERIVED_FROM_COORDINATES,TAXON_ID_NOT_FOUND"
4018298937,"Alligator mississippiensis (Daudin, 1801)",2023-01-11T11:45,2023.0,1.0,30.382252,-89.617849,386.0,,,HUMAN_OBSERVATION,50c9509d-22c7-4a22-a47d-8c48425ef4a7,,"COORDINATE_ROUNDED,CONTINENT_DERIVED_FROM_COORDINATES,TAXON_ID_NOT_FOUND"
4018551076,"Alligator mississippiensis (Daudin, 1801)",2023-01-13T07:32,2023.0,1.0,30.382252,-89.617849,386.0,,,HUMAN_OBSERVATION,50c9509d-22c7-4a22-a47d-8c48425ef4a7,,"COORDINATE_ROUNDED,CONTINENT_DERIVED_FROM_COORDINATES,TAXON_ID_NOT_FOUND"
4018570208,"Alligator mississippiensis (Daudin, 1801)",2023-01-10T16:50,2023.0,1.0,33.283124,-88.779227,,,,HUMAN_OBSERVATION,50c9509d-22c7-4a22-a47d-8c48425ef4a7,,"COORDINATE_ROUNDED,CONTINENT_DERIVED_FROM_COORDINATES,TAXON_ID_NOT_FOUND"
4018574077,"Alligator mississippiensis (Daudin, 1801)",2023-01-12T11:53:57,2023.0,1.0,30.380338,-89.617557,142.0,,,HUMAN_OBSERVATION,50c9509d-22c7-4a22-a47d-8c48425ef4a7,,"COORDINATE_ROUNDED,CONTINENT_DERIVED_FROM_COORDINATES,TAXON_ID_NOT_FOUND"
4022093136,"Alligator mississippiensis (Daudin, 1801)",2023-01-19T14:31:37,2023.0,1.0,30.380148,-89.617151,118.0,,,HUMAN_OBSERVATION,50c9509d-22c7-4a22-a47d-8c48425ef4a7,,"COORDINATE_ROUNDED,CONTINENT_DERIVED_FROM_COORDINATES,TAXON_ID_NOT_FOUND"
4022117838,"Alligator mississippiensis (Daudin, 1801)",2023-01-23T16:16:52,2023.0,1.0,30.380129,-89.616946,105.0,,,HUMAN_OBSERVATION,50c9509d-22c7-4a22-a47d-8c48425ef4a7,,"COORDINATE_ROUNDED,CONTINENT_DERIVED_FROM_COORDINATES,TAXON_ID_NOT_FOUND"
4028640112,"Alligator mississippiensis (Daudin, 1801)",2023-01-31T11:47:21,2023.0,1.0,30.380041,-89.617508,100.0,,,HUMAN_OBSERVATION,50c9509d-22c7-4a22-a47d-8c48425ef4a7,,"COORDINATE_ROUNDED,CONTINENT_DERIVED_FROM_COORDINATES,TAXON_ID_NOT_FOUND"
4028905578,"Alligator mississippiensis (Daudin, 1801)",2023-01-31T11:47:02,2023.0,1.0,30.379993,-89.617627,113.0,,,HUMAN_OBSERVATION,50c9509d-22c7-4a22-a47d-8c48425ef4a7,,"COORDINATE_ROUNDED,CONTINENT_DERIVED_FROM_COORDINATES,TAXON_ID_NOT_FOUND"
4028944727,"Alligator mississippiensis (Daudin, 1801)",2023-01-31T11:46:51,2023.0,1.0,30.38035,-89.616177,131.0,,,HUMAN_OBSERVATION,50c9509d-22c7-4a22-a47d-8c48425ef4a7,,"COORDINATE_ROUNDED,CONTINENT_DERIVED_FROM_COORDINATES,TAXON_ID_NOT_FOUND"
4034871622,"Alligator mississippiensis (Daudin, 1801)",2023-02-07T16:09:40,2023.0,2.0,30.379709,-89.617419,87.0,,,HUMAN_OBSERVATION,50c9509d-22c7-4a22-a47d-8c48425ef4a7,,"COORDINATE_ROUNDED,CONTINENT_DERIVED_FROM_COORDINATES,TAXON_ID_NOT_FOUND"
4046300949,"Alligator mississippiensis (Daudin, 1801)",2023-02-24T15:48:09,2023.0,2.0,32.33159,-90.156732,9.0,,,HUMAN_OBSERVATION,50c9509d-22c7-4a22-a47d-8c48425ef4a7,,"COORDINATE_ROUNDED,CONTINENT_DERIVED_FROM_COORDINATES,TAXON_ID_NOT_FOUND"
5932637016,"Alligator mississippiensis (Daudin, 1801)",2023-02-28T10:53:46,2023.0,2.0,30.346413,-88.479622,4.0,,,HUMAN_OBSERVATION,50c9509d-22c7-4a22-a47d-8c48425ef4a7,,"COORDINATE_ROUNDED,CONTINENT_DERIVED_FROM_COORDINATES,TAXON_ID_NOT_FOUND"
6400629837,"Alligator mississippiensis (Daudin, 1801)",2023-02-15T11:27:13,2023.0,2.0,30.375015,-89.614302,6.0,,,HUMAN_OBSERVATION,50c9509d-22c7-4a22-a47d-8c48425ef4a7,,"COORDINATE_ROUNDED,CONTINENT_DERIVED_FROM_COORDINATES,TAXON_ID_NOT_FOUND"
4054756948,"Alligator mississippiensis (Daudin, 1801)",2023-03-04T14:05:51,2023.0,3.0,33.287755,-88.783629,,,,HUMAN_OBSERVATION,50c9509d-22c7-4a22-a47d-8c48425ef4a7,,"COORDINATE_ROUNDED,CONTINENT_DERIVED_FROM_COORDINATES,TAXON_ID_NOT_FOUND"
4054765176,"Alligator mississippiensis (Daudin, 1801)",2023-03-04T15:14:33,2023.0,3.0,33.269952,-88.790265,,,,HUMAN_OBSERVATION,50c9509d-22c7-4a22-a47d-8c48425ef4a7,,"COORDINATE_ROUNDED,CONTINENT_DERIVED_FROM_COORDINATES,TAXON_ID_NOT_FOUND"
4054808185,"Alligator mississippiensis (Daudin, 1801)",2023-03-04T14:16:34,2023.0,3.0,33.270003,-88.789709,,,,HUMAN_OBSERVATION,50c9509d-22c7-4a22-a47d-8c48425ef4a7,,"COORDINATE_ROUNDED,CONTINENT_DERIVED_FROM_COORDINATES,TAXON_ID_NOT_FOUND"
4054962176,"Alligator mississippiensis (Daudin, 1801)",2023-03-05T10:21,2023.0,3.0,30.399143,-88.753531,196.0,,,HUMAN_OBSERVATION,50c9509d-22c7-4a22-a47d-8c48425ef4a7,,"COORDINATE_ROUNDED,CONTINENT_DERIVED_FROM_COORDINATES,TAXON_ID_NOT_FOUND"
4054987989,"Alligator mississippiensis (Daudin, 1801)",2023-03-04T14:14:39,2023.0,3.0,33.288869,-88.787398,,,,HUMAN_OBSERVATION,50c9509d-22c7-4a22-a47d-8c48425ef4a7,,"COORDINATE_ROUNDED,CONTINENT_DERIVED_FROM_COORDINATES,TAXON_ID_NOT_FOUND"
4062839656,"Alligator mississippiensis (Daudin, 1801)",2023-03-07T12:26,2023.0,3.0,30.39813,-88.790143,31.0,,,HUMAN_OBSERVATION,50c9509d-22c7-4a22-a47d-8c48425ef4a7,,"COORDINATE_ROUNDED,CONTINENT_DERIVED_FROM_COORDINATES,TAXON_ID_NOT_FOUND"
4062888028,"Alligator mississippiensis (Daudin, 1801)",2023-03-05T16:08:29,2023.0,3.0,30.397926,-88.790132,24.0,,,HUMAN_OBSERVATION,50c9509d-22c7-4a22-a47d-8c48425ef4a7,,"COORDINATE_ROUNDED,CONTINENT_DERIVED_FROM_COORDINATES,TAXON_ID_NOT_FOUND"
4067281011,"Alligator mississippiensis (Daudin, 1801)",2023-03-15T11:05,2023.0,3.0,30.431641,-88.658702,199.0,,,HUMAN_OBSERVATION,50c9509d-22c7-4a22-a47d-8c48425ef4a7,,"COORDINATE_ROUNDED,CONTINENT_DERIVED_FROM_COORDINATES,TAXON_ID_NOT_FOUND"
4067295275,"Alligator mississippiensis (Daudin, 1801)",2023-03-18T11:19,2023.0,3.0,30.431947,-88.658529,31.0,,,HUMAN_OBSERVATION,50c9509d-22c7-4a22-a47d-8c48425ef4a7,,"COORDINATE_ROUNDED,CONTINENT_DERIVED_FROM_COORDINATES,TAXON_ID_NOT_FOUND"
4075661062,"Alligator mississippiensis (Daudin, 1801)",2023-03-22T11:54:38,2023.0,3.0,30.397892,-88.790025,3.0,,,HUMAN_OBSERVATION,50c9509d-22c7-4a22-a47d-8c48425ef4a7,,"COORDINATE_ROUNDED,CONTINENT_DERIVED_FROM_COORDINATES,TAXON_ID_NOT_FOUND"
4075778993,"Alligator mississippiensis (Daudin, 1801)",2023-03-28T15:11:10,2023.0,3.0,33.274383,-88.79024,405.0,,,HUMAN_OBSERVATION,50c9509d-22c7-4a22-a47d-8c48425ef4a7,,"COORDINATE_ROUNDED,CONTINENT_DERIVED_FROM_COORDINATES,TAXON_ID_NOT_FOUND"
4075821426,"Alligator mississippiensis (Daudin, 1801)",2023-03-11T15:57:23,2023.0,3.0,30.397947,-88.790153,244.0,,,HUMAN_OBSERVATION,50c9509d-22c7-4a22-a47d-8c48425ef4a7,,"COORDINATE_ROUNDED,CONTINENT_DERIVED_FROM_COORDINATES,TAXON_ID_NOT_FOUND"
4076269134,"Alligator mississippiensis (Daudin, 1801)",2023-03-22T14:56:18,2023.0,3.0,32.326729,-90.145968,3.0,,,HUMAN_OBSERVATION,50c9509d-22c7-4a22-a47d-8c48425ef4a7,,"COORDINATE_ROUNDED,CONTINENT_DERIVED_FROM_COORDINATES,TAXON_ID_NOT_FOUND"
4076347242,"Alligator mississippiensis (Daudin, 1801)",2023-03-29T10:39,2023.0,3.0,30.431691,-88.658527,31.0,,,HUMAN_OBSERVATION,50c9509d-22c7-4a22-a47d-8c48425ef4a7,,"COORDINATE_ROUNDED,CONTINENT_DERIVED_FROM_COORDINATES,TAXON_ID_NOT_FOUND"
4413767769,"Alligator mississippiensis (Daudin, 1801)",2023-03-31T14:33:07,2023.0,3.0,33.271278,-88.777603,3.0,,,HUMAN_OBSERVATION,50c9509d-22c7-4a22-a47d-8c48425ef4a7,,"COORDINATE_ROUNDED,CONTINENT_DERIVED_FROM_COORDINATES,TAXON_ID_NOT_FOUND"
5134909760,"Alligator mississippiensis (Daudin, 1801)",2023-03-30T10:35:46,2023.0,3.0,30.392313,-88.790924,,,,HUMAN_OBSERVATION,50c9509d-22c7-4a22-a47d-8c48425ef4a7,,"COORDINATE_ROUNDED,CONTINENT_DERIVED_FROM_COORDINATES,TAXON_ID_NOT_FOUND"
6399615979,"Alligator mississippiensis (Daudin, 1801)",2023-03-03T11:25:36,2023.0,3.0,30.375961,-89.613414,5.0,,,HUMAN_OBSERVATION,50c9509d-22c7-4a22-a47d-8c48425ef4a7,,"COORDINATE_ROUNDED,CONTINENT_DERIVED_FROM_COORDINATES,TAXON_ID_NOT_FOUND"
6400299357,"Alligator mississippiensis (Daudin, 1801)",2023-03-03T11:25:36,2023.0,3.0,30.375966,-89.61338,5.0,,,HUMAN_OBSERVATION,50c9509d-22c7-4a22-a47d-8c48425ef4a7,,"COORDINATE_ROUNDED,CONTINENT_DERIVED_FROM_COORDINATES,TAXON_ID_NOT_FOUND"
4076086654,"Alligator mississippiensis (Daudin, 1801)",2023-04-02T14:33,2023.0,4.0,30.400842,-88.752106,,,,HUMAN_OBSERVATION,50c9509d-22c7-4a22-a47d-8c48425ef4a7,,"COORDINATE_ROUNDED,CONTINENT_DERIVED_FROM_COORDINATES,TAXON_ID_NOT_FOUND"
4076165794,"Alligator mississippiensis (Daudin, 1801)",2023-04-04T13:55:33,2023.0,4.0,31.342787,-91.426637,9.0,,,HUMAN_OBSERVATION,50c9509d-22c7-4a22-a47d-8c48425ef4a7,,"COORDINATE_ROUNDED,CONTINENT_DERIVED_FROM_COORDINATES,TAXON_ID_NOT_FOUND"
4076399635,"Alligator mississippiensis (Daudin, 1801)",2023-04-02T12:20:24,2023.0,4.0,33.275174,-88.790675,,,,HUMAN_OBSERVATION,50c9509d-22c7-4a22-a47d-8c48425ef4a7,,"COORDINATE_ROUNDED,CONTINENT_DERIVED_FROM_COORDINATES,TAXON_ID_NOT_FOUND"
4076400749,"Alligator mississippiensis (Daudin, 1801)",2023-04-02T14:34,2023.0,4.0,30.400822,-88.752111,,,,HUMAN_OBSERVATION,50c9509d-22c7-4a22-a47d-8c48425ef4a7,,"COORDINATE_ROUNDED,CONTINENT_DERIVED_FROM_COORDINATES,TAXON_ID_NOT_FOUND"
4081008511,"Alligator mississippiensis (Daudin, 1801)",2023-04-10T10:36,2023.0,4.0,30.332706,-88.57225,4.0,,,HUMAN_OBSERVATION,50c9509d-22c7-4a22-a47d-8c48425ef4a7,,"COORDINATE_ROUNDED,CONTINENT_DERIVED_FROM_COORDINATES,TAXON_ID_NOT_FOUND"
4102658048,"Alligator mississippiensis (Daudin, 1801)",2023-04-26T12:14,2023.0,4.0,30.400825,-88.752094,,,,HUMAN_OBSERVATION,50c9509d-22c7-4a22-a47d-8c48425ef4a7,,"COORDINATE_ROUNDED,CONTINENT_DERIVED_FROM_COORDINATES,TAXON_ID_NOT_FOUND"
4103221990,"Alligator mississippiensis (Daudin, 1801)",2023-04-26T12:15,2023.0,4.0,30.400813,-88.752131,,,,HUMAN_OBSERVATION,50c9509d-22c7-4a22-a47d-8c48425ef4a7,,"COORDINATE_ROUNDED,CONTINENT_DERIVED_FROM_COORDINATES,TAXON_ID_NOT_FOUND"
4112000703,"Alligator mississippiensis (Daudin, 1801)",2023-04-26T12:15,2023.0,4.0,30.40112,-88.754587,122.0,,,HUMAN_OBSERVATION,50c9509d-22c7-4a22-a47d-8c48425ef4a7,,"COORDINATE_ROUNDED,CONTINENT_DERIVED_FROM_COORDINATES,TAXON_ID_NOT_FOUND"
6398978805,"Alligator mississippiensis (Daudin, 1801)",2023-04-24T11:20:12,2023.0,4.0,30.375968,-89.613343,5.0,,,HUMAN_OBSERVATION,50c9509d-22c7-4a22-a47d-8c48425ef4a7,,"COORDINATE_ROUNDED,CONTINENT_DERIVED_FROM_COORDINATES,TAXON_ID_NOT_FOUND"
4111764226,"Alligator mississippiensis (Daudin, 1801)",2023-05-04T16:53:41,2023.0,5.0,31.33508,-91.449438,41.0,,,HUMAN_OBSERVATION,50c9509d-22c7-4a22-a47d-8c48425ef4a7,,"COORDINATE_ROUNDED,CONTINENT_DERIVED_FROM_COORDINATES,TAXON_ID_NOT_FOUND"
4111966420,"Alligator mississippiensis (Daudin, 1801)",2023-05-05T00:42:14,2023.0,5.0,32.972003,-90.756849,29039.0,,,HUMAN_OBSERVATION,50c9509d-22c7-4a22-a47d-8c48425ef4a7,,"COORDINATE_ROUNDED,CONTINENT_DERIVED_FROM_COORDINATES,TAXON_ID_NOT_FOUND"
4116069934,"Alligator mississippiensis (Daudin, 1801)",2023-05-06T16:11:14,2023.0,5.0,33.282592,-88.807834,,,,HUMAN_OBSERVATION,50c9509d-22c7-4a22-a47d-8c48425ef4a7,,"COORDINATE_ROUNDED,CONTINENT_DERIVED_FROM_COORDINATES,TAXON_ID_NOT_FOUND"
4116645861,"Alligator mississippiensis (Daudin, 1801)",2023-05-14T07:23,2023.0,5.0,33.274313,-88.790635,,,,HUMAN_OBSERVATION,50c9509d-22c7-4a22-a47d-8c48425ef4a7,,"COORDINATE_ROUNDED,CONTINENT_DERIVED_FROM_COORDINATES,TAXON_ID_NOT_FOUND"
4120842293,"Alligator mississippiensis (Daudin, 1801)",2023-05-13T09:58:18,2023.0,5.0,30.436863,-88.86502,10.0,,,HUMAN_OBSERVATION,50c9509d-22c7-4a22-a47d-8c48425ef4a7,,"COORDINATE_ROUNDED,CONTINENT_DERIVED_FROM_COORDINATES,TAXON_ID_NOT_FOUND"
4120970582,"Alligator mississippiensis (Daudin, 1801)",2023-05-20T17:15,2023.0,5.0,33.274077,-88.790362,,,,HUMAN_OBSERVATION,50c9509d-22c7-4a22-a47d-8c48425ef4a7,,"COORDINATE_ROUNDED,CONTINENT_DERIVED_FROM_COORDINATES,TAXON_ID_NOT_FOUND"
4121291387,"Alligator mississippiensis (Daudin, 1801)",2023-05-18T09:41:43,2023.0,5.0,32.325661,-90.149387,9.0,,,HUMAN_OBSERVATION,50c9509d-22c7-4a22-a47d-8c48425ef4a7,,"COORDINATE_ROUNDED,CONTINENT_DERIVED_FROM_COORDINATES,TAXON_ID_NOT_FOUND"
4121452464,"Alligator mississippiensis (Daudin, 1801)",2023-05-18T18:33,2023.0,5.0,31.361497,-91.417723,195.0,,,HUMAN_OBSERVATION,50c9509d-22c7-4a22-a47d-8c48425ef4a7,,"COORDINATE_ROUNDED,CONTINENT_DERIVED_FROM_COORDINATES,TAXON_ID_NOT_FOUND"
4121452930,"Alligator mississippiensis (Daudin, 1801)",2023-05-18T09:53:45,2023.0,5.0,30.437331,-88.605075,,,,HUMAN_OBSERVATION,50c9509d-22c7-4a22-a47d-8c48425ef4a7,,"COORDINATE_ROUNDED,CONTINENT_DERIVED_FROM_COORDINATES,TAXON_ID_NOT_FOUND"
4127287591,"Alligator mississippiensis (Daudin, 1801)",2023-05-28T13:45,2023.0,5.0,33.301469,-88.836813,,,,HUMAN_OBSERVATION,50c9509d-22c7-4a22-a47d-8c48425ef4a7,,"COORDINATE_ROUNDED,CONTINENT_DERIVED_FROM_COORDINATES,TAXON_ID_NOT_FOUND"
4133939973,"Alligator mississippiensis (Daudin, 1801)",2023-05-21T14:41:44,2023.0,5.0,33.398483,-90.226455,3.0,,,HUMAN_OBSERVATION,50c9509d-22c7-4a22-a47d-8c48425ef4a7,,"COORDINATE_ROUNDED,CONTINENT_DERIVED_FROM_COORDINATES,TAXON_ID_NOT_FOUND"
4171231937,"Alligator mississippiensis (Daudin, 1801)",2023-05-25T10:45:13,2023.0,5.0,30.397913,-88.790122,5.0,,,HUMAN_OBSERVATION,50c9509d-22c7-4a22-a47d-8c48425ef4a7,,"COORDINATE_ROUNDED,CONTINENT_DERIVED_FROM_COORDINATES,TAXON_ID_NOT_FOUND"
4171432169,"Alligator mississippiensis (Daudin, 1801)",2023-05-25T10:49:39,2023.0,5.0,30.397892,-88.790087,5.0,,,HUMAN_OBSERVATION,50c9509d-22c7-4a22-a47d-8c48425ef4a7,,"COORDINATE_ROUNDED,CONTINENT_DERIVED_FROM_COORDINATES,TAXON_ID_NOT_FOUND"
4597019505,"Alligator mississippiensis (Daudin, 1801)",2023-05-21T12:35,2023.0,5.0,32.38855,-90.049357,26.0,,,HUMAN_OBSERVATION,50c9509d-22c7-4a22-a47d-8c48425ef4a7,,"COORDINATE_ROUNDED,CONTINENT_DERIVED_FROM_COORDINATES,TAXON_ID_NOT_FOUND"
5008043051,"Alligator mississippiensis (Daudin, 1801)",2023-05-20T12:58:39,2023.0,5.0,30.225845,-89.089683,4.0,,,HUMAN_OBSERVATION,50c9509d-22c7-4a22-a47d-8c48425ef4a7,,"COORDINATE_ROUNDED,CONTINENT_DERIVED_FROM_COORDINATES,TAXON_ID_NOT_FOUND"
5134216825,"Alligator mississippiensis (Daudin, 1801)",2023-05-01T12:56:13,2023.0,5.0,33.273972,-88.790413,3.0,,,HUMAN_OBSERVATION,50c9509d-22c7-4a22-a47d-8c48425ef4a7,,"COORDINATE_ROUNDED,CONTINENT_DERIVED_FROM_COORDINATES,TAXON_ID_NOT_FOUND"
4133612135,"Alligator mississippiensis (Daudin, 1801)",2023-06-09T19:42,2023.0,6.0,30.39794,-88.790716,8.0,,,HUMAN_OBSERVATION,50c9509d-22c7-4a22-a47d-8c48425ef4a7,,"COORDINATE_ROUNDED,CONTINENT_DERIVED_FROM_COORDINATES,TAXON_ID_NOT_FOUND"
4133954502,"Alligator mississippiensis (Daudin, 1801)",2023-06-08T17:49:02,2023.0,6.0,30.409887,-88.956336,5.0,,,HUMAN_OBSERVATION,50c9509d-22c7-4a22-a47d-8c48425ef4a7,,"COORDINATE_ROUNDED,CONTINENT_DERIVED_FROM_COORDINATES,TAXON_ID_NOT_FOUND"
4134164391,"Alligator mississippiensis (Daudin, 1801)",2023-06-06T13:46:28,2023.0,6.0,30.39795,-88.790108,4.0,,,HUMAN_OBSERVATION,50c9509d-22c7-4a22-a47d-8c48425ef4a7,,"COORDINATE_ROUNDED,CONTINENT_DERIVED_FROM_COORDINATES,TAXON_ID_NOT_FOUND"
4137837660,"Alligator mississippiensis (Daudin, 1801)",2023-06-17T13:32,2023.0,6.0,31.401758,-91.186537,196.0,,,HUMAN_OBSERVATION,50c9509d-22c7-4a22-a47d-8c48425ef4a7,,"COORDINATE_ROUNDED,CONTINENT_DERIVED_FROM_COORDINATES,TAXON_ID_NOT_FOUND"
4138565466,"Alligator mississippiensis (Daudin, 1801)",2023-06-19T12:19,2023.0,6.0,30.413871,-88.412372,15.0,,,HUMAN_OBSERVATION,50c9509d-22c7-4a22-a47d-8c48425ef4a7,,"COORDINATE_ROUNDED,CONTINENT_DERIVED_FROM_COORDINATES,TAXON_ID_NOT_FOUND"
4145579891,"Alligator mississippiensis (Daudin, 1801)",2023-06-30T14:25:57,2023.0,6.0,30.393733,-88.788389,1538.0,,,HUMAN_OBSERVATION,50c9509d-22c7-4a22-a47d-8c48425ef4a7,,"COORDINATE_ROUNDED,CONTINENT_DERIVED_FROM_COORDINATES,TAXON_ID_NOT_FOUND"
4145696627,"Alligator mississippiensis (Daudin, 1801)",2023-07-03T12:44:35,2023.0,7.0,33.288067,-88.784233,16.0,,,HUMAN_OBSERVATION,50c9509d-22c7-4a22-a47d-8c48425ef4a7,,"COORDINATE_ROUNDED,CONTINENT_DERIVED_FROM_COORDINATES,TAXON_ID_NOT_FOUND"
4153534526,"Alligator mississippiensis (Daudin, 1801)",2023-07-06T19:31,2023.0,7.0,31.361497,-91.417723,195.0,,,HUMAN_OBSERVATION,50c9509d-22c7-4a22-a47d-8c48425ef4a7,,"COORDINATE_ROUNDED,CONTINENT_DERIVED_FROM_COORDINATES,TAXON_ID_NOT_FOUND"
4162075804,"Alligator mississippiensis (Daudin, 1801)",2023-07-14T07:31:04,2023.0,7.0,30.37987,-89.616319,82.0,,,HUMAN_OBSERVATION,50c9509d-22c7-4a22-a47d-8c48425ef4a7,,"COORDINATE_ROUNDED,CONTINENT_DERIVED_FROM_COORDINATES,TAXON_ID_NOT_FOUND"
4165469871,"Alligator mississippiensis (Daudin, 1801)",2023-07-23T13:08:21,2023.0,7.0,30.397838,-88.790138,50.0,,,HUMAN_OBSERVATION,50c9509d-22c7-4a22-a47d-8c48425ef4a7,,"COORDINATE_ROUNDED,CONTINENT_DERIVED_FROM_COORDINATES,TAXON_ID_NOT_FOUND"
4165583976,"Alligator mississippiensis (Daudin, 1801)",2023-07-21T08:15:06,2023.0,7.0,32.325595,-90.149568,4.0,,,HUMAN_OBSERVATION,50c9509d-22c7-4a22-a47d-8c48425ef4a7,,"COORDINATE_ROUNDED,CONTINENT_DERIVED_FROM_COORDINATES,TAXON_ID_NOT_FOUND"
4165716904,"Alligator mississippiensis (Daudin, 1801)",2023-07-24T18:49,2023.0,7.0,31.361497,-91.417723,195.0,,,HUMAN_OBSERVATION,50c9509d-22c7-4a22-a47d-8c48425ef4a7,,"COORDINATE_ROUNDED,CONTINENT_DERIVED_FROM_COORDINATES,TAXON_ID_NOT_FOUND"
4165744771,"Alligator mississippiensis (Daudin, 1801)",2023-07-21T16:12:12,2023.0,7.0,30.380088,-89.616653,92.0,,,HUMAN_OBSERVATION,50c9509d-22c7-4a22-a47d-8c48425ef4a7,,"COORDINATE_ROUNDED,CONTINENT_DERIVED_FROM_COORDINATES,TAXON_ID_NOT_FOUND"
4165841335,"Alligator mississippiensis (Daudin, 1801)",2023-07-24T16:11:19,2023.0,7.0,30.380257,-89.616771,115.0,,,HUMAN_OBSERVATION,50c9509d-22c7-4a22-a47d-8c48425ef4a7,,"COORDINATE_ROUNDED,CONTINENT_DERIVED_FROM_COORDINATES,TAXON_ID_NOT_FOUND"
4165843335,"Alligator mississippiensis (Daudin, 1801)",2023-07-25T16:10:34,2023.0,7.0,30.380255,-89.616361,115.0,,,HUMAN_OBSERVATION,50c9509d-22c7-4a22-a47d-8c48425ef4a7,,"COORDINATE_ROUNDED,CONTINENT_DERIVED_FROM_COORDINATES,TAXON_ID_NOT_FOUND"
4165952729,"Alligator mississippiensis (Daudin, 1801)",2023-07-24T16:14:31,2023.0,7.0,30.380383,-89.616363,164.0,,,HUMAN_OBSERVATION,50c9509d-22c7-4a22-a47d-8c48425ef4a7,,"COORDINATE_ROUNDED,CONTINENT_DERIVED_FROM_COORDINATES,TAXON_ID_NOT_FOUND"
4171146755,"Alligator mississippiensis (Daudin, 1801)",2023-07-28T16:11:37,2023.0,7.0,30.379878,-89.617015,91.0,,,HUMAN_OBSERVATION,50c9509d-22c7-4a22-a47d-8c48425ef4a7,,"COORDINATE_ROUNDED,CONTINENT_DERIVED_FROM_COORDINATES,TAXON_ID_NOT_FOUND"
4171249106,"Alligator mississippiensis (Daudin, 1801)",2023-07-31T16:08:39,2023.0,7.0,30.380933,-89.617775,116.0,,,HUMAN_OBSERVATION,50c9509d-22c7-4a22-a47d-8c48425ef4a7,,"COORDINATE_ROUNDED,CONTINENT_DERIVED_FROM_COORDINATES,TAXON_ID_NOT_FOUND"
4171748326,"Alligator mississippiensis (Daudin, 1801)",2023-07-27T16:06:56,2023.0,7.0,30.380012,-89.616684,82.0,,,HUMAN_OBSERVATION,50c9509d-22c7-4a22-a47d-8c48425ef4a7,,"COORDINATE_ROUNDED,CONTINENT_DERIVED_FROM_COORDINATES,TAXON_ID_NOT_FOUND"
4171984798,"Alligator mississippiensis (Daudin, 1801)",2023-07-31T16:33,2023.0,7.0,30.439207,-88.4369,162.0,,,HUMAN_OBSERVATION,50c9509d-22c7-4a22-a47d-8c48425ef4a7,,"COORDINATE_ROUNDED,CONTINENT_DERIVED_FROM_COORDINATES,TAXON_ID_NOT_FOUND"
4172078575,"Alligator mississippiensis (Daudin, 1801)",2023-08-02T16:10:59,2023.0,8.0,30.380728,-89.618371,63.0,,,HUMAN_OBSERVATION,50c9509d-22c7-4a22-a47d-8c48425ef4a7,,"COORDINATE_ROUNDED,CONTINENT_DERIVED_FROM_COORDINATES,TAXON_ID_NOT_FOUND"
4172159615,"Alligator mississippiensis (Daudin, 1801)",2023-08-08T12:33:01,2023.0,8.0,30.380566,-89.617201,375.0,,,HUMAN_OBSERVATION,50c9509d-22c7-4a22-a47d-8c48425ef4a7,,"COORDINATE_ROUNDED,CONTINENT_DERIVED_FROM_COORDINATES,TAXON_ID_NOT_FOUND"
4177298078,"Alligator mississippiensis (Daudin, 1801)",2023-08-14T08:17:19,2023.0,8.0,30.379999,-89.616694,375.0,,,HUMAN_OBSERVATION,50c9509d-22c7-4a22-a47d-8c48425ef4a7,,"COORDINATE_ROUNDED,CONTINENT_DERIVED_FROM_COORDINATES,TAXON_ID_NOT_FOUND"
4399954170,"Alligator mississippiensis (Daudin, 1801)",2023-08-16T18:58,2023.0,8.0,31.361497,-91.417723,195.0,,,HUMAN_OBSERVATION,50c9509d-22c7-4a22-a47d-8c48425ef4a7,,"COORDINATE_ROUNDED,CONTINENT_DERIVED_FROM_COORDINATES,TAXON_ID_NOT_FOUND"
4399988527,"Alligator mississippiensis (Daudin, 1801)",2023-08-16T07:34:05,2023.0,8.0,30.427071,-89.646069,375.0,,,HUMAN_OBSERVATION,50c9509d-22c7-4a22-a47d-8c48425ef4a7,,"COORDINATE_ROUNDED,CONTINENT_DERIVED_FROM_COORDINATES,TAXON_ID_NOT_FOUND"
4400236339,"Alligator mississippiensis (Daudin, 1801)",2023-08-18T07:24,2023.0,8.0,30.416675,-89.641316,148.0,,,HUMAN_OBSERVATION,50c9509d-22c7-4a22-a47d-8c48425ef4a7,,"COORDINATE_ROUNDED,CONTINENT_DERIVED_FROM_COORDINATES,TAXON_ID_NOT_FOUND"
4405513305,"Alligator mississippiensis (Daudin, 1801)",2023-08-29T16:06:48,2023.0,8.0,30.380105,-89.616299,89.0,,,HUMAN_OBSERVATION,50c9509d-22c7-4a22-a47d-8c48425ef4a7,,"COORDINATE_ROUNDED,CONTINENT_DERIVED_FROM_COORDINATES,TAXON_ID_NOT_FOUND"
4407160155,"Alligator mississippiensis (Daudin, 1801)",2023-08-31T16:12:17,2023.0,8.0,30.379171,-89.617637,76.0,,,HUMAN_OBSERVATION,50c9509d-22c7-4a22-a47d-8c48425ef4a7,,"COORDINATE_ROUNDED,CONTINENT_DERIVED_FROM_COORDINATES,TAXON_ID_NOT_FOUND"
4407217140,"Alligator mississippiensis (Daudin, 1801)",2023-08-30T16:07:39,2023.0,8.0,30.380283,-89.61659,141.0,,,HUMAN_OBSERVATION,50c9509d-22c7-4a22-a47d-8c48425ef4a7,,"COORDINATE_ROUNDED,CONTINENT_DERIVED_FROM_COORDINATES,TAXON_ID_NOT_FOUND"
4407367150,"Alligator mississippiensis (Daudin, 1801)",2023-08-31T16:09,2023.0,8.0,30.380183,-89.617458,86.0,,,HUMAN_OBSERVATION,50c9509d-22c7-4a22-a47d-8c48425ef4a7,,"COORDINATE_ROUNDED,CONTINENT_DERIVED_FROM_COORDINATES,TAXON_ID_NOT_FOUND"
4413845519,"Alligator mississippiensis (Daudin, 1801)",2023-09-08T16:17,2023.0,9.0,30.382252,-89.617849,386.0,,,HUMAN_OBSERVATION,50c9509d-22c7-4a22-a47d-8c48425ef4a7,,"COORDINATE_ROUNDED,CONTINENT_DERIVED_FROM_COORDINATES,TAXON_ID_NOT_FOUND"
4413873648,"Alligator mississippiensis (Daudin, 1801)",2023-09-08T07:32,2023.0,9.0,30.382252,-89.617849,386.0,,,HUMAN_OBSERVATION,50c9509d-22c7-4a22-a47d-8c48425ef4a7,,"COORDINATE_ROUNDED,CONTINENT_DERIVED_FROM_COORDINATES,TAXON_ID_NOT_FOUND"
4414196845,"Alligator mississippiensis (Daudin, 1801)",2023-09-15T16:17:25,2023.0,9.0,33.271259,-88.778923,72.0,,,HUMAN_OBSERVATION,50c9509d-22c7-4a22-a47d-8c48425ef4a7,,"COORDINATE_ROUNDED,CONTINENT_DERIVED_FROM_COORDINATES,TAXON_ID_NOT_FOUND"
4414366441,"Alligator mississippiensis (Daudin, 1801)",2023-09-16T17:17:05,2023.0,9.0,32.343522,-88.448036,119.0,,,HUMAN_OBSERVATION,50c9509d-22c7-4a22-a47d-8c48425ef4a7,,"COORDINATE_ROUNDED,CONTINENT_DERIVED_FROM_COORDINATES,TAXON_ID_NOT_FOUND"
4416784706,"Alligator mississippiensis (Daudin, 1801)",2023-09-24T11:18:03,2023.0,9.0,33.271145,-88.777297,1866.0,,,HUMAN_OBSERVATION,50c9509d-22c7-4a22-a47d-8c48425ef4a7,,"COORDINATE_ROUNDED,CONTINENT_DERIVED_FROM_COORDINATES,TAXON_ID_NOT_FOUND"
4420736461,"Alligator mississippiensis (Daudin, 1801)",2023-09-27T21:30,2023.0,9.0,31.223677,-88.934479,191.0,,,HUMAN_OBSERVATION,50c9509d-22c7-4a22-a47d-8c48425ef4a7,,"COORDINATE_ROUNDED,CONTINENT_DERIVED_FROM_COORDINATES,TAXON_ID_NOT_FOUND"
4420984405,"Alligator mississippiensis (Daudin, 1801)",2023-09-28T15:08,2023.0,9.0,30.397883,-88.790122,4.0,,,HUMAN_OBSERVATION,50c9509d-22c7-4a22-a47d-8c48425ef4a7,,"COORDINATE_ROUNDED,CONTINENT_DERIVED_FROM_COORDINATES,TAXON_ID_NOT_FOUND"
4420786665,"Alligator mississippiensis (Daudin, 1801)",2023-10-03T12:32:28,2023.0,10.0,30.437988,-88.43612,4.0,,,HUMAN_OBSERVATION,50c9509d-22c7-4a22-a47d-8c48425ef4a7,,"COORDINATE_ROUNDED,CONTINENT_DERIVED_FROM_COORDINATES,TAXON_ID_NOT_FOUND"
4420821799,"Alligator mississippiensis (Daudin, 1801)",2023-10-03T12:18:16,2023.0,10.0,30.437922,-88.435988,3.0,,,HUMAN_OBSERVATION,50c9509d-22c7-4a22-a47d-8c48425ef4a7,,"COORDINATE_ROUNDED,CONTINENT_DERIVED_FROM_COORDINATES,TAXON_ID_NOT_FOUND"
4430644052,"Alligator mississippiensis (Daudin, 1801)",2023-10-16T14:11:27,2023.0,10.0,30.376546,-89.617105,68.0,,,HUMAN_OBSERVATION,50c9509d-22c7-4a22-a47d-8c48425ef4a7,,"COORDINATE_ROUNDED,CONTINENT_DERIVED_FROM_COORDINATES,TAXON_ID_NOT_FOUND"
4430644995,"Alligator mississippiensis (Daudin, 1801)",2023-10-16T14:23:33,2023.0,10.0,30.35942,-89.61803,60.0,,,HUMAN_OBSERVATION,50c9509d-22c7-4a22-a47d-8c48425ef4a7,,"COORDINATE_ROUNDED,CONTINENT_DERIVED_FROM_COORDINATES,TAXON_ID_NOT_FOUND"
4430696698,"Alligator mississippiensis (Daudin, 1801)",2023-10-18T16:13:42,2023.0,10.0,30.381034,-89.61807,161.0,,,HUMAN_OBSERVATION,50c9509d-22c7-4a22-a47d-8c48425ef4a7,,"COORDINATE_ROUNDED,CONTINENT_DERIVED_FROM_COORDINATES,TAXON_ID_NOT_FOUND"
4430698960,"Alligator mississippiensis (Daudin, 1801)",2023-10-19T16:15:05,2023.0,10.0,30.37923,-89.617585,105.0,,,HUMAN_OBSERVATION,50c9509d-22c7-4a22-a47d-8c48425ef4a7,,"COORDINATE_ROUNDED,CONTINENT_DERIVED_FROM_COORDINATES,TAXON_ID_NOT_FOUND"
4430866507,"Alligator mississippiensis (Daudin, 1801)",2023-10-23T14:20:47,2023.0,10.0,30.359216,-89.617708,102.0,,,HUMAN_OBSERVATION,50c9509d-22c7-4a22-a47d-8c48425ef4a7,,"COORDINATE_ROUNDED,CONTINENT_DERIVED_FROM_COORDINATES,TAXON_ID_NOT_FOUND"
4431159582,"Alligator mississippiensis (Daudin, 1801)",2023-10-18T16:16:29,2023.0,10.0,30.379216,-89.617563,137.0,,,HUMAN_OBSERVATION,50c9509d-22c7-4a22-a47d-8c48425ef4a7,,"COORDINATE_ROUNDED,CONTINENT_DERIVED_FROM_COORDINATES,TAXON_ID_NOT_FOUND"
4431200574,"Alligator mississippiensis (Daudin, 1801)",2023-10-18T11:51:48,2023.0,10.0,32.377378,-90.026628,4.0,,,HUMAN_OBSERVATION,50c9509d-22c7-4a22-a47d-8c48425ef4a7,,"COORDINATE_ROUNDED,CONTINENT_DERIVED_FROM_COORDINATES,TAXON_ID_NOT_FOUND"
4431255548,"Alligator mississippiensis (Daudin, 1801)",2023-10-23T14:12:47,2023.0,10.0,30.379747,-89.616471,56.0,,,HUMAN_OBSERVATION,50c9509d-22c7-4a22-a47d-8c48425ef4a7,,"COORDINATE_ROUNDED,CONTINENT_DERIVED_FROM_COORDINATES,TAXON_ID_NOT_FOUND"
4431308311,"Alligator mississippiensis (Daudin, 1801)",2023-10-23T14:19:18,2023.0,10.0,30.359328,-89.617948,126.0,,,HUMAN_OBSERVATION,50c9509d-22c7-4a22-a47d-8c48425ef4a7,,"COORDINATE_ROUNDED,CONTINENT_DERIVED_FROM_COORDINATES,TAXON_ID_NOT_FOUND"
4436158662,"Alligator mississippiensis (Daudin, 1801)",2023-10-27T15:58:25,2023.0,10.0,30.379906,-89.617581,93.0,,,HUMAN_OBSERVATION,50c9509d-22c7-4a22-a47d-8c48425ef4a7,,"COORDINATE_ROUNDED,CONTINENT_DERIVED_FROM_COORDINATES,TAXON_ID_NOT_FOUND"
4436178570,"Alligator mississippiensis (Daudin, 1801)",2023-10-26T12:46:18,2023.0,10.0,30.379915,-89.616961,64.0,,,HUMAN_OBSERVATION,50c9509d-22c7-4a22-a47d-8c48425ef4a7,,"COORDINATE_ROUNDED,CONTINENT_DERIVED_FROM_COORDINATES,TAXON_ID_NOT_FOUND"
4436283184,"Alligator mississippiensis (Daudin, 1801)",2023-10-26T12:38:37,2023.0,10.0,30.35881,-89.618252,90.0,,,HUMAN_OBSERVATION,50c9509d-22c7-4a22-a47d-8c48425ef4a7,,"COORDINATE_ROUNDED,CONTINENT_DERIVED_FROM_COORDINATES,TAXON_ID_NOT_FOUND"
4436414931,"Alligator mississippiensis (Daudin, 1801)",2023-10-26T10:57:20,2023.0,10.0,30.379093,-89.617584,61.0,,,HUMAN_OBSERVATION,50c9509d-22c7-4a22-a47d-8c48425ef4a7,,"COORDINATE_ROUNDED,CONTINENT_DERIVED_FROM_COORDINATES,TAXON_ID_NOT_FOUND"
4436415479,"Alligator mississippiensis (Daudin, 1801)",2023-10-26T12:49:22,2023.0,10.0,30.379467,-89.617707,62.0,,,HUMAN_OBSERVATION,50c9509d-22c7-4a22-a47d-8c48425ef4a7,,"COORDINATE_ROUNDED,CONTINENT_DERIVED_FROM_COORDINATES,TAXON_ID_NOT_FOUND"
4438698698,"Alligator mississippiensis (Daudin, 1801)",2023-11-03T16:22:49,2023.0,11.0,30.358948,-89.618018,174.0,,,HUMAN_OBSERVATION,50c9509d-22c7-4a22-a47d-8c48425ef4a7,,"COORDINATE_ROUNDED,CONTINENT_DERIVED_FROM_COORDINATES,TAXON_ID_NOT_FOUND"
4438901041,"Alligator mississippiensis (Daudin, 1801)",2023-11-03T16:09:17,2023.0,11.0,30.380071,-89.617247,112.0,,,HUMAN_OBSERVATION,50c9509d-22c7-4a22-a47d-8c48425ef4a7,,"COORDINATE_ROUNDED,CONTINENT_DERIVED_FROM_COORDINATES,TAXON_ID_NOT_FOUND"
4439013914,"Alligator mississippiensis (Daudin, 1801)",2023-11-03T16:04:39,2023.0,11.0,30.397919,-88.790144,,,,HUMAN_OBSERVATION,50c9509d-22c7-4a22-a47d-8c48425ef4a7,,"COORDINATE_ROUNDED,CONTINENT_DERIVED_FROM_COORDINATES,TAXON_ID_NOT_FOUND"
4440657323,"Alligator mississippiensis (Daudin, 1801)",2023-11-09T15:21:51,2023.0,11.0,30.379832,-89.617825,112.0,,,HUMAN_OBSERVATION,50c9509d-22c7-4a22-a47d-8c48425ef4a7,,"COORDINATE_ROUNDED,CONTINENT_DERIVED_FROM_COORDINATES,TAXON_ID_NOT_FOUND"
4440685186,"Alligator mississippiensis (Daudin, 1801)",2023-11-08T16:17:30,2023.0,11.0,30.379431,-89.617645,71.0,,,HUMAN_OBSERVATION,50c9509d-22c7-4a22-a47d-8c48425ef4a7,,"COORDINATE_ROUNDED,CONTINENT_DERIVED_FROM_COORDINATES,TAXON_ID_NOT_FOUND"
4440791156,"Alligator mississippiensis (Daudin, 1801)",2023-11-09T08:31:56,2023.0,11.0,30.379758,-89.617831,71.0,,,HUMAN_OBSERVATION,50c9509d-22c7-4a22-a47d-8c48425ef4a7,,"COORDINATE_ROUNDED,CONTINENT_DERIVED_FROM_COORDINATES,TAXON_ID_NOT_FOUND"
4440914200,"Alligator mississippiensis (Daudin, 1801)",2023-11-08T16:18:11,2023.0,11.0,30.379565,-89.617817,77.0,,,HUMAN_OBSERVATION,50c9509d-22c7-4a22-a47d-8c48425ef4a7,,"COORDINATE_ROUNDED,CONTINENT_DERIVED_FROM_COORDINATES,TAXON_ID_NOT_FOUND"
4442451649,"Alligator mississippiensis (Daudin, 1801)",2023-11-20T16:10:35,2023.0,11.0,30.379217,-89.617592,121.0,,,HUMAN_OBSERVATION,50c9509d-22c7-4a22-a47d-8c48425ef4a7,,"COORDINATE_ROUNDED,CONTINENT_DERIVED_FROM_COORDINATES,TAXON_ID_NOT_FOUND"
4442487747,"Alligator mississippiensis (Daudin, 1801)",2023-11-20T16:09:44,2023.0,11.0,30.379695,-89.618009,170.0,,,HUMAN_OBSERVATION,50c9509d-22c7-4a22-a47d-8c48425ef4a7,,"COORDINATE_ROUNDED,CONTINENT_DERIVED_FROM_COORDINATES,TAXON_ID_NOT_FOUND"
4458626300,"Alligator mississippiensis (Daudin, 1801)",2023-11-30T14:22:17,2023.0,11.0,30.379419,-89.617927,77.0,,,HUMAN_OBSERVATION,50c9509d-22c7-4a22-a47d-8c48425ef4a7,,"COORDINATE_ROUNDED,CONTINENT_DERIVED_FROM_COORDINATES,TAXON_ID_NOT_FOUND"
4465783400,"Alligator mississippiensis (Daudin, 1801)",2023-11-24T16:48,2023.0,11.0,32.81601,-90.598658,,,,HUMAN_OBSERVATION,50c9509d-22c7-4a22-a47d-8c48425ef4a7,,"COORDINATE_ROUNDED,CONTINENT_DERIVED_FROM_COORDINATES,TAXON_ID_NOT_FOUND"
4512196602,"Alligator mississippiensis (Daudin, 1801)",2023-12-28T23:26,2023.0,12.0,30.398077,-88.790196,21.0,,,HUMAN_OBSERVATION,50c9509d-22c7-4a22-a47d-8c48425ef4a7,,"COORDINATE_ROUNDED,CONTINENT_DERIVED_FROM_COORDINATES,TAXON_ID_NOT_FOUND"
3456587664,"Alligator mississippiensis (Daudin, 1801)",2022-01-06T11:52,2022.0,1.0,30.382252,-89.617849,386.0,,,HUMAN_OBSERVATION,50c9509d-22c7-4a22-a47d-8c48425ef4a7,,"COORDINATE_ROUNDED,CONTINENT_DERIVED_FROM_COORDINATES,TAXON_ID_NOT_FOUND"
3698085088,"Alligator mississippiensis (Daudin, 1801)",2022-02-23T14:06,2022.0,2.0,31.349495,-91.422886,4.0,,,HUMAN_OBSERVATION,50c9509d-22c7-4a22-a47d-8c48425ef4a7,,"COORDINATE_ROUNDED,CONTINENT_DERIVED_FROM_COORDINATES,TAXON_ID_NOT_FOUND"
3698087188,"Alligator mississippiensis (Daudin, 1801)",2022-02-23T14:05,2022.0,2.0,31.349562,-91.422984,15.0,,,HUMAN_OBSERVATION,50c9509d-22c7-4a22-a47d-8c48425ef4a7,,"COORDINATE_ROUNDED,CONTINENT_DERIVED_FROM_COORDINATES,TAXON_ID_NOT_FOUND"
3698089443,"Alligator mississippiensis (Daudin, 1801)",2022-02-18T15:49,2022.0,2.0,30.397865,-88.789992,,,,HUMAN_OBSERVATION,50c9509d-22c7-4a22-a47d-8c48425ef4a7,,"COORDINATE_ROUNDED,CONTINENT_DERIVED_FROM_COORDINATES,TAXON_ID_NOT_FOUND"
3698250847,"Alligator mississippiensis (Daudin, 1801)",2022-02-21T11:34,2022.0,2.0,30.349831,-88.712642,394.0,,,HUMAN_OBSERVATION,50c9509d-22c7-4a22-a47d-8c48425ef4a7,,"COORDINATE_ROUNDED,CONTINENT_DERIVED_FROM_COORDINATES,TAXON_ID_NOT_FOUND"
3705571826,"Alligator mississippiensis (Daudin, 1801)",2022-02-26T10:09,2022.0,2.0,30.397989,-88.790202,4.0,,,HUMAN_OBSERVATION,50c9509d-22c7-4a22-a47d-8c48425ef4a7,,"COORDINATE_ROUNDED,CONTINENT_DERIVED_FROM_COORDINATES,TAXON_ID_NOT_FOUND"
3743387404,"Alligator mississippiensis (Daudin, 1801)",2022-03-17T14:14,2022.0,3.0,30.416253,-88.832731,5.0,,,HUMAN_OBSERVATION,50c9509d-22c7-4a22-a47d-8c48425ef4a7,,"COORDINATE_ROUNDED,CONTINENT_DERIVED_FROM_COORDINATES,TAXON_ID_NOT_FOUND"
3747002138,"Alligator mississippiensis (Daudin, 1801)",2022-03-22T12:07:35Z,2022.0,3.0,32.314415,-90.100762,45.0,,,HUMAN_OBSERVATION,50c9509d-22c7-4a22-a47d-8c48425ef4a7,,"COORDINATE_ROUNDED,CONTINENT_DERIVED_FROM_COORDINATES,TAXON_ID_NOT_FOUND"
3747012640,"Alligator mississippiensis (Daudin, 1801)",2022-03-19T17:12,2022.0,3.0,32.271937,-89.01757,29120.0,,,HUMAN_OBSERVATION,50c9509d-22c7-4a22-a47d-8c48425ef4a7,,"COORDINATE_ROUNDED,CONTINENT_DERIVED_FROM_COORDINATES,TAXON_ID_NOT_FOUND"
3747042238,"Alligator mississippiensis (Daudin, 1801)",2022-03-22T11:19,2022.0,3.0,30.432104,-88.658088,,,,HUMAN_OBSERVATION,50c9509d-22c7-4a22-a47d-8c48425ef4a7,,"COORDINATE_ROUNDED,CONTINENT_DERIVED_FROM_COORDINATES,TAXON_ID_NOT_FOUND"
3747215624,"Alligator mississippiensis (Daudin, 1801)",2022-03-18T15:08:47Z,2022.0,3.0,32.578323,-89.868475,110.0,,,HUMAN_OBSERVATION,50c9509d-22c7-4a22-a47d-8c48425ef4a7,,"COORDINATE_ROUNDED,CONTINENT_DERIVED_FROM_COORDINATES,TAXON_ID_NOT_FOUND"
3747280057,"Alligator mississippiensis (Daudin, 1801)",2022-03-21T09:45,2022.0,3.0,33.754834,-90.148574,16.0,,,HUMAN_OBSERVATION,50c9509d-22c7-4a22-a47d-8c48425ef4a7,,"COORDINATE_ROUNDED,CONTINENT_DERIVED_FROM_COORDINATES,TAXON_ID_NOT_FOUND"
3747287997,"Alligator mississippiensis (Daudin, 1801)",2022-03-21T09:42,2022.0,3.0,33.757687,-90.148473,38.0,,,HUMAN_OBSERVATION,50c9509d-22c7-4a22-a47d-8c48425ef4a7,,"COORDINATE_ROUNDED,CONTINENT_DERIVED_FROM_COORDINATES,TAXON_ID_NOT_FOUND"
3747310673,"Alligator mississippiensis (Daudin, 1801)",2022-03-20T14:01:47,2022.0,3.0,32.579038,-89.870225,8.0,,,HUMAN_OBSERVATION,50c9509d-22c7-4a22-a47d-8c48425ef4a7,,"COORDINATE_ROUNDED,CONTINENT_DERIVED_FROM_COORDINATES,TAXON_ID_NOT_FOUND"
3759601242,"Alligator mississippiensis (Daudin, 1801)",2022-03-26T14:54:34Z,2022.0,3.0,33.265592,-88.809088,6.0,,,HUMAN_OBSERVATION,50c9509d-22c7-4a22-a47d-8c48425ef4a7,,"COORDINATE_ROUNDED,CONTINENT_DERIVED_FROM_COORDINATES,TAXON_ID_NOT_FOUND"
3759897262,"Alligator mississippiensis (Daudin, 1801)",2022-03-28T10:18,2022.0,3.0,30.401021,-88.755427,8.0,,,HUMAN_OBSERVATION,50c9509d-22c7-4a22-a47d-8c48425ef4a7,,"COORDINATE_ROUNDED,CONTINENT_DERIVED_FROM_COORDINATES,TAXON_ID_NOT_FOUND"
3759945034,"Alligator mississippiensis (Daudin, 1801)",2022-03-28T10:18,2022.0,3.0,30.400811,-88.755866,61.0,,,HUMAN_OBSERVATION,50c9509d-22c7-4a22-a47d-8c48425ef4a7,,"COORDINATE_ROUNDED,CONTINENT_DERIVED_FROM_COORDINATES,TAXON_ID_NOT_FOUND"
6400227846,"Alligator mississippiensis (Daudin, 1801)",2022-03-15T11:38:28,2022.0,3.0,30.371592,-89.611054,11.0,,,HUMAN_OBSERVATION,50c9509d-22c7-4a22-a47d-8c48425ef4a7,,"COORDINATE_ROUNDED,CONTINENT_DERIVED_FROM_COORDINATES,TAXON_ID_NOT_FOUND"
3759236882,"Alligator mississippiensis (Daudin, 1801)",2022-04-04T11:32:25Z,2022.0,4.0,32.327389,-90.149189,533.0,,,HUMAN_OBSERVATION,50c9509d-22c7-4a22-a47d-8c48425ef4a7,,"COORDINATE_ROUNDED,CONTINENT_DERIVED_FROM_COORDINATES,TAXON_ID_NOT_FOUND"
3759299086,"Alligator mississippiensis (Daudin, 1801)",2022-04-15T15:14:44,2022.0,4.0,30.379166,-89.617207,100.0,,,HUMAN_OBSERVATION,50c9509d-22c7-4a22-a47d-8c48425ef4a7,,"COORDINATE_ROUNDED,CONTINENT_DERIVED_FROM_COORDINATES,TAXON_ID_NOT_FOUND"
3759311605,"Alligator mississippiensis (Daudin, 1801)",2022-04-11T12:31,2022.0,4.0,30.400855,-88.755228,,,,HUMAN_OBSERVATION,50c9509d-22c7-4a22-a47d-8c48425ef4a7,,"COORDINATE_ROUNDED,CONTINENT_DERIVED_FROM_COORDINATES,TAXON_ID_NOT_FOUND"
3759324653,"Alligator mississippiensis (Daudin, 1801)",2022-04-01T19:08:12,2022.0,4.0,30.391902,-88.799741,,,,HUMAN_OBSERVATION,50c9509d-22c7-4a22-a47d-8c48425ef4a7,,"COORDINATE_ROUNDED,CONTINENT_DERIVED_FROM_COORDINATES,TAXON_ID_NOT_FOUND"
3759329902,"Alligator mississippiensis (Daudin, 1801)",2022-04-14T10:11:32,2022.0,4.0,32.39299,-89.962959,92.0,,,HUMAN_OBSERVATION,50c9509d-22c7-4a22-a47d-8c48425ef4a7,,"COORDINATE_ROUNDED,CONTINENT_DERIVED_FROM_COORDINATES,TAXON_ID_NOT_FOUND"
3759381607,"Alligator mississippiensis (Daudin, 1801)",2022-04-19T16:03:43,2022.0,4.0,30.380457,-89.61743,105.0,,,HUMAN_OBSERVATION,50c9509d-22c7-4a22-a47d-8c48425ef4a7,,"COORDINATE_ROUNDED,CONTINENT_DERIVED_FROM_COORDINATES,TAXON_ID_NOT_FOUND"
3759392732,"Alligator mississippiensis (Daudin, 1801)",2022-04-20T11:44,2022.0,4.0,30.382252,-89.617849,386.0,,,HUMAN_OBSERVATION,50c9509d-22c7-4a22-a47d-8c48425ef4a7,,"COORDINATE_ROUNDED,CONTINENT_DERIVED_FROM_COORDINATES,TAXON_ID_NOT_FOUND"
3759423337,"Alligator mississippiensis (Daudin, 1801)",2022-04-09T04:43,2022.0,4.0,31.376573,-91.164764,80.0,,,HUMAN_OBSERVATION,50c9509d-22c7-4a22-a47d-8c48425ef4a7,,"COORDINATE_ROUNDED,CONTINENT_DERIVED_FROM_COORDINATES,TAXON_ID_NOT_FOUND"
3759434527,"Alligator mississippiensis (Daudin, 1801)",2022-04-18T16:05:37,2022.0,4.0,30.379439,-89.616495,89.0,,,HUMAN_OBSERVATION,50c9509d-22c7-4a22-a47d-8c48425ef4a7,,"COORDINATE_ROUNDED,CONTINENT_DERIVED_FROM_COORDINATES,TAXON_ID_NOT_FOUND"
3759454486,"Alligator mississippiensis (Daudin, 1801)",2022-04-18T11:42,2022.0,4.0,30.382252,-89.617849,386.0,,,HUMAN_OBSERVATION,50c9509d-22c7-4a22-a47d-8c48425ef4a7,,"COORDINATE_ROUNDED,CONTINENT_DERIVED_FROM_COORDINATES,TAXON_ID_NOT_FOUND"
3759496888,"Alligator mississippiensis (Daudin, 1801)",2022-04-14T16:03:57,2022.0,4.0,30.38059,-89.617638,78.0,,,HUMAN_OBSERVATION,50c9509d-22c7-4a22-a47d-8c48425ef4a7,,"COORDINATE_ROUNDED,CONTINENT_DERIVED_FROM_COORDINATES,TAXON_ID_NOT_FOUND"
3759585966,"Alligator mississippiensis (Daudin, 1801)",2022-04-14T09:30:52,2022.0,4.0,32.49167,-91.072975,4.0,,,HUMAN_OBSERVATION,50c9509d-22c7-4a22-a47d-8c48425ef4a7,,"CONTINENT_DERIVED_FROM_COORDINATES,TAXON_ID_NOT_FOUND"
3759645560,"Alligator mississippiensis (Daudin, 1801)",2022-04-19T16:04:26,2022.0,4.0,30.380175,-89.617441,63.0,,,HUMAN_OBSERVATION,50c9509d-22c7-4a22-a47d-8c48425ef4a7,,"COORDINATE_ROUNDED,CONTINENT_DERIVED_FROM_COORDINATES,TAXON_ID_NOT_FOUND"
3759653606,"Alligator mississippiensis (Daudin, 1801)",2022-04-20T11:44,2022.0,4.0,30.382252,-89.617849,386.0,,,HUMAN_OBSERVATION,50c9509d-22c7-4a22-a47d-8c48425ef4a7,,"COORDINATE_ROUNDED,CONTINENT_DERIVED_FROM_COORDINATES,TAXON_ID_NOT_FOUND"
3759697846,"Alligator mississippiensis (Daudin, 1801)",2022-04-13T11:46,2022.0,4.0,30.382252,-89.617849,386.0,,,HUMAN_OBSERVATION,50c9509d-22c7-4a22-a47d-8c48425ef4a7,,"COORDINATE_ROUNDED,CONTINENT_DERIVED_FROM_COORDINATES,TAXON_ID_NOT_FOUND"
3759706516,"Alligator mississippiensis (Daudin, 1801)",2022-04-19T10:40:32,2022.0,4.0,33.278338,-88.794542,10.0,,,HUMAN_OBSERVATION,50c9509d-22c7-4a22-a47d-8c48425ef4a7,,"COORDINATE_ROUNDED,CONTINENT_DERIVED_FROM_COORDINATES,TAXON_ID_NOT_FOUND"
3759780471,"Alligator mississippiensis (Daudin, 1801)",2022-04-18T16:31:56,2022.0,4.0,32.388887,-89.944978,20.0,,,HUMAN_OBSERVATION,50c9509d-22c7-4a22-a47d-8c48425ef4a7,,"COORDINATE_ROUNDED,CONTINENT_DERIVED_FROM_COORDINATES,TAXON_ID_NOT_FOUND"
3759787862,"Alligator mississippiensis (Daudin, 1801)",2022-04-13T11:47,2022.0,4.0,30.382252,-89.617849,386.0,,,HUMAN_OBSERVATION,50c9509d-22c7-4a22-a47d-8c48425ef4a7,,"COORDINATE_ROUNDED,CONTINENT_DERIVED_FROM_COORDINATES,TAXON_ID_NOT_FOUND"
3759789581,"Alligator mississippiensis (Daudin, 1801)",2022-04-19T16:05:05,2022.0,4.0,30.38035,-89.617356,130.0,,,HUMAN_OBSERVATION,50c9509d-22c7-4a22-a47d-8c48425ef4a7,,"COORDINATE_ROUNDED,CONTINENT_DERIVED_FROM_COORDINATES,TAXON_ID_NOT_FOUND"
3759820676,"Alligator mississippiensis (Daudin, 1801)",2022-04-20T14:31:48,2022.0,4.0,30.380169,-89.617538,129.0,,,HUMAN_OBSERVATION,50c9509d-22c7-4a22-a47d-8c48425ef4a7,,"COORDINATE_ROUNDED,CONTINENT_DERIVED_FROM_COORDINATES,TAXON_ID_NOT_FOUND"
3759915846,"Alligator mississippiensis (Daudin, 1801)",2022-04-13T15:14:30,2022.0,4.0,30.379663,-89.617476,81.0,,,HUMAN_OBSERVATION,50c9509d-22c7-4a22-a47d-8c48425ef4a7,,"COORDINATE_ROUNDED,CONTINENT_DERIVED_FROM_COORDINATES,TAXON_ID_NOT_FOUND"
3759946604,"Alligator mississippiensis (Daudin, 1801)",2022-04-01T12:13:26,2022.0,4.0,30.216675,-89.486348,,,,HUMAN_OBSERVATION,50c9509d-22c7-4a22-a47d-8c48425ef4a7,,"COORDINATE_ROUNDED,CONTINENT_DERIVED_FROM_COORDINATES,TAXON_ID_NOT_FOUND"
3760011050,"Alligator mississippiensis (Daudin, 1801)",2022-04-15T15:13:10,2022.0,4.0,30.380081,-89.617561,137.0,,,HUMAN_OBSERVATION,50c9509d-22c7-4a22-a47d-8c48425ef4a7,,"COORDINATE_ROUNDED,CONTINENT_DERIVED_FROM_COORDINATES,TAXON_ID_NOT_FOUND"
3760033700,"Alligator mississippiensis (Daudin, 1801)",2022-04-02T13:44,2022.0,4.0,31.403336,-91.190134,15.0,,,HUMAN_OBSERVATION,50c9509d-22c7-4a22-a47d-8c48425ef4a7,,"COORDINATE_ROUNDED,CONTINENT_DERIVED_FROM_COORDINATES,TAXON_ID_NOT_FOUND"
3760048911,"Alligator mississippiensis (Daudin, 1801)",2022-04-14T11:19,2022.0,4.0,30.382252,-89.617849,386.0,,,HUMAN_OBSERVATION,50c9509d-22c7-4a22-a47d-8c48425ef4a7,,"COORDINATE_ROUNDED,CONTINENT_DERIVED_FROM_COORDINATES,TAXON_ID_NOT_FOUND"
3760061923,"Alligator mississippiensis (Daudin, 1801)",2022-04-14T11:10,2022.0,4.0,30.382252,-89.617849,386.0,,,HUMAN_OBSERVATION,50c9509d-22c7-4a22-a47d-8c48425ef4a7,,"COORDINATE_ROUNDED,CONTINENT_DERIVED_FROM_COORDINATES,TAXON_ID_NOT_FOUND"
3760095003,"Alligator mississippiensis (Daudin, 1801)",2022-04-15T15:14:59,2022.0,4.0,30.37912,-89.617427,86.0,,,HUMAN_OBSERVATION,50c9509d-22c7-4a22-a47d-8c48425ef4a7,,"COORDINATE_ROUNDED,CONTINENT_DERIVED_FROM_COORDINATES,TAXON_ID_NOT_FOUND"
3760095902,"Alligator mississippiensis (Daudin, 1801)",2022-04-13T15:13:21,2022.0,4.0,30.380043,-89.617437,73.0,,,HUMAN_OBSERVATION,50c9509d-22c7-4a22-a47d-8c48425ef4a7,,"COORDINATE_ROUNDED,CONTINENT_DERIVED_FROM_COORDINATES,TAXON_ID_NOT_FOUND"
3760135695,"Alligator mississippiensis (Daudin, 1801)",2022-04-11T12:58,2022.0,4.0,30.40075,-88.754848,,,,HUMAN_OBSERVATION,50c9509d-22c7-4a22-a47d-8c48425ef4a7,,"COORDINATE_ROUNDED,CONTINENT_DERIVED_FROM_COORDINATES,TAXON_ID_NOT_FOUND"
3760181981,"Alligator mississippiensis (Daudin, 1801)",2022-04-14T11:24,2022.0,4.0,30.382252,-89.617849,386.0,,,HUMAN_OBSERVATION,50c9509d-22c7-4a22-a47d-8c48425ef4a7,,"COORDINATE_ROUNDED,CONTINENT_DERIVED_FROM_COORDINATES,TAXON_ID_NOT_FOUND"
3760191293,"Alligator mississippiensis (Daudin, 1801)",2022-04-02T15:18,2022.0,4.0,30.432045,-88.658222,,,,HUMAN_OBSERVATION,50c9509d-22c7-4a22-a47d-8c48425ef4a7,,"COORDINATE_ROUNDED,CONTINENT_DERIVED_FROM_COORDINATES,TAXON_ID_NOT_FOUND"
3760215954,"Alligator mississippiensis (Daudin, 1801)",2022-04-14T11:33,2022.0,4.0,30.382252,-89.617849,386.0,,,HUMAN_OBSERVATION,50c9509d-22c7-4a22-a47d-8c48425ef4a7,,"COORDINATE_ROUNDED,CONTINENT_DERIVED_FROM_COORDINATES,TAXON_ID_NOT_FOUND"
3760256955,"Alligator mississippiensis (Daudin, 1801)",2022-04-14T16:03:18,2022.0,4.0,30.380104,-89.617449,96.0,,,HUMAN_OBSERVATION,50c9509d-22c7-4a22-a47d-8c48425ef4a7,,"COORDINATE_ROUNDED,CONTINENT_DERIVED_FROM_COORDINATES,TAXON_ID_NOT_FOUND"
3760304293,"Alligator mississippiensis (Daudin, 1801)",2022-04-17T09:56:20,2022.0,4.0,32.461802,-90.115364,5525.0,,,HUMAN_OBSERVATION,50c9509d-22c7-4a22-a47d-8c48425ef4a7,,"COORDINATE_ROUNDED,CONTINENT_DERIVED_FROM_COORDINATES,TAXON_ID_NOT_FOUND"
3760338678,"Alligator mississippiensis (Daudin, 1801)",2022-04-20T11:27,2022.0,4.0,30.382252,-89.617849,386.0,,,HUMAN_OBSERVATION,50c9509d-22c7-4a22-a47d-8c48425ef4a7,,"COORDINATE_ROUNDED,CONTINENT_DERIVED_FROM_COORDINATES,TAXON_ID_NOT_FOUND"
3760362919,"Alligator mississippiensis (Daudin, 1801)",2022-04-13T15:10:37,2022.0,4.0,30.379956,-89.617271,94.0,,,HUMAN_OBSERVATION,50c9509d-22c7-4a22-a47d-8c48425ef4a7,,"COORDINATE_ROUNDED,CONTINENT_DERIVED_FROM_COORDINATES,TAXON_ID_NOT_FOUND"
3760395543,"Alligator mississippiensis (Daudin, 1801)",2022-04-18T14:40:35,2022.0,4.0,32.578655,-89.869745,3.0,,,HUMAN_OBSERVATION,50c9509d-22c7-4a22-a47d-8c48425ef4a7,,"CONTINENT_DERIVED_FROM_COORDINATES,TAXON_ID_NOT_FOUND"
3760404452,"Alligator mississippiensis (Daudin, 1801)",2022-04-18T16:02:43,2022.0,4.0,30.379892,-89.617378,110.0,,,HUMAN_OBSERVATION,50c9509d-22c7-4a22-a47d-8c48425ef4a7,,"COORDINATE_ROUNDED,CONTINENT_DERIVED_FROM_COORDINATES,TAXON_ID_NOT_FOUND"
3760404453,"Alligator mississippiensis (Daudin, 1801)",2022-04-18T16:01:48,2022.0,4.0,30.380138,-89.617536,98.0,,,HUMAN_OBSERVATION,50c9509d-22c7-4a22-a47d-8c48425ef4a7,,"COORDINATE_ROUNDED,CONTINENT_DERIVED_FROM_COORDINATES,TAXON_ID_NOT_FOUND"
3764117674,"Alligator mississippiensis (Daudin, 1801)",2022-04-23T14:18,2022.0,4.0,31.362469,-91.416743,180.0,,,HUMAN_OBSERVATION,50c9509d-22c7-4a22-a47d-8c48425ef4a7,,"COORDINATE_ROUNDED,CONTINENT_DERIVED_FROM_COORDINATES,TAXON_ID_NOT_FOUND"
3764165886,"Alligator mississippiensis (Daudin, 1801)",2022-04-23T18:15:42,2022.0,4.0,32.3157,-90.377587,33.0,,,HUMAN_OBSERVATION,50c9509d-22c7-4a22-a47d-8c48425ef4a7,,"COORDINATE_ROUNDED,CONTINENT_DERIVED_FROM_COORDINATES,TAXON_ID_NOT_FOUND"
3764177164,"Alligator mississippiensis (Daudin, 1801)",2022-04-27T10:12:06,2022.0,4.0,30.379738,-89.617609,59.0,,,HUMAN_OBSERVATION,50c9509d-22c7-4a22-a47d-8c48425ef4a7,,"COORDINATE_ROUNDED,CONTINENT_DERIVED_FROM_COORDINATES,TAXON_ID_NOT_FOUND"
3764202789,"Alligator mississippiensis (Daudin, 1801)",2022-04-24T12:44:46,2022.0,4.0,32.578545,-89.870378,3.0,,,HUMAN_OBSERVATION,50c9509d-22c7-4a22-a47d-8c48425ef4a7,,"COORDINATE_ROUNDED,CONTINENT_DERIVED_FROM_COORDINATES,TAXON_ID_NOT_FOUND"
3764206662,"Alligator mississippiensis (Daudin, 1801)",2022-04-23T11:56:32,2022.0,4.0,32.522638,-89.966317,10.0,,,HUMAN_OBSERVATION,50c9509d-22c7-4a22-a47d-8c48425ef4a7,,"COORDINATE_ROUNDED,CONTINENT_DERIVED_FROM_COORDINATES,TAXON_ID_NOT_FOUND"
3764207990,"Alligator mississippiensis (Daudin, 1801)",2022-04-25T16:01:23,2022.0,4.0,30.379335,-89.616463,74.0,,,HUMAN_OBSERVATION,50c9509d-22c7-4a22-a47d-8c48425ef4a7,,"COORDINATE_ROUNDED,CONTINENT_DERIVED_FROM_COORDINATES,TAXON_ID_NOT_FOUND"
3764213674,"Alligator mississippiensis (Daudin, 1801)",2022-04-23T11:09:37,2022.0,4.0,32.578572,-89.8704,4.0,,,HUMAN_OBSERVATION,50c9509d-22c7-4a22-a47d-8c48425ef4a7,,"COORDINATE_ROUNDED,CONTINENT_DERIVED_FROM_COORDINATES,TAXON_ID_NOT_FOUND"
3764330808,"Alligator mississippiensis (Daudin, 1801)",2022-04-24T18:39:13,2022.0,4.0,32.578542,-89.870383,23.0,,,HUMAN_OBSERVATION,50c9509d-22c7-4a22-a47d-8c48425ef4a7,,"COORDINATE_ROUNDED,CONTINENT_DERIVED_FROM_COORDINATES,TAXON_ID_NOT_FOUND"
3764380067,"Alligator mississippiensis (Daudin, 1801)",2022-04-26T16:08:03,2022.0,4.0,30.379382,-89.615943,114.0,,,HUMAN_OBSERVATION,50c9509d-22c7-4a22-a47d-8c48425ef4a7,,"COORDINATE_ROUNDED,CONTINENT_DERIVED_FROM_COORDINATES,TAXON_ID_NOT_FOUND"
3764381263,"Alligator mississippiensis (Daudin, 1801)",2022-04-26T07:17:03,2022.0,4.0,30.392155,-88.775688,3.0,,,HUMAN_OBSERVATION,50c9509d-22c7-4a22-a47d-8c48425ef4a7,,"COORDINATE_ROUNDED,CONTINENT_DERIVED_FROM_COORDINATES,TAXON_ID_NOT_FOUND"
3764396669,"Alligator mississippiensis (Daudin, 1801)",2022-04-23T11:10:23,2022.0,4.0,32.578638,-89.870338,4.0,,,HUMAN_OBSERVATION,50c9509d-22c7-4a22-a47d-8c48425ef4a7,,"COORDINATE_ROUNDED,CONTINENT_DERIVED_FROM_COORDINATES,TAXON_ID_NOT_FOUND"
3764498992,"Alligator mississippiensis (Daudin, 1801)",2022-04-25T11:31,2022.0,4.0,30.382252,-89.617849,386.0,,,HUMAN_OBSERVATION,50c9509d-22c7-4a22-a47d-8c48425ef4a7,,"COORDINATE_ROUNDED,CONTINENT_DERIVED_FROM_COORDINATES,TAXON_ID_NOT_FOUND"
3764506773,"Alligator mississippiensis (Daudin, 1801)",2022-04-24T11:34:11,2022.0,4.0,32.453117,-90.075893,32.0,,,HUMAN_OBSERVATION,50c9509d-22c7-4a22-a47d-8c48425ef4a7,,"COORDINATE_ROUNDED,CONTINENT_DERIVED_FROM_COORDINATES,TAXON_ID_NOT_FOUND"
3764510193,"Alligator mississippiensis (Daudin, 1801)",2022-04-27T10:14:33,2022.0,4.0,30.380238,-89.61789,61.0,,,HUMAN_OBSERVATION,50c9509d-22c7-4a22-a47d-8c48425ef4a7,,"COORDINATE_ROUNDED,CONTINENT_DERIVED_FROM_COORDINATES,TAXON_ID_NOT_FOUND"
3764511977,"Alligator mississippiensis (Daudin, 1801)",2022-04-25T11:23,2022.0,4.0,30.382252,-89.617849,386.0,,,HUMAN_OBSERVATION,50c9509d-22c7-4a22-a47d-8c48425ef4a7,,"COORDINATE_ROUNDED,CONTINENT_DERIVED_FROM_COORDINATES,TAXON_ID_NOT_FOUND"
3764513923,"Alligator mississippiensis (Daudin, 1801)",2022-04-25T11:31,2022.0,4.0,30.382252,-89.617849,386.0,,,HUMAN_OBSERVATION,50c9509d-22c7-4a22-a47d-8c48425ef4a7,,"COORDINATE_ROUNDED,CONTINENT_DERIVED_FROM_COORDINATES,TAXON_ID_NOT_FOUND"
3772587914,"Alligator mississippiensis (Daudin, 1801)",2022-04-27T15:34:57,2022.0,4.0,30.36402,-89.090003,3.0,,,HUMAN_OBSERVATION,50c9509d-22c7-4a22-a47d-8c48425ef4a7,,"COORDINATE_ROUNDED,CONTINENT_DERIVED_FROM_COORDINATES,TAXON_ID_NOT_FOUND"
3772969258,"Alligator mississippiensis (Daudin, 1801)",2022-04-27T16:00,2022.0,4.0,30.397373,-88.791978,8.0,,,HUMAN_OBSERVATION,50c9509d-22c7-4a22-a47d-8c48425ef4a7,,"COORDINATE_ROUNDED,CONTINENT_DERIVED_FROM_COORDINATES,TAXON_ID_NOT_FOUND"
3802761344,"Alligator mississippiensis (Daudin, 1801)",2022-04-24T13:26:34,2022.0,4.0,33.271553,-88.775872,,,,HUMAN_OBSERVATION,50c9509d-22c7-4a22-a47d-8c48425ef4a7,,"COORDINATE_ROUNDED,CONTINENT_DERIVED_FROM_COORDINATES,TAXON_ID_NOT_FOUND"
3963409924,"Alligator mississippiensis (Daudin, 1801)",2022-04-28T09:01,2022.0,4.0,30.217648,-89.486262,47.0,,,HUMAN_OBSERVATION,50c9509d-22c7-4a22-a47d-8c48425ef4a7,,"COORDINATE_ROUNDED,CONTINENT_DERIVED_FROM_COORDINATES,TAXON_ID_NOT_FOUND"
3963494895,"Alligator mississippiensis (Daudin, 1801)",2022-04-28T09:40,2022.0,4.0,30.217462,-89.483946,,,,HUMAN_OBSERVATION,50c9509d-22c7-4a22-a47d-8c48425ef4a7,,"COORDINATE_ROUNDED,CONTINENT_DERIVED_FROM_COORDINATES,TAXON_ID_NOT_FOUND"
5176895645,"Alligator mississippiensis (Daudin, 1801)",2022-04-12T11:02,2022.0,4.0,30.36957,-89.185245,92.0,,,HUMAN_OBSERVATION,50c9509d-22c7-4a22-a47d-8c48425ef4a7,,"COORDINATE_ROUNDED,CONTINENT_DERIVED_FROM_COORDINATES,TAXON_ID_NOT_FOUND"
3772551667,"Alligator mississippiensis (Daudin, 1801)",2022-05-10T11:45,2022.0,5.0,30.382252,-89.617849,386.0,,,HUMAN_OBSERVATION,50c9509d-22c7-4a22-a47d-8c48425ef4a7,,"COORDINATE_ROUNDED,CONTINENT_DERIVED_FROM_COORDINATES,TAXON_ID_NOT_FOUND"
3772819642,"Alligator mississippiensis (Daudin, 1801)",2022-05-02T17:14,2022.0,5.0,30.377177,-88.518337,31.0,,,HUMAN_OBSERVATION,50c9509d-22c7-4a22-a47d-8c48425ef4a7,,"COORDINATE_ROUNDED,CONTINENT_DERIVED_FROM_COORDINATES,TAXON_ID_NOT_FOUND"
3773060423,"Alligator mississippiensis (Daudin, 1801)",2022-05-08T13:50,2022.0,5.0,32.474091,-89.801996,29093.0,,,HUMAN_OBSERVATION,50c9509d-22c7-4a22-a47d-8c48425ef4a7,,"COORDINATE_ROUNDED,CONTINENT_DERIVED_FROM_COORDINATES,TAXON_ID_NOT_FOUND"
3773121986,"Alligator mississippiensis (Daudin, 1801)",2022-05-12T11:48:16,2022.0,5.0,30.393676,-88.798259,35.0,,,HUMAN_OBSERVATION,50c9509d-22c7-4a22-a47d-8c48425ef4a7,,"COORDINATE_ROUNDED,CONTINENT_DERIVED_FROM_COORDINATES,TAXON_ID_NOT_FOUND"
3773197298,"Alligator mississippiensis (Daudin, 1801)",2022-05-11T10:09:31,2022.0,5.0,30.473962,-88.662133,7.0,,,HUMAN_OBSERVATION,50c9509d-22c7-4a22-a47d-8c48425ef4a7,,"COORDINATE_ROUNDED,CONTINENT_DERIVED_FROM_COORDINATES,TAXON_ID_NOT_FOUND"
3773388438,"Alligator mississippiensis (Daudin, 1801)",2022-05-12T09:43:17,2022.0,5.0,30.467851,-88.619884,1907.0,,,HUMAN_OBSERVATION,50c9509d-22c7-4a22-a47d-8c48425ef4a7,,"COORDINATE_ROUNDED,CONTINENT_DERIVED_FROM_COORDINATES,TAXON_ID_NOT_FOUND"
3773442573,"Alligator mississippiensis (Daudin, 1801)",2022-05-07T19:57:04,2022.0,5.0,33.27275,-88.776872,36.0,,,HUMAN_OBSERVATION,50c9509d-22c7-4a22-a47d-8c48425ef4a7,,"COORDINATE_ROUNDED,CONTINENT_DERIVED_FROM_COORDINATES,TAXON_ID_NOT_FOUND"
3773554460,"Alligator mississippiensis (Daudin, 1801)",2022-05-03T16:01:28,2022.0,5.0,30.379888,-89.617476,118.0,,,HUMAN_OBSERVATION,50c9509d-22c7-4a22-a47d-8c48425ef4a7,,"COORDINATE_ROUNDED,CONTINENT_DERIVED_FROM_COORDINATES,TAXON_ID_NOT_FOUND"
3773563914,"Alligator mississippiensis (Daudin, 1801)",2022-05-06T11:27,2022.0,5.0,33.612934,-90.195629,28930.0,,,HUMAN_OBSERVATION,50c9509d-22c7-4a22-a47d-8c48425ef4a7,,"COORDINATE_ROUNDED,CONTINENT_DERIVED_FROM_COORDINATES,TAXON_ID_NOT_FOUND"
3773739229,"Alligator mississippiensis (Daudin, 1801)",2022-05-03T11:14,2022.0,5.0,30.382252,-89.617849,386.0,,,HUMAN_OBSERVATION,50c9509d-22c7-4a22-a47d-8c48425ef4a7,,"COORDINATE_ROUNDED,CONTINENT_DERIVED_FROM_COORDINATES,TAXON_ID_NOT_FOUND"
3773763081,"Alligator mississippiensis (Daudin, 1801)",2022-05-09T16:05:27,2022.0,5.0,30.380046,-89.616916,82.0,,,HUMAN_OBSERVATION,50c9509d-22c7-4a22-a47d-8c48425ef4a7,,"COORDINATE_ROUNDED,CONTINENT_DERIVED_FROM_COORDINATES,TAXON_ID_NOT_FOUND"
3773776467,"Alligator mississippiensis (Daudin, 1801)",2022-05-10T11:41,2022.0,5.0,30.382252,-89.617849,386.0,,,HUMAN_OBSERVATION,50c9509d-22c7-4a22-a47d-8c48425ef4a7,,"COORDINATE_ROUNDED,CONTINENT_DERIVED_FROM_COORDINATES,TAXON_ID_NOT_FOUND"
3784633737,"Alligator mississippiensis (Daudin, 1801)",2022-05-13T15:07:36,2022.0,5.0,30.380168,-89.617256,131.0,,,HUMAN_OBSERVATION,50c9509d-22c7-4a22-a47d-8c48425ef4a7,,"COORDINATE_ROUNDED,CONTINENT_DERIVED_FROM_COORDINATES,TAXON_ID_NOT_FOUND"
3784720155,"Alligator mississippiensis (Daudin, 1801)",2022-05-16T20:02:59,2022.0,5.0,33.277517,-88.777322,4.0,,,HUMAN_OBSERVATION,50c9509d-22c7-4a22-a47d-8c48425ef4a7,,"COORDINATE_ROUNDED,CONTINENT_DERIVED_FROM_COORDINATES,TAXON_ID_NOT_FOUND"
3784752244,"Alligator mississippiensis (Daudin, 1801)",2022-05-16T11:51,2022.0,5.0,30.382252,-89.617849,386.0,,,HUMAN_OBSERVATION,50c9509d-22c7-4a22-a47d-8c48425ef4a7,,"COORDINATE_ROUNDED,CONTINENT_DERIVED_FROM_COORDINATES,TAXON_ID_NOT_FOUND"
3785018831,"Alligator mississippiensis (Daudin, 1801)",2022-05-07T11:39,2022.0,5.0,30.393868,-88.788142,57.0,,,HUMAN_OBSERVATION,50c9509d-22c7-4a22-a47d-8c48425ef4a7,,"COORDINATE_ROUNDED,CONTINENT_DERIVED_FROM_COORDINATES,TAXON_ID_NOT_FOUND"
3785109374,"Alligator mississippiensis (Daudin, 1801)",2022-05-16T19:41:51,2022.0,5.0,33.277697,-88.777405,4.0,,,HUMAN_OBSERVATION,50c9509d-22c7-4a22-a47d-8c48425ef4a7,,"COORDINATE_ROUNDED,CONTINENT_DERIVED_FROM_COORDINATES,TAXON_ID_NOT_FOUND"
3785147346,"Alligator mississippiensis (Daudin, 1801)",2022-05-17T12:27:32,2022.0,5.0,33.262517,-88.777712,4.0,,,HUMAN_OBSERVATION,50c9509d-22c7-4a22-a47d-8c48425ef4a7,,"COORDINATE_ROUNDED,CONTINENT_DERIVED_FROM_COORDINATES,TAXON_ID_NOT_FOUND"
3802270243,"Alligator mississippiensis (Daudin, 1801)",2022-05-21T15:06,2022.0,5.0,32.388483,-90.041604,325.0,,,HUMAN_OBSERVATION,50c9509d-22c7-4a22-a47d-8c48425ef4a7,,"COORDINATE_ROUNDED,CONTINENT_DERIVED_FROM_COORDINATES,TAXON_ID_NOT_FOUND"
3802333835,"Alligator mississippiensis (Daudin, 1801)",2022-05-26T11:27,2022.0,5.0,30.382252,-89.617849,386.0,,,HUMAN_OBSERVATION,50c9509d-22c7-4a22-a47d-8c48425ef4a7,,"COORDINATE_ROUNDED,CONTINENT_DERIVED_FROM_COORDINATES,TAXON_ID_NOT_FOUND"
3802395774,"Alligator mississippiensis (Daudin, 1801)",2022-05-26T11:29,2022.0,5.0,30.382252,-89.617849,386.0,,,HUMAN_OBSERVATION,50c9509d-22c7-4a22-a47d-8c48425ef4a7,,"COORDINATE_ROUNDED,CONTINENT_DERIVED_FROM_COORDINATES,TAXON_ID_NOT_FOUND"
3802448371,"Alligator mississippiensis (Daudin, 1801)",2022-05-21T11:41,2022.0,5.0,33.278395,-88.757345,,,,HUMAN_OBSERVATION,50c9509d-22c7-4a22-a47d-8c48425ef4a7,,"CONTINENT_DERIVED_FROM_COORDINATES,TAXON_ID_NOT_FOUND"
3802470425,"Alligator mississippiensis (Daudin, 1801)",2022-05-21T07:31,2022.0,5.0,32.388483,-90.041604,325.0,,,HUMAN_OBSERVATION,50c9509d-22c7-4a22-a47d-8c48425ef4a7,,"COORDINATE_ROUNDED,CONTINENT_DERIVED_FROM_COORDINATES,TAXON_ID_NOT_FOUND"
3802499480,"Alligator mississippiensis (Daudin, 1801)",2022-05-14T11:07:54,2022.0,5.0,33.273658,-88.790383,10.0,,,HUMAN_OBSERVATION,50c9509d-22c7-4a22-a47d-8c48425ef4a7,,"COORDINATE_ROUNDED,CONTINENT_DERIVED_FROM_COORDINATES,TAXON_ID_NOT_FOUND"
3802508787,"Alligator mississippiensis (Daudin, 1801)",2022-05-21T15:08,2022.0,5.0,32.388483,-90.041604,325.0,,,HUMAN_OBSERVATION,50c9509d-22c7-4a22-a47d-8c48425ef4a7,,"COORDINATE_ROUNDED,CONTINENT_DERIVED_FROM_COORDINATES,TAXON_ID_NOT_FOUND"
3802582410,"Alligator mississippiensis (Daudin, 1801)",2022-05-26T11:33,2022.0,5.0,30.382252,-89.617849,386.0,,,HUMAN_OBSERVATION,50c9509d-22c7-4a22-a47d-8c48425ef4a7,,"COORDINATE_ROUNDED,CONTINENT_DERIVED_FROM_COORDINATES,TAXON_ID_NOT_FOUND"
3802592153,"Alligator mississippiensis (Daudin, 1801)",2022-05-20T14:07,2022.0,5.0,32.325582,-90.149631,,,,HUMAN_OBSERVATION,50c9509d-22c7-4a22-a47d-8c48425ef4a7,,"COORDINATE_ROUNDED,CONTINENT_DERIVED_FROM_COORDINATES,TAXON_ID_NOT_FOUND"
3802649841,"Alligator mississippiensis (Daudin, 1801)",2022-05-20T14:49,2022.0,5.0,32.326721,-90.14625,,,,HUMAN_OBSERVATION,50c9509d-22c7-4a22-a47d-8c48425ef4a7,,"COORDINATE_ROUNDED,CONTINENT_DERIVED_FROM_COORDINATES,TAXON_ID_NOT_FOUND"
3802783856,"Alligator mississippiensis (Daudin, 1801)",2022-05-20T14:08,2022.0,5.0,32.325586,-90.149908,,,,HUMAN_OBSERVATION,50c9509d-22c7-4a22-a47d-8c48425ef4a7,,"COORDINATE_ROUNDED,CONTINENT_DERIVED_FROM_COORDINATES,TAXON_ID_NOT_FOUND"
3860381306,"Alligator mississippiensis (Daudin, 1801)",2022-05-07T11:38,2022.0,5.0,30.393885,-88.787824,265.0,,,HUMAN_OBSERVATION,50c9509d-22c7-4a22-a47d-8c48425ef4a7,,"COORDINATE_ROUNDED,CONTINENT_DERIVED_FROM_COORDINATES,TAXON_ID_NOT_FOUND"
3860398500,"Alligator mississippiensis (Daudin, 1801)",2022-05-29T08:53:59,2022.0,5.0,31.360675,-91.416755,4.0,,,HUMAN_OBSERVATION,50c9509d-22c7-4a22-a47d-8c48425ef4a7,,"CONTINENT_DERIVED_FROM_COORDINATES,TAXON_ID_NOT_FOUND"
4981980377,"Alligator mississippiensis (Daudin, 1801)",2022-05-28T12:19,2022.0,5.0,30.37238,-88.699907,31.0,,,HUMAN_OBSERVATION,50c9509d-22c7-4a22-a47d-8c48425ef4a7,,"COORDINATE_ROUNDED,CONTINENT_DERIVED_FROM_COORDINATES,TAXON_ID_NOT_FOUND"
5008115570,"Alligator mississippiensis (Daudin, 1801)",2022-05-01T16:17,2022.0,5.0,32.326465,-90.146346,15.0,,,HUMAN_OBSERVATION,50c9509d-22c7-4a22-a47d-8c48425ef4a7,,"COORDINATE_ROUNDED,CONTINENT_DERIVED_FROM_COORDINATES,TAXON_ID_NOT_FOUND"
6186041501,"Alligator mississippiensis (Daudin, 1801)",2022-05-30T19:22:50,2022.0,5.0,31.339631,-91.437293,266.0,,,HUMAN_OBSERVATION,50c9509d-22c7-4a22-a47d-8c48425ef4a7,,"COORDINATE_ROUNDED,CONTINENT_DERIVED_FROM_COORDINATES,TAXON_ID_NOT_FOUND"
6399425340,"Alligator mississippiensis (Daudin, 1801)",2022-05-25T11:54:11,2022.0,5.0,30.376019,-89.609062,5.0,,,HUMAN_OBSERVATION,50c9509d-22c7-4a22-a47d-8c48425ef4a7,,"COORDINATE_ROUNDED,CONTINENT_DERIVED_FROM_COORDINATES,TAXON_ID_NOT_FOUND"
3858421078,"Alligator mississippiensis (Daudin, 1801)",2022-06-01T11:08,2022.0,6.0,30.382252,-89.617849,386.0,,,HUMAN_OBSERVATION,50c9509d-22c7-4a22-a47d-8c48425ef4a7,,"COORDINATE_ROUNDED,CONTINENT_DERIVED_FROM_COORDINATES,TAXON_ID_NOT_FOUND"
3858475964,"Alligator mississippiensis (Daudin, 1801)",2022-06-01T11:07,2022.0,6.0,30.382252,-89.617849,386.0,,,HUMAN_OBSERVATION,50c9509d-22c7-4a22-a47d-8c48425ef4a7,,"COORDINATE_ROUNDED,CONTINENT_DERIVED_FROM_COORDINATES,TAXON_ID_NOT_FOUND"
3858557665,"Alligator mississippiensis (Daudin, 1801)",2022-06-14T11:24,2022.0,6.0,30.382252,-89.617849,386.0,,,HUMAN_OBSERVATION,50c9509d-22c7-4a22-a47d-8c48425ef4a7,,"COORDINATE_ROUNDED,CONTINENT_DERIVED_FROM_COORDINATES,TAXON_ID_NOT_FOUND"
3858713709,"Alligator mississippiensis (Daudin, 1801)",2022-06-22T06:25:50,2022.0,6.0,30.249118,-89.067339,155.0,,,HUMAN_OBSERVATION,50c9509d-22c7-4a22-a47d-8c48425ef4a7,,"COORDINATE_ROUNDED,CONTINENT_DERIVED_FROM_COORDINATES,TAXON_ID_NOT_FOUND"
3859420724,"Alligator mississippiensis (Daudin, 1801)",2022-06-06T11:25:18,2022.0,6.0,30.379935,-89.617027,84.0,,,HUMAN_OBSERVATION,50c9509d-22c7-4a22-a47d-8c48425ef4a7,,"COORDINATE_ROUNDED,CONTINENT_DERIVED_FROM_COORDINATES,TAXON_ID_NOT_FOUND"
3859686675,"Alligator mississippiensis (Daudin, 1801)",2022-06-30T12:48:48,2022.0,6.0,32.57977,-89.869513,17.0,,,HUMAN_OBSERVATION,50c9509d-22c7-4a22-a47d-8c48425ef4a7,,"COORDINATE_ROUNDED,CONTINENT_DERIVED_FROM_COORDINATES,TAXON_ID_NOT_FOUND"
3859709538,"Alligator mississippiensis (Daudin, 1801)",2022-06-28T19:45:39,2022.0,6.0,32.38842,-90.049263,3.0,,,HUMAN_OBSERVATION,50c9509d-22c7-4a22-a47d-8c48425ef4a7,,"COORDINATE_ROUNDED,CONTINENT_DERIVED_FROM_COORDINATES,TAXON_ID_NOT_FOUND"
3859893666,"Alligator mississippiensis (Daudin, 1801)",2022-06-30T12:20,2022.0,6.0,30.382252,-89.617849,386.0,,,HUMAN_OBSERVATION,50c9509d-22c7-4a22-a47d-8c48425ef4a7,,"COORDINATE_ROUNDED,CONTINENT_DERIVED_FROM_COORDINATES,TAXON_ID_NOT_FOUND"
3860199004,"Alligator mississippiensis (Daudin, 1801)",2022-06-01T07:28,2022.0,6.0,30.382252,-89.617849,386.0,,,HUMAN_OBSERVATION,50c9509d-22c7-4a22-a47d-8c48425ef4a7,,"COORDINATE_ROUNDED,CONTINENT_DERIVED_FROM_COORDINATES,TAXON_ID_NOT_FOUND"
3860269712,"Alligator mississippiensis (Daudin, 1801)",2022-06-06T11:44:33,2022.0,6.0,30.380041,-89.616906,53.0,,,HUMAN_OBSERVATION,50c9509d-22c7-4a22-a47d-8c48425ef4a7,,"COORDINATE_ROUNDED,CONTINENT_DERIVED_FROM_COORDINATES,TAXON_ID_NOT_FOUND"
3860317410,"Alligator mississippiensis (Daudin, 1801)",2022-06-04T15:04:48,2022.0,6.0,32.378649,-90.01678,35.0,,,HUMAN_OBSERVATION,50c9509d-22c7-4a22-a47d-8c48425ef4a7,,"COORDINATE_ROUNDED,CONTINENT_DERIVED_FROM_COORDINATES,TAXON_ID_NOT_FOUND"
3860389906,"Alligator mississippiensis (Daudin, 1801)",2022-06-07T09:54:13,2022.0,6.0,33.532034,-88.498019,82.0,,,HUMAN_OBSERVATION,50c9509d-22c7-4a22-a47d-8c48425ef4a7,,"COORDINATE_ROUNDED,CONTINENT_DERIVED_FROM_COORDINATES,TAXON_ID_NOT_FOUND"
3860421689,"Alligator mississippiensis (Daudin, 1801)",2022-06-06T15:55:18,2022.0,6.0,30.380311,-89.617054,107.0,,,HUMAN_OBSERVATION,50c9509d-22c7-4a22-a47d-8c48425ef4a7,,"COORDINATE_ROUNDED,CONTINENT_DERIVED_FROM_COORDINATES,TAXON_ID_NOT_FOUND"
3858730069,"Alligator mississippiensis (Daudin, 1801)",2022-07-02T13:41,2022.0,7.0,31.361497,-91.417723,195.0,,,HUMAN_OBSERVATION,50c9509d-22c7-4a22-a47d-8c48425ef4a7,,"COORDINATE_ROUNDED,CONTINENT_DERIVED_FROM_COORDINATES,TAXON_ID_NOT_FOUND"
3858776288,"Alligator mississippiensis (Daudin, 1801)",2022-07-03T19:43,2022.0,7.0,30.339929,-88.602765,29382.0,,,HUMAN_OBSERVATION,50c9509d-22c7-4a22-a47d-8c48425ef4a7,,"COORDINATE_ROUNDED,CONTINENT_DERIVED_FROM_COORDINATES,TAXON_ID_NOT_FOUND"
3858838086,"Alligator mississippiensis (Daudin, 1801)",2022-07-03T08:24:21,2022.0,7.0,30.33532,-88.74021,29382.0,,,HUMAN_OBSERVATION,50c9509d-22c7-4a22-a47d-8c48425ef4a7,,"COORDINATE_ROUNDED,CONTINENT_DERIVED_FROM_COORDINATES,TAXON_ID_NOT_FOUND"
3858887064,"Alligator mississippiensis (Daudin, 1801)",2022-07-03T13:39:12,2022.0,7.0,30.233289,-88.682226,29382.0,,,HUMAN_OBSERVATION,50c9509d-22c7-4a22-a47d-8c48425ef4a7,,"COORDINATE_ROUNDED,CONTINENT_DERIVED_FROM_COORDINATES,TAXON_ID_NOT_FOUND"
3859825841,"Alligator mississippiensis (Daudin, 1801)",2022-07-01T07:58,2022.0,7.0,30.382252,-89.617849,386.0,,,HUMAN_OBSERVATION,50c9509d-22c7-4a22-a47d-8c48425ef4a7,,"COORDINATE_ROUNDED,CONTINENT_DERIVED_FROM_COORDINATES,TAXON_ID_NOT_FOUND"
3860739269,"Alligator mississippiensis (Daudin, 1801)",2022-07-02T10:24,2022.0,7.0,30.214108,-88.731512,29382.0,,,HUMAN_OBSERVATION,50c9509d-22c7-4a22-a47d-8c48425ef4a7,,"COORDINATE_ROUNDED,CONTINENT_DERIVED_FROM_COORDINATES,TAXON_ID_NOT_FOUND"
3873147917,"Alligator mississippiensis (Daudin, 1801)",2022-07-13T11:37,2022.0,7.0,30.382252,-89.617849,386.0,,,HUMAN_OBSERVATION,50c9509d-22c7-4a22-a47d-8c48425ef4a7,,"COORDINATE_ROUNDED,CONTINENT_DERIVED_FROM_COORDINATES,TAXON_ID_NOT_FOUND"
3873447274,"Alligator mississippiensis (Daudin, 1801)",2022-07-08T11:42,2022.0,7.0,30.382252,-89.617849,386.0,,,HUMAN_OBSERVATION,50c9509d-22c7-4a22-a47d-8c48425ef4a7,,"COORDINATE_ROUNDED,CONTINENT_DERIVED_FROM_COORDINATES,TAXON_ID_NOT_FOUND"
3873998964,"Alligator mississippiensis (Daudin, 1801)",2022-07-11T12:03,2022.0,7.0,30.382252,-89.617849,386.0,,,HUMAN_OBSERVATION,50c9509d-22c7-4a22-a47d-8c48425ef4a7,,"COORDINATE_ROUNDED,CONTINENT_DERIVED_FROM_COORDINATES,TAXON_ID_NOT_FOUND"
3874011805,"Alligator mississippiensis (Daudin, 1801)",2022-07-13T11:38:02,2022.0,7.0,30.380011,-89.617052,90.0,,,HUMAN_OBSERVATION,50c9509d-22c7-4a22-a47d-8c48425ef4a7,,"COORDINATE_ROUNDED,CONTINENT_DERIVED_FROM_COORDINATES,TAXON_ID_NOT_FOUND"
4439011449,"Alligator mississippiensis (Daudin, 1801)",2022-07-13T15:55:30,2022.0,7.0,30.397946,-88.790015,119.0,,,HUMAN_OBSERVATION,50c9509d-22c7-4a22-a47d-8c48425ef4a7,,"COORDINATE_ROUNDED,CONTINENT_DERIVED_FROM_COORDINATES,TAXON_ID_NOT_FOUND"
3888768636,"Alligator mississippiensis (Daudin, 1801)",2022-08-03T11:23:41,2022.0,8.0,30.380265,-89.616632,68.0,,,HUMAN_OBSERVATION,50c9509d-22c7-4a22-a47d-8c48425ef4a7,,"COORDINATE_ROUNDED,CONTINENT_DERIVED_FROM_COORDINATES,TAXON_ID_NOT_FOUND"
3888769837,"Alligator mississippiensis (Daudin, 1801)",2022-08-04T16:02:33,2022.0,8.0,30.379585,-89.616438,67.0,,,HUMAN_OBSERVATION,50c9509d-22c7-4a22-a47d-8c48425ef4a7,,"COORDINATE_ROUNDED,CONTINENT_DERIVED_FROM_COORDINATES,TAXON_ID_NOT_FOUND"
3888863191,"Alligator mississippiensis (Daudin, 1801)",2022-08-05T16:07:14,2022.0,8.0,30.380202,-89.616632,101.0,,,HUMAN_OBSERVATION,50c9509d-22c7-4a22-a47d-8c48425ef4a7,,"COORDINATE_ROUNDED,CONTINENT_DERIVED_FROM_COORDINATES,TAXON_ID_NOT_FOUND"
3888885852,"Alligator mississippiensis (Daudin, 1801)",2022-08-04T12:03,2022.0,8.0,30.382252,-89.617849,386.0,,,HUMAN_OBSERVATION,50c9509d-22c7-4a22-a47d-8c48425ef4a7,,"COORDINATE_ROUNDED,CONTINENT_DERIVED_FROM_COORDINATES,TAXON_ID_NOT_FOUND"
3889138109,"Alligator mississippiensis (Daudin, 1801)",2022-08-05T16:00,2022.0,8.0,30.379901,-89.61627,73.0,,,HUMAN_OBSERVATION,50c9509d-22c7-4a22-a47d-8c48425ef4a7,,"COORDINATE_ROUNDED,CONTINENT_DERIVED_FROM_COORDINATES,TAXON_ID_NOT_FOUND"
3892386731,"Alligator mississippiensis (Daudin, 1801)",2022-08-11T11:09,2022.0,8.0,30.382252,-89.617849,386.0,,,HUMAN_OBSERVATION,50c9509d-22c7-4a22-a47d-8c48425ef4a7,,"COORDINATE_ROUNDED,CONTINENT_DERIVED_FROM_COORDINATES,TAXON_ID_NOT_FOUND"
3892389178,"Alligator mississippiensis (Daudin, 1801)",2022-08-15T16:03:07,2022.0,8.0,30.380152,-89.61819,124.0,,,HUMAN_OBSERVATION,50c9509d-22c7-4a22-a47d-8c48425ef4a7,,"COORDINATE_ROUNDED,CONTINENT_DERIVED_FROM_COORDINATES,TAXON_ID_NOT_FOUND"
3892411216,"Alligator mississippiensis (Daudin, 1801)",2022-08-16T09:06,2022.0,8.0,30.382252,-89.617849,386.0,,,HUMAN_OBSERVATION,50c9509d-22c7-4a22-a47d-8c48425ef4a7,,"COORDINATE_ROUNDED,CONTINENT_DERIVED_FROM_COORDINATES,TAXON_ID_NOT_FOUND"
3892430258,"Alligator mississippiensis (Daudin, 1801)",2022-08-16T11:48,2022.0,8.0,30.382252,-89.617849,386.0,,,HUMAN_OBSERVATION,50c9509d-22c7-4a22-a47d-8c48425ef4a7,,"COORDINATE_ROUNDED,CONTINENT_DERIVED_FROM_COORDINATES,TAXON_ID_NOT_FOUND"
3892631247,"Alligator mississippiensis (Daudin, 1801)",2022-08-16T09:09,2022.0,8.0,30.382252,-89.617849,386.0,,,HUMAN_OBSERVATION,50c9509d-22c7-4a22-a47d-8c48425ef4a7,,"COORDINATE_ROUNDED,CONTINENT_DERIVED_FROM_COORDINATES,TAXON_ID_NOT_FOUND"
3892655638,"Alligator mississippiensis (Daudin, 1801)",2022-08-10T12:00,2022.0,8.0,30.382252,-89.617849,386.0,,,HUMAN_OBSERVATION,50c9509d-22c7-4a22-a47d-8c48425ef4a7,,"COORDINATE_ROUNDED,CONTINENT_DERIVED_FROM_COORDINATES,TAXON_ID_NOT_FOUND"
3902264939,"Alligator mississippiensis (Daudin, 1801)",2022-08-26T16:06:29,2022.0,8.0,30.379922,-89.616165,23.0,,,HUMAN_OBSERVATION,50c9509d-22c7-4a22-a47d-8c48425ef4a7,,"COORDINATE_ROUNDED,CONTINENT_DERIVED_FROM_COORDINATES,TAXON_ID_NOT_FOUND"
3902378311,"Alligator mississippiensis (Daudin, 1801)",2022-08-16T16:01:56,2022.0,8.0,30.380219,-89.616693,126.0,,,HUMAN_OBSERVATION,50c9509d-22c7-4a22-a47d-8c48425ef4a7,,"COORDINATE_ROUNDED,CONTINENT_DERIVED_FROM_COORDINATES,TAXON_ID_NOT_FOUND"
3902408358,"Alligator mississippiensis (Daudin, 1801)",2022-08-17T11:34:05,2022.0,8.0,30.380281,-89.61664,357.0,,,HUMAN_OBSERVATION,50c9509d-22c7-4a22-a47d-8c48425ef4a7,,"COORDINATE_ROUNDED,CONTINENT_DERIVED_FROM_COORDINATES,TAXON_ID_NOT_FOUND"
3902473550,"Alligator mississippiensis (Daudin, 1801)",2022-08-23T15:08:33,2022.0,8.0,30.379871,-89.616424,107.0,,,HUMAN_OBSERVATION,50c9509d-22c7-4a22-a47d-8c48425ef4a7,,"COORDINATE_ROUNDED,CONTINENT_DERIVED_FROM_COORDINATES,TAXON_ID_NOT_FOUND"
3902503165,"Alligator mississippiensis (Daudin, 1801)",2022-08-26T12:17,2022.0,8.0,30.382252,-89.617849,386.0,,,HUMAN_OBSERVATION,50c9509d-22c7-4a22-a47d-8c48425ef4a7,,"COORDINATE_ROUNDED,CONTINENT_DERIVED_FROM_COORDINATES,TAXON_ID_NOT_FOUND"
3902504969,"Alligator mississippiensis (Daudin, 1801)",2022-08-03T08:57,2022.0,8.0,30.207576,-88.492325,1833.0,,,HUMAN_OBSERVATION,50c9509d-22c7-4a22-a47d-8c48425ef4a7,,"CONTINENT_DERIVED_FROM_COORDINATES,TAXON_ID_NOT_FOUND"
3902520105,"Alligator mississippiensis (Daudin, 1801)",2022-08-23T10:51,2022.0,8.0,30.382252,-89.617849,386.0,,,HUMAN_OBSERVATION,50c9509d-22c7-4a22-a47d-8c48425ef4a7,,"COORDINATE_ROUNDED,CONTINENT_DERIVED_FROM_COORDINATES,TAXON_ID_NOT_FOUND"
3902583897,"Alligator mississippiensis (Daudin, 1801)",2022-08-18T12:09,2022.0,8.0,30.382252,-89.617849,386.0,,,HUMAN_OBSERVATION,50c9509d-22c7-4a22-a47d-8c48425ef4a7,,"COORDINATE_ROUNDED,CONTINENT_DERIVED_FROM_COORDINATES,TAXON_ID_NOT_FOUND"
3902588396,"Alligator mississippiensis (Daudin, 1801)",2022-08-23T15:13:12,2022.0,8.0,30.379791,-89.616506,35.0,,,HUMAN_OBSERVATION,50c9509d-22c7-4a22-a47d-8c48425ef4a7,,"COORDINATE_ROUNDED,CONTINENT_DERIVED_FROM_COORDINATES,TAXON_ID_NOT_FOUND"
3902604614,"Alligator mississippiensis (Daudin, 1801)",2022-08-23T10:39,2022.0,8.0,30.382252,-89.617849,386.0,,,HUMAN_OBSERVATION,50c9509d-22c7-4a22-a47d-8c48425ef4a7,,"COORDINATE_ROUNDED,CONTINENT_DERIVED_FROM_COORDINATES,TAXON_ID_NOT_FOUND"
3902711358,"Alligator mississippiensis (Daudin, 1801)",2022-08-25T15:56,2022.0,8.0,30.37459,-89.61451,61.0,,,HUMAN_OBSERVATION,50c9509d-22c7-4a22-a47d-8c48425ef4a7,,"COORDINATE_ROUNDED,CONTINENT_DERIVED_FROM_COORDINATES,TAXON_ID_NOT_FOUND"
3903003580,"Alligator mississippiensis (Daudin, 1801)",2022-08-17T16:00:53,2022.0,8.0,30.379931,-89.617086,83.0,,,HUMAN_OBSERVATION,50c9509d-22c7-4a22-a47d-8c48425ef4a7,,"COORDINATE_ROUNDED,CONTINENT_DERIVED_FROM_COORDINATES,TAXON_ID_NOT_FOUND"
3903060328,"Alligator mississippiensis (Daudin, 1801)",2022-08-26T12:13,2022.0,8.0,30.382252,-89.617849,386.0,,,HUMAN_OBSERVATION,50c9509d-22c7-4a22-a47d-8c48425ef4a7,,"COORDINATE_ROUNDED,CONTINENT_DERIVED_FROM_COORDINATES,TAXON_ID_NOT_FOUND"
3903104264,"Alligator mississippiensis (Daudin, 1801)",2022-08-31T16:08,2022.0,8.0,30.382252,-89.617849,386.0,,,HUMAN_OBSERVATION,50c9509d-22c7-4a22-a47d-8c48425ef4a7,,"COORDINATE_ROUNDED,CONTINENT_DERIVED_FROM_COORDINATES,TAXON_ID_NOT_FOUND"
3903254714,"Alligator mississippiensis (Daudin, 1801)",2022-08-31T16:09,2022.0,8.0,30.382252,-89.617849,386.0,,,HUMAN_OBSERVATION,50c9509d-22c7-4a22-a47d-8c48425ef4a7,,"COORDINATE_ROUNDED,CONTINENT_DERIVED_FROM_COORDINATES,TAXON_ID_NOT_FOUND"
3902243185,"Alligator mississippiensis (Daudin, 1801)",2022-09-07T12:05:54,2022.0,9.0,30.380237,-89.616672,64.0,,,HUMAN_OBSERVATION,50c9509d-22c7-4a22-a47d-8c48425ef4a7,,"COORDINATE_ROUNDED,CONTINENT_DERIVED_FROM_COORDINATES,TAXON_ID_NOT_FOUND"
3902897162,"Alligator mississippiensis (Daudin, 1801)",2022-09-12T09:39,2022.0,9.0,30.382252,-89.617849,386.0,,,HUMAN_OBSERVATION,50c9509d-22c7-4a22-a47d-8c48425ef4a7,,"COORDINATE_ROUNDED,CONTINENT_DERIVED_FROM_COORDINATES,TAXON_ID_NOT_FOUND"
3903073667,"Alligator mississippiensis (Daudin, 1801)",2022-09-02T12:18,2022.0,9.0,30.327907,-89.62757,100.0,,,HUMAN_OBSERVATION,50c9509d-22c7-4a22-a47d-8c48425ef4a7,,"COORDINATE_ROUNDED,CONTINENT_DERIVED_FROM_COORDINATES,TAXON_ID_NOT_FOUND"
3903084483,"Alligator mississippiensis (Daudin, 1801)",2022-09-12T16:01:19,2022.0,9.0,30.380122,-89.616945,80.0,,,HUMAN_OBSERVATION,50c9509d-22c7-4a22-a47d-8c48425ef4a7,,"COORDINATE_ROUNDED,CONTINENT_DERIVED_FROM_COORDINATES,TAXON_ID_NOT_FOUND"
3903085879,"Alligator mississippiensis (Daudin, 1801)",2022-09-13T11:38,2022.0,9.0,30.382252,-89.617849,386.0,,,HUMAN_OBSERVATION,50c9509d-22c7-4a22-a47d-8c48425ef4a7,,"COORDINATE_ROUNDED,CONTINENT_DERIVED_FROM_COORDINATES,TAXON_ID_NOT_FOUND"
3903192789,"Alligator mississippiensis (Daudin, 1801)",2022-09-12T09:40,2022.0,9.0,30.382252,-89.617849,386.0,,,HUMAN_OBSERVATION,50c9509d-22c7-4a22-a47d-8c48425ef4a7,,"COORDINATE_ROUNDED,CONTINENT_DERIVED_FROM_COORDINATES,TAXON_ID_NOT_FOUND"
3903194030,"Alligator mississippiensis (Daudin, 1801)",2022-09-13T11:43,2022.0,9.0,30.382252,-89.617849,386.0,,,HUMAN_OBSERVATION,50c9509d-22c7-4a22-a47d-8c48425ef4a7,,"COORDINATE_ROUNDED,CONTINENT_DERIVED_FROM_COORDINATES,TAXON_ID_NOT_FOUND"
3903248328,"Alligator mississippiensis (Daudin, 1801)",2022-09-02T15:08:37,2022.0,9.0,30.379988,-89.616305,58.0,,,HUMAN_OBSERVATION,50c9509d-22c7-4a22-a47d-8c48425ef4a7,,"COORDINATE_ROUNDED,CONTINENT_DERIVED_FROM_COORDINATES,TAXON_ID_NOT_FOUND"
3903298417,"Alligator mississippiensis (Daudin, 1801)",2022-09-09T11:42,2022.0,9.0,30.382252,-89.617849,386.0,,,HUMAN_OBSERVATION,50c9509d-22c7-4a22-a47d-8c48425ef4a7,,"COORDINATE_ROUNDED,CONTINENT_DERIVED_FROM_COORDINATES,TAXON_ID_NOT_FOUND"
3903298460,"Alligator mississippiensis (Daudin, 1801)",2022-09-09T16:16,2022.0,9.0,30.382252,-89.617849,386.0,,,HUMAN_OBSERVATION,50c9509d-22c7-4a22-a47d-8c48425ef4a7,,"COORDINATE_ROUNDED,CONTINENT_DERIVED_FROM_COORDINATES,TAXON_ID_NOT_FOUND"
3903383600,"Alligator mississippiensis (Daudin, 1801)",2022-09-08T12:00:53,2022.0,9.0,30.380107,-89.616616,98.0,,,HUMAN_OBSERVATION,50c9509d-22c7-4a22-a47d-8c48425ef4a7,,"COORDINATE_ROUNDED,CONTINENT_DERIVED_FROM_COORDINATES,TAXON_ID_NOT_FOUND"
3903434458,"Alligator mississippiensis (Daudin, 1801)",2022-09-07T12:02:30,2022.0,9.0,30.380173,-89.617699,35.0,,,HUMAN_OBSERVATION,50c9509d-22c7-4a22-a47d-8c48425ef4a7,,"COORDINATE_ROUNDED,CONTINENT_DERIVED_FROM_COORDINATES,TAXON_ID_NOT_FOUND"
3903471445,"Alligator mississippiensis (Daudin, 1801)",2022-09-06T16:07:23,2022.0,9.0,30.380324,-89.616291,67.0,,,HUMAN_OBSERVATION,50c9509d-22c7-4a22-a47d-8c48425ef4a7,,"COORDINATE_ROUNDED,CONTINENT_DERIVED_FROM_COORDINATES,TAXON_ID_NOT_FOUND"
3903510243,"Alligator mississippiensis (Daudin, 1801)",2022-09-12T09:37,2022.0,9.0,30.382252,-89.617849,386.0,,,HUMAN_OBSERVATION,50c9509d-22c7-4a22-a47d-8c48425ef4a7,,"COORDINATE_ROUNDED,CONTINENT_DERIVED_FROM_COORDINATES,TAXON_ID_NOT_FOUND"
3903559312,"Alligator mississippiensis (Daudin, 1801)",2022-09-09T11:44,2022.0,9.0,30.382252,-89.617849,386.0,,,HUMAN_OBSERVATION,50c9509d-22c7-4a22-a47d-8c48425ef4a7,,"COORDINATE_ROUNDED,CONTINENT_DERIVED_FROM_COORDINATES,TAXON_ID_NOT_FOUND"
3903607935,"Alligator mississippiensis (Daudin, 1801)",2022-09-06T16:07:21,2022.0,9.0,30.376082,-89.61551,68.0,,,HUMAN_OBSERVATION,50c9509d-22c7-4a22-a47d-8c48425ef4a7,,"COORDINATE_ROUNDED,CONTINENT_DERIVED_FROM_COORDINATES,TAXON_ID_NOT_FOUND"
3903663003,"Alligator mississippiensis (Daudin, 1801)",2022-09-12T09:40,2022.0,9.0,30.382252,-89.617849,386.0,,,HUMAN_OBSERVATION,50c9509d-22c7-4a22-a47d-8c48425ef4a7,,"COORDINATE_ROUNDED,CONTINENT_DERIVED_FROM_COORDINATES,TAXON_ID_NOT_FOUND"
3912168175,"Alligator mississippiensis (Daudin, 1801)",2022-09-15T16:00:37,2022.0,9.0,30.380115,-89.6166,229.0,,,HUMAN_OBSERVATION,50c9509d-22c7-4a22-a47d-8c48425ef4a7,,"COORDINATE_ROUNDED,CONTINENT_DERIVED_FROM_COORDINATES,TAXON_ID_NOT_FOUND"
3912210850,"Alligator mississippiensis (Daudin, 1801)",2022-09-19T16:04:35,2022.0,9.0,30.380193,-89.616324,95.0,,,HUMAN_OBSERVATION,50c9509d-22c7-4a22-a47d-8c48425ef4a7,,"COORDINATE_ROUNDED,CONTINENT_DERIVED_FROM_COORDINATES,TAXON_ID_NOT_FOUND"
3912267342,"Alligator mississippiensis (Daudin, 1801)",2022-09-19T16:05:33,2022.0,9.0,30.38005,-89.616245,68.0,,,HUMAN_OBSERVATION,50c9509d-22c7-4a22-a47d-8c48425ef4a7,,"COORDINATE_ROUNDED,CONTINENT_DERIVED_FROM_COORDINATES,TAXON_ID_NOT_FOUND"
3912289369,"Alligator mississippiensis (Daudin, 1801)",2022-09-15T16:02:41,2022.0,9.0,30.380051,-89.616612,98.0,,,HUMAN_OBSERVATION,50c9509d-22c7-4a22-a47d-8c48425ef4a7,,"COORDINATE_ROUNDED,CONTINENT_DERIVED_FROM_COORDINATES,TAXON_ID_NOT_FOUND"
3912290956,"Alligator mississippiensis (Daudin, 1801)",2022-09-19T16:07:30,2022.0,9.0,30.379939,-89.616673,64.0,,,HUMAN_OBSERVATION,50c9509d-22c7-4a22-a47d-8c48425ef4a7,,"COORDINATE_ROUNDED,CONTINENT_DERIVED_FROM_COORDINATES,TAXON_ID_NOT_FOUND"
3912307447,"Alligator mississippiensis (Daudin, 1801)",2022-09-19T08:06,2022.0,9.0,30.382252,-89.617849,386.0,,,HUMAN_OBSERVATION,50c9509d-22c7-4a22-a47d-8c48425ef4a7,,"COORDINATE_ROUNDED,CONTINENT_DERIVED_FROM_COORDINATES,TAXON_ID_NOT_FOUND"
3912379335,"Alligator mississippiensis (Daudin, 1801)",2022-09-19T08:12,2022.0,9.0,30.382252,-89.617849,386.0,,,HUMAN_OBSERVATION,50c9509d-22c7-4a22-a47d-8c48425ef4a7,,"COORDINATE_ROUNDED,CONTINENT_DERIVED_FROM_COORDINATES,TAXON_ID_NOT_FOUND"
3915275989,"Alligator mississippiensis (Daudin, 1801)",2022-09-18T11:13:40,2022.0,9.0,30.41445,-88.54342,4.0,,,HUMAN_OBSERVATION,50c9509d-22c7-4a22-a47d-8c48425ef4a7,,"CONTINENT_DERIVED_FROM_COORDINATES,TAXON_ID_NOT_FOUND"
3915349048,"Alligator mississippiensis (Daudin, 1801)",2022-09-22T15:03:29,2022.0,9.0,30.380553,-89.616996,60.0,,,HUMAN_OBSERVATION,50c9509d-22c7-4a22-a47d-8c48425ef4a7,,"COORDINATE_ROUNDED,CONTINENT_DERIVED_FROM_COORDINATES,TAXON_ID_NOT_FOUND"
3915372198,"Alligator mississippiensis (Daudin, 1801)",2022-09-21T16:05:30,2022.0,9.0,30.379899,-89.616366,72.0,,,HUMAN_OBSERVATION,50c9509d-22c7-4a22-a47d-8c48425ef4a7,,"COORDINATE_ROUNDED,CONTINENT_DERIVED_FROM_COORDINATES,TAXON_ID_NOT_FOUND"
3915481857,"Alligator mississippiensis (Daudin, 1801)",2022-09-21T16:08:10,2022.0,9.0,30.379969,-89.616205,125.0,,,HUMAN_OBSERVATION,50c9509d-22c7-4a22-a47d-8c48425ef4a7,,"COORDINATE_ROUNDED,CONTINENT_DERIVED_FROM_COORDINATES,TAXON_ID_NOT_FOUND"
3915511373,"Alligator mississippiensis (Daudin, 1801)",2022-09-24T12:27:27,2022.0,9.0,33.274175,-88.790378,,,,HUMAN_OBSERVATION,50c9509d-22c7-4a22-a47d-8c48425ef4a7,,"COORDINATE_ROUNDED,CONTINENT_DERIVED_FROM_COORDINATES,TAXON_ID_NOT_FOUND"
3915521888,"Alligator mississippiensis (Daudin, 1801)",2022-09-27T16:08:09,2022.0,9.0,30.380213,-89.616378,175.0,,,HUMAN_OBSERVATION,50c9509d-22c7-4a22-a47d-8c48425ef4a7,,"COORDINATE_ROUNDED,CONTINENT_DERIVED_FROM_COORDINATES,TAXON_ID_NOT_FOUND"
3915673411,"Alligator mississippiensis (Daudin, 1801)",2022-09-27T16:06:05,2022.0,9.0,30.380251,-89.616897,172.0,,,HUMAN_OBSERVATION,50c9509d-22c7-4a22-a47d-8c48425ef4a7,,"COORDINATE_ROUNDED,CONTINENT_DERIVED_FROM_COORDINATES,TAXON_ID_NOT_FOUND"
3915737650,"Alligator mississippiensis (Daudin, 1801)",2022-09-23T16:19:30,2022.0,9.0,30.380438,-89.618029,49.0,,,HUMAN_OBSERVATION,50c9509d-22c7-4a22-a47d-8c48425ef4a7,,"COORDINATE_ROUNDED,CONTINENT_DERIVED_FROM_COORDINATES,TAXON_ID_NOT_FOUND"
3923614139,"Alligator mississippiensis (Daudin, 1801)",2022-09-30T16:00:20,2022.0,9.0,30.379833,-89.616132,76.0,,,HUMAN_OBSERVATION,50c9509d-22c7-4a22-a47d-8c48425ef4a7,,"COORDINATE_ROUNDED,CONTINENT_DERIVED_FROM_COORDINATES,TAXON_ID_NOT_FOUND"
3923666145,"Alligator mississippiensis (Daudin, 1801)",2022-09-30T16:02:43,2022.0,9.0,30.380823,-89.617116,32.0,,,HUMAN_OBSERVATION,50c9509d-22c7-4a22-a47d-8c48425ef4a7,,"COORDINATE_ROUNDED,CONTINENT_DERIVED_FROM_COORDINATES,TAXON_ID_NOT_FOUND"
3923708871,"Alligator mississippiensis (Daudin, 1801)",2022-09-28T16:00:06,2022.0,9.0,30.380028,-89.616874,141.0,,,HUMAN_OBSERVATION,50c9509d-22c7-4a22-a47d-8c48425ef4a7,,"COORDINATE_ROUNDED,CONTINENT_DERIVED_FROM_COORDINATES,TAXON_ID_NOT_FOUND"
4080847583,"Alligator mississippiensis (Daudin, 1801)",2022-09-23T12:58:22,2022.0,9.0,30.660226,-89.782384,14261.0,,,HUMAN_OBSERVATION,50c9509d-22c7-4a22-a47d-8c48425ef4a7,,"COORDINATE_ROUNDED,CONTINENT_DERIVED_FROM_COORDINATES,TAXON_ID_NOT_FOUND"
3925050889,"Alligator mississippiensis (Daudin, 1801)",2022-10-05T16:06:58,2022.0,10.0,30.380221,-89.616237,113.0,,,HUMAN_OBSERVATION,50c9509d-22c7-4a22-a47d-8c48425ef4a7,,"COORDINATE_ROUNDED,CONTINENT_DERIVED_FROM_COORDINATES,TAXON_ID_NOT_FOUND"
3925065875,"Alligator mississippiensis (Daudin, 1801)",2022-10-05T16:05:27,2022.0,10.0,30.380216,-89.61728,66.0,,,HUMAN_OBSERVATION,50c9509d-22c7-4a22-a47d-8c48425ef4a7,,"COORDINATE_ROUNDED,CONTINENT_DERIVED_FROM_COORDINATES,TAXON_ID_NOT_FOUND"
3925107261,"Alligator mississippiensis (Daudin, 1801)",2022-10-08T11:19,2022.0,10.0,31.361497,-91.417723,195.0,,,HUMAN_OBSERVATION,50c9509d-22c7-4a22-a47d-8c48425ef4a7,,"COORDINATE_ROUNDED,CONTINENT_DERIVED_FROM_COORDINATES,TAXON_ID_NOT_FOUND"
3925119761,"Alligator mississippiensis (Daudin, 1801)",2022-10-04T16:03:32,2022.0,10.0,30.380114,-89.617106,123.0,,,HUMAN_OBSERVATION,50c9509d-22c7-4a22-a47d-8c48425ef4a7,,"COORDINATE_ROUNDED,CONTINENT_DERIVED_FROM_COORDINATES,TAXON_ID_NOT_FOUND"
3925411852,"Alligator mississippiensis (Daudin, 1801)",2022-10-05T09:11,2022.0,10.0,30.382252,-89.617849,386.0,,,HUMAN_OBSERVATION,50c9509d-22c7-4a22-a47d-8c48425ef4a7,,"COORDINATE_ROUNDED,CONTINENT_DERIVED_FROM_COORDINATES,TAXON_ID_NOT_FOUND"
3925421888,"Alligator mississippiensis (Daudin, 1801)",2022-10-05T09:14,2022.0,10.0,30.382252,-89.617849,386.0,,,HUMAN_OBSERVATION,50c9509d-22c7-4a22-a47d-8c48425ef4a7,,"COORDINATE_ROUNDED,CONTINENT_DERIVED_FROM_COORDINATES,TAXON_ID_NOT_FOUND"
3947063211,"Alligator mississippiensis (Daudin, 1801)",2022-10-13T11:31,2022.0,10.0,30.382252,-89.617849,386.0,,,HUMAN_OBSERVATION,50c9509d-22c7-4a22-a47d-8c48425ef4a7,,"COORDINATE_ROUNDED,CONTINENT_DERIVED_FROM_COORDINATES,TAXON_ID_NOT_FOUND"
3947201155,"Alligator mississippiensis (Daudin, 1801)",2022-10-19T07:25,2022.0,10.0,30.382252,-89.617849,386.0,,,HUMAN_OBSERVATION,50c9509d-22c7-4a22-a47d-8c48425ef4a7,,"COORDINATE_ROUNDED,CONTINENT_DERIVED_FROM_COORDINATES,TAXON_ID_NOT_FOUND"
3947249326,"Alligator mississippiensis (Daudin, 1801)",2022-10-21T11:38,2022.0,10.0,30.327907,-89.62757,100.0,,,HUMAN_OBSERVATION,50c9509d-22c7-4a22-a47d-8c48425ef4a7,,"COORDINATE_ROUNDED,CONTINENT_DERIVED_FROM_COORDINATES,TAXON_ID_NOT_FOUND"
3947286079,"Alligator mississippiensis (Daudin, 1801)",2022-10-19T15:23:14,2022.0,10.0,30.380776,-89.618156,108.0,,,HUMAN_OBSERVATION,50c9509d-22c7-4a22-a47d-8c48425ef4a7,,"COORDINATE_ROUNDED,CONTINENT_DERIVED_FROM_COORDINATES,TAXON_ID_NOT_FOUND"
3947307303,"Alligator mississippiensis (Daudin, 1801)",2022-10-21T16:17:20,2022.0,10.0,30.380815,-89.617202,51.0,,,HUMAN_OBSERVATION,50c9509d-22c7-4a22-a47d-8c48425ef4a7,,"COORDINATE_ROUNDED,CONTINENT_DERIVED_FROM_COORDINATES,TAXON_ID_NOT_FOUND"
3947341121,"Alligator mississippiensis (Daudin, 1801)",2022-10-12T11:34,2022.0,10.0,30.382252,-89.617849,386.0,,,HUMAN_OBSERVATION,50c9509d-22c7-4a22-a47d-8c48425ef4a7,,"COORDINATE_ROUNDED,CONTINENT_DERIVED_FROM_COORDINATES,TAXON_ID_NOT_FOUND"
3947395462,"Alligator mississippiensis (Daudin, 1801)",2022-10-22T20:48,2022.0,10.0,33.274316,-88.790524,15.0,,,HUMAN_OBSERVATION,50c9509d-22c7-4a22-a47d-8c48425ef4a7,,"COORDINATE_ROUNDED,CONTINENT_DERIVED_FROM_COORDINATES,TAXON_ID_NOT_FOUND"
3947453359,"Alligator mississippiensis (Daudin, 1801)",2022-10-21T16:24:47,2022.0,10.0,30.379544,-89.616408,153.0,,,HUMAN_OBSERVATION,50c9509d-22c7-4a22-a47d-8c48425ef4a7,,"COORDINATE_ROUNDED,CONTINENT_DERIVED_FROM_COORDINATES,TAXON_ID_NOT_FOUND"
3947591348,"Alligator mississippiensis (Daudin, 1801)",2022-10-20T14:31:05,2022.0,10.0,30.380162,-89.61677,127.0,,,HUMAN_OBSERVATION,50c9509d-22c7-4a22-a47d-8c48425ef4a7,,"COORDINATE_ROUNDED,CONTINENT_DERIVED_FROM_COORDINATES,TAXON_ID_NOT_FOUND"
3947609020,"Alligator mississippiensis (Daudin, 1801)",2022-10-19T07:23,2022.0,10.0,30.382252,-89.617849,386.0,,,HUMAN_OBSERVATION,50c9509d-22c7-4a22-a47d-8c48425ef4a7,,"COORDINATE_ROUNDED,CONTINENT_DERIVED_FROM_COORDINATES,TAXON_ID_NOT_FOUND"
3947776139,"Alligator mississippiensis (Daudin, 1801)",2022-10-19T15:22:03,2022.0,10.0,30.380202,-89.617545,121.0,,,HUMAN_OBSERVATION,50c9509d-22c7-4a22-a47d-8c48425ef4a7,,"COORDINATE_ROUNDED,CONTINENT_DERIVED_FROM_COORDINATES,TAXON_ID_NOT_FOUND"
3961143874,"Alligator mississippiensis (Daudin, 1801)",2022-10-26T16:00:52,2022.0,10.0,30.380146,-89.616249,92.0,,,HUMAN_OBSERVATION,50c9509d-22c7-4a22-a47d-8c48425ef4a7,,"COORDINATE_ROUNDED,CONTINENT_DERIVED_FROM_COORDINATES,TAXON_ID_NOT_FOUND"
3961166534,"Alligator mississippiensis (Daudin, 1801)",2022-10-31T14:05:06,2022.0,10.0,30.379487,-89.616828,125.0,,,HUMAN_OBSERVATION,50c9509d-22c7-4a22-a47d-8c48425ef4a7,,"COORDINATE_ROUNDED,CONTINENT_DERIVED_FROM_COORDINATES,TAXON_ID_NOT_FOUND"
3966568240,"Alligator mississippiensis (Daudin, 1801)",2022-10-10T12:33:58,2022.0,10.0,30.397883,-88.7902,5.0,,,HUMAN_OBSERVATION,50c9509d-22c7-4a22-a47d-8c48425ef4a7,,"COORDINATE_ROUNDED,CONTINENT_DERIVED_FROM_COORDINATES,TAXON_ID_NOT_FOUND"
6398716006,"Alligator mississippiensis (Daudin, 1801)",2022-10-14T11:20:33,2022.0,10.0,30.375955,-89.613303,5.0,,,HUMAN_OBSERVATION,50c9509d-22c7-4a22-a47d-8c48425ef4a7,,"COORDINATE_ROUNDED,CONTINENT_DERIVED_FROM_COORDINATES,TAXON_ID_NOT_FOUND"
3961506642,"Alligator mississippiensis (Daudin, 1801)",2022-11-01T16:01,2022.0,11.0,30.382252,-89.617849,386.0,,,HUMAN_OBSERVATION,50c9509d-22c7-4a22-a47d-8c48425ef4a7,,"COORDINATE_ROUNDED,CONTINENT_DERIVED_FROM_COORDINATES,TAXON_ID_NOT_FOUND"
3963217907,"Alligator mississippiensis (Daudin, 1801)",2022-11-03T14:29:44,2022.0,11.0,30.379979,-89.617422,105.0,,,HUMAN_OBSERVATION,50c9509d-22c7-4a22-a47d-8c48425ef4a7,,"COORDINATE_ROUNDED,CONTINENT_DERIVED_FROM_COORDINATES,TAXON_ID_NOT_FOUND"
3963247710,"Alligator mississippiensis (Daudin, 1801)",2022-11-02T11:43,2022.0,11.0,30.382252,-89.617849,386.0,,,HUMAN_OBSERVATION,50c9509d-22c7-4a22-a47d-8c48425ef4a7,,"COORDINATE_ROUNDED,CONTINENT_DERIVED_FROM_COORDINATES,TAXON_ID_NOT_FOUND"
3963329399,"Alligator mississippiensis (Daudin, 1801)",2022-11-08T11:29,2022.0,11.0,30.382252,-89.617849,386.0,,,HUMAN_OBSERVATION,50c9509d-22c7-4a22-a47d-8c48425ef4a7,,"COORDINATE_ROUNDED,CONTINENT_DERIVED_FROM_COORDINATES,TAXON_ID_NOT_FOUND"
3963364802,"Alligator mississippiensis (Daudin, 1801)",2022-11-03T07:25,2022.0,11.0,30.382252,-89.617849,386.0,,,HUMAN_OBSERVATION,50c9509d-22c7-4a22-a47d-8c48425ef4a7,,"COORDINATE_ROUNDED,CONTINENT_DERIVED_FROM_COORDINATES,TAXON_ID_NOT_FOUND"
3963477726,"Alligator mississippiensis (Daudin, 1801)",2022-11-02T16:12:37,2022.0,11.0,30.37995,-89.616622,67.0,,,HUMAN_OBSERVATION,50c9509d-22c7-4a22-a47d-8c48425ef4a7,,"COORDINATE_ROUNDED,CONTINENT_DERIVED_FROM_COORDINATES,TAXON_ID_NOT_FOUND"
3963492753,"Alligator mississippiensis (Daudin, 1801)",2022-11-02T16:13:20,2022.0,11.0,30.378892,-89.616092,71.0,,,HUMAN_OBSERVATION,50c9509d-22c7-4a22-a47d-8c48425ef4a7,,"COORDINATE_ROUNDED,CONTINENT_DERIVED_FROM_COORDINATES,TAXON_ID_NOT_FOUND"
3963520989,"Alligator mississippiensis (Daudin, 1801)",2022-11-04T14:33:04,2022.0,11.0,30.380212,-89.616381,124.0,,,HUMAN_OBSERVATION,50c9509d-22c7-4a22-a47d-8c48425ef4a7,,"COORDINATE_ROUNDED,CONTINENT_DERIVED_FROM_COORDINATES,TAXON_ID_NOT_FOUND"
3963564717,"Alligator mississippiensis (Daudin, 1801)",2022-11-02T16:12:17,2022.0,11.0,30.37988,-89.616426,119.0,,,HUMAN_OBSERVATION,50c9509d-22c7-4a22-a47d-8c48425ef4a7,,"COORDINATE_ROUNDED,CONTINENT_DERIVED_FROM_COORDINATES,TAXON_ID_NOT_FOUND"
3963620726,"Alligator mississippiensis (Daudin, 1801)",2022-11-02T11:55,2022.0,11.0,30.382252,-89.617849,386.0,,,HUMAN_OBSERVATION,50c9509d-22c7-4a22-a47d-8c48425ef4a7,,"COORDINATE_ROUNDED,CONTINENT_DERIVED_FROM_COORDINATES,TAXON_ID_NOT_FOUND"
3963629081,"Alligator mississippiensis (Daudin, 1801)",2022-11-05T12:17,2022.0,11.0,30.349149,-88.717885,85.0,,,HUMAN_OBSERVATION,50c9509d-22c7-4a22-a47d-8c48425ef4a7,,"COORDINATE_ROUNDED,CONTINENT_DERIVED_FROM_COORDINATES,TAXON_ID_NOT_FOUND"
3963645756,"Alligator mississippiensis (Daudin, 1801)",2022-11-02T16:04:25,2022.0,11.0,30.380153,-89.617036,97.0,,,HUMAN_OBSERVATION,50c9509d-22c7-4a22-a47d-8c48425ef4a7,,"COORDINATE_ROUNDED,CONTINENT_DERIVED_FROM_COORDINATES,TAXON_ID_NOT_FOUND"
3963655846,"Alligator mississippiensis (Daudin, 1801)",2022-11-03T16:47,2022.0,11.0,30.397895,-88.789843,70.0,,,HUMAN_OBSERVATION,50c9509d-22c7-4a22-a47d-8c48425ef4a7,,"COORDINATE_ROUNDED,CONTINENT_DERIVED_FROM_COORDINATES,TAXON_ID_NOT_FOUND"
3966364775,"Alligator mississippiensis (Daudin, 1801)",2022-11-09T11:27,2022.0,11.0,30.382252,-89.617849,386.0,,,HUMAN_OBSERVATION,50c9509d-22c7-4a22-a47d-8c48425ef4a7,,"COORDINATE_ROUNDED,CONTINENT_DERIVED_FROM_COORDINATES,TAXON_ID_NOT_FOUND"
3966463741,"Alligator mississippiensis (Daudin, 1801)",2022-11-09T11:12,2022.0,11.0,30.382252,-89.617849,386.0,,,HUMAN_OBSERVATION,50c9509d-22c7-4a22-a47d-8c48425ef4a7,,"COORDINATE_ROUNDED,CONTINENT_DERIVED_FROM_COORDINATES,TAXON_ID_NOT_FOUND"
3966566877,"Alligator mississippiensis (Daudin, 1801)",2022-11-10T14:34:36,2022.0,11.0,30.38027,-89.61717,120.0,,,HUMAN_OBSERVATION,50c9509d-22c7-4a22-a47d-8c48425ef4a7,,"COORDINATE_ROUNDED,CONTINENT_DERIVED_FROM_COORDINATES,TAXON_ID_NOT_FOUND"
3966578662,"Alligator mississippiensis (Daudin, 1801)",2022-11-08T16:03,2022.0,11.0,30.379804,-89.616221,77.0,,,HUMAN_OBSERVATION,50c9509d-22c7-4a22-a47d-8c48425ef4a7,,"COORDINATE_ROUNDED,CONTINENT_DERIVED_FROM_COORDINATES,TAXON_ID_NOT_FOUND"
3966581836,"Alligator mississippiensis (Daudin, 1801)",2022-11-10T11:28,2022.0,11.0,30.382252,-89.617849,386.0,,,HUMAN_OBSERVATION,50c9509d-22c7-4a22-a47d-8c48425ef4a7,,"COORDINATE_ROUNDED,CONTINENT_DERIVED_FROM_COORDINATES,TAXON_ID_NOT_FOUND"
3966603763,"Alligator mississippiensis (Daudin, 1801)",2022-11-09T11:19,2022.0,11.0,30.382252,-89.617849,386.0,,,HUMAN_OBSERVATION,50c9509d-22c7-4a22-a47d-8c48425ef4a7,,"COORDINATE_ROUNDED,CONTINENT_DERIVED_FROM_COORDINATES,TAXON_ID_NOT_FOUND"
3966646859,"Alligator mississippiensis (Daudin, 1801)",2022-11-10T11:26,2022.0,11.0,30.382252,-89.617849,386.0,,,HUMAN_OBSERVATION,50c9509d-22c7-4a22-a47d-8c48425ef4a7,,"COORDINATE_ROUNDED,CONTINENT_DERIVED_FROM_COORDINATES,TAXON_ID_NOT_FOUND"
3966666333,"Alligator mississippiensis (Daudin, 1801)",2022-11-15T11:31,2022.0,11.0,30.382252,-89.617849,386.0,,,HUMAN_OBSERVATION,50c9509d-22c7-4a22-a47d-8c48425ef4a7,,"COORDINATE_ROUNDED,CONTINENT_DERIVED_FROM_COORDINATES,TAXON_ID_NOT_FOUND"
3966737717,"Alligator mississippiensis (Daudin, 1801)",2022-11-08T16:04:59,2022.0,11.0,30.379934,-89.616302,59.0,,,HUMAN_OBSERVATION,50c9509d-22c7-4a22-a47d-8c48425ef4a7,,"COORDINATE_ROUNDED,CONTINENT_DERIVED_FROM_COORDINATES,TAXON_ID_NOT_FOUND"
3966754239,"Alligator mississippiensis (Daudin, 1801)",2022-11-14T12:11,2022.0,11.0,30.382252,-89.617849,386.0,,,HUMAN_OBSERVATION,50c9509d-22c7-4a22-a47d-8c48425ef4a7,,"COORDINATE_ROUNDED,CONTINENT_DERIVED_FROM_COORDINATES,TAXON_ID_NOT_FOUND"
3966759755,"Alligator mississippiensis (Daudin, 1801)",2022-11-09T15:58:39,2022.0,11.0,30.38009,-89.616278,124.0,,,HUMAN_OBSERVATION,50c9509d-22c7-4a22-a47d-8c48425ef4a7,,"COORDINATE_ROUNDED,CONTINENT_DERIVED_FROM_COORDINATES,TAXON_ID_NOT_FOUND"
3985659104,"Alligator mississippiensis (Daudin, 1801)",2022-11-16T11:45,2022.0,11.0,30.382252,-89.617849,386.0,,,HUMAN_OBSERVATION,50c9509d-22c7-4a22-a47d-8c48425ef4a7,,"COORDINATE_ROUNDED,CONTINENT_DERIVED_FROM_COORDINATES,TAXON_ID_NOT_FOUND"
3985741117,"Alligator mississippiensis (Daudin, 1801)",2022-11-16T11:36,2022.0,11.0,30.382252,-89.617849,386.0,,,HUMAN_OBSERVATION,50c9509d-22c7-4a22-a47d-8c48425ef4a7,,"COORDINATE_ROUNDED,CONTINENT_DERIVED_FROM_COORDINATES,TAXON_ID_NOT_FOUND"
3985781205,"Alligator mississippiensis (Daudin, 1801)",2022-11-17T11:21,2022.0,11.0,30.382252,-89.617849,386.0,,,HUMAN_OBSERVATION,50c9509d-22c7-4a22-a47d-8c48425ef4a7,,"COORDINATE_ROUNDED,CONTINENT_DERIVED_FROM_COORDINATES,TAXON_ID_NOT_FOUND"
3985797832,"Alligator mississippiensis (Daudin, 1801)",2022-11-23T11:38,2022.0,11.0,30.382252,-89.617849,386.0,,,HUMAN_OBSERVATION,50c9509d-22c7-4a22-a47d-8c48425ef4a7,,"COORDINATE_ROUNDED,CONTINENT_DERIVED_FROM_COORDINATES,TAXON_ID_NOT_FOUND"
3985812923,"Alligator mississippiensis (Daudin, 1801)",2022-11-23T15:27,2022.0,11.0,30.382252,-89.617849,386.0,,,HUMAN_OBSERVATION,50c9509d-22c7-4a22-a47d-8c48425ef4a7,,"COORDINATE_ROUNDED,CONTINENT_DERIVED_FROM_COORDINATES,TAXON_ID_NOT_FOUND"
3985835874,"Alligator mississippiensis (Daudin, 1801)",2022-11-23T12:07,2022.0,11.0,30.382252,-89.617849,386.0,,,HUMAN_OBSERVATION,50c9509d-22c7-4a22-a47d-8c48425ef4a7,,"COORDINATE_ROUNDED,CONTINENT_DERIVED_FROM_COORDINATES,TAXON_ID_NOT_FOUND"
3985856284,"Alligator mississippiensis (Daudin, 1801)",2022-11-28T16:02:45,2022.0,11.0,30.380376,-89.616946,93.0,,,HUMAN_OBSERVATION,50c9509d-22c7-4a22-a47d-8c48425ef4a7,,"COORDINATE_ROUNDED,CONTINENT_DERIVED_FROM_COORDINATES,TAXON_ID_NOT_FOUND"
3985882906,"Alligator mississippiensis (Daudin, 1801)",2022-11-23T15:31,2022.0,11.0,30.382252,-89.617849,386.0,,,HUMAN_OBSERVATION,50c9509d-22c7-4a22-a47d-8c48425ef4a7,,"COORDINATE_ROUNDED,CONTINENT_DERIVED_FROM_COORDINATES,TAXON_ID_NOT_FOUND"
3985913851,"Alligator mississippiensis (Daudin, 1801)",2022-11-23T15:23,2022.0,11.0,30.382252,-89.617849,386.0,,,HUMAN_OBSERVATION,50c9509d-22c7-4a22-a47d-8c48425ef4a7,,"COORDINATE_ROUNDED,CONTINENT_DERIVED_FROM_COORDINATES,TAXON_ID_NOT_FOUND"
3986038216,"Alligator mississippiensis (Daudin, 1801)",2022-11-17T11:51,2022.0,11.0,30.382252,-89.617849,386.0,,,HUMAN_OBSERVATION,50c9509d-22c7-4a22-a47d-8c48425ef4a7,,"COORDINATE_ROUNDED,CONTINENT_DERIVED_FROM_COORDINATES,TAXON_ID_NOT_FOUND"
3986181311,"Alligator mississippiensis (Daudin, 1801)",2022-11-28T16:01:12,2022.0,11.0,30.379842,-89.616833,120.0,,,HUMAN_OBSERVATION,50c9509d-22c7-4a22-a47d-8c48425ef4a7,,"COORDINATE_ROUNDED,CONTINENT_DERIVED_FROM_COORDINATES,TAXON_ID_NOT_FOUND"
3986191410,"Alligator mississippiensis (Daudin, 1801)",2022-11-28T16:00:50,2022.0,11.0,30.380143,-89.616725,91.0,,,HUMAN_OBSERVATION,50c9509d-22c7-4a22-a47d-8c48425ef4a7,,"COORDINATE_ROUNDED,CONTINENT_DERIVED_FROM_COORDINATES,TAXON_ID_NOT_FOUND"
3986237640,"Alligator mississippiensis (Daudin, 1801)",2022-11-21T11:54:38,2022.0,11.0,30.380028,-89.617455,105.0,,,HUMAN_OBSERVATION,50c9509d-22c7-4a22-a47d-8c48425ef4a7,,"COORDINATE_ROUNDED,CONTINENT_DERIVED_FROM_COORDINATES,TAXON_ID_NOT_FOUND"
3986241885,"Alligator mississippiensis (Daudin, 1801)",2022-11-23T15:24,2022.0,11.0,30.382252,-89.617849,386.0,,,HUMAN_OBSERVATION,50c9509d-22c7-4a22-a47d-8c48425ef4a7,,"COORDINATE_ROUNDED,CONTINENT_DERIVED_FROM_COORDINATES,TAXON_ID_NOT_FOUND"
3986243878,"Alligator mississippiensis (Daudin, 1801)",2022-11-23T11:41,2022.0,11.0,30.382252,-89.617849,386.0,,,HUMAN_OBSERVATION,50c9509d-22c7-4a22-a47d-8c48425ef4a7,,"COORDINATE_ROUNDED,CONTINENT_DERIVED_FROM_COORDINATES,TAXON_ID_NOT_FOUND"
3986250574,"Alligator mississippiensis (Daudin, 1801)",2022-11-21T11:44,2022.0,11.0,30.382252,-89.617849,386.0,,,HUMAN_OBSERVATION,50c9509d-22c7-4a22-a47d-8c48425ef4a7,,"COORDINATE_ROUNDED,CONTINENT_DERIVED_FROM_COORDINATES,TAXON_ID_NOT_FOUND"
3986262921,"Alligator mississippiensis (Daudin, 1801)",2022-11-23T15:31,2022.0,11.0,30.382252,-89.617849,386.0,,,HUMAN_OBSERVATION,50c9509d-22c7-4a22-a47d-8c48425ef4a7,,"COORDINATE_ROUNDED,CONTINENT_DERIVED_FROM_COORDINATES,TAXON_ID_NOT_FOUND"
3986273808,"Alligator mississippiensis (Daudin, 1801)",2022-11-23T15:25,2022.0,11.0,30.382252,-89.617849,386.0,,,HUMAN_OBSERVATION,50c9509d-22c7-4a22-a47d-8c48425ef4a7,,"COORDINATE_ROUNDED,CONTINENT_DERIVED_FROM_COORDINATES,TAXON_ID_NOT_FOUND"
3986286623,"Alligator mississippiensis (Daudin, 1801)",2022-11-21T11:46,2022.0,11.0,30.382252,-89.617849,386.0,,,HUMAN_OBSERVATION,50c9509d-22c7-4a22-a47d-8c48425ef4a7,,"COORDINATE_ROUNDED,CONTINENT_DERIVED_FROM_COORDINATES,TAXON_ID_NOT_FOUND"
3986388380,"Alligator mississippiensis (Daudin, 1801)",2022-11-28T11:42,2022.0,11.0,30.382252,-89.617849,386.0,,,HUMAN_OBSERVATION,50c9509d-22c7-4a22-a47d-8c48425ef4a7,,"COORDINATE_ROUNDED,CONTINENT_DERIVED_FROM_COORDINATES,TAXON_ID_NOT_FOUND"
3986418343,"Alligator mississippiensis (Daudin, 1801)",2022-11-28T11:32,2022.0,11.0,30.382252,-89.617849,386.0,,,HUMAN_OBSERVATION,50c9509d-22c7-4a22-a47d-8c48425ef4a7,,"COORDINATE_ROUNDED,CONTINENT_DERIVED_FROM_COORDINATES,TAXON_ID_NOT_FOUND"
3988518771,"Alligator mississippiensis (Daudin, 1801)",2022-11-30T07:33,2022.0,11.0,30.382252,-89.617849,386.0,,,HUMAN_OBSERVATION,50c9509d-22c7-4a22-a47d-8c48425ef4a7,,"COORDINATE_ROUNDED,CONTINENT_DERIVED_FROM_COORDINATES,TAXON_ID_NOT_FOUND"
3988710802,"Alligator mississippiensis (Daudin, 1801)",2022-11-30T11:56,2022.0,11.0,30.382252,-89.617849,386.0,,,HUMAN_OBSERVATION,50c9509d-22c7-4a22-a47d-8c48425ef4a7,,"COORDINATE_ROUNDED,CONTINENT_DERIVED_FROM_COORDINATES,TAXON_ID_NOT_FOUND"
3988733786,"Alligator mississippiensis (Daudin, 1801)",2022-11-30T12:02,2022.0,11.0,30.382252,-89.617849,386.0,,,HUMAN_OBSERVATION,50c9509d-22c7-4a22-a47d-8c48425ef4a7,,"COORDINATE_ROUNDED,CONTINENT_DERIVED_FROM_COORDINATES,TAXON_ID_NOT_FOUND"
5141148473,"Alligator mississippiensis (Daudin, 1801)",2022-11-12T14:49:03,2022.0,11.0,32.863375,-90.793059,29039.0,,,HUMAN_OBSERVATION,50c9509d-22c7-4a22-a47d-8c48425ef4a7,,"COORDINATE_ROUNDED,CONTINENT_DERIVED_FROM_COORDINATES,TAXON_ID_NOT_FOUND"
3988720849,"Alligator mississippiensis (Daudin, 1801)",2022-12-01T11:32,2022.0,12.0,30.382252,-89.617849,386.0,,,HUMAN_OBSERVATION,50c9509d-22c7-4a22-a47d-8c48425ef4a7,,"COORDINATE_ROUNDED,CONTINENT_DERIVED_FROM_COORDINATES,TAXON_ID_NOT_FOUND"
3994206237,"Alligator mississippiensis (Daudin, 1801)",2022-12-12T11:50:18,2022.0,12.0,30.379605,-89.617524,68.0,,,HUMAN_OBSERVATION,50c9509d-22c7-4a22-a47d-8c48425ef4a7,,"COORDINATE_ROUNDED,CONTINENT_DERIVED_FROM_COORDINATES,TAXON_ID_NOT_FOUND"
4006499811,"Alligator mississippiensis (Daudin, 1801)",2022-12-14T11:58:21,2022.0,12.0,30.379804,-89.617507,147.0,,,HUMAN_OBSERVATION,50c9509d-22c7-4a22-a47d-8c48425ef4a7,,"COORDINATE_ROUNDED,CONTINENT_DERIVED_FROM_COORDINATES,TAXON_ID_NOT_FOUND"
4006546682,"Alligator mississippiensis (Daudin, 1801)",2022-12-13T14:36,2022.0,12.0,30.382252,-89.617849,386.0,,,HUMAN_OBSERVATION,50c9509d-22c7-4a22-a47d-8c48425ef4a7,,"COORDINATE_ROUNDED,CONTINENT_DERIVED_FROM_COORDINATES,TAXON_ID_NOT_FOUND"
4006561682,"Alligator mississippiensis (Daudin, 1801)",2022-12-13T11:29,2022.0,12.0,30.382252,-89.617849,386.0,,,HUMAN_OBSERVATION,50c9509d-22c7-4a22-a47d-8c48425ef4a7,,"COORDINATE_ROUNDED,CONTINENT_DERIVED_FROM_COORDINATES,TAXON_ID_NOT_FOUND"
4006598783,"Alligator mississippiensis (Daudin, 1801)",2022-12-14T12:07:03,2022.0,12.0,30.359407,-89.617278,100.0,,,HUMAN_OBSERVATION,50c9509d-22c7-4a22-a47d-8c48425ef4a7,,"COORDINATE_ROUNDED,CONTINENT_DERIVED_FROM_COORDINATES,TAXON_ID_NOT_FOUND"
4006620700,"Alligator mississippiensis (Daudin, 1801)",2022-12-13T11:36,2022.0,12.0,30.382252,-89.617849,386.0,,,HUMAN_OBSERVATION,50c9509d-22c7-4a22-a47d-8c48425ef4a7,,"COORDINATE_ROUNDED,CONTINENT_DERIVED_FROM_COORDINATES,TAXON_ID_NOT_FOUND"
4006635746,"Alligator mississippiensis (Daudin, 1801)",2022-12-13T16:05,2022.0,12.0,30.382252,-89.617849,386.0,,,HUMAN_OBSERVATION,50c9509d-22c7-4a22-a47d-8c48425ef4a7,,"COORDINATE_ROUNDED,CONTINENT_DERIVED_FROM_COORDINATES,TAXON_ID_NOT_FOUND"
4006729702,"Alligator mississippiensis (Daudin, 1801)",2022-12-13T11:29,2022.0,12.0,30.382252,-89.617849,386.0,,,HUMAN_OBSERVATION,50c9509d-22c7-4a22-a47d-8c48425ef4a7,,"COORDINATE_ROUNDED,CONTINENT_DERIVED_FROM_COORDINATES,TAXON_ID_NOT_FOUND"
4006733764,"Alligator mississippiensis (Daudin, 1801)",2022-12-13T16:03,2022.0,12.0,30.382252,-89.617849,386.0,,,HUMAN_OBSERVATION,50c9509d-22c7-4a22-a47d-8c48425ef4a7,,"COORDINATE_ROUNDED,CONTINENT_DERIVED_FROM_COORDINATES,TAXON_ID_NOT_FOUND"
4006762692,"Alligator mississippiensis (Daudin, 1801)",2022-12-13T14:39,2022.0,12.0,30.382252,-89.617849,386.0,,,HUMAN_OBSERVATION,50c9509d-22c7-4a22-a47d-8c48425ef4a7,,"COORDINATE_ROUNDED,CONTINENT_DERIVED_FROM_COORDINATES,TAXON_ID_NOT_FOUND"
4009709215,"Alligator mississippiensis (Daudin, 1801)",2022-12-27T11:50,2022.0,12.0,30.382252,-89.617849,386.0,,,HUMAN_OBSERVATION,50c9509d-22c7-4a22-a47d-8c48425ef4a7,,"COORDINATE_ROUNDED,CONTINENT_DERIVED_FROM_COORDINATES,TAXON_ID_NOT_FOUND"
4011494721,"Alligator mississippiensis (Daudin, 1801)",2022-12-28T11:26,2022.0,12.0,30.382252,-89.617849,386.0,,,HUMAN_OBSERVATION,50c9509d-22c7-4a22-a47d-8c48425ef4a7,,"COORDINATE_ROUNDED,CONTINENT_DERIVED_FROM_COORDINATES,TAXON_ID_NOT_FOUND"
4011514777,"Alligator mississippiensis (Daudin, 1801)",2022-12-28T11:29,2022.0,12.0,30.382252,-89.617849,386.0,,,HUMAN_OBSERVATION,50c9509d-22c7-4a22-a47d-8c48425ef4a7,,"COORDINATE_ROUNDED,CONTINENT_DERIVED_FROM_COORDINATES,TAXON_ID_NOT_FOUND"
4011542870,"Alligator mississippiensis (Daudin, 1801)",2022-12-29T11:55:53,2022.0,12.0,30.38046,-89.61925,142.0,,,HUMAN_OBSERVATION,50c9509d-22c7-4a22-a47d-8c48425ef4a7,,"COORDINATE_ROUNDED,CONTINENT_DERIVED_FROM_COORDINATES,TAXON_ID_NOT_FOUND"
4011561894,"Alligator mississippiensis (Daudin, 1801)",2022-12-29T15:56:17,2022.0,12.0,30.381042,-89.618387,103.0,,,HUMAN_OBSERVATION,50c9509d-22c7-4a22-a47d-8c48425ef4a7,,"COORDINATE_ROUNDED,CONTINENT_DERIVED_FROM_COORDINATES,TAXON_ID_NOT_FOUND"
4011596926,"Alligator mississippiensis (Daudin, 1801)",2022-12-29T15:57:10,2022.0,12.0,30.379991,-89.617521,118.0,,,HUMAN_OBSERVATION,50c9509d-22c7-4a22-a47d-8c48425ef4a7,,"COORDINATE_ROUNDED,CONTINENT_DERIVED_FROM_COORDINATES,TAXON_ID_NOT_FOUND"
4011598972,"Alligator mississippiensis (Daudin, 1801)",2022-12-30T07:58,2022.0,12.0,30.382252,-89.617849,386.0,,,HUMAN_OBSERVATION,50c9509d-22c7-4a22-a47d-8c48425ef4a7,,"COORDINATE_ROUNDED,CONTINENT_DERIVED_FROM_COORDINATES,TAXON_ID_NOT_FOUND"
4011605926,"Alligator mississippiensis (Daudin, 1801)",2022-12-30T07:58,2022.0,12.0,30.382252,-89.617849,386.0,,,HUMAN_OBSERVATION,50c9509d-22c7-4a22-a47d-8c48425ef4a7,,"COORDINATE_ROUNDED,CONTINENT_DERIVED_FROM_COORDINATES,TAXON_ID_NOT_FOUND"
4011643025,"Alligator mississippiensis (Daudin, 1801)",2022-12-30T08:23,2022.0,12.0,30.382252,-89.617849,386.0,,,HUMAN_OBSERVATION,50c9509d-22c7-4a22-a47d-8c48425ef4a7,,"COORDINATE_ROUNDED,CONTINENT_DERIVED_FROM_COORDINATES,TAXON_ID_NOT_FOUND"
4011659847,"Alligator mississippiensis (Daudin, 1801)",2022-12-29T11:17,2022.0,12.0,30.382252,-89.617849,386.0,,,HUMAN_OBSERVATION,50c9509d-22c7-4a22-a47d-8c48425ef4a7,,"COORDINATE_ROUNDED,CONTINENT_DERIVED_FROM_COORDINATES,TAXON_ID_NOT_FOUND"
4011664774,"Alligator mississippiensis (Daudin, 1801)",2022-12-28T16:04,2022.0,12.0,30.382252,-89.617849,386.0,,,HUMAN_OBSERVATION,50c9509d-22c7-4a22-a47d-8c48425ef4a7,,"COORDINATE_ROUNDED,CONTINENT_DERIVED_FROM_COORDINATES,TAXON_ID_NOT_FOUND"
4011713779,"Alligator mississippiensis (Daudin, 1801)",2022-12-28T16:05,2022.0,12.0,30.382252,-89.617849,386.0,,,HUMAN_OBSERVATION,50c9509d-22c7-4a22-a47d-8c48425ef4a7,,"COORDINATE_ROUNDED,CONTINENT_DERIVED_FROM_COORDINATES,TAXON_ID_NOT_FOUND"
3018012051,"Alligator mississippiensis (Daudin, 1801)",2021-01-04T12:36,2021.0,1.0,30.349481,-88.713494,5.0,,,HUMAN_OBSERVATION,50c9509d-22c7-4a22-a47d-8c48425ef4a7,,"COORDINATE_ROUNDED,CONTINENT_DERIVED_FROM_COORDINATES,TAXON_ID_NOT_FOUND"
3044680824,"Alligator mississippiensis (Daudin, 1801)",2021-02-20T15:32,2021.0,2.0,30.39768,-88.790115,,,,HUMAN_OBSERVATION,50c9509d-22c7-4a22-a47d-8c48425ef4a7,,"CONTINENT_DERIVED_FROM_COORDINATES,TAXON_ID_NOT_FOUND"
3058888819,"Alligator mississippiensis (Daudin, 1801)",2021-03-03T11:54:01,2021.0,3.0,30.328447,-89.626773,300.0,,,HUMAN_OBSERVATION,50c9509d-22c7-4a22-a47d-8c48425ef4a7,,"COORDINATE_ROUNDED,CONTINENT_DERIVED_FROM_COORDINATES,TAXON_ID_NOT_FOUND"
3059007922,"Alligator mississippiensis (Daudin, 1801)",2021-03-10T10:29,2021.0,3.0,30.414828,-88.542724,15.0,,,HUMAN_OBSERVATION,50c9509d-22c7-4a22-a47d-8c48425ef4a7,,"COORDINATE_ROUNDED,CONTINENT_DERIVED_FROM_COORDINATES,TAXON_ID_NOT_FOUND"
3059162812,"Alligator mississippiensis (Daudin, 1801)",2021-03-10T11:51:10,2021.0,3.0,30.328955,-89.626803,567.0,,,HUMAN_OBSERVATION,50c9509d-22c7-4a22-a47d-8c48425ef4a7,,"COORDINATE_ROUNDED,CONTINENT_DERIVED_FROM_COORDINATES,TAXON_ID_NOT_FOUND"
3067707622,"Alligator mississippiensis (Daudin, 1801)",2021-03-01T22:08,2021.0,3.0,30.391851,-88.791067,189.0,,,HUMAN_OBSERVATION,50c9509d-22c7-4a22-a47d-8c48425ef4a7,,"COORDINATE_ROUNDED,CONTINENT_DERIVED_FROM_COORDINATES,TAXON_ID_NOT_FOUND"
3067730682,"Alligator mississippiensis (Daudin, 1801)",2021-03-18T12:22,2021.0,3.0,31.339368,-91.420569,,,,HUMAN_OBSERVATION,50c9509d-22c7-4a22-a47d-8c48425ef4a7,,"COORDINATE_ROUNDED,CONTINENT_DERIVED_FROM_COORDINATES,TAXON_ID_NOT_FOUND"
3067987679,"Alligator mississippiensis (Daudin, 1801)",2021-03-21T12:37,2021.0,3.0,31.34257,-91.427045,8.0,,,HUMAN_OBSERVATION,50c9509d-22c7-4a22-a47d-8c48425ef4a7,,"COORDINATE_ROUNDED,CONTINENT_DERIVED_FROM_COORDINATES,TAXON_ID_NOT_FOUND"
3067991697,"Alligator mississippiensis (Daudin, 1801)",2021-03-18T13:33,2021.0,3.0,31.360818,-91.417196,,,,HUMAN_OBSERVATION,50c9509d-22c7-4a22-a47d-8c48425ef4a7,,"COORDINATE_ROUNDED,CONTINENT_DERIVED_FROM_COORDINATES,TAXON_ID_NOT_FOUND"
3068065179,"Alligator mississippiensis (Daudin, 1801)",2021-03-20T13:21,2021.0,3.0,30.348482,-88.710825,573.0,,,HUMAN_OBSERVATION,50c9509d-22c7-4a22-a47d-8c48425ef4a7,,"COORDINATE_ROUNDED,CONTINENT_DERIVED_FROM_COORDINATES,TAXON_ID_NOT_FOUND"
3070395862,"Alligator mississippiensis (Daudin, 1801)",2021-03-22T08:58,2021.0,3.0,30.414728,-88.543408,,,,HUMAN_OBSERVATION,50c9509d-22c7-4a22-a47d-8c48425ef4a7,,"COORDINATE_ROUNDED,CONTINENT_DERIVED_FROM_COORDINATES,TAXON_ID_NOT_FOUND"
3070685871,"Alligator mississippiensis (Daudin, 1801)",2021-03-27T12:26,2021.0,3.0,32.948082,-90.509378,29039.0,,,HUMAN_OBSERVATION,50c9509d-22c7-4a22-a47d-8c48425ef4a7,,"COORDINATE_ROUNDED,CONTINENT_DERIVED_FROM_COORDINATES,TAXON_ID_NOT_FOUND"
3070699684,"Alligator mississippiensis (Daudin, 1801)",2021-03-26T12:31:08,2021.0,3.0,30.382322,-89.616976,952.0,,,HUMAN_OBSERVATION,50c9509d-22c7-4a22-a47d-8c48425ef4a7,,"COORDINATE_ROUNDED,CONTINENT_DERIVED_FROM_COORDINATES,TAXON_ID_NOT_FOUND"
3070701496,"Alligator mississippiensis (Daudin, 1801)",2021-03-26T12:32:56,2021.0,3.0,30.381191,-89.616927,357.0,,,HUMAN_OBSERVATION,50c9509d-22c7-4a22-a47d-8c48425ef4a7,,"COORDINATE_ROUNDED,CONTINENT_DERIVED_FROM_COORDINATES,TAXON_ID_NOT_FOUND"
3802472813,"Alligator mississippiensis (Daudin, 1801)",2021-03-21T12:08:56,2021.0,3.0,33.288982,-88.787039,12.0,,,HUMAN_OBSERVATION,50c9509d-22c7-4a22-a47d-8c48425ef4a7,,"COORDINATE_ROUNDED,CONTINENT_DERIVED_FROM_COORDINATES,TAXON_ID_NOT_FOUND"
3079601846,"Alligator mississippiensis (Daudin, 1801)",2021-04-05T12:05,2021.0,4.0,30.382252,-89.617849,386.0,,,HUMAN_OBSERVATION,50c9509d-22c7-4a22-a47d-8c48425ef4a7,,"COORDINATE_ROUNDED,CONTINENT_DERIVED_FROM_COORDINATES,TAXON_ID_NOT_FOUND"
3079610754,"Alligator mississippiensis (Daudin, 1801)",2021-04-05T12:06,2021.0,4.0,30.382252,-89.617849,386.0,,,HUMAN_OBSERVATION,50c9509d-22c7-4a22-a47d-8c48425ef4a7,,"COORDINATE_ROUNDED,CONTINENT_DERIVED_FROM_COORDINATES,TAXON_ID_NOT_FOUND"
3079696876,"Alligator mississippiensis (Daudin, 1801)",2021-04-06T12:43,2021.0,4.0,30.382252,-89.617849,386.0,,,HUMAN_OBSERVATION,50c9509d-22c7-4a22-a47d-8c48425ef4a7,,"COORDINATE_ROUNDED,CONTINENT_DERIVED_FROM_COORDINATES,TAXON_ID_NOT_FOUND"
3079708091,"Alligator mississippiensis (Daudin, 1801)",2021-04-07T15:18:45,2021.0,4.0,30.381532,-89.616358,1107.0,,,HUMAN_OBSERVATION,50c9509d-22c7-4a22-a47d-8c48425ef4a7,,"COORDINATE_ROUNDED,CONTINENT_DERIVED_FROM_COORDINATES,TAXON_ID_NOT_FOUND"
3079817568,"Alligator mississippiensis (Daudin, 1801)",2021-04-04T08:32,2021.0,4.0,30.410163,-88.957697,43.0,,,HUMAN_OBSERVATION,50c9509d-22c7-4a22-a47d-8c48425ef4a7,,"COORDINATE_ROUNDED,CONTINENT_DERIVED_FROM_COORDINATES,TAXON_ID_NOT_FOUND"
3079904943,"Alligator mississippiensis (Daudin, 1801)",2021-04-06T12:45,2021.0,4.0,30.382252,-89.617849,386.0,,,HUMAN_OBSERVATION,50c9509d-22c7-4a22-a47d-8c48425ef4a7,,"COORDINATE_ROUNDED,CONTINENT_DERIVED_FROM_COORDINATES,TAXON_ID_NOT_FOUND"
3090653685,"Alligator mississippiensis (Daudin, 1801)",2021-04-13T11:19,2021.0,4.0,30.382252,-89.617849,386.0,,,HUMAN_OBSERVATION,50c9509d-22c7-4a22-a47d-8c48425ef4a7,,"COORDINATE_ROUNDED,CONTINENT_DERIVED_FROM_COORDINATES,TAXON_ID_NOT_FOUND"
3090823075,"Alligator mississippiensis (Daudin, 1801)",2021-04-07T13:23,2021.0,4.0,30.39183,-88.791161,488.0,,,HUMAN_OBSERVATION,50c9509d-22c7-4a22-a47d-8c48425ef4a7,,"COORDINATE_ROUNDED,CONTINENT_DERIVED_FROM_COORDINATES,TAXON_ID_NOT_FOUND"
3090904644,"Alligator mississippiensis (Daudin, 1801)",2021-04-12T12:54,2021.0,4.0,30.382252,-89.617849,386.0,,,HUMAN_OBSERVATION,50c9509d-22c7-4a22-a47d-8c48425ef4a7,,"COORDINATE_ROUNDED,CONTINENT_DERIVED_FROM_COORDINATES,TAXON_ID_NOT_FOUND"
3090939671,"Alligator mississippiensis (Daudin, 1801)",2021-04-11T13:50:31Z,2021.0,4.0,33.269375,-88.78325,29.0,,,HUMAN_OBSERVATION,50c9509d-22c7-4a22-a47d-8c48425ef4a7,,"CONTINENT_DERIVED_FROM_COORDINATES,TAXON_ID_NOT_FOUND"
3097010686,"Alligator mississippiensis (Daudin, 1801)",2021-04-16T11:59,2021.0,4.0,30.382252,-89.617849,386.0,,,HUMAN_OBSERVATION,50c9509d-22c7-4a22-a47d-8c48425ef4a7,,"COORDINATE_ROUNDED,CONTINENT_DERIVED_FROM_COORDINATES,TAXON_ID_NOT_FOUND"
3097019212,"Alligator mississippiensis (Daudin, 1801)",2021-04-19T11:20,2021.0,4.0,30.382252,-89.617849,386.0,,,HUMAN_OBSERVATION,50c9509d-22c7-4a22-a47d-8c48425ef4a7,,"COORDINATE_ROUNDED,CONTINENT_DERIVED_FROM_COORDINATES,TAXON_ID_NOT_FOUND"
3097021235,"Alligator mississippiensis (Daudin, 1801)",2021-04-19T11:16,2021.0,4.0,30.382252,-89.617849,386.0,,,HUMAN_OBSERVATION,50c9509d-22c7-4a22-a47d-8c48425ef4a7,,"COORDINATE_ROUNDED,CONTINENT_DERIVED_FROM_COORDINATES,TAXON_ID_NOT_FOUND"
3097032211,"Alligator mississippiensis (Daudin, 1801)",2021-04-19T11:26,2021.0,4.0,30.382252,-89.617849,386.0,,,HUMAN_OBSERVATION,50c9509d-22c7-4a22-a47d-8c48425ef4a7,,"COORDINATE_ROUNDED,CONTINENT_DERIVED_FROM_COORDINATES,TAXON_ID_NOT_FOUND"
3097042575,"Alligator mississippiensis (Daudin, 1801)",2021-04-15T16:15:33,2021.0,4.0,30.38221,-89.617112,2068.0,,,HUMAN_OBSERVATION,50c9509d-22c7-4a22-a47d-8c48425ef4a7,,"COORDINATE_ROUNDED,CONTINENT_DERIVED_FROM_COORDINATES,TAXON_ID_NOT_FOUND"
3097053710,"Alligator mississippiensis (Daudin, 1801)",2021-04-16T12:04,2021.0,4.0,30.382252,-89.617849,386.0,,,HUMAN_OBSERVATION,50c9509d-22c7-4a22-a47d-8c48425ef4a7,,"COORDINATE_ROUNDED,CONTINENT_DERIVED_FROM_COORDINATES,TAXON_ID_NOT_FOUND"
3097073221,"Alligator mississippiensis (Daudin, 1801)",2021-04-19T11:32,2021.0,4.0,30.382252,-89.617849,386.0,,,HUMAN_OBSERVATION,50c9509d-22c7-4a22-a47d-8c48425ef4a7,,"COORDINATE_ROUNDED,CONTINENT_DERIVED_FROM_COORDINATES,TAXON_ID_NOT_FOUND"
3097089689,"Alligator mississippiensis (Daudin, 1801)",2021-04-16T12:11,2021.0,4.0,30.382252,-89.617849,386.0,,,HUMAN_OBSERVATION,50c9509d-22c7-4a22-a47d-8c48425ef4a7,,"COORDINATE_ROUNDED,CONTINENT_DERIVED_FROM_COORDINATES,TAXON_ID_NOT_FOUND"
3097096384,"Alligator mississippiensis (Daudin, 1801)",2021-04-20T11:16,2021.0,4.0,30.382252,-89.617849,386.0,,,HUMAN_OBSERVATION,50c9509d-22c7-4a22-a47d-8c48425ef4a7,,"COORDINATE_ROUNDED,CONTINENT_DERIVED_FROM_COORDINATES,TAXON_ID_NOT_FOUND"
3097098474,"Alligator mississippiensis (Daudin, 1801)",2021-04-20T19:34,2021.0,4.0,30.406576,-88.817499,88.0,,,HUMAN_OBSERVATION,50c9509d-22c7-4a22-a47d-8c48425ef4a7,,"COORDINATE_ROUNDED,CONTINENT_DERIVED_FROM_COORDINATES,TAXON_ID_NOT_FOUND"
3097099383,"Alligator mississippiensis (Daudin, 1801)",2021-04-20T11:23,2021.0,4.0,30.382252,-89.617849,386.0,,,HUMAN_OBSERVATION,50c9509d-22c7-4a22-a47d-8c48425ef4a7,,"COORDINATE_ROUNDED,CONTINENT_DERIVED_FROM_COORDINATES,TAXON_ID_NOT_FOUND"
3097241653,"Alligator mississippiensis (Daudin, 1801)",2021-04-22T11:19,2021.0,4.0,30.382252,-89.617849,386.0,,,HUMAN_OBSERVATION,50c9509d-22c7-4a22-a47d-8c48425ef4a7,,"COORDINATE_ROUNDED,CONTINENT_DERIVED_FROM_COORDINATES,TAXON_ID_NOT_FOUND"
3097299617,"Alligator mississippiensis (Daudin, 1801)",2021-04-15T16:12:32,2021.0,4.0,30.381308,-89.617813,1020.0,,,HUMAN_OBSERVATION,50c9509d-22c7-4a22-a47d-8c48425ef4a7,,"COORDINATE_ROUNDED,CONTINENT_DERIVED_FROM_COORDINATES,TAXON_ID_NOT_FOUND"
3097324554,"Alligator mississippiensis (Daudin, 1801)",2021-04-21T13:18,2021.0,4.0,30.392333,-88.788024,8.0,,,HUMAN_OBSERVATION,50c9509d-22c7-4a22-a47d-8c48425ef4a7,,"COORDINATE_ROUNDED,CONTINENT_DERIVED_FROM_COORDINATES,TAXON_ID_NOT_FOUND"
3097332547,"Alligator mississippiensis (Daudin, 1801)",2021-04-21T13:21,2021.0,4.0,30.397998,-88.789814,31.0,,,HUMAN_OBSERVATION,50c9509d-22c7-4a22-a47d-8c48425ef4a7,,"COORDINATE_ROUNDED,CONTINENT_DERIVED_FROM_COORDINATES,TAXON_ID_NOT_FOUND"
3097374602,"Alligator mississippiensis (Daudin, 1801)",2021-04-22T11:36,2021.0,4.0,30.382252,-89.617849,386.0,,,HUMAN_OBSERVATION,50c9509d-22c7-4a22-a47d-8c48425ef4a7,,"COORDINATE_ROUNDED,CONTINENT_DERIVED_FROM_COORDINATES,TAXON_ID_NOT_FOUND"
3097388593,"Alligator mississippiensis (Daudin, 1801)",2021-04-22T11:35,2021.0,4.0,30.382252,-89.617849,386.0,,,HUMAN_OBSERVATION,50c9509d-22c7-4a22-a47d-8c48425ef4a7,,"COORDINATE_ROUNDED,CONTINENT_DERIVED_FROM_COORDINATES,TAXON_ID_NOT_FOUND"
3109055590,"Alligator mississippiensis (Daudin, 1801)",2021-04-23T11:45,2021.0,4.0,30.382252,-89.617849,386.0,,,HUMAN_OBSERVATION,50c9509d-22c7-4a22-a47d-8c48425ef4a7,,"COORDINATE_ROUNDED,CONTINENT_DERIVED_FROM_COORDINATES,TAXON_ID_NOT_FOUND"
3109079572,"Alligator mississippiensis (Daudin, 1801)",2021-04-23T11:29,2021.0,4.0,30.382252,-89.617849,386.0,,,HUMAN_OBSERVATION,50c9509d-22c7-4a22-a47d-8c48425ef4a7,,"COORDINATE_ROUNDED,CONTINENT_DERIVED_FROM_COORDINATES,TAXON_ID_NOT_FOUND"
3109234473,"Alligator mississippiensis (Daudin, 1801)",2021-04-28T15:11:27,2021.0,4.0,30.380432,-89.61735,357.0,,,HUMAN_OBSERVATION,50c9509d-22c7-4a22-a47d-8c48425ef4a7,,"COORDINATE_ROUNDED,CONTINENT_DERIVED_FROM_COORDINATES,TAXON_ID_NOT_FOUND"
3109272528,"Alligator mississippiensis (Daudin, 1801)",2021-04-20T16:43,2021.0,4.0,30.330451,-88.478244,171.0,,,HUMAN_OBSERVATION,50c9509d-22c7-4a22-a47d-8c48425ef4a7,,"COORDINATE_ROUNDED,CONTINENT_DERIVED_FROM_COORDINATES,TAXON_ID_NOT_FOUND"
3109322597,"Alligator mississippiensis (Daudin, 1801)",2021-04-23T11:32,2021.0,4.0,30.382252,-89.617849,386.0,,,HUMAN_OBSERVATION,50c9509d-22c7-4a22-a47d-8c48425ef4a7,,"COORDINATE_ROUNDED,CONTINENT_DERIVED_FROM_COORDINATES,TAXON_ID_NOT_FOUND"
3109325078,"Alligator mississippiensis (Daudin, 1801)",2021-04-26T11:42,2021.0,4.0,30.382252,-89.617849,386.0,,,HUMAN_OBSERVATION,50c9509d-22c7-4a22-a47d-8c48425ef4a7,,"COORDINATE_ROUNDED,CONTINENT_DERIVED_FROM_COORDINATES,TAXON_ID_NOT_FOUND"
3109358369,"Alligator mississippiensis (Daudin, 1801)",2021-04-26T07:28,2021.0,4.0,33.768178,-90.142964,18.0,,,HUMAN_OBSERVATION,50c9509d-22c7-4a22-a47d-8c48425ef4a7,,"COORDINATE_ROUNDED,CONTINENT_DERIVED_FROM_COORDINATES,TAXON_ID_NOT_FOUND"
3112278693,"Alligator mississippiensis (Daudin, 1801)",2021-04-30T11:30,2021.0,4.0,30.382252,-89.617849,386.0,,,HUMAN_OBSERVATION,50c9509d-22c7-4a22-a47d-8c48425ef4a7,,"COORDINATE_ROUNDED,CONTINENT_DERIVED_FROM_COORDINATES,TAXON_ID_NOT_FOUND"
3112281690,"Alligator mississippiensis (Daudin, 1801)",2021-04-30T11:09,2021.0,4.0,30.382252,-89.617849,386.0,,,HUMAN_OBSERVATION,50c9509d-22c7-4a22-a47d-8c48425ef4a7,,"COORDINATE_ROUNDED,CONTINENT_DERIVED_FROM_COORDINATES,TAXON_ID_NOT_FOUND"
3112527700,"Alligator mississippiensis (Daudin, 1801)",2021-04-30T11:43,2021.0,4.0,30.382252,-89.617849,386.0,,,HUMAN_OBSERVATION,50c9509d-22c7-4a22-a47d-8c48425ef4a7,,"COORDINATE_ROUNDED,CONTINENT_DERIVED_FROM_COORDINATES,TAXON_ID_NOT_FOUND"
3112549675,"Alligator mississippiensis (Daudin, 1801)",2021-04-30T11:19,2021.0,4.0,30.382252,-89.617849,386.0,,,HUMAN_OBSERVATION,50c9509d-22c7-4a22-a47d-8c48425ef4a7,,"COORDINATE_ROUNDED,CONTINENT_DERIVED_FROM_COORDINATES,TAXON_ID_NOT_FOUND"
3112557676,"Alligator mississippiensis (Daudin, 1801)",2021-04-30T11:55,2021.0,4.0,30.382252,-89.617849,386.0,,,HUMAN_OBSERVATION,50c9509d-22c7-4a22-a47d-8c48425ef4a7,,"COORDINATE_ROUNDED,CONTINENT_DERIVED_FROM_COORDINATES,TAXON_ID_NOT_FOUND"
3112562685,"Alligator mississippiensis (Daudin, 1801)",2021-04-30T11:27,2021.0,4.0,30.382252,-89.617849,386.0,,,HUMAN_OBSERVATION,50c9509d-22c7-4a22-a47d-8c48425ef4a7,,"COORDINATE_ROUNDED,CONTINENT_DERIVED_FROM_COORDINATES,TAXON_ID_NOT_FOUND"
3118498599,"Alligator mississippiensis (Daudin, 1801)",2021-04-30T14:57,2021.0,4.0,30.290302,-88.687179,29382.0,,,HUMAN_OBSERVATION,50c9509d-22c7-4a22-a47d-8c48425ef4a7,,"COORDINATE_ROUNDED,CONTINENT_DERIVED_FROM_COORDINATES,TAXON_ID_NOT_FOUND"
5133119048,"Alligator mississippiensis (Daudin, 1801)",2021-04-24T18:48:05Z,2021.0,4.0,30.347552,-89.613741,256.0,,,HUMAN_OBSERVATION,50c9509d-22c7-4a22-a47d-8c48425ef4a7,,"COORDINATE_ROUNDED,CONTINENT_DERIVED_FROM_COORDINATES,TAXON_ID_NOT_FOUND"
6399075049,"Alligator mississippiensis (Daudin, 1801)",2021-04-06T11:06:45,2021.0,4.0,30.376317,-89.615641,5.0,,,HUMAN_OBSERVATION,50c9509d-22c7-4a22-a47d-8c48425ef4a7,,"COORDINATE_ROUNDED,CONTINENT_DERIVED_FROM_COORDINATES,TAXON_ID_NOT_FOUND"
6400798603,"Alligator mississippiensis (Daudin, 1801)",2021-04-07T11:45:20,2021.0,4.0,30.371972,-89.610947,5.0,,,HUMAN_OBSERVATION,50c9509d-22c7-4a22-a47d-8c48425ef4a7,,"COORDINATE_ROUNDED,CONTINENT_DERIVED_FROM_COORDINATES,TAXON_ID_NOT_FOUND"
3112435845,"Alligator mississippiensis (Daudin, 1801)",2021-05-06T11:45:53,2021.0,5.0,30.379716,-89.616991,357.0,,,HUMAN_OBSERVATION,50c9509d-22c7-4a22-a47d-8c48425ef4a7,,"COORDINATE_ROUNDED,CONTINENT_DERIVED_FROM_COORDINATES,TAXON_ID_NOT_FOUND"
3112451004,"Alligator mississippiensis (Daudin, 1801)",2021-05-03T11:28,2021.0,5.0,30.382252,-89.617849,386.0,,,HUMAN_OBSERVATION,50c9509d-22c7-4a22-a47d-8c48425ef4a7,,"COORDINATE_ROUNDED,CONTINENT_DERIVED_FROM_COORDINATES,TAXON_ID_NOT_FOUND"
3112710012,"Alligator mississippiensis (Daudin, 1801)",2021-05-01T10:15:46,2021.0,5.0,31.236199,-89.840977,2360.0,,,HUMAN_OBSERVATION,50c9509d-22c7-4a22-a47d-8c48425ef4a7,,"COORDINATE_ROUNDED,CONTINENT_DERIVED_FROM_COORDINATES,TAXON_ID_NOT_FOUND"
3112830873,"Alligator mississippiensis (Daudin, 1801)",2021-05-06T11:54:11,2021.0,5.0,30.381779,-89.61785,1115.0,,,HUMAN_OBSERVATION,50c9509d-22c7-4a22-a47d-8c48425ef4a7,,"COORDINATE_ROUNDED,CONTINENT_DERIVED_FROM_COORDINATES,TAXON_ID_NOT_FOUND"
3112852410,"Alligator mississippiensis (Daudin, 1801)",2021-05-04T11:13,2021.0,5.0,30.382252,-89.617849,386.0,,,HUMAN_OBSERVATION,50c9509d-22c7-4a22-a47d-8c48425ef4a7,,"COORDINATE_ROUNDED,CONTINENT_DERIVED_FROM_COORDINATES,TAXON_ID_NOT_FOUND"
3112922972,"Alligator mississippiensis (Daudin, 1801)",2021-05-03T11:26,2021.0,5.0,30.382252,-89.617849,386.0,,,HUMAN_OBSERVATION,50c9509d-22c7-4a22-a47d-8c48425ef4a7,,"COORDINATE_ROUNDED,CONTINENT_DERIVED_FROM_COORDINATES,TAXON_ID_NOT_FOUND"
3113289248,"Alligator mississippiensis (Daudin, 1801)",2021-05-07T17:08,2021.0,5.0,32.8771,-90.576086,1133.0,,,HUMAN_OBSERVATION,50c9509d-22c7-4a22-a47d-8c48425ef4a7,,"COORDINATE_ROUNDED,CONTINENT_DERIVED_FROM_COORDINATES,TAXON_ID_NOT_FOUND"
3113319226,"Alligator mississippiensis (Daudin, 1801)",2021-05-09T12:13,2021.0,5.0,31.42599,-91.453135,197.0,,,HUMAN_OBSERVATION,50c9509d-22c7-4a22-a47d-8c48425ef4a7,,"COORDINATE_ROUNDED,CONTINENT_DERIVED_FROM_COORDINATES,TAXON_ID_NOT_FOUND"
3113362844,"Alligator mississippiensis (Daudin, 1801)",2021-05-13T11:59,2021.0,5.0,30.382252,-89.617849,386.0,,,HUMAN_OBSERVATION,50c9509d-22c7-4a22-a47d-8c48425ef4a7,,"COORDINATE_ROUNDED,CONTINENT_DERIVED_FROM_COORDINATES,TAXON_ID_NOT_FOUND"
3113370667,"Alligator mississippiensis (Daudin, 1801)",2021-05-12T11:22:41,2021.0,5.0,30.347069,-89.613716,357.0,,,HUMAN_OBSERVATION,50c9509d-22c7-4a22-a47d-8c48425ef4a7,,"COORDINATE_ROUNDED,CONTINENT_DERIVED_FROM_COORDINATES,TAXON_ID_NOT_FOUND"
3113373852,"Alligator mississippiensis (Daudin, 1801)",2021-05-13T11:51,2021.0,5.0,30.382252,-89.617849,386.0,,,HUMAN_OBSERVATION,50c9509d-22c7-4a22-a47d-8c48425ef4a7,,"COORDINATE_ROUNDED,CONTINENT_DERIVED_FROM_COORDINATES,TAXON_ID_NOT_FOUND"
3113385879,"Alligator mississippiensis (Daudin, 1801)",2021-05-13T14:17:06,2021.0,5.0,30.380336,-89.617898,100.0,,,HUMAN_OBSERVATION,50c9509d-22c7-4a22-a47d-8c48425ef4a7,,"COORDINATE_ROUNDED,CONTINENT_DERIVED_FROM_COORDINATES,TAXON_ID_NOT_FOUND"
3113407820,"Alligator mississippiensis (Daudin, 1801)",2021-05-13T12:10,2021.0,5.0,30.382252,-89.617849,386.0,,,HUMAN_OBSERVATION,50c9509d-22c7-4a22-a47d-8c48425ef4a7,,"COORDINATE_ROUNDED,CONTINENT_DERIVED_FROM_COORDINATES,TAXON_ID_NOT_FOUND"
3113659726,"Alligator mississippiensis (Daudin, 1801)",2021-05-12T15:05:20,2021.0,5.0,30.380711,-89.616866,101.0,,,HUMAN_OBSERVATION,50c9509d-22c7-4a22-a47d-8c48425ef4a7,,"COORDINATE_ROUNDED,CONTINENT_DERIVED_FROM_COORDINATES,TAXON_ID_NOT_FOUND"
3113703534,"Alligator mississippiensis (Daudin, 1801)",2021-05-03T13:20,2021.0,5.0,33.756244,-90.151352,36.0,,,HUMAN_OBSERVATION,50c9509d-22c7-4a22-a47d-8c48425ef4a7,,"COORDINATE_ROUNDED,CONTINENT_DERIVED_FROM_COORDINATES,TAXON_ID_NOT_FOUND"
3117742030,"Alligator mississippiensis (Daudin, 1801)",2021-05-15T15:51,2021.0,5.0,32.579434,-89.869955,5560.0,,,HUMAN_OBSERVATION,50c9509d-22c7-4a22-a47d-8c48425ef4a7,,"COORDINATE_ROUNDED,CONTINENT_DERIVED_FROM_COORDINATES,TAXON_ID_NOT_FOUND"
3117789222,"Alligator mississippiensis (Daudin, 1801)",2021-05-16T20:06:07,2021.0,5.0,30.409229,-89.014627,22.0,,,HUMAN_OBSERVATION,50c9509d-22c7-4a22-a47d-8c48425ef4a7,,"COORDINATE_ROUNDED,CONTINENT_DERIVED_FROM_COORDINATES,TAXON_ID_NOT_FOUND"
3117879861,"Alligator mississippiensis (Daudin, 1801)",2021-05-14T13:52,2021.0,5.0,30.431993,-88.658308,15.0,,,HUMAN_OBSERVATION,50c9509d-22c7-4a22-a47d-8c48425ef4a7,,"COORDINATE_ROUNDED,CONTINENT_DERIVED_FROM_COORDINATES,TAXON_ID_NOT_FOUND"
3117887987,"Alligator mississippiensis (Daudin, 1801)",2021-05-15T15:38,2021.0,5.0,32.579434,-89.869955,5560.0,,,HUMAN_OBSERVATION,50c9509d-22c7-4a22-a47d-8c48425ef4a7,,"COORDINATE_ROUNDED,CONTINENT_DERIVED_FROM_COORDINATES,TAXON_ID_NOT_FOUND"
3118265705,"Alligator mississippiensis (Daudin, 1801)",2021-05-14T11:55:20,2021.0,5.0,30.380138,-89.617896,96.0,,,HUMAN_OBSERVATION,50c9509d-22c7-4a22-a47d-8c48425ef4a7,,"COORDINATE_ROUNDED,CONTINENT_DERIVED_FROM_COORDINATES,TAXON_ID_NOT_FOUND"
3118346419,"Alligator mississippiensis (Daudin, 1801)",2021-05-18T11:59,2021.0,5.0,30.382252,-89.617849,386.0,,,HUMAN_OBSERVATION,50c9509d-22c7-4a22-a47d-8c48425ef4a7,,"COORDINATE_ROUNDED,CONTINENT_DERIVED_FROM_COORDINATES,TAXON_ID_NOT_FOUND"
3118406259,"Alligator mississippiensis (Daudin, 1801)",2021-05-17T11:46,2021.0,5.0,30.382252,-89.617849,386.0,,,HUMAN_OBSERVATION,50c9509d-22c7-4a22-a47d-8c48425ef4a7,,"COORDINATE_ROUNDED,CONTINENT_DERIVED_FROM_COORDINATES,TAXON_ID_NOT_FOUND"
3124534071,"Alligator mississippiensis (Daudin, 1801)",2021-05-22T11:04,2021.0,5.0,30.334079,-89.578612,2744.0,,,HUMAN_OBSERVATION,50c9509d-22c7-4a22-a47d-8c48425ef4a7,,"COORDINATE_ROUNDED,CONTINENT_DERIVED_FROM_COORDINATES,TAXON_ID_NOT_FOUND"
3301986958,"Alligator mississippiensis (Daudin, 1801)",2021-05-30T15:49,2021.0,5.0,33.262522,-88.779382,2.0,,,HUMAN_OBSERVATION,50c9509d-22c7-4a22-a47d-8c48425ef4a7,,"COORDINATE_ROUNDED,CONTINENT_DERIVED_FROM_COORDINATES,TAXON_ID_NOT_FOUND"
3302148372,"Alligator mississippiensis (Daudin, 1801)",2021-05-29T15:03:44Z,2021.0,5.0,32.324842,-90.156639,65.0,,,HUMAN_OBSERVATION,50c9509d-22c7-4a22-a47d-8c48425ef4a7,,"COORDINATE_ROUNDED,CONTINENT_DERIVED_FROM_COORDINATES,TAXON_ID_NOT_FOUND"
3302347344,"Alligator mississippiensis (Daudin, 1801)",2021-05-30T16:14,2021.0,5.0,33.274719,-88.790608,2.0,,,HUMAN_OBSERVATION,50c9509d-22c7-4a22-a47d-8c48425ef4a7,,"COORDINATE_ROUNDED,CONTINENT_DERIVED_FROM_COORDINATES,TAXON_ID_NOT_FOUND"
3302379028,"Alligator mississippiensis (Daudin, 1801)",2021-05-25T12:30,2021.0,5.0,32.328535,-90.148018,,,,HUMAN_OBSERVATION,50c9509d-22c7-4a22-a47d-8c48425ef4a7,,"COORDINATE_ROUNDED,CONTINENT_DERIVED_FROM_COORDINATES,TAXON_ID_NOT_FOUND"
3302469874,"Alligator mississippiensis (Daudin, 1801)",2021-05-30T16:09,2021.0,5.0,33.274647,-88.790613,2.0,,,HUMAN_OBSERVATION,50c9509d-22c7-4a22-a47d-8c48425ef4a7,,"COORDINATE_ROUNDED,CONTINENT_DERIVED_FROM_COORDINATES,TAXON_ID_NOT_FOUND"
6398611421,"Alligator mississippiensis (Daudin, 1801)",2021-05-19T11:53:54,2021.0,5.0,30.369881,-89.613019,5.0,,,HUMAN_OBSERVATION,50c9509d-22c7-4a22-a47d-8c48425ef4a7,,"COORDINATE_ROUNDED,CONTINENT_DERIVED_FROM_COORDINATES,TAXON_ID_NOT_FOUND"
3301801832,"Alligator mississippiensis (Daudin, 1801)",2021-06-06T12:58,2021.0,6.0,33.083321,-90.980119,4151.0,,,HUMAN_OBSERVATION,50c9509d-22c7-4a22-a47d-8c48425ef4a7,,"COORDINATE_ROUNDED,CONTINENT_DERIVED_FROM_COORDINATES,TAXON_ID_NOT_FOUND"
3302073087,"Alligator mississippiensis (Daudin, 1801)",2021-06-08T11:37:31,2021.0,6.0,30.380214,-89.617252,323.0,,,HUMAN_OBSERVATION,50c9509d-22c7-4a22-a47d-8c48425ef4a7,,"COORDINATE_ROUNDED,CONTINENT_DERIVED_FROM_COORDINATES,TAXON_ID_NOT_FOUND"
3302446956,"Alligator mississippiensis (Daudin, 1801)",2021-06-08T11:38:32,2021.0,6.0,30.379943,-89.617071,168.0,,,HUMAN_OBSERVATION,50c9509d-22c7-4a22-a47d-8c48425ef4a7,,"COORDINATE_ROUNDED,CONTINENT_DERIVED_FROM_COORDINATES,TAXON_ID_NOT_FOUND"
3314206278,"Alligator mississippiensis (Daudin, 1801)",2021-06-22T12:07,2021.0,6.0,30.382252,-89.617849,386.0,,,HUMAN_OBSERVATION,50c9509d-22c7-4a22-a47d-8c48425ef4a7,,"COORDINATE_ROUNDED,CONTINENT_DERIVED_FROM_COORDINATES,TAXON_ID_NOT_FOUND"
3314380278,"Alligator mississippiensis (Daudin, 1801)",2021-06-22T12:22,2021.0,6.0,30.382252,-89.617849,386.0,,,HUMAN_OBSERVATION,50c9509d-22c7-4a22-a47d-8c48425ef4a7,,"COORDINATE_ROUNDED,CONTINENT_DERIVED_FROM_COORDINATES,TAXON_ID_NOT_FOUND"
3314469290,"Alligator mississippiensis (Daudin, 1801)",2021-06-22T12:22,2021.0,6.0,30.382252,-89.617849,386.0,,,HUMAN_OBSERVATION,50c9509d-22c7-4a22-a47d-8c48425ef4a7,,"COORDINATE_ROUNDED,CONTINENT_DERIVED_FROM_COORDINATES,TAXON_ID_NOT_FOUND"
3320988389,"Alligator mississippiensis (Daudin, 1801)",2021-06-30T13:34,2021.0,6.0,30.382252,-89.617849,386.0,,,HUMAN_OBSERVATION,50c9509d-22c7-4a22-a47d-8c48425ef4a7,,"COORDINATE_ROUNDED,CONTINENT_DERIVED_FROM_COORDINATES,TAXON_ID_NOT_FOUND"
3321139352,"Alligator mississippiensis (Daudin, 1801)",2021-06-29T16:12:35,2021.0,6.0,30.380062,-89.61697,187.0,,,HUMAN_OBSERVATION,50c9509d-22c7-4a22-a47d-8c48425ef4a7,,"COORDINATE_ROUNDED,CONTINENT_DERIVED_FROM_COORDINATES,TAXON_ID_NOT_FOUND"
3321191721,"Alligator mississippiensis (Daudin, 1801)",2021-06-25T15:20,2021.0,6.0,30.380393,-89.617044,251.0,,,HUMAN_OBSERVATION,50c9509d-22c7-4a22-a47d-8c48425ef4a7,,"COORDINATE_ROUNDED,CONTINENT_DERIVED_FROM_COORDINATES,TAXON_ID_NOT_FOUND"
4936830682,"Alligator mississippiensis (Daudin, 1801)",2021-06-17T08:26Z,2021.0,6.0,33.282545,-88.780905,4.0,,,HUMAN_OBSERVATION,50c9509d-22c7-4a22-a47d-8c48425ef4a7,,"COORDINATE_ROUNDED,CONTINENT_DERIVED_FROM_COORDINATES,TAXON_ID_NOT_FOUND"
3321167522,"Alligator mississippiensis (Daudin, 1801)",2021-07-01T12:36,2021.0,7.0,30.382252,-89.617849,386.0,,,HUMAN_OBSERVATION,50c9509d-22c7-4a22-a47d-8c48425ef4a7,,"COORDINATE_ROUNDED,CONTINENT_DERIVED_FROM_COORDINATES,TAXON_ID_NOT_FOUND"
3325472871,"Alligator mississippiensis (Daudin, 1801)",2021-07-03T14:28:50,2021.0,7.0,30.304415,-88.753149,29382.0,,,HUMAN_OBSERVATION,50c9509d-22c7-4a22-a47d-8c48425ef4a7,,"COORDINATE_ROUNDED,CONTINENT_DERIVED_FROM_COORDINATES,TAXON_ID_NOT_FOUND"
3325503818,"Alligator mississippiensis (Daudin, 1801)",2021-07-03T10:47:43,2021.0,7.0,30.321225,-88.792288,29382.0,,,HUMAN_OBSERVATION,50c9509d-22c7-4a22-a47d-8c48425ef4a7,,"COORDINATE_ROUNDED,CONTINENT_DERIVED_FROM_COORDINATES,TAXON_ID_NOT_FOUND"
3325576867,"Alligator mississippiensis (Daudin, 1801)",2021-07-03T19:52:41,2021.0,7.0,30.257081,-88.692922,29382.0,,,HUMAN_OBSERVATION,50c9509d-22c7-4a22-a47d-8c48425ef4a7,,"COORDINATE_ROUNDED,CONTINENT_DERIVED_FROM_COORDINATES,TAXON_ID_NOT_FOUND"
3325663753,"Alligator mississippiensis (Daudin, 1801)",2021-07-03T10:51:48,2021.0,7.0,30.364926,-88.796324,29382.0,,,HUMAN_OBSERVATION,50c9509d-22c7-4a22-a47d-8c48425ef4a7,,"COORDINATE_ROUNDED,CONTINENT_DERIVED_FROM_COORDINATES,TAXON_ID_NOT_FOUND"
3325678072,"Alligator mississippiensis (Daudin, 1801)",2021-07-04T16:58:31,2021.0,7.0,30.365981,-88.623478,29382.0,,,HUMAN_OBSERVATION,50c9509d-22c7-4a22-a47d-8c48425ef4a7,,"COORDINATE_ROUNDED,CONTINENT_DERIVED_FROM_COORDINATES,TAXON_ID_NOT_FOUND"
3325679252,"Alligator mississippiensis (Daudin, 1801)",2021-07-05T18:55:50,2021.0,7.0,30.408305,-89.015625,20.0,,,HUMAN_OBSERVATION,50c9509d-22c7-4a22-a47d-8c48425ef4a7,,"COORDINATE_ROUNDED,CONTINENT_DERIVED_FROM_COORDINATES,TAXON_ID_NOT_FOUND"
3325923371,"Alligator mississippiensis (Daudin, 1801)",2021-07-07T11:38,2021.0,7.0,30.382252,-89.617849,386.0,,,HUMAN_OBSERVATION,50c9509d-22c7-4a22-a47d-8c48425ef4a7,,"COORDINATE_ROUNDED,CONTINENT_DERIVED_FROM_COORDINATES,TAXON_ID_NOT_FOUND"
3327733620,"Alligator mississippiensis (Daudin, 1801)",2021-07-08T14:59:39,2021.0,7.0,30.380171,-89.617057,157.0,,,HUMAN_OBSERVATION,50c9509d-22c7-4a22-a47d-8c48425ef4a7,,"COORDINATE_ROUNDED,CONTINENT_DERIVED_FROM_COORDINATES,TAXON_ID_NOT_FOUND"
3333358378,"Alligator mississippiensis (Daudin, 1801)",2021-07-27T18:08,2021.0,7.0,30.392884,-89.673426,29601.0,,,HUMAN_OBSERVATION,50c9509d-22c7-4a22-a47d-8c48425ef4a7,,"COORDINATE_ROUNDED,CONTINENT_DERIVED_FROM_COORDINATES,TAXON_ID_NOT_FOUND"
3337453130,"Alligator mississippiensis (Daudin, 1801)",2021-07-09T16:55:33Z,2021.0,7.0,33.272452,-88.776319,23.0,,,HUMAN_OBSERVATION,50c9509d-22c7-4a22-a47d-8c48425ef4a7,,"COORDINATE_ROUNDED,CONTINENT_DERIVED_FROM_COORDINATES,TAXON_ID_NOT_FOUND"
3337976626,"Alligator mississippiensis (Daudin, 1801)",2021-07-23T15:38,2021.0,7.0,33.282587,-88.780907,40.0,,,HUMAN_OBSERVATION,50c9509d-22c7-4a22-a47d-8c48425ef4a7,,"COORDINATE_ROUNDED,CONTINENT_DERIVED_FROM_COORDINATES,TAXON_ID_NOT_FOUND"
5237479320,"Alligator mississippiensis (Daudin, 1801)",2021-07-28T19:14:37Z,2021.0,7.0,32.352419,-90.072545,395.0,,,HUMAN_OBSERVATION,50c9509d-22c7-4a22-a47d-8c48425ef4a7,,"COORDINATE_ROUNDED,CONTINENT_DERIVED_FROM_COORDINATES,TAXON_ID_NOT_FOUND"
3337443240,"Alligator mississippiensis (Daudin, 1801)",2021-08-07T08:47,2021.0,8.0,31.42599,-91.453135,197.0,,,HUMAN_OBSERVATION,50c9509d-22c7-4a22-a47d-8c48425ef4a7,,"COORDINATE_ROUNDED,CONTINENT_DERIVED_FROM_COORDINATES,TAXON_ID_NOT_FOUND"
3337787274,"Alligator mississippiensis (Daudin, 1801)",2021-08-07T18:14,2021.0,8.0,30.390137,-88.443378,35.0,,,HUMAN_OBSERVATION,50c9509d-22c7-4a22-a47d-8c48425ef4a7,,"COORDINATE_ROUNDED,CONTINENT_DERIVED_FROM_COORDINATES,TAXON_ID_NOT_FOUND"
3337810335,"Alligator mississippiensis (Daudin, 1801)",2021-08-13T18:02,2021.0,8.0,31.42599,-91.453135,197.0,,,HUMAN_OBSERVATION,50c9509d-22c7-4a22-a47d-8c48425ef4a7,,"COORDINATE_ROUNDED,CONTINENT_DERIVED_FROM_COORDINATES,TAXON_ID_NOT_FOUND"
3337996175,"Alligator mississippiensis (Daudin, 1801)",2021-08-12T19:31:48,2021.0,8.0,30.396294,-88.792219,4.0,,,HUMAN_OBSERVATION,50c9509d-22c7-4a22-a47d-8c48425ef4a7,,"COORDINATE_ROUNDED,CONTINENT_DERIVED_FROM_COORDINATES,TAXON_ID_NOT_FOUND"
3343961701,"Alligator mississippiensis (Daudin, 1801)",2021-08-21T13:44:04,2021.0,8.0,32.57803,-89.869739,7.0,,,HUMAN_OBSERVATION,50c9509d-22c7-4a22-a47d-8c48425ef4a7,,"COORDINATE_ROUNDED,CONTINENT_DERIVED_FROM_COORDINATES,TAXON_ID_NOT_FOUND"
3344142407,"Alligator mississippiensis (Daudin, 1801)",2021-08-22T16:53,2021.0,8.0,31.42599,-91.453135,197.0,,,HUMAN_OBSERVATION,50c9509d-22c7-4a22-a47d-8c48425ef4a7,,"COORDINATE_ROUNDED,CONTINENT_DERIVED_FROM_COORDINATES,TAXON_ID_NOT_FOUND"
3355257667,"Alligator mississippiensis (Daudin, 1801)",2021-09-02T11:43,2021.0,9.0,30.382252,-89.617849,386.0,,,HUMAN_OBSERVATION,50c9509d-22c7-4a22-a47d-8c48425ef4a7,,"COORDINATE_ROUNDED,CONTINENT_DERIVED_FROM_COORDINATES,TAXON_ID_NOT_FOUND"
3355311529,"Alligator mississippiensis (Daudin, 1801)",2021-09-09T11:33,2021.0,9.0,30.382252,-89.617849,386.0,,,HUMAN_OBSERVATION,50c9509d-22c7-4a22-a47d-8c48425ef4a7,,"COORDINATE_ROUNDED,CONTINENT_DERIVED_FROM_COORDINATES,TAXON_ID_NOT_FOUND"
3355340660,"Alligator mississippiensis (Daudin, 1801)",2021-09-02T11:20,2021.0,9.0,30.382252,-89.617849,386.0,,,HUMAN_OBSERVATION,50c9509d-22c7-4a22-a47d-8c48425ef4a7,,"COORDINATE_ROUNDED,CONTINENT_DERIVED_FROM_COORDINATES,TAXON_ID_NOT_FOUND"
3355551620,"Alligator mississippiensis (Daudin, 1801)",2021-09-02T11:07,2021.0,9.0,30.382252,-89.617849,386.0,,,HUMAN_OBSERVATION,50c9509d-22c7-4a22-a47d-8c48425ef4a7,,"COORDINATE_ROUNDED,CONTINENT_DERIVED_FROM_COORDINATES,TAXON_ID_NOT_FOUND"
3355583361,"Alligator mississippiensis (Daudin, 1801)",2021-09-08T11:46,2021.0,9.0,30.382252,-89.617849,386.0,,,HUMAN_OBSERVATION,50c9509d-22c7-4a22-a47d-8c48425ef4a7,,"COORDINATE_ROUNDED,CONTINENT_DERIVED_FROM_COORDINATES,TAXON_ID_NOT_FOUND"
3355671812,"Alligator mississippiensis (Daudin, 1801)",2021-09-03T11:51,2021.0,9.0,30.382252,-89.617849,386.0,,,HUMAN_OBSERVATION,50c9509d-22c7-4a22-a47d-8c48425ef4a7,,"COORDINATE_ROUNDED,CONTINENT_DERIVED_FROM_COORDINATES,TAXON_ID_NOT_FOUND"
3384007934,"Alligator mississippiensis (Daudin, 1801)",2021-09-14T11:49,2021.0,9.0,30.382252,-89.617849,386.0,,,HUMAN_OBSERVATION,50c9509d-22c7-4a22-a47d-8c48425ef4a7,,"COORDINATE_ROUNDED,CONTINENT_DERIVED_FROM_COORDINATES,TAXON_ID_NOT_FOUND"
3384055480,"Alligator mississippiensis (Daudin, 1801)",2021-09-19T09:26,2021.0,9.0,30.432122,-88.658109,,,,HUMAN_OBSERVATION,50c9509d-22c7-4a22-a47d-8c48425ef4a7,,"COORDINATE_ROUNDED,CONTINENT_DERIVED_FROM_COORDINATES,TAXON_ID_NOT_FOUND"
3384133037,"Alligator mississippiensis (Daudin, 1801)",2021-09-23T10:25,2021.0,9.0,30.382252,-89.617849,386.0,,,HUMAN_OBSERVATION,50c9509d-22c7-4a22-a47d-8c48425ef4a7,,"COORDINATE_ROUNDED,CONTINENT_DERIVED_FROM_COORDINATES,TAXON_ID_NOT_FOUND"
3384212469,"Alligator mississippiensis (Daudin, 1801)",2021-09-26T10:53,2021.0,9.0,30.43211,-88.659145,,,,HUMAN_OBSERVATION,50c9509d-22c7-4a22-a47d-8c48425ef4a7,,"COORDINATE_ROUNDED,CONTINENT_DERIVED_FROM_COORDINATES,TAXON_ID_NOT_FOUND"
3384375814,"Alligator mississippiensis (Daudin, 1801)",2021-09-21T12:40,2021.0,9.0,30.382252,-89.617849,386.0,,,HUMAN_OBSERVATION,50c9509d-22c7-4a22-a47d-8c48425ef4a7,,"COORDINATE_ROUNDED,CONTINENT_DERIVED_FROM_COORDINATES,TAXON_ID_NOT_FOUND"
3384392143,"Alligator mississippiensis (Daudin, 1801)",2021-09-16T11:22:45,2021.0,9.0,30.380165,-89.617159,140.0,,,HUMAN_OBSERVATION,50c9509d-22c7-4a22-a47d-8c48425ef4a7,,"COORDINATE_ROUNDED,CONTINENT_DERIVED_FROM_COORDINATES,TAXON_ID_NOT_FOUND"
3384404519,"Alligator mississippiensis (Daudin, 1801)",2021-09-19T09:47:18Z,2021.0,9.0,30.398838,-88.815828,4.0,,,HUMAN_OBSERVATION,50c9509d-22c7-4a22-a47d-8c48425ef4a7,,"COORDINATE_ROUNDED,CONTINENT_DERIVED_FROM_COORDINATES,TAXON_ID_NOT_FOUND"
3384425579,"Alligator mississippiensis (Daudin, 1801)",2021-09-19T10:16,2021.0,9.0,31.42599,-91.453135,197.0,,,HUMAN_OBSERVATION,50c9509d-22c7-4a22-a47d-8c48425ef4a7,,"COORDINATE_ROUNDED,CONTINENT_DERIVED_FROM_COORDINATES,TAXON_ID_NOT_FOUND"
3384434920,"Alligator mississippiensis (Daudin, 1801)",2021-09-22T12:09,2021.0,9.0,30.327907,-89.62757,100.0,,,HUMAN_OBSERVATION,50c9509d-22c7-4a22-a47d-8c48425ef4a7,,"COORDINATE_ROUNDED,CONTINENT_DERIVED_FROM_COORDINATES,TAXON_ID_NOT_FOUND"
3384451311,"Alligator mississippiensis (Daudin, 1801)",2021-09-17T11:24,2021.0,9.0,30.382252,-89.617849,386.0,,,HUMAN_OBSERVATION,50c9509d-22c7-4a22-a47d-8c48425ef4a7,,"COORDINATE_ROUNDED,CONTINENT_DERIVED_FROM_COORDINATES,TAXON_ID_NOT_FOUND"
3384681950,"Alligator mississippiensis (Daudin, 1801)",2021-09-23T11:21,2021.0,9.0,30.382252,-89.617849,386.0,,,HUMAN_OBSERVATION,50c9509d-22c7-4a22-a47d-8c48425ef4a7,,"COORDINATE_ROUNDED,CONTINENT_DERIVED_FROM_COORDINATES,TAXON_ID_NOT_FOUND"
3384685167,"Alligator mississippiensis (Daudin, 1801)",2021-09-16T11:23:19,2021.0,9.0,30.380328,-89.617234,148.0,,,HUMAN_OBSERVATION,50c9509d-22c7-4a22-a47d-8c48425ef4a7,,"COORDINATE_ROUNDED,CONTINENT_DERIVED_FROM_COORDINATES,TAXON_ID_NOT_FOUND"
3384693761,"Alligator mississippiensis (Daudin, 1801)",2021-09-21T12:26,2021.0,9.0,30.382252,-89.617849,386.0,,,HUMAN_OBSERVATION,50c9509d-22c7-4a22-a47d-8c48425ef4a7,,"COORDINATE_ROUNDED,CONTINENT_DERIVED_FROM_COORDINATES,TAXON_ID_NOT_FOUND"
3384695780,"Alligator mississippiensis (Daudin, 1801)",2021-09-21T12:25,2021.0,9.0,30.382252,-89.617849,386.0,,,HUMAN_OBSERVATION,50c9509d-22c7-4a22-a47d-8c48425ef4a7,,"COORDINATE_ROUNDED,CONTINENT_DERIVED_FROM_COORDINATES,TAXON_ID_NOT_FOUND"
3384753809,"Alligator mississippiensis (Daudin, 1801)",2021-09-13T12:00,2021.0,9.0,30.382252,-89.617849,386.0,,,HUMAN_OBSERVATION,50c9509d-22c7-4a22-a47d-8c48425ef4a7,,"COORDINATE_ROUNDED,CONTINENT_DERIVED_FROM_COORDINATES,TAXON_ID_NOT_FOUND"
3384788840,"Alligator mississippiensis (Daudin, 1801)",2021-09-21T12:18,2021.0,9.0,30.382252,-89.617849,386.0,,,HUMAN_OBSERVATION,50c9509d-22c7-4a22-a47d-8c48425ef4a7,,"COORDINATE_ROUNDED,CONTINENT_DERIVED_FROM_COORDINATES,TAXON_ID_NOT_FOUND"
3384792765,"Alligator mississippiensis (Daudin, 1801)",2021-09-13T11:57,2021.0,9.0,30.382252,-89.617849,386.0,,,HUMAN_OBSERVATION,50c9509d-22c7-4a22-a47d-8c48425ef4a7,,"COORDINATE_ROUNDED,CONTINENT_DERIVED_FROM_COORDINATES,TAXON_ID_NOT_FOUND"
3384812900,"Alligator mississippiensis (Daudin, 1801)",2021-09-30T09:23,2021.0,9.0,30.392311,-88.788025,4.0,,,HUMAN_OBSERVATION,50c9509d-22c7-4a22-a47d-8c48425ef4a7,,"COORDINATE_ROUNDED,CONTINENT_DERIVED_FROM_COORDINATES,TAXON_ID_NOT_FOUND"
3384862968,"Alligator mississippiensis (Daudin, 1801)",2021-09-14T11:13,2021.0,9.0,30.382252,-89.617849,386.0,,,HUMAN_OBSERVATION,50c9509d-22c7-4a22-a47d-8c48425ef4a7,,"COORDINATE_ROUNDED,CONTINENT_DERIVED_FROM_COORDINATES,TAXON_ID_NOT_FOUND"
3384935069,"Alligator mississippiensis (Daudin, 1801)",2021-09-05T18:04:41,2021.0,9.0,30.408292,-89.014467,6.0,,,HUMAN_OBSERVATION,50c9509d-22c7-4a22-a47d-8c48425ef4a7,,"COORDINATE_ROUNDED,CONTINENT_DERIVED_FROM_COORDINATES,TAXON_ID_NOT_FOUND"
3384975796,"Alligator mississippiensis (Daudin, 1801)",2021-09-13T11:32,2021.0,9.0,30.382252,-89.617849,386.0,,,HUMAN_OBSERVATION,50c9509d-22c7-4a22-a47d-8c48425ef4a7,,"COORDINATE_ROUNDED,CONTINENT_DERIVED_FROM_COORDINATES,TAXON_ID_NOT_FOUND"
3384997715,"Alligator mississippiensis (Daudin, 1801)",2021-09-20T12:20,2021.0,9.0,30.382252,-89.617849,386.0,,,HUMAN_OBSERVATION,50c9509d-22c7-4a22-a47d-8c48425ef4a7,,"COORDINATE_ROUNDED,CONTINENT_DERIVED_FROM_COORDINATES,TAXON_ID_NOT_FOUND"
3385114960,"Alligator mississippiensis (Daudin, 1801)",2021-09-14T11:30,2021.0,9.0,30.382252,-89.617849,386.0,,,HUMAN_OBSERVATION,50c9509d-22c7-4a22-a47d-8c48425ef4a7,,"COORDINATE_ROUNDED,CONTINENT_DERIVED_FROM_COORDINATES,TAXON_ID_NOT_FOUND"
3416018745,"Alligator mississippiensis (Daudin, 1801)",2021-09-10T10:49,2021.0,9.0,30.393617,-88.788089,385.0,,,HUMAN_OBSERVATION,50c9509d-22c7-4a22-a47d-8c48425ef4a7,,"COORDINATE_ROUNDED,CONTINENT_DERIVED_FROM_COORDINATES,TAXON_ID_NOT_FOUND"
3455649976,"Alligator mississippiensis (Daudin, 1801)",2021-09-11T18:29,2021.0,9.0,30.396032,-88.885308,12667.0,,,HUMAN_OBSERVATION,50c9509d-22c7-4a22-a47d-8c48425ef4a7,,"COORDINATE_ROUNDED,CONTINENT_DERIVED_FROM_COORDINATES,TAXON_ID_NOT_FOUND"
3892403108,"Alligator mississippiensis (Daudin, 1801)",2021-09-16T14:45:41,2021.0,9.0,30.398103,-88.790178,30.0,,,HUMAN_OBSERVATION,50c9509d-22c7-4a22-a47d-8c48425ef4a7,,"COORDINATE_ROUNDED,CONTINENT_DERIVED_FROM_COORDINATES,TAXON_ID_NOT_FOUND"
4892247406,"Alligator mississippiensis (Daudin, 1801)",2021-09-24,2021.0,9.0,33.282505,-88.780186,195.0,,,HUMAN_OBSERVATION,50c9509d-22c7-4a22-a47d-8c48425ef4a7,,"COORDINATE_ROUNDED,CONTINENT_DERIVED_FROM_COORDINATES,TAXON_ID_NOT_FOUND"
3384078281,"Alligator mississippiensis (Daudin, 1801)",2021-10-03T13:07,2021.0,10.0,30.326493,-88.639739,29382.0,,,HUMAN_OBSERVATION,50c9509d-22c7-4a22-a47d-8c48425ef4a7,,"COORDINATE_ROUNDED,CONTINENT_DERIVED_FROM_COORDINATES,TAXON_ID_NOT_FOUND"
3384567505,"Alligator mississippiensis (Daudin, 1801)",2021-10-05T13:45,2021.0,10.0,30.382252,-89.617849,386.0,,,HUMAN_OBSERVATION,50c9509d-22c7-4a22-a47d-8c48425ef4a7,,"COORDINATE_ROUNDED,CONTINENT_DERIVED_FROM_COORDINATES,TAXON_ID_NOT_FOUND"
3391336681,"Alligator mississippiensis (Daudin, 1801)",2021-10-08T17:21:27,2021.0,10.0,30.392317,-88.78807,4.0,,,HUMAN_OBSERVATION,50c9509d-22c7-4a22-a47d-8c48425ef4a7,,"COORDINATE_ROUNDED,CONTINENT_DERIVED_FROM_COORDINATES,TAXON_ID_NOT_FOUND"
3391360242,"Alligator mississippiensis (Daudin, 1801)",2021-10-13T12:01,2021.0,10.0,30.382252,-89.617849,386.0,,,HUMAN_OBSERVATION,50c9509d-22c7-4a22-a47d-8c48425ef4a7,,"COORDINATE_ROUNDED,CONTINENT_DERIVED_FROM_COORDINATES,TAXON_ID_NOT_FOUND"
3391555336,"Alligator mississippiensis (Daudin, 1801)",2021-10-14T16:02:38,2021.0,10.0,30.380006,-89.617143,139.0,,,HUMAN_OBSERVATION,50c9509d-22c7-4a22-a47d-8c48425ef4a7,,"COORDINATE_ROUNDED,CONTINENT_DERIVED_FROM_COORDINATES,TAXON_ID_NOT_FOUND"
3391639057,"Alligator mississippiensis (Daudin, 1801)",2021-10-11T13:23:01Z,2021.0,10.0,30.397858,-88.790153,4.0,,,HUMAN_OBSERVATION,50c9509d-22c7-4a22-a47d-8c48425ef4a7,,"COORDINATE_ROUNDED,CONTINENT_DERIVED_FROM_COORDINATES,TAXON_ID_NOT_FOUND"
3398804384,"Alligator mississippiensis (Daudin, 1801)",2021-10-18T16:03:09,2021.0,10.0,30.380159,-89.617004,277.0,,,HUMAN_OBSERVATION,50c9509d-22c7-4a22-a47d-8c48425ef4a7,,"COORDINATE_ROUNDED,CONTINENT_DERIVED_FROM_COORDINATES,TAXON_ID_NOT_FOUND"
3398925140,"Alligator mississippiensis (Daudin, 1801)",2021-10-16T03:58:52,2021.0,10.0,30.402342,-89.038422,4.0,,,HUMAN_OBSERVATION,50c9509d-22c7-4a22-a47d-8c48425ef4a7,,"COORDINATE_ROUNDED,CONTINENT_DERIVED_FROM_COORDINATES,TAXON_ID_NOT_FOUND"
3398995415,"Alligator mississippiensis (Daudin, 1801)",2021-10-28T12:25,2021.0,10.0,30.382252,-89.617849,386.0,,,HUMAN_OBSERVATION,50c9509d-22c7-4a22-a47d-8c48425ef4a7,,"COORDINATE_ROUNDED,CONTINENT_DERIVED_FROM_COORDINATES,TAXON_ID_NOT_FOUND"
3399014771,"Alligator mississippiensis (Daudin, 1801)",2021-10-22T14:04:38,2021.0,10.0,30.380107,-89.616562,137.0,,,HUMAN_OBSERVATION,50c9509d-22c7-4a22-a47d-8c48425ef4a7,,"COORDINATE_ROUNDED,CONTINENT_DERIVED_FROM_COORDINATES,TAXON_ID_NOT_FOUND"
3399371898,"Alligator mississippiensis (Daudin, 1801)",2021-10-22T16:29,2021.0,10.0,30.397725,-88.791947,,,,HUMAN_OBSERVATION,50c9509d-22c7-4a22-a47d-8c48425ef4a7,,"COORDINATE_ROUNDED,CONTINENT_DERIVED_FROM_COORDINATES,TAXON_ID_NOT_FOUND"
3407951267,"Alligator mississippiensis (Daudin, 1801)",2021-11-04T15:04:09,2021.0,11.0,30.379932,-89.616949,97.0,,,HUMAN_OBSERVATION,50c9509d-22c7-4a22-a47d-8c48425ef4a7,,"COORDINATE_ROUNDED,CONTINENT_DERIVED_FROM_COORDINATES,TAXON_ID_NOT_FOUND"
3408005022,"Alligator mississippiensis (Daudin, 1801)",2021-11-01T14:26:37,2021.0,11.0,30.380001,-89.616888,129.0,,,HUMAN_OBSERVATION,50c9509d-22c7-4a22-a47d-8c48425ef4a7,,"COORDINATE_ROUNDED,CONTINENT_DERIVED_FROM_COORDINATES,TAXON_ID_NOT_FOUND"
3408026121,"Alligator mississippiensis (Daudin, 1801)",2021-11-02T16:02:28,2021.0,11.0,30.379926,-89.616827,108.0,,,HUMAN_OBSERVATION,50c9509d-22c7-4a22-a47d-8c48425ef4a7,,"COORDINATE_ROUNDED,CONTINENT_DERIVED_FROM_COORDINATES,TAXON_ID_NOT_FOUND"
3408168110,"Alligator mississippiensis (Daudin, 1801)",2021-11-02T16:03:30,2021.0,11.0,30.380069,-89.616598,144.0,,,HUMAN_OBSERVATION,50c9509d-22c7-4a22-a47d-8c48425ef4a7,,"COORDINATE_ROUNDED,CONTINENT_DERIVED_FROM_COORDINATES,TAXON_ID_NOT_FOUND"
3408189259,"Alligator mississippiensis (Daudin, 1801)",2021-11-04T15:06:13,2021.0,11.0,30.379942,-89.617061,92.0,,,HUMAN_OBSERVATION,50c9509d-22c7-4a22-a47d-8c48425ef4a7,,"COORDINATE_ROUNDED,CONTINENT_DERIVED_FROM_COORDINATES,TAXON_ID_NOT_FOUND"
3408252127,"Alligator mississippiensis (Daudin, 1801)",2021-11-02T13:56:40,2021.0,11.0,31.454311,-91.447659,4.0,,,HUMAN_OBSERVATION,50c9509d-22c7-4a22-a47d-8c48425ef4a7,,"COORDINATE_ROUNDED,CONTINENT_DERIVED_FROM_COORDINATES,TAXON_ID_NOT_FOUND"
3408304308,"Alligator mississippiensis (Daudin, 1801)",2021-11-04T15:05:58,2021.0,11.0,30.380163,-89.616766,113.0,,,HUMAN_OBSERVATION,50c9509d-22c7-4a22-a47d-8c48425ef4a7,,"COORDINATE_ROUNDED,CONTINENT_DERIVED_FROM_COORDINATES,TAXON_ID_NOT_FOUND"
3415558696,"Alligator mississippiensis (Daudin, 1801)",2021-11-15T16:04:57,2021.0,11.0,30.380021,-89.616861,99.0,,,HUMAN_OBSERVATION,50c9509d-22c7-4a22-a47d-8c48425ef4a7,,"COORDINATE_ROUNDED,CONTINENT_DERIVED_FROM_COORDINATES,TAXON_ID_NOT_FOUND"
3415684759,"Alligator mississippiensis (Daudin, 1801)",2021-11-16T11:08:25,2021.0,11.0,30.379941,-89.616852,83.0,,,HUMAN_OBSERVATION,50c9509d-22c7-4a22-a47d-8c48425ef4a7,,"COORDINATE_ROUNDED,CONTINENT_DERIVED_FROM_COORDINATES,TAXON_ID_NOT_FOUND"
3415705812,"Alligator mississippiensis (Daudin, 1801)",2021-11-23T11:35,2021.0,11.0,30.382252,-89.617849,386.0,,,HUMAN_OBSERVATION,50c9509d-22c7-4a22-a47d-8c48425ef4a7,,"COORDINATE_ROUNDED,CONTINENT_DERIVED_FROM_COORDINATES,TAXON_ID_NOT_FOUND"
3415737544,"Alligator mississippiensis (Daudin, 1801)",2021-11-08T16:01:18,2021.0,11.0,30.379924,-89.616722,127.0,,,HUMAN_OBSERVATION,50c9509d-22c7-4a22-a47d-8c48425ef4a7,,"COORDINATE_ROUNDED,CONTINENT_DERIVED_FROM_COORDINATES,TAXON_ID_NOT_FOUND"
3415754964,"Alligator mississippiensis (Daudin, 1801)",2021-11-10T14:30:52,2021.0,11.0,30.380102,-89.616823,103.0,,,HUMAN_OBSERVATION,50c9509d-22c7-4a22-a47d-8c48425ef4a7,,"COORDINATE_ROUNDED,CONTINENT_DERIVED_FROM_COORDINATES,TAXON_ID_NOT_FOUND"
3415958602,"Alligator mississippiensis (Daudin, 1801)",2021-11-17T14:06,2021.0,11.0,30.382252,-89.617849,386.0,,,HUMAN_OBSERVATION,50c9509d-22c7-4a22-a47d-8c48425ef4a7,,"COORDINATE_ROUNDED,CONTINENT_DERIVED_FROM_COORDINATES,TAXON_ID_NOT_FOUND"
3416000214,"Alligator mississippiensis (Daudin, 1801)",2021-11-24T11:17,2021.0,11.0,30.382252,-89.617849,386.0,,,HUMAN_OBSERVATION,50c9509d-22c7-4a22-a47d-8c48425ef4a7,,"COORDINATE_ROUNDED,CONTINENT_DERIVED_FROM_COORDINATES,TAXON_ID_NOT_FOUND"
3416037712,"Alligator mississippiensis (Daudin, 1801)",2021-11-06T15:53,2021.0,11.0,30.40094,-88.772097,15.0,,,HUMAN_OBSERVATION,50c9509d-22c7-4a22-a47d-8c48425ef4a7,,"COORDINATE_ROUNDED,CONTINENT_DERIVED_FROM_COORDINATES,TAXON_ID_NOT_FOUND"
3416055232,"Alligator mississippiensis (Daudin, 1801)",2021-11-22T11:40,2021.0,11.0,33.274963,-88.790028,153.0,,,HUMAN_OBSERVATION,50c9509d-22c7-4a22-a47d-8c48425ef4a7,,"COORDINATE_ROUNDED,CONTINENT_DERIVED_FROM_COORDINATES,TAXON_ID_NOT_FOUND"
3416137679,"Alligator mississippiensis (Daudin, 1801)",2021-11-19T15:01:48,2021.0,11.0,30.379919,-89.616801,75.0,,,HUMAN_OBSERVATION,50c9509d-22c7-4a22-a47d-8c48425ef4a7,,"COORDINATE_ROUNDED,CONTINENT_DERIVED_FROM_COORDINATES,TAXON_ID_NOT_FOUND"
3456912648,"Alligator mississippiensis (Daudin, 1801)",2021-11-29T11:29,2021.0,11.0,30.382252,-89.617849,386.0,,,HUMAN_OBSERVATION,50c9509d-22c7-4a22-a47d-8c48425ef4a7,,"COORDINATE_ROUNDED,CONTINENT_DERIVED_FROM_COORDINATES,TAXON_ID_NOT_FOUND"
6400128856,"Alligator mississippiensis (Daudin, 1801)",2021-11-02T11:34:13,2021.0,11.0,30.371839,-89.610942,5.0,,,HUMAN_OBSERVATION,50c9509d-22c7-4a22-a47d-8c48425ef4a7,,"COORDINATE_ROUNDED,CONTINENT_DERIVED_FROM_COORDINATES,TAXON_ID_NOT_FOUND"
3455482442,"Alligator mississippiensis (Daudin, 1801)",2021-12-13T12:23:18,2021.0,12.0,30.379841,-89.616715,74.0,,,HUMAN_OBSERVATION,50c9509d-22c7-4a22-a47d-8c48425ef4a7,,"COORDINATE_ROUNDED,CONTINENT_DERIVED_FROM_COORDINATES,TAXON_ID_NOT_FOUND"
3455630158,"Alligator mississippiensis (Daudin, 1801)",2021-12-29T16:02:40,2021.0,12.0,30.379943,-89.616616,80.0,,,HUMAN_OBSERVATION,50c9509d-22c7-4a22-a47d-8c48425ef4a7,,"COORDINATE_ROUNDED,CONTINENT_DERIVED_FROM_COORDINATES,TAXON_ID_NOT_FOUND"
3455934543,"Alligator mississippiensis (Daudin, 1801)",2021-12-29T12:01,2021.0,12.0,30.432121,-88.659405,,,,HUMAN_OBSERVATION,50c9509d-22c7-4a22-a47d-8c48425ef4a7,,"COORDINATE_ROUNDED,CONTINENT_DERIVED_FROM_COORDINATES,TAXON_ID_NOT_FOUND"
3456191234,"Alligator mississippiensis (Daudin, 1801)",2021-12-30T15:43:35,2021.0,12.0,30.379557,-89.617656,59.0,,,HUMAN_OBSERVATION,50c9509d-22c7-4a22-a47d-8c48425ef4a7,,"COORDINATE_ROUNDED,CONTINENT_DERIVED_FROM_COORDINATES,TAXON_ID_NOT_FOUND"
3456469350,"Alligator mississippiensis (Daudin, 1801)",2021-12-29T12:00,2021.0,12.0,30.432111,-88.658123,,,,HUMAN_OBSERVATION,50c9509d-22c7-4a22-a47d-8c48425ef4a7,,"COORDINATE_ROUNDED,CONTINENT_DERIVED_FROM_COORDINATES,TAXON_ID_NOT_FOUND"
3456478812,"Alligator mississippiensis (Daudin, 1801)",2021-12-10T15:06:53,2021.0,12.0,30.379746,-89.617638,87.0,,,HUMAN_OBSERVATION,50c9509d-22c7-4a22-a47d-8c48425ef4a7,,"COORDINATE_ROUNDED,CONTINENT_DERIVED_FROM_COORDINATES,TAXON_ID_NOT_FOUND"
3456582889,"Alligator mississippiensis (Daudin, 1801)",2021-12-13T12:15:03,2021.0,12.0,30.37998,-89.616535,58.0,,,HUMAN_OBSERVATION,50c9509d-22c7-4a22-a47d-8c48425ef4a7,,"COORDINATE_ROUNDED,CONTINENT_DERIVED_FROM_COORDINATES,TAXON_ID_NOT_FOUND"
3456738839,"Alligator mississippiensis (Daudin, 1801)",2021-12-27T11:38:41,2021.0,12.0,30.379917,-89.616539,89.0,,,HUMAN_OBSERVATION,50c9509d-22c7-4a22-a47d-8c48425ef4a7,,"COORDINATE_ROUNDED,CONTINENT_DERIVED_FROM_COORDINATES,TAXON_ID_NOT_FOUND"
3456827020,"Alligator mississippiensis (Daudin, 1801)",2021-12-10T12:22,2021.0,12.0,30.382252,-89.617849,386.0,,,HUMAN_OBSERVATION,50c9509d-22c7-4a22-a47d-8c48425ef4a7,,"COORDINATE_ROUNDED,CONTINENT_DERIVED_FROM_COORDINATES,TAXON_ID_NOT_FOUND"
2557787469,"Alligator mississippiensis (Daudin, 1801)",2020-01-13T09:54,2020.0,1.0,30.392325,-88.788039,10.0,,,HUMAN_OBSERVATION,50c9509d-22c7-4a22-a47d-8c48425ef4a7,,"COORDINATE_ROUNDED,CONTINENT_DERIVED_FROM_COORDINATES,TAXON_ID_NOT_FOUND"
2557796326,"Alligator mississippiensis (Daudin, 1801)",2020-01-14T10:55:50Z,2020.0,1.0,30.397882,-88.790409,68.0,,,HUMAN_OBSERVATION,50c9509d-22c7-4a22-a47d-8c48425ef4a7,,"COORDINATE_ROUNDED,CONTINENT_DERIVED_FROM_COORDINATES,TAXON_ID_NOT_FOUND"
2557797424,"Alligator mississippiensis (Daudin, 1801)",2020-01-14T13:31:16Z,2020.0,1.0,30.392233,-88.787983,59.0,,,HUMAN_OBSERVATION,50c9509d-22c7-4a22-a47d-8c48425ef4a7,,"COORDINATE_ROUNDED,CONTINENT_DERIVED_FROM_COORDINATES,TAXON_ID_NOT_FOUND"
2557817822,"Alligator mississippiensis (Daudin, 1801)",2020-01-16T12:08:24Z,2020.0,1.0,30.406472,-88.817442,49.0,,,HUMAN_OBSERVATION,50c9509d-22c7-4a22-a47d-8c48425ef4a7,,"COORDINATE_ROUNDED,CONTINENT_DERIVED_FROM_COORDINATES,TAXON_ID_NOT_FOUND"
2574244123,"Alligator mississippiensis (Daudin, 1801)",2020-02-04T14:27:01,2020.0,2.0,30.445166,-88.425399,,,,HUMAN_OBSERVATION,50c9509d-22c7-4a22-a47d-8c48425ef4a7,,"CONTINENT_DERIVED_FROM_COORDINATES,TAXON_ID_NOT_FOUND"
2574245153,"Alligator mississippiensis (Daudin, 1801)",2020-02-04,2020.0,2.0,30.445524,-88.425437,,,,HUMAN_OBSERVATION,50c9509d-22c7-4a22-a47d-8c48425ef4a7,,"COORDINATE_ROUNDED,CONTINENT_DERIVED_FROM_COORDINATES,TAXON_ID_NOT_FOUND"
2574247510,"Alligator mississippiensis (Daudin, 1801)",2020-02-03T12:19:08Z,2020.0,2.0,30.397422,-88.791995,74.0,,,HUMAN_OBSERVATION,50c9509d-22c7-4a22-a47d-8c48425ef4a7,,"COORDINATE_ROUNDED,CONTINENT_DERIVED_FROM_COORDINATES,TAXON_ID_NOT_FOUND"
2576264557,"Alligator mississippiensis (Daudin, 1801)",2020-02-23T09:28,2020.0,2.0,30.39791,-88.790127,,,,HUMAN_OBSERVATION,50c9509d-22c7-4a22-a47d-8c48425ef4a7,,"COORDINATE_ROUNDED,CONTINENT_DERIVED_FROM_COORDINATES,TAXON_ID_NOT_FOUND"
2597905016,"Alligator mississippiensis (Daudin, 1801)",2020-02-12T15:09:01Z,2020.0,2.0,30.445562,-88.425055,5.0,,,HUMAN_OBSERVATION,50c9509d-22c7-4a22-a47d-8c48425ef4a7,,"COORDINATE_ROUNDED,CONTINENT_DERIVED_FROM_COORDINATES,TAXON_ID_NOT_FOUND"
2576303979,"Alligator mississippiensis (Daudin, 1801)",2020-03-01T15:41,2020.0,3.0,30.431995,-88.657453,8.0,,,HUMAN_OBSERVATION,50c9509d-22c7-4a22-a47d-8c48425ef4a7,,"COORDINATE_ROUNDED,CONTINENT_DERIVED_FROM_COORDINATES,TAXON_ID_NOT_FOUND"
2579230437,"Alligator mississippiensis (Daudin, 1801)",2020-03-11T15:08:43,2020.0,3.0,30.392389,-88.788063,3.0,,,HUMAN_OBSERVATION,50c9509d-22c7-4a22-a47d-8c48425ef4a7,,"COORDINATE_ROUNDED,CONTINENT_DERIVED_FROM_COORDINATES,TAXON_ID_NOT_FOUND"
2580246304,"Alligator mississippiensis (Daudin, 1801)",2020-03-12T13:52,2020.0,3.0,30.424317,-88.665244,,,,HUMAN_OBSERVATION,50c9509d-22c7-4a22-a47d-8c48425ef4a7,,"COORDINATE_ROUNDED,CONTINENT_DERIVED_FROM_COORDINATES,TAXON_ID_NOT_FOUND"
2596100538,"Alligator mississippiensis (Daudin, 1801)",2020-03-22T13:36,2020.0,3.0,30.459995,-88.792489,,,,HUMAN_OBSERVATION,50c9509d-22c7-4a22-a47d-8c48425ef4a7,,"COORDINATE_ROUNDED,CONTINENT_DERIVED_FROM_COORDINATES,TAXON_ID_NOT_FOUND"
2596107152,"Alligator mississippiensis (Daudin, 1801)",2020-03-12T09:41:07,2020.0,3.0,30.44652,-88.425204,224.0,,,HUMAN_OBSERVATION,50c9509d-22c7-4a22-a47d-8c48425ef4a7,,"COORDINATE_ROUNDED,CONTINENT_DERIVED_FROM_COORDINATES,TAXON_ID_NOT_FOUND"
2596142887,"Alligator mississippiensis (Daudin, 1801)",2020-03-31T14:41,2020.0,3.0,30.431929,-88.656045,8.0,,,HUMAN_OBSERVATION,50c9509d-22c7-4a22-a47d-8c48425ef4a7,,"COORDINATE_ROUNDED,CONTINENT_DERIVED_FROM_COORDINATES,TAXON_ID_NOT_FOUND"
2596237588,"Alligator mississippiensis (Daudin, 1801)",2020-03-22T14:41:16Z,2020.0,3.0,33.271242,-88.781553,10.0,,,HUMAN_OBSERVATION,50c9509d-22c7-4a22-a47d-8c48425ef4a7,,"COORDINATE_ROUNDED,CONTINENT_DERIVED_FROM_COORDINATES,TAXON_ID_NOT_FOUND"
2596339551,"Alligator mississippiensis (Daudin, 1801)",2020-03-28T09:22,2020.0,3.0,30.349619,-88.71405,5.0,,,HUMAN_OBSERVATION,50c9509d-22c7-4a22-a47d-8c48425ef4a7,,"COORDINATE_ROUNDED,CONTINENT_DERIVED_FROM_COORDINATES,TAXON_ID_NOT_FOUND"
2596403521,"Alligator mississippiensis (Daudin, 1801)",2020-03-28T10:54:52Z,2020.0,3.0,32.370203,-90.012235,5.0,,,HUMAN_OBSERVATION,50c9509d-22c7-4a22-a47d-8c48425ef4a7,,"COORDINATE_ROUNDED,CONTINENT_DERIVED_FROM_COORDINATES,TAXON_ID_NOT_FOUND"
3395591301,"Alligator mississippiensis (Daudin, 1801)",2020-03-15,2020.0,3.0,30.407556,-89.017452,10.0,Harrison,"Bayou Bernard, in smaller bayou ~1.3 km northeast of the East Pass Road and Lorr",MACHINE_OBSERVATION,832b8188-f762-11e1-a439-00145eb45e9a,,
5838304879,"Alligator mississippiensis (Daudin, 1801)",2020-03-13T18:40:01Z,2020.0,3.0,31.661758,-88.720488,8.0,,,HUMAN_OBSERVATION,50c9509d-22c7-4a22-a47d-8c48425ef4a7,,"COORDINATE_ROUNDED,CONTINENT_DERIVED_FROM_COORDINATES,TAXON_ID_NOT_FOUND"
2597743045,"Alligator mississippiensis (Daudin, 1801)",2020-04-01T17:33:46Z,2020.0,4.0,31.6932,-88.578912,7.0,,,HUMAN_OBSERVATION,50c9509d-22c7-4a22-a47d-8c48425ef4a7,,"COORDINATE_ROUNDED,CONTINENT_DERIVED_FROM_COORDINATES,TAXON_ID_NOT_FOUND"
2597867092,"Alligator mississippiensis (Daudin, 1801)",2020-04-01T16:06:32Z,2020.0,4.0,33.278408,-88.79445,5.0,,,HUMAN_OBSERVATION,50c9509d-22c7-4a22-a47d-8c48425ef4a7,,"COORDINATE_ROUNDED,CONTINENT_DERIVED_FROM_COORDINATES,TAXON_ID_NOT_FOUND"
2610945060,"Alligator mississippiensis (Daudin, 1801)",2020-04-29T15:01:48,2020.0,4.0,32.122864,-89.619236,19018.0,,,HUMAN_OBSERVATION,50c9509d-22c7-4a22-a47d-8c48425ef4a7,,"COORDINATE_ROUNDED,CONTINENT_DERIVED_FROM_COORDINATES,TAXON_ID_NOT_FOUND"
2611272018,"Alligator mississippiensis (Daudin, 1801)",2020-04-28T11:50,2020.0,4.0,33.838782,-90.089518,,,,HUMAN_OBSERVATION,50c9509d-22c7-4a22-a47d-8c48425ef4a7,,"COORDINATE_ROUNDED,CONTINENT_DERIVED_FROM_COORDINATES,TAXON_ID_NOT_FOUND"
2802792687,"Alligator mississippiensis (Daudin, 1801)",2020-04-24T18:24:53Z,2020.0,4.0,30.359497,-88.560802,462.0,,,HUMAN_OBSERVATION,50c9509d-22c7-4a22-a47d-8c48425ef4a7,,"COORDINATE_ROUNDED,CONTINENT_DERIVED_FROM_COORDINATES,TAXON_ID_NOT_FOUND"
3067823894,"Alligator mississippiensis (Daudin, 1801)",2020-04-21T11:00:59,2020.0,4.0,31.48477,-91.42453,21.0,,,HUMAN_OBSERVATION,50c9509d-22c7-4a22-a47d-8c48425ef4a7,,"CONTINENT_DERIVED_FROM_COORDINATES,TAXON_ID_NOT_FOUND"
3395581301,"Alligator mississippiensis (Daudin, 1801)",2020-04-17,2020.0,4.0,30.317593,-89.274455,10.0,Harrison,"Mallini Bayou, ~1.4 km southeast of East North Street and Henderson Avenue inter",MACHINE_OBSERVATION,832b8188-f762-11e1-a439-00145eb45e9a,,
2619878116,"Alligator mississippiensis (Daudin, 1801)",2020-05-02T11:56,2020.0,5.0,31.408989,-91.186161,54.0,,,HUMAN_OBSERVATION,50c9509d-22c7-4a22-a47d-8c48425ef4a7,,"COORDINATE_ROUNDED,CONTINENT_DERIVED_FROM_COORDINATES,TAXON_ID_NOT_FOUND"
2626186291,"Alligator mississippiensis (Daudin, 1801)",2020-05-14T08:31,2020.0,5.0,33.756047,-90.151801,31.0,,,HUMAN_OBSERVATION,50c9509d-22c7-4a22-a47d-8c48425ef4a7,,"COORDINATE_ROUNDED,CONTINENT_DERIVED_FROM_COORDINATES,TAXON_ID_NOT_FOUND"
2626363575,"Alligator mississippiensis (Daudin, 1801)",2020-05-09T22:45:55Z,2020.0,5.0,30.4,-88.8,,,,HUMAN_OBSERVATION,50c9509d-22c7-4a22-a47d-8c48425ef4a7,,"CONTINENT_DERIVED_FROM_COORDINATES,TAXON_ID_NOT_FOUND"
2633959222,"Alligator mississippiensis (Daudin, 1801)",2020-05-23T11:48:51,2020.0,5.0,32.289504,-90.176912,112.0,,,HUMAN_OBSERVATION,50c9509d-22c7-4a22-a47d-8c48425ef4a7,,"COORDINATE_ROUNDED,CONTINENT_DERIVED_FROM_COORDINATES,TAXON_ID_NOT_FOUND"
2634356863,"Alligator mississippiensis (Daudin, 1801)",2020-05-22T09:09:12Z,2020.0,5.0,32.512672,-90.991244,102.0,,,HUMAN_OBSERVATION,50c9509d-22c7-4a22-a47d-8c48425ef4a7,,"COORDINATE_ROUNDED,CONTINENT_DERIVED_FROM_COORDINATES,TAXON_ID_NOT_FOUND"
2634438937,"Alligator mississippiensis (Daudin, 1801)",2020-05-27T13:55,2020.0,5.0,30.374416,-88.568795,8.0,,,HUMAN_OBSERVATION,50c9509d-22c7-4a22-a47d-8c48425ef4a7,,"COORDINATE_ROUNDED,CONTINENT_DERIVED_FROM_COORDINATES,TAXON_ID_NOT_FOUND"
3764205321,"Alligator mississippiensis (Daudin, 1801)",2020-05-10T17:37:41Z,2020.0,5.0,33.271143,-88.783611,263.0,,,HUMAN_OBSERVATION,50c9509d-22c7-4a22-a47d-8c48425ef4a7,,"COORDINATE_ROUNDED,CONTINENT_DERIVED_FROM_COORDINATES,TAXON_ID_NOT_FOUND"
2802655121,"Alligator mississippiensis (Daudin, 1801)",2020-06-20T19:34:52,2020.0,6.0,32.478645,-90.170995,29093.0,,,HUMAN_OBSERVATION,50c9509d-22c7-4a22-a47d-8c48425ef4a7,,"COORDINATE_ROUNDED,CONTINENT_DERIVED_FROM_COORDINATES,TAXON_ID_NOT_FOUND"
2802668602,"Alligator mississippiensis (Daudin, 1801)",2020-06-15T16:48,2020.0,6.0,30.392431,-88.788078,10.0,,,HUMAN_OBSERVATION,50c9509d-22c7-4a22-a47d-8c48425ef4a7,,"COORDINATE_ROUNDED,CONTINENT_DERIVED_FROM_COORDINATES,TAXON_ID_NOT_FOUND"
2802724721,"Alligator mississippiensis (Daudin, 1801)",2020-06-18T17:18:40,2020.0,6.0,30.384028,-89.367424,29382.0,,,HUMAN_OBSERVATION,50c9509d-22c7-4a22-a47d-8c48425ef4a7,,"COORDINATE_ROUNDED,CONTINENT_DERIVED_FROM_COORDINATES,TAXON_ID_NOT_FOUND"
2802919866,"Alligator mississippiensis (Daudin, 1801)",2020-06-12T17:41,2020.0,6.0,30.373942,-88.707625,5.0,,,HUMAN_OBSERVATION,50c9509d-22c7-4a22-a47d-8c48425ef4a7,,"COORDINATE_ROUNDED,CONTINENT_DERIVED_FROM_COORDINATES,TAXON_ID_NOT_FOUND"
2803130502,"Alligator mississippiensis (Daudin, 1801)",2020-06-24T19:32:38Z,2020.0,6.0,32.684922,-90.273957,65.0,,,HUMAN_OBSERVATION,50c9509d-22c7-4a22-a47d-8c48425ef4a7,,"COORDINATE_ROUNDED,CONTINENT_DERIVED_FROM_COORDINATES,TAXON_ID_NOT_FOUND"
4851788723,"Alligator mississippiensis (Daudin, 1801)",2020-06-17T15:27,2020.0,6.0,30.35924,-88.626566,38628.0,,,HUMAN_OBSERVATION,50c9509d-22c7-4a22-a47d-8c48425ef4a7,,"COORDINATE_ROUNDED,CONTINENT_DERIVED_FROM_COORDINATES,TAXON_ID_NOT_FOUND"
2814007076,"Alligator mississippiensis (Daudin, 1801)",2020-07-05T13:51:08,2020.0,7.0,30.392453,-88.78805,,,,HUMAN_OBSERVATION,50c9509d-22c7-4a22-a47d-8c48425ef4a7,,"COORDINATE_ROUNDED,CONTINENT_DERIVED_FROM_COORDINATES,TAXON_ID_NOT_FOUND"
2818515171,"Alligator mississippiensis (Daudin, 1801)",2020-07-13T10:46,2020.0,7.0,30.393758,-88.788062,,,,HUMAN_OBSERVATION,50c9509d-22c7-4a22-a47d-8c48425ef4a7,,"COORDINATE_ROUNDED,CONTINENT_DERIVED_FROM_COORDINATES,TAXON_ID_NOT_FOUND"
2818552992,"Alligator mississippiensis (Daudin, 1801)",2020-07-11T11:29,2020.0,7.0,30.39183,-88.791504,2757.0,,,HUMAN_OBSERVATION,50c9509d-22c7-4a22-a47d-8c48425ef4a7,,"COORDINATE_ROUNDED,CONTINENT_DERIVED_FROM_COORDINATES,TAXON_ID_NOT_FOUND"
2818734680,"Alligator mississippiensis (Daudin, 1801)",2020-07-09,2020.0,7.0,30.393887,-88.787934,189.0,,,HUMAN_OBSERVATION,50c9509d-22c7-4a22-a47d-8c48425ef4a7,,"COORDINATE_ROUNDED,CONTINENT_DERIVED_FROM_COORDINATES,TAXON_ID_NOT_FOUND"
2818747206,"Alligator mississippiensis (Daudin, 1801)",2020-07-13T13:43:47Z,2020.0,7.0,31.28848,-89.21775,5.0,,,HUMAN_OBSERVATION,50c9509d-22c7-4a22-a47d-8c48425ef4a7,,"CONTINENT_DERIVED_FROM_COORDINATES,TAXON_ID_NOT_FOUND"
2818846667,"Alligator mississippiensis (Daudin, 1801)",2020-07-16T18:08,2020.0,7.0,30.361306,-88.763219,31.0,,,HUMAN_OBSERVATION,50c9509d-22c7-4a22-a47d-8c48425ef4a7,,"COORDINATE_ROUNDED,CONTINENT_DERIVED_FROM_COORDINATES,TAXON_ID_NOT_FOUND"
2823289352,"Alligator mississippiensis (Daudin, 1801)",2020-07-21T10:10,2020.0,7.0,33.783748,-90.145876,10.0,,,HUMAN_OBSERVATION,50c9509d-22c7-4a22-a47d-8c48425ef4a7,,"COORDINATE_ROUNDED,CONTINENT_DERIVED_FROM_COORDINATES,TAXON_ID_NOT_FOUND"
2826135224,"Alligator mississippiensis (Daudin, 1801)",2020-07-26T03:16,2020.0,7.0,31.42599,-91.453135,197.0,,,HUMAN_OBSERVATION,50c9509d-22c7-4a22-a47d-8c48425ef4a7,,"COORDINATE_ROUNDED,CONTINENT_DERIVED_FROM_COORDINATES,TAXON_ID_NOT_FOUND"
2826377855,"Alligator mississippiensis (Daudin, 1801)",2020-07-24T16:40,2020.0,7.0,31.42599,-91.453135,197.0,,,HUMAN_OBSERVATION,50c9509d-22c7-4a22-a47d-8c48425ef4a7,,"COORDINATE_ROUNDED,CONTINENT_DERIVED_FROM_COORDINATES,TAXON_ID_NOT_FOUND"
2988514604,"Alligator mississippiensis (Daudin, 1801)",2020-07-17T12:37:38,2020.0,7.0,31.446997,-90.848013,5.0,,,HUMAN_OBSERVATION,50c9509d-22c7-4a22-a47d-8c48425ef4a7,,"COORDINATE_ROUNDED,CONTINENT_DERIVED_FROM_COORDINATES,TAXON_ID_NOT_FOUND"
4046400268,"Alligator mississippiensis (Daudin, 1801)",2020-07-06T17:20:52,2020.0,7.0,30.344206,-88.735642,24.0,,,HUMAN_OBSERVATION,50c9509d-22c7-4a22-a47d-8c48425ef4a7,,"COORDINATE_ROUNDED,CONTINENT_DERIVED_FROM_COORDINATES,TAXON_ID_NOT_FOUND"
2851089958,"Alligator mississippiensis (Daudin, 1801)",2020-08-09T10:26:18,2020.0,8.0,30.397958,-88.790176,5.0,,,HUMAN_OBSERVATION,50c9509d-22c7-4a22-a47d-8c48425ef4a7,,"COORDINATE_ROUNDED,CONTINENT_DERIVED_FROM_COORDINATES,TAXON_ID_NOT_FOUND"
2864606635,"Alligator mississippiensis (Daudin, 1801)",2020-09-10T18:34,2020.0,9.0,31.42599,-91.453135,197.0,,,HUMAN_OBSERVATION,50c9509d-22c7-4a22-a47d-8c48425ef4a7,,"COORDINATE_ROUNDED,CONTINENT_DERIVED_FROM_COORDINATES,TAXON_ID_NOT_FOUND"
2864630658,"Alligator mississippiensis (Daudin, 1801)",2020-09-05T19:10:26,2020.0,9.0,33.274175,-88.790313,5.0,,,HUMAN_OBSERVATION,50c9509d-22c7-4a22-a47d-8c48425ef4a7,,"COORDINATE_ROUNDED,CONTINENT_DERIVED_FROM_COORDINATES,TAXON_ID_NOT_FOUND"
2864646089,"Alligator mississippiensis (Daudin, 1801)",2020-09-12T11:33,2020.0,9.0,31.18115,-90.521007,,,,HUMAN_OBSERVATION,50c9509d-22c7-4a22-a47d-8c48425ef4a7,,"COORDINATE_ROUNDED,CONTINENT_DERIVED_FROM_COORDINATES,TAXON_ID_NOT_FOUND"
2864723387,"Alligator mississippiensis (Daudin, 1801)",2020-09-09T09:14:17Z,2020.0,9.0,33.141386,-90.871529,,,,HUMAN_OBSERVATION,50c9509d-22c7-4a22-a47d-8c48425ef4a7,,"COORDINATE_ROUNDED,CONTINENT_DERIVED_FROM_COORDINATES,TAXON_ID_NOT_FOUND"
2864743649,"Alligator mississippiensis (Daudin, 1801)",2020-09-12T11:31,2020.0,9.0,31.181164,-90.520837,,,,HUMAN_OBSERVATION,50c9509d-22c7-4a22-a47d-8c48425ef4a7,,"COORDINATE_ROUNDED,CONTINENT_DERIVED_FROM_COORDINATES,TAXON_ID_NOT_FOUND"
2868300913,"Alligator mississippiensis (Daudin, 1801)",2020-09-17T11:28,2020.0,9.0,30.339805,-88.519008,617.0,,,HUMAN_OBSERVATION,50c9509d-22c7-4a22-a47d-8c48425ef4a7,,"COORDINATE_ROUNDED,CONTINENT_DERIVED_FROM_COORDINATES,TAXON_ID_NOT_FOUND"
2901509763,"Alligator mississippiensis (Daudin, 1801)",2020-10-17T00:34,2020.0,10.0,31.42599,-91.453135,197.0,,,HUMAN_OBSERVATION,50c9509d-22c7-4a22-a47d-8c48425ef4a7,,"COORDINATE_ROUNDED,CONTINENT_DERIVED_FROM_COORDINATES,TAXON_ID_NOT_FOUND"
2901537204,"Alligator mississippiensis (Daudin, 1801)",2020-10-21T10:23:46Z,2020.0,10.0,33.270895,-88.777625,5.0,,,HUMAN_OBSERVATION,50c9509d-22c7-4a22-a47d-8c48425ef4a7,,"CONTINENT_DERIVED_FROM_COORDINATES,TAXON_ID_NOT_FOUND"
2901727770,"Alligator mississippiensis (Daudin, 1801)",2020-10-17T08:31,2020.0,10.0,31.216965,-89.36294,29252.0,,,HUMAN_OBSERVATION,50c9509d-22c7-4a22-a47d-8c48425ef4a7,,"COORDINATE_ROUNDED,CONTINENT_DERIVED_FROM_COORDINATES,TAXON_ID_NOT_FOUND"
2981023752,"Alligator mississippiensis (Daudin, 1801)",2020-10-31T09:58,2020.0,10.0,31.42599,-91.453135,197.0,,,HUMAN_OBSERVATION,50c9509d-22c7-4a22-a47d-8c48425ef4a7,,"COORDINATE_ROUNDED,CONTINENT_DERIVED_FROM_COORDINATES,TAXON_ID_NOT_FOUND"
5868289486,"Alligator mississippiensis (Daudin, 1801)",2020-10-04T11:12,2020.0,10.0,30.392192,-88.787963,292.0,,,HUMAN_OBSERVATION,50c9509d-22c7-4a22-a47d-8c48425ef4a7,,"COORDINATE_ROUNDED,CONTINENT_DERIVED_FROM_COORDINATES,TAXON_ID_NOT_FOUND"
2981127321,"Alligator mississippiensis (Daudin, 1801)",2020-11-06T12:34Z,2020.0,11.0,33.282505,-88.780186,195.0,,,HUMAN_OBSERVATION,50c9509d-22c7-4a22-a47d-8c48425ef4a7,,"COORDINATE_ROUNDED,CONTINENT_DERIVED_FROM_COORDINATES,TAXON_ID_NOT_FOUND"
2984431631,"Alligator mississippiensis (Daudin, 1801)",2020-11-07T01:14,2020.0,11.0,31.42599,-91.453135,197.0,,,HUMAN_OBSERVATION,50c9509d-22c7-4a22-a47d-8c48425ef4a7,,"COORDINATE_ROUNDED,CONTINENT_DERIVED_FROM_COORDINATES,TAXON_ID_NOT_FOUND"
2984552565,"Alligator mississippiensis (Daudin, 1801)",2020-11-07T09:31:03Z,2020.0,11.0,30.327275,-89.629922,7.0,,,HUMAN_OBSERVATION,50c9509d-22c7-4a22-a47d-8c48425ef4a7,,"COORDINATE_ROUNDED,CONTINENT_DERIVED_FROM_COORDINATES,TAXON_ID_NOT_FOUND"
2984564538,"Alligator mississippiensis (Daudin, 1801)",2020-11-07T09:30:27Z,2020.0,11.0,30.327175,-89.629822,6.0,,,HUMAN_OBSERVATION,50c9509d-22c7-4a22-a47d-8c48425ef4a7,,"COORDINATE_ROUNDED,CONTINENT_DERIVED_FROM_COORDINATES,TAXON_ID_NOT_FOUND"
5064072875,"Alligator mississippiensis (Daudin, 1801)",2020-11-14T13:54,2020.0,11.0,30.401438,-88.754252,188.0,,,HUMAN_OBSERVATION,50c9509d-22c7-4a22-a47d-8c48425ef4a7,,"COORDINATE_ROUNDED,CONTINENT_DERIVED_FROM_COORDINATES,TAXON_ID_NOT_FOUND"
3005096867,"Alligator mississippiensis (Daudin, 1801)",2020-12-13T11:14,2020.0,12.0,30.395712,-88.792155,1167.0,,,HUMAN_OBSERVATION,50c9509d-22c7-4a22-a47d-8c48425ef4a7,,"COORDINATE_ROUNDED,CONTINENT_DERIVED_FROM_COORDINATES,TAXON_ID_NOT_FOUND"
3005110027,"Alligator mississippiensis (Daudin, 1801)",2020-12-16T10:06:16Z,2020.0,12.0,32.432589,-88.522709,6354.0,,,HUMAN_OBSERVATION,50c9509d-22c7-4a22-a47d-8c48425ef4a7,,"COORDINATE_ROUNDED,CONTINENT_DERIVED_FROM_COORDINATES,TAXON_ID_NOT_FOUND"
3017944033,"Alligator mississippiensis (Daudin, 1801)",2020-12-28T12:16,2020.0,12.0,30.397987,-88.790034,4.0,,,HUMAN_OBSERVATION,50c9509d-22c7-4a22-a47d-8c48425ef4a7,,"COORDINATE_ROUNDED,CONTINENT_DERIVED_FROM_COORDINATES,TAXON_ID_NOT_FOUND"
1986559366,"Alligator mississippiensis (Daudin, 1801)",2019-01-01T14:39,2019.0,1.0,30.372737,-88.52356,2.0,,,HUMAN_OBSERVATION,50c9509d-22c7-4a22-a47d-8c48425ef4a7,,"COORDINATE_ROUNDED,CONTINENT_DERIVED_FROM_COORDINATES,TAXON_ID_NOT_FOUND"
1993734359,"Alligator mississippiensis (Daudin, 1801)",2019-02-02T13:32,2019.0,2.0,30.398008,-88.790113,4.0,,,HUMAN_OBSERVATION,50c9509d-22c7-4a22-a47d-8c48425ef4a7,,"COORDINATE_ROUNDED,CONTINENT_DERIVED_FROM_COORDINATES,TAXON_ID_NOT_FOUND"
2005332506,"Alligator mississippiensis (Daudin, 1801)",2019-02-13T14:20:17,2019.0,2.0,30.441705,-88.604843,148.0,,,HUMAN_OBSERVATION,50c9509d-22c7-4a22-a47d-8c48425ef4a7,,"COORDINATE_ROUNDED,CONTINENT_DERIVED_FROM_COORDINATES,TAXON_ID_NOT_FOUND"
2237432236,"Alligator mississippiensis (Daudin, 1801)",2019-02-03T12:35:03Z,2019.0,2.0,30.398114,-88.789834,22.0,,,HUMAN_OBSERVATION,50c9509d-22c7-4a22-a47d-8c48425ef4a7,,"COORDINATE_ROUNDED,CONTINENT_DERIVED_FROM_COORDINATES,TAXON_ID_NOT_FOUND"
2012977658,"Alligator mississippiensis (Daudin, 1801)",2019-03-02T13:13,2019.0,3.0,30.432042,-88.658162,,,,HUMAN_OBSERVATION,50c9509d-22c7-4a22-a47d-8c48425ef4a7,,"COORDINATE_ROUNDED,CONTINENT_DERIVED_FROM_COORDINATES,TAXON_ID_NOT_FOUND"
2013726521,"Alligator mississippiensis (Daudin, 1801)",2019-03-10T14:33,2019.0,3.0,30.399178,-88.646453,5.0,,,HUMAN_OBSERVATION,50c9509d-22c7-4a22-a47d-8c48425ef4a7,,"COORDINATE_ROUNDED,CONTINENT_DERIVED_FROM_COORDINATES,TAXON_ID_NOT_FOUND"
2013758373,"Alligator mississippiensis (Daudin, 1801)",2019-03-14T13:17:42,2019.0,3.0,30.927944,-88.602564,29304.0,,,HUMAN_OBSERVATION,50c9509d-22c7-4a22-a47d-8c48425ef4a7,,"COORDINATE_ROUNDED,CONTINENT_DERIVED_FROM_COORDINATES,TAXON_ID_NOT_FOUND"
2234787992,"Alligator mississippiensis (Daudin, 1801)",2019-03-23,2019.0,3.0,33.271143,-88.783611,185.0,,,HUMAN_OBSERVATION,50c9509d-22c7-4a22-a47d-8c48425ef4a7,,"COORDINATE_ROUNDED,CONTINENT_DERIVED_FROM_COORDINATES,TAXON_ID_NOT_FOUND"
4430858749,"Alligator mississippiensis (Daudin, 1801)",2019-03-13T13:49,2019.0,3.0,31.544713,-91.504586,29226.0,,,HUMAN_OBSERVATION,50c9509d-22c7-4a22-a47d-8c48425ef4a7,,"COORDINATE_ROUNDED,CONTINENT_DERIVED_FROM_COORDINATES,TAXON_ID_NOT_FOUND"
2236243837,"Alligator mississippiensis (Daudin, 1801)",2019-04-07T10:26,2019.0,4.0,30.392411,-88.788086,10.0,,,HUMAN_OBSERVATION,50c9509d-22c7-4a22-a47d-8c48425ef4a7,,"COORDINATE_ROUNDED,CONTINENT_DERIVED_FROM_COORDINATES,TAXON_ID_NOT_FOUND"
2236249418,"Alligator mississippiensis (Daudin, 1801)",2019-04-07T13:19,2019.0,4.0,30.39183,-88.791161,488.0,,,HUMAN_OBSERVATION,50c9509d-22c7-4a22-a47d-8c48425ef4a7,,"COORDINATE_ROUNDED,CONTINENT_DERIVED_FROM_COORDINATES,TAXON_ID_NOT_FOUND"
2236250037,"Alligator mississippiensis (Daudin, 1801)",2019-04-07T14:20,2019.0,4.0,30.397905,-88.790119,33.0,,,HUMAN_OBSERVATION,50c9509d-22c7-4a22-a47d-8c48425ef4a7,,"COORDINATE_ROUNDED,CONTINENT_DERIVED_FROM_COORDINATES,TAXON_ID_NOT_FOUND"
2238841563,"Alligator mississippiensis (Daudin, 1801)",2019-04-15T11:22:49,2019.0,4.0,30.397888,-88.792782,7.0,,,HUMAN_OBSERVATION,50c9509d-22c7-4a22-a47d-8c48425ef4a7,,"COORDINATE_ROUNDED,CONTINENT_DERIVED_FROM_COORDINATES,TAXON_ID_NOT_FOUND"
2238927876,"Alligator mississippiensis (Daudin, 1801)",2019-04-27T11:28,2019.0,4.0,32.586885,-89.857191,8.0,,,HUMAN_OBSERVATION,50c9509d-22c7-4a22-a47d-8c48425ef4a7,,"COORDINATE_ROUNDED,CONTINENT_DERIVED_FROM_COORDINATES,TAXON_ID_NOT_FOUND"
4145492312,"Alligator mississippiensis (Daudin, 1801)",2019-04-06T13:26,2019.0,4.0,33.281659,-88.802792,504.0,,,HUMAN_OBSERVATION,50c9509d-22c7-4a22-a47d-8c48425ef4a7,,"COORDINATE_ROUNDED,CONTINENT_DERIVED_FROM_COORDINATES,TAXON_ID_NOT_FOUND"
2242856679,"Alligator mississippiensis (Daudin, 1801)",2019-05-05T14:36:45,2019.0,5.0,31.583127,-89.287713,29226.0,,,HUMAN_OBSERVATION,50c9509d-22c7-4a22-a47d-8c48425ef4a7,,"COORDINATE_ROUNDED,CONTINENT_DERIVED_FROM_COORDINATES,TAXON_ID_NOT_FOUND"
2242900397,"Alligator mississippiensis (Daudin, 1801)",2019-05-06T16:11,2019.0,5.0,31.351515,-91.431398,31.0,,,HUMAN_OBSERVATION,50c9509d-22c7-4a22-a47d-8c48425ef4a7,,"COORDINATE_ROUNDED,CONTINENT_DERIVED_FROM_COORDINATES,TAXON_ID_NOT_FOUND"
2244279081,"Alligator mississippiensis (Daudin, 1801)",2019-05-18T19:14:41,2019.0,5.0,30.524948,-88.778224,29356.0,,,HUMAN_OBSERVATION,50c9509d-22c7-4a22-a47d-8c48425ef4a7,,"COORDINATE_ROUNDED,CONTINENT_DERIVED_FROM_COORDINATES,TAXON_ID_NOT_FOUND"
2579365504,"Alligator mississippiensis (Daudin, 1801)",2019-05-01T10:32,2019.0,5.0,30.316942,-89.402147,8.0,,,HUMAN_OBSERVATION,50c9509d-22c7-4a22-a47d-8c48425ef4a7,,"COORDINATE_ROUNDED,CONTINENT_DERIVED_FROM_COORDINATES,TAXON_ID_NOT_FOUND"
2269319819,"Alligator mississippiensis (Daudin, 1801)",2019-06-19T16:22,2019.0,6.0,30.397952,-88.790121,2.0,,,HUMAN_OBSERVATION,50c9509d-22c7-4a22-a47d-8c48425ef4a7,,"COORDINATE_ROUNDED,CONTINENT_DERIVED_FROM_COORDINATES,TAXON_ID_NOT_FOUND"
2273248195,"Alligator mississippiensis (Daudin, 1801)",2019-06-22T16:18,2019.0,6.0,31.42599,-91.453135,197.0,,,HUMAN_OBSERVATION,50c9509d-22c7-4a22-a47d-8c48425ef4a7,,"COORDINATE_ROUNDED,CONTINENT_DERIVED_FROM_COORDINATES,TAXON_ID_NOT_FOUND"
2273248644,"Alligator mississippiensis (Daudin, 1801)",2019-06-22T08:19,2019.0,6.0,31.316521,-89.267872,508.0,,,HUMAN_OBSERVATION,50c9509d-22c7-4a22-a47d-8c48425ef4a7,,"COORDINATE_ROUNDED,CONTINENT_DERIVED_FROM_COORDINATES,TAXON_ID_NOT_FOUND"
2273322625,"Alligator mississippiensis (Daudin, 1801)",2019-06-27T10:46:21Z,2019.0,6.0,30.46563,-88.603194,5.0,,,HUMAN_OBSERVATION,50c9509d-22c7-4a22-a47d-8c48425ef4a7,,"COORDINATE_ROUNDED,CONTINENT_DERIVED_FROM_COORDINATES,TAXON_ID_NOT_FOUND"
3113386868,"Alligator mississippiensis (Daudin, 1801)",2019-06-09T18:24,2019.0,6.0,31.570024,-89.033047,352.0,,,HUMAN_OBSERVATION,50c9509d-22c7-4a22-a47d-8c48425ef4a7,,"COORDINATE_ROUNDED,CONTINENT_DERIVED_FROM_COORDINATES,TAXON_ID_NOT_FOUND"
2283167803,"Alligator mississippiensis (Daudin, 1801)",2019-07-04T09:20,2019.0,7.0,30.326892,-88.462661,5.0,,,HUMAN_OBSERVATION,50c9509d-22c7-4a22-a47d-8c48425ef4a7,,"COORDINATE_ROUNDED,CONTINENT_DERIVED_FROM_COORDINATES,TAXON_ID_NOT_FOUND"
2596401261,"Alligator mississippiensis (Daudin, 1801)",2019-07-03T17:52,2019.0,7.0,30.368944,-88.79333,29382.0,,,HUMAN_OBSERVATION,50c9509d-22c7-4a22-a47d-8c48425ef4a7,,"COORDINATE_ROUNDED,CONTINENT_DERIVED_FROM_COORDINATES,TAXON_ID_NOT_FOUND"
2331869138,"Alligator mississippiensis (Daudin, 1801)",2019-08-02T14:57:17,2019.0,8.0,32.032614,-90.63871,29146.0,,,HUMAN_OBSERVATION,50c9509d-22c7-4a22-a47d-8c48425ef4a7,,"COORDINATE_ROUNDED,CONTINENT_DERIVED_FROM_COORDINATES,TAXON_ID_NOT_FOUND"
2331887117,"Alligator mississippiensis (Daudin, 1801)",2019-08-03T18:16,2019.0,8.0,31.42599,-91.453135,197.0,,,HUMAN_OBSERVATION,50c9509d-22c7-4a22-a47d-8c48425ef4a7,,"COORDINATE_ROUNDED,CONTINENT_DERIVED_FROM_COORDINATES,TAXON_ID_NOT_FOUND"
2331938130,"Alligator mississippiensis (Daudin, 1801)",2019-08-06T13:55,2019.0,8.0,31.408966,-91.186017,19.0,,,HUMAN_OBSERVATION,50c9509d-22c7-4a22-a47d-8c48425ef4a7,,"COORDINATE_ROUNDED,CONTINENT_DERIVED_FROM_COORDINATES,TAXON_ID_NOT_FOUND"
2350426792,"Alligator mississippiensis (Daudin, 1801)",2019-08-13T18:42,2019.0,8.0,30.235901,-88.669948,5746.0,,,HUMAN_OBSERVATION,50c9509d-22c7-4a22-a47d-8c48425ef4a7,,"COORDINATE_ROUNDED,CONTINENT_DERIVED_FROM_COORDINATES,TAXON_ID_NOT_FOUND"
2397513626,"Alligator mississippiensis (Daudin, 1801)",2019-08-22T17:45,2019.0,8.0,31.362215,-91.417455,197.0,,,HUMAN_OBSERVATION,50c9509d-22c7-4a22-a47d-8c48425ef4a7,,"COORDINATE_ROUNDED,CONTINENT_DERIVED_FROM_COORDINATES,TAXON_ID_NOT_FOUND"
2423032890,"Alligator mississippiensis (Daudin, 1801)",2019-09-11T17:48,2019.0,9.0,31.42599,-91.453135,197.0,,,HUMAN_OBSERVATION,50c9509d-22c7-4a22-a47d-8c48425ef4a7,,"COORDINATE_ROUNDED,CONTINENT_DERIVED_FROM_COORDINATES,TAXON_ID_NOT_FOUND"
2429278433,"Alligator mississippiensis (Daudin, 1801)",2019-09-25T15:58:02,2019.0,9.0,33.26712,-88.781427,263.0,,,HUMAN_OBSERVATION,50c9509d-22c7-4a22-a47d-8c48425ef4a7,,"COORDINATE_ROUNDED,CONTINENT_DERIVED_FROM_COORDINATES,TAXON_ID_NOT_FOUND"
3113660696,"Alligator mississippiensis (Daudin, 1801)",2019-09-28T16:49,2019.0,9.0,30.447886,-88.65374,10065.0,,,HUMAN_OBSERVATION,50c9509d-22c7-4a22-a47d-8c48425ef4a7,,"COORDINATE_ROUNDED,CONTINENT_DERIVED_FROM_COORDINATES,TAXON_ID_NOT_FOUND"
3113682540,"Alligator mississippiensis (Daudin, 1801)",2019-09-29T12:50,2019.0,9.0,30.397925,-88.79013,5.0,,,HUMAN_OBSERVATION,50c9509d-22c7-4a22-a47d-8c48425ef4a7,,"CONTINENT_DERIVED_FROM_COORDINATES,TAXON_ID_NOT_FOUND"
2429527871,"Alligator mississippiensis (Daudin, 1801)",2019-10-09T13:55,2019.0,10.0,31.42599,-91.453135,197.0,,,HUMAN_OBSERVATION,50c9509d-22c7-4a22-a47d-8c48425ef4a7,,"COORDINATE_ROUNDED,CONTINENT_DERIVED_FROM_COORDINATES,TAXON_ID_NOT_FOUND"
2429614155,"Alligator mississippiensis (Daudin, 1801)",2019-10-06T14:59,2019.0,10.0,30.392348,-88.787983,,,,HUMAN_OBSERVATION,50c9509d-22c7-4a22-a47d-8c48425ef4a7,,"COORDINATE_ROUNDED,CONTINENT_DERIVED_FROM_COORDINATES,TAXON_ID_NOT_FOUND"
2429616219,"Alligator mississippiensis (Daudin, 1801)",2019-10-06T15:23,2019.0,10.0,30.392398,-88.787898,,,,HUMAN_OBSERVATION,50c9509d-22c7-4a22-a47d-8c48425ef4a7,,"COORDINATE_ROUNDED,CONTINENT_DERIVED_FROM_COORDINATES,TAXON_ID_NOT_FOUND"
2429616891,"Alligator mississippiensis (Daudin, 1801)",2019-10-06T14:57,2019.0,10.0,30.392348,-88.787983,,,,HUMAN_OBSERVATION,50c9509d-22c7-4a22-a47d-8c48425ef4a7,,"COORDINATE_ROUNDED,CONTINENT_DERIVED_FROM_COORDINATES,TAXON_ID_NOT_FOUND"
2429616903,"Alligator mississippiensis (Daudin, 1801)",2019-10-06T15:36,2019.0,10.0,30.397918,-88.790083,,,,HUMAN_OBSERVATION,50c9509d-22c7-4a22-a47d-8c48425ef4a7,,"COORDINATE_ROUNDED,CONTINENT_DERIVED_FROM_COORDINATES,TAXON_ID_NOT_FOUND"
2429617642,"Alligator mississippiensis (Daudin, 1801)",2019-10-06T15:00,2019.0,10.0,30.392308,-88.787958,,,,HUMAN_OBSERVATION,50c9509d-22c7-4a22-a47d-8c48425ef4a7,,"COORDINATE_ROUNDED,CONTINENT_DERIVED_FROM_COORDINATES,TAXON_ID_NOT_FOUND"
2445038667,"Alligator mississippiensis (Daudin, 1801)",2019-10-19T10:43,2019.0,10.0,31.42599,-91.453135,197.0,,,HUMAN_OBSERVATION,50c9509d-22c7-4a22-a47d-8c48425ef4a7,,"COORDINATE_ROUNDED,CONTINENT_DERIVED_FROM_COORDINATES,TAXON_ID_NOT_FOUND"
2445107519,"Alligator mississippiensis (Daudin, 1801)",2019-10-24T12:08,2019.0,10.0,31.42599,-91.453135,197.0,,,HUMAN_OBSERVATION,50c9509d-22c7-4a22-a47d-8c48425ef4a7,,"COORDINATE_ROUNDED,CONTINENT_DERIVED_FROM_COORDINATES,TAXON_ID_NOT_FOUND"
2456525475,"Alligator mississippiensis (Daudin, 1801)",2019-11-06T16:33,2019.0,11.0,30.392225,-88.788065,,,,HUMAN_OBSERVATION,50c9509d-22c7-4a22-a47d-8c48425ef4a7,,"CONTINENT_DERIVED_FROM_COORDINATES,TAXON_ID_NOT_FOUND"
2563651496,"Alligator mississippiensis (Daudin, 1801)",2019-11-07T16:11,2019.0,11.0,31.351314,-91.424709,2.0,,,HUMAN_OBSERVATION,50c9509d-22c7-4a22-a47d-8c48425ef4a7,,"COORDINATE_ROUNDED,CONTINENT_DERIVED_FROM_COORDINATES,TAXON_ID_NOT_FOUND"
2465252829,"Alligator mississippiensis (Daudin, 1801)",2019-12-01T09:11,2019.0,12.0,30.400812,-88.752228,,,,HUMAN_OBSERVATION,50c9509d-22c7-4a22-a47d-8c48425ef4a7,,"COORDINATE_ROUNDED,CONTINENT_DERIVED_FROM_COORDINATES,TAXON_ID_NOT_FOUND"
2634327910,"Alligator mississippiensis (Daudin, 1801)",2019-12-15T14:17:38,2019.0,12.0,30.3923,-88.787962,6.0,,,HUMAN_OBSERVATION,50c9509d-22c7-4a22-a47d-8c48425ef4a7,,"COORDINATE_ROUNDED,CONTINENT_DERIVED_FROM_COORDINATES,TAXON_ID_NOT_FOUND"
1806365770,"Alligator mississippiensis (Daudin, 1801)",2018-01-27T09:44,2018.0,1.0,30.397928,-88.790122,,,,HUMAN_OBSERVATION,50c9509d-22c7-4a22-a47d-8c48425ef4a7,,"COORDINATE_ROUNDED,CONTINENT_DERIVED_FROM_COORDINATES,TAXON_ID_NOT_FOUND"
1831204074,"Alligator mississippiensis (Daudin, 1801)",2018-02-16T17:06,2018.0,2.0,31.436902,-89.307733,61.0,,,HUMAN_OBSERVATION,50c9509d-22c7-4a22-a47d-8c48425ef4a7,,"COORDINATE_ROUNDED,CONTINENT_DERIVED_FROM_COORDINATES,TAXON_ID_NOT_FOUND"
1890730992,"Alligator mississippiensis (Daudin, 1801)",2018-02-19T09:39,2018.0,2.0,30.363391,-88.767267,792.0,,,HUMAN_OBSERVATION,50c9509d-22c7-4a22-a47d-8c48425ef4a7,,"COORDINATE_ROUNDED,CONTINENT_DERIVED_FROM_COORDINATES,TAXON_ID_NOT_FOUND"
1899803673,"Alligator mississippiensis (Daudin, 1801)",2018-02-22T11:47,2018.0,2.0,31.42599,-91.453135,197.0,,,HUMAN_OBSERVATION,50c9509d-22c7-4a22-a47d-8c48425ef4a7,,"COORDINATE_ROUNDED,CONTINENT_DERIVED_FROM_COORDINATES,TAXON_ID_NOT_FOUND"
4145340306,"Alligator mississippiensis (Daudin, 1801)",2018-02-07T14:33:38,2018.0,2.0,33.286267,-88.804909,357.0,,,HUMAN_OBSERVATION,50c9509d-22c7-4a22-a47d-8c48425ef4a7,,"COORDINATE_ROUNDED,CONTINENT_DERIVED_FROM_COORDINATES,TAXON_ID_NOT_FOUND"
1831099179,"Alligator mississippiensis (Daudin, 1801)",2018-03-01T12:08:47,2018.0,3.0,30.395162,-88.797058,5.0,,,HUMAN_OBSERVATION,50c9509d-22c7-4a22-a47d-8c48425ef4a7,,"COORDINATE_ROUNDED,CONTINENT_DERIVED_FROM_COORDINATES,TAXON_ID_NOT_FOUND"
1837065748,"Alligator mississippiensis (Daudin, 1801)",2018-03-24,2018.0,3.0,33.272496,-88.779553,1376.0,,,HUMAN_OBSERVATION,50c9509d-22c7-4a22-a47d-8c48425ef4a7,,"COORDINATE_ROUNDED,CONTINENT_DERIVED_FROM_COORDINATES,TAXON_ID_NOT_FOUND"
1837091949,"Alligator mississippiensis (Daudin, 1801)",2018-03-22T06:28,2018.0,3.0,32.57951,-89.870052,244.0,,,HUMAN_OBSERVATION,50c9509d-22c7-4a22-a47d-8c48425ef4a7,,"COORDINATE_ROUNDED,CONTINENT_DERIVED_FROM_COORDINATES,TAXON_ID_NOT_FOUND"
1838313792,"Alligator mississippiensis (Daudin, 1801)",2018-04-13T10:54:06,2018.0,4.0,30.397748,-88.792014,8.0,,,HUMAN_OBSERVATION,50c9509d-22c7-4a22-a47d-8c48425ef4a7,,"COORDINATE_ROUNDED,CONTINENT_DERIVED_FROM_COORDINATES,TAXON_ID_NOT_FOUND"
1838325005,"Alligator mississippiensis (Daudin, 1801)",2018-04-13T09:21:53,2018.0,4.0,30.398006,-88.790178,43.0,,,HUMAN_OBSERVATION,50c9509d-22c7-4a22-a47d-8c48425ef4a7,,"COORDINATE_ROUNDED,CONTINENT_DERIVED_FROM_COORDINATES,TAXON_ID_NOT_FOUND"
1839270433,"Alligator mississippiensis (Daudin, 1801)",2018-04-25T12:22,2018.0,4.0,33.846317,-90.081305,,,,HUMAN_OBSERVATION,50c9509d-22c7-4a22-a47d-8c48425ef4a7,,"COORDINATE_ROUNDED,CONTINENT_DERIVED_FROM_COORDINATES,TAXON_ID_NOT_FOUND"
1847440792,"Alligator mississippiensis (Daudin, 1801)",2018-04-29T12:16,2018.0,4.0,30.210394,-88.93118,29382.0,,,HUMAN_OBSERVATION,50c9509d-22c7-4a22-a47d-8c48425ef4a7,,"COORDINATE_ROUNDED,CONTINENT_DERIVED_FROM_COORDINATES,TAXON_ID_NOT_FOUND"
1946347105,"Alligator mississippiensis (Daudin, 1801)",2018-04-13T10:23,2018.0,4.0,30.391904,-88.791075,872.0,,,HUMAN_OBSERVATION,50c9509d-22c7-4a22-a47d-8c48425ef4a7,,"COORDINATE_ROUNDED,CONTINENT_DERIVED_FROM_COORDINATES,TAXON_ID_NOT_FOUND"
1946347190,"Alligator mississippiensis (Daudin, 1801)",2018-04-13T08:55,2018.0,4.0,30.391904,-88.791075,872.0,,,HUMAN_OBSERVATION,50c9509d-22c7-4a22-a47d-8c48425ef4a7,,"COORDINATE_ROUNDED,CONTINENT_DERIVED_FROM_COORDINATES,TAXON_ID_NOT_FOUND"
4145560306,"Alligator mississippiensis (Daudin, 1801)",2018-04-08T14:36:15,2018.0,4.0,33.270804,-88.78447,2542.0,,,HUMAN_OBSERVATION,50c9509d-22c7-4a22-a47d-8c48425ef4a7,,"COORDINATE_ROUNDED,CONTINENT_DERIVED_FROM_COORDINATES,TAXON_ID_NOT_FOUND"
1841324304,"Alligator mississippiensis (Daudin, 1801)",2018-05-01T16:13:14,2018.0,5.0,30.3924,-88.788338,5.0,,,HUMAN_OBSERVATION,50c9509d-22c7-4a22-a47d-8c48425ef4a7,,"COORDINATE_ROUNDED,CONTINENT_DERIVED_FROM_COORDINATES,TAXON_ID_NOT_FOUND"
1847504627,"Alligator mississippiensis (Daudin, 1801)",2018-05-11T19:07,2018.0,5.0,31.183398,-89.735212,61.0,,,HUMAN_OBSERVATION,50c9509d-22c7-4a22-a47d-8c48425ef4a7,,"COORDINATE_ROUNDED,CONTINENT_DERIVED_FROM_COORDINATES,TAXON_ID_NOT_FOUND"
1883560845,"Alligator mississippiensis (Daudin, 1801)",2018-05-08T08:44,2018.0,5.0,33.27109,-88.783159,8.0,,,HUMAN_OBSERVATION,50c9509d-22c7-4a22-a47d-8c48425ef4a7,,"COORDINATE_ROUNDED,CONTINENT_DERIVED_FROM_COORDINATES,TAXON_ID_NOT_FOUND"
1898804688,"Alligator mississippiensis (Daudin, 1801)",2018-05-04T13:31,2018.0,5.0,30.405772,-88.626613,2.0,,,HUMAN_OBSERVATION,50c9509d-22c7-4a22-a47d-8c48425ef4a7,,"COORDINATE_ROUNDED,CONTINENT_DERIVED_FROM_COORDINATES,TAXON_ID_NOT_FOUND"
3455640547,"Alligator mississippiensis (Daudin, 1801)",2018-05-02T12:32:44Z,2018.0,5.0,33.271605,-88.776087,5.0,,,HUMAN_OBSERVATION,50c9509d-22c7-4a22-a47d-8c48425ef4a7,,"COORDINATE_ROUNDED,CONTINENT_DERIVED_FROM_COORDINATES,TAXON_ID_NOT_FOUND"
1850915926,"Alligator mississippiensis (Daudin, 1801)",2018-06-05T08:44,2018.0,6.0,33.785598,-90.146708,,,,HUMAN_OBSERVATION,50c9509d-22c7-4a22-a47d-8c48425ef4a7,,"COORDINATE_ROUNDED,CONTINENT_DERIVED_FROM_COORDINATES,TAXON_ID_NOT_FOUND"
1850956404,"Alligator mississippiensis (Daudin, 1801)",2018-06-10T13:44,2018.0,6.0,31.379336,-91.398726,1852.0,,,HUMAN_OBSERVATION,50c9509d-22c7-4a22-a47d-8c48425ef4a7,,"COORDINATE_ROUNDED,CONTINENT_DERIVED_FROM_COORDINATES,TAXON_ID_NOT_FOUND"
1880492879,"Alligator mississippiensis (Daudin, 1801)",2018-06-16T14:03,2018.0,6.0,31.42599,-91.453135,197.0,,,HUMAN_OBSERVATION,50c9509d-22c7-4a22-a47d-8c48425ef4a7,,"COORDINATE_ROUNDED,CONTINENT_DERIVED_FROM_COORDINATES,TAXON_ID_NOT_FOUND"
1880514262,"Alligator mississippiensis (Daudin, 1801)",2018-06-16T15:31,2018.0,6.0,31.351562,-91.441079,277.0,,,HUMAN_OBSERVATION,50c9509d-22c7-4a22-a47d-8c48425ef4a7,,"COORDINATE_ROUNDED,CONTINENT_DERIVED_FROM_COORDINATES,TAXON_ID_NOT_FOUND"
1880543855,"Alligator mississippiensis (Daudin, 1801)",2018-06-14T09:24,2018.0,6.0,33.26099,-88.81421,,,,HUMAN_OBSERVATION,50c9509d-22c7-4a22-a47d-8c48425ef4a7,,"CONTINENT_DERIVED_FROM_COORDINATES,TAXON_ID_NOT_FOUND"
1880620084,"Alligator mississippiensis (Daudin, 1801)",2018-06-15T16:13,2018.0,6.0,30.405865,-88.819276,49.0,,,HUMAN_OBSERVATION,50c9509d-22c7-4a22-a47d-8c48425ef4a7,,"CONTINENT_DERIVED_FROM_COORDINATES,TAXON_ID_NOT_FOUND"
4145302315,"Alligator mississippiensis (Daudin, 1801)",2018-06-09,2018.0,6.0,33.275089,-88.777083,752.0,,,HUMAN_OBSERVATION,50c9509d-22c7-4a22-a47d-8c48425ef4a7,,"COORDINATE_ROUNDED,CONTINENT_DERIVED_FROM_COORDINATES,TAXON_ID_NOT_FOUND"
4145555308,"Alligator mississippiensis (Daudin, 1801)",2018-06-25T00:22:04,2018.0,6.0,33.280512,-88.808995,1181.0,,,HUMAN_OBSERVATION,50c9509d-22c7-4a22-a47d-8c48425ef4a7,,"COORDINATE_ROUNDED,CONTINENT_DERIVED_FROM_COORDINATES,TAXON_ID_NOT_FOUND"
2429607578,"Alligator mississippiensis (Daudin, 1801)",2018-07-29,2018.0,7.0,30.372953,-88.702582,29382.0,,,HUMAN_OBSERVATION,50c9509d-22c7-4a22-a47d-8c48425ef4a7,,"COORDINATE_ROUNDED,CONTINENT_DERIVED_FROM_COORDINATES,TAXON_ID_NOT_FOUND"
4145368301,"Alligator mississippiensis (Daudin, 1801)",2018-07-05T07:23:48,2018.0,7.0,33.282269,-88.805512,268.0,,,HUMAN_OBSERVATION,50c9509d-22c7-4a22-a47d-8c48425ef4a7,,"COORDINATE_ROUNDED,CONTINENT_DERIVED_FROM_COORDINATES,TAXON_ID_NOT_FOUND"
5140525721,"Alligator mississippiensis (Daudin, 1801)",2018-07-02T14:56:44,2018.0,7.0,30.420495,-89.016394,5.0,,,HUMAN_OBSERVATION,50c9509d-22c7-4a22-a47d-8c48425ef4a7,,"COORDINATE_ROUNDED,CONTINENT_DERIVED_FROM_COORDINATES,TAXON_ID_NOT_FOUND"
1890675859,"Alligator mississippiensis (Daudin, 1801)",2018-08-01T11:15:46,2018.0,8.0,30.449842,-88.661194,,,,HUMAN_OBSERVATION,50c9509d-22c7-4a22-a47d-8c48425ef4a7,,"COORDINATE_ROUNDED,CONTINENT_DERIVED_FROM_COORDINATES,TAXON_ID_NOT_FOUND"
1890711152,"Alligator mississippiensis (Daudin, 1801)",2018-08-06T14:30,2018.0,8.0,31.337233,-91.44085,2.0,,,HUMAN_OBSERVATION,50c9509d-22c7-4a22-a47d-8c48425ef4a7,,"COORDINATE_ROUNDED,CONTINENT_DERIVED_FROM_COORDINATES,TAXON_ID_NOT_FOUND"
1891319634,"Alligator mississippiensis (Daudin, 1801)",2018-08-12T12:28,2018.0,8.0,31.42599,-91.453135,197.0,,,HUMAN_OBSERVATION,50c9509d-22c7-4a22-a47d-8c48425ef4a7,,"COORDINATE_ROUNDED,CONTINENT_DERIVED_FROM_COORDINATES,TAXON_ID_NOT_FOUND"
3889138222,"Alligator mississippiensis (Daudin, 1801)",2018-08-05T17:28:29,2018.0,8.0,30.397943,-88.790124,13.0,,,HUMAN_OBSERVATION,50c9509d-22c7-4a22-a47d-8c48425ef4a7,,"COORDINATE_ROUNDED,CONTINENT_DERIVED_FROM_COORDINATES,TAXON_ID_NOT_FOUND"
4145441312,"Alligator mississippiensis (Daudin, 1801)",2018-08-31,2018.0,8.0,33.281937,-88.805846,868.0,,,HUMAN_OBSERVATION,50c9509d-22c7-4a22-a47d-8c48425ef4a7,,"COORDINATE_ROUNDED,CONTINENT_DERIVED_FROM_COORDINATES,TAXON_ID_NOT_FOUND"
4145605308,"Alligator mississippiensis (Daudin, 1801)",2018-08-13,2018.0,8.0,33.290137,-88.782646,1884.0,,,HUMAN_OBSERVATION,50c9509d-22c7-4a22-a47d-8c48425ef4a7,,"COORDINATE_ROUNDED,CONTINENT_DERIVED_FROM_COORDINATES,TAXON_ID_NOT_FOUND"
1901057238,"Alligator mississippiensis (Daudin, 1801)",2018-09-02T10:38,2018.0,9.0,31.42599,-91.453135,197.0,,,HUMAN_OBSERVATION,50c9509d-22c7-4a22-a47d-8c48425ef4a7,,"COORDINATE_ROUNDED,CONTINENT_DERIVED_FROM_COORDINATES,TAXON_ID_NOT_FOUND"
1913173741,"Alligator mississippiensis (Daudin, 1801)",2018-09-01T12:14:06,2018.0,9.0,33.268952,-88.784566,44.0,,,HUMAN_OBSERVATION,50c9509d-22c7-4a22-a47d-8c48425ef4a7,,"COORDINATE_ROUNDED,CONTINENT_DERIVED_FROM_COORDINATES,TAXON_ID_NOT_FOUND"
1913686508,"Alligator mississippiensis (Daudin, 1801)",2018-09-16T10:58,2018.0,9.0,31.42599,-91.453135,197.0,,,HUMAN_OBSERVATION,50c9509d-22c7-4a22-a47d-8c48425ef4a7,,"COORDINATE_ROUNDED,CONTINENT_DERIVED_FROM_COORDINATES,TAXON_ID_NOT_FOUND"
1914212772,"Alligator mississippiensis (Daudin, 1801)",2018-09-22T14:30,2018.0,9.0,30.355992,-88.6912,50.0,,,HUMAN_OBSERVATION,50c9509d-22c7-4a22-a47d-8c48425ef4a7,,"COORDINATE_ROUNDED,CONTINENT_DERIVED_FROM_COORDINATES,TAXON_ID_NOT_FOUND"
1931530103,"Alligator mississippiensis (Daudin, 1801)",2018-10-18T09:28,2018.0,10.0,33.84607,-90.080457,,,,HUMAN_OBSERVATION,50c9509d-22c7-4a22-a47d-8c48425ef4a7,,"COORDINATE_ROUNDED,CONTINENT_DERIVED_FROM_COORDINATES,TAXON_ID_NOT_FOUND"
1932345243,"Alligator mississippiensis (Daudin, 1801)",2018-10-18T12:23,2018.0,10.0,33.27226,-88.789768,61.0,,,HUMAN_OBSERVATION,50c9509d-22c7-4a22-a47d-8c48425ef4a7,,"COORDINATE_ROUNDED,CONTINENT_DERIVED_FROM_COORDINATES,TAXON_ID_NOT_FOUND"
1933573622,"Alligator mississippiensis (Daudin, 1801)",2018-10-29T11:59,2018.0,10.0,30.407009,-88.81805,31.0,,,HUMAN_OBSERVATION,50c9509d-22c7-4a22-a47d-8c48425ef4a7,,"COORDINATE_ROUNDED,CONTINENT_DERIVED_FROM_COORDINATES,TAXON_ID_NOT_FOUND"
1935625497,"Alligator mississippiensis (Daudin, 1801)",2018-10-15T05:11,2018.0,10.0,32.326887,-90.146642,61.0,,,HUMAN_OBSERVATION,50c9509d-22c7-4a22-a47d-8c48425ef4a7,,"COORDINATE_ROUNDED,CONTINENT_DERIVED_FROM_COORDINATES,TAXON_ID_NOT_FOUND"
1945427552,"Alligator mississippiensis (Daudin, 1801)",2018-10-28T15:22,2018.0,10.0,33.353303,-90.244081,8.0,,,HUMAN_OBSERVATION,50c9509d-22c7-4a22-a47d-8c48425ef4a7,,"COORDINATE_ROUNDED,CONTINENT_DERIVED_FROM_COORDINATES,TAXON_ID_NOT_FOUND"
1946345328,"Alligator mississippiensis (Daudin, 1801)",2018-10-28T10:25,2018.0,10.0,30.410119,-88.958288,15.0,,,HUMAN_OBSERVATION,50c9509d-22c7-4a22-a47d-8c48425ef4a7,,"COORDINATE_ROUNDED,CONTINENT_DERIVED_FROM_COORDINATES,TAXON_ID_NOT_FOUND"
4145372311,"Alligator mississippiensis (Daudin, 1801)",2018-10-27T12:15,2018.0,10.0,33.284195,-88.778384,944.0,,,HUMAN_OBSERVATION,50c9509d-22c7-4a22-a47d-8c48425ef4a7,,"COORDINATE_ROUNDED,CONTINENT_DERIVED_FROM_COORDINATES,TAXON_ID_NOT_FOUND"
1935597211,"Alligator mississippiensis (Daudin, 1801)",2018-11-03T14:14,2018.0,11.0,33.271107,-88.777552,108.0,,,HUMAN_OBSERVATION,50c9509d-22c7-4a22-a47d-8c48425ef4a7,,"COORDINATE_ROUNDED,CONTINENT_DERIVED_FROM_COORDINATES,TAXON_ID_NOT_FOUND"
2283071860,"Alligator mississippiensis (Daudin, 1801)",2018-11-30T23:52:20,2018.0,11.0,33.278182,-88.780732,2520.0,,,HUMAN_OBSERVATION,50c9509d-22c7-4a22-a47d-8c48425ef4a7,,"COORDINATE_ROUNDED,CONTINENT_DERIVED_FROM_COORDINATES,TAXON_ID_NOT_FOUND"
4145221310,"Alligator mississippiensis (Daudin, 1801)",2018-11-21T12:14,2018.0,11.0,33.281248,-88.80257,686.0,,,HUMAN_OBSERVATION,50c9509d-22c7-4a22-a47d-8c48425ef4a7,,"COORDINATE_ROUNDED,CONTINENT_DERIVED_FROM_COORDINATES,TAXON_ID_NOT_FOUND"
1453518703,"Alligator mississippiensis (Daudin, 1801)",2017-03-17T12:01:34,2017.0,3.0,30.395504,-88.793758,7.0,,,HUMAN_OBSERVATION,50c9509d-22c7-4a22-a47d-8c48425ef4a7,,"COORDINATE_ROUNDED,CONTINENT_DERIVED_FROM_COORDINATES,TAXON_ID_NOT_FOUND"
1586201945,"Alligator mississippiensis (Daudin, 1801)",2017-03-17,2017.0,3.0,31.29945,-89.237944,5.0,Forrest,"Old River Road and Woody Clark Road, 0.4 mi SW",MACHINE_OBSERVATION,832b8188-f762-11e1-a439-00145eb45e9a,,
2238786146,"Alligator mississippiensis (Daudin, 1801)",2017-03-18,2017.0,3.0,30.223028,-89.545951,29382.0,,,HUMAN_OBSERVATION,50c9509d-22c7-4a22-a47d-8c48425ef4a7,,"COORDINATE_ROUNDED,CONTINENT_DERIVED_FROM_COORDINATES,TAXON_ID_NOT_FOUND"
1914247744,"Alligator mississippiensis (Daudin, 1801)",2017-04-28T15:56,2017.0,4.0,32.579434,-89.869955,200.0,,,HUMAN_OBSERVATION,50c9509d-22c7-4a22-a47d-8c48425ef4a7,,"COORDINATE_ROUNDED,CONTINENT_DERIVED_FROM_COORDINATES,TAXON_ID_NOT_FOUND"
3067805221,"Alligator mississippiensis (Daudin, 1801)",2017-04-02T11:12,2017.0,4.0,30.39486,-88.791271,738.0,,,HUMAN_OBSERVATION,50c9509d-22c7-4a22-a47d-8c48425ef4a7,,"COORDINATE_ROUNDED,CONTINENT_DERIVED_FROM_COORDINATES,TAXON_ID_NOT_FOUND"
3067869186,"Alligator mississippiensis (Daudin, 1801)",2017-04-02T11:04,2017.0,4.0,30.39673,-88.789849,636.0,,,HUMAN_OBSERVATION,50c9509d-22c7-4a22-a47d-8c48425ef4a7,,"COORDINATE_ROUNDED,CONTINENT_DERIVED_FROM_COORDINATES,TAXON_ID_NOT_FOUND"
1562924998,"Alligator mississippiensis (Daudin, 1801)",2017-05-11T15:41:24,2017.0,5.0,30.397862,-88.79,,,,HUMAN_OBSERVATION,50c9509d-22c7-4a22-a47d-8c48425ef4a7,,"COORDINATE_ROUNDED,CONTINENT_DERIVED_FROM_COORDINATES,TAXON_ID_NOT_FOUND"
1562970172,"Alligator mississippiensis (Daudin, 1801)",2017-05-07T09:46,2017.0,5.0,33.067647,-90.269042,27.0,,,HUMAN_OBSERVATION,50c9509d-22c7-4a22-a47d-8c48425ef4a7,,"CONTINENT_DERIVED_FROM_COORDINATES,TAXON_ID_NOT_FOUND"
1668849473,"Alligator mississippiensis (Daudin, 1801)",2017-07-19T15:49,2017.0,7.0,30.414764,-88.543297,,,,HUMAN_OBSERVATION,50c9509d-22c7-4a22-a47d-8c48425ef4a7,,"COORDINATE_ROUNDED,CONTINENT_DERIVED_FROM_COORDINATES,TAXON_ID_NOT_FOUND"
1847496957,"Alligator mississippiensis (Daudin, 1801)",2017-07-19T15:49,2017.0,7.0,30.414764,-88.543297,5.0,,,HUMAN_OBSERVATION,50c9509d-22c7-4a22-a47d-8c48425ef4a7,,"COORDINATE_ROUNDED,CONTINENT_DERIVED_FROM_COORDINATES,TAXON_ID_NOT_FOUND"
1914202557,"Alligator mississippiensis (Daudin, 1801)",2017-07-29T18:10,2017.0,7.0,31.42599,-91.453135,197.0,,,HUMAN_OBSERVATION,50c9509d-22c7-4a22-a47d-8c48425ef4a7,,"COORDINATE_ROUNDED,CONTINENT_DERIVED_FROM_COORDINATES,TAXON_ID_NOT_FOUND"
1913707001,"Alligator mississippiensis (Daudin, 1801)",2017-08-05T14:03,2017.0,8.0,31.42599,-91.453135,197.0,,,HUMAN_OBSERVATION,50c9509d-22c7-4a22-a47d-8c48425ef4a7,,"COORDINATE_ROUNDED,CONTINENT_DERIVED_FROM_COORDINATES,TAXON_ID_NOT_FOUND"
4076053411,"Alligator mississippiensis (Daudin, 1801)",2017-08-05T12:09:52,2017.0,8.0,30.39778,-88.790283,,,,HUMAN_OBSERVATION,50c9509d-22c7-4a22-a47d-8c48425ef4a7,,"COORDINATE_ROUNDED,CONTINENT_DERIVED_FROM_COORDINATES,TAXON_ID_NOT_FOUND"
1802739399,"Alligator mississippiensis (Daudin, 1801)",2017-09-03T17:06:51,2017.0,9.0,30.410531,-88.779546,7338.0,,,HUMAN_OBSERVATION,50c9509d-22c7-4a22-a47d-8c48425ef4a7,,"COORDINATE_ROUNDED,CONTINENT_DERIVED_FROM_COORDINATES,TAXON_ID_NOT_FOUND"
1913182257,"Alligator mississippiensis (Daudin, 1801)",2017-09-16T14:44,2017.0,9.0,31.42599,-91.453135,197.0,,,HUMAN_OBSERVATION,50c9509d-22c7-4a22-a47d-8c48425ef4a7,,"COORDINATE_ROUNDED,CONTINENT_DERIVED_FROM_COORDINATES,TAXON_ID_NOT_FOUND"
4416875304,"Alligator mississippiensis (Daudin, 1801)",2017-09-06T16:40:02,2017.0,9.0,30.353466,-89.136814,86.0,,,HUMAN_OBSERVATION,50c9509d-22c7-4a22-a47d-8c48425ef4a7,,"COORDINATE_ROUNDED,CONTINENT_DERIVED_FROM_COORDINATES,TAXON_ID_NOT_FOUND"
1831228880,"Alligator mississippiensis (Daudin, 1801)",2017-11-15T16:01:57,2017.0,11.0,30.375464,-89.614017,20.0,,,HUMAN_OBSERVATION,50c9509d-22c7-4a22-a47d-8c48425ef4a7,,"COORDINATE_ROUNDED,CONTINENT_DERIVED_FROM_COORDINATES,TAXON_ID_NOT_FOUND"
1901066391,"Alligator mississippiensis (Daudin, 1801)",2017-11-16T13:20,2017.0,11.0,31.42599,-91.453135,197.0,,,HUMAN_OBSERVATION,50c9509d-22c7-4a22-a47d-8c48425ef4a7,,"COORDINATE_ROUNDED,CONTINENT_DERIVED_FROM_COORDINATES,TAXON_ID_NOT_FOUND"
1901066880,"Alligator mississippiensis (Daudin, 1801)",2017-11-26T12:47,2017.0,11.0,31.42599,-91.453135,197.0,,,HUMAN_OBSERVATION,50c9509d-22c7-4a22-a47d-8c48425ef4a7,,"COORDINATE_ROUNDED,CONTINENT_DERIVED_FROM_COORDINATES,TAXON_ID_NOT_FOUND"
1901073409,"Alligator mississippiensis (Daudin, 1801)",2017-11-29T13:47,2017.0,11.0,31.42599,-91.453135,197.0,,,HUMAN_OBSERVATION,50c9509d-22c7-4a22-a47d-8c48425ef4a7,,"COORDINATE_ROUNDED,CONTINENT_DERIVED_FROM_COORDINATES,TAXON_ID_NOT_FOUND"
1802728348,"Alligator mississippiensis (Daudin, 1801)",2017-12-20T16:58,2017.0,12.0,30.39139,-88.791002,298.0,,,HUMAN_OBSERVATION,50c9509d-22c7-4a22-a47d-8c48425ef4a7,,"COORDINATE_ROUNDED,CONTINENT_DERIVED_FROM_COORDINATES,TAXON_ID_NOT_FOUND"
4416723305,"Alligator mississippiensis (Daudin, 1801)",2017-12-12T12:06:23,2017.0,12.0,30.397923,-88.790166,15.0,,,HUMAN_OBSERVATION,50c9509d-22c7-4a22-a47d-8c48425ef4a7,,"COORDINATE_ROUNDED,CONTINENT_DERIVED_FROM_COORDINATES,TAXON_ID_NOT_FOUND"
1253317062,"Alligator mississippiensis (Daudin, 1801)",2016-02-24T15:47:18,2016.0,2.0,30.398095,-88.790076,,,,HUMAN_OBSERVATION,50c9509d-22c7-4a22-a47d-8c48425ef4a7,,"CONTINENT_DERIVED_FROM_COORDINATES,TAXON_ID_NOT_FOUND"
2803095740,"Alligator mississippiensis (Daudin, 1801)",2016-03-29T19:31:32,2016.0,3.0,30.43559,-88.437489,91.0,,,HUMAN_OBSERVATION,50c9509d-22c7-4a22-a47d-8c48425ef4a7,,"COORDINATE_ROUNDED,CONTINENT_DERIVED_FROM_COORDINATES,TAXON_ID_NOT_FOUND"
2868127878,"Alligator mississippiensis (Daudin, 1801)",2016-03-26T15:35,2016.0,3.0,32.405851,-89.842373,29093.0,,,HUMAN_OBSERVATION,50c9509d-22c7-4a22-a47d-8c48425ef4a7,,"COORDINATE_ROUNDED,CONTINENT_DERIVED_FROM_COORDINATES,TAXON_ID_NOT_FOUND"
6184787326,"Alligator mississippiensis (Daudin, 1801)",2016-05-06T12:52,2016.0,5.0,30.791257,-88.798229,29330.0,,,HUMAN_OBSERVATION,50c9509d-22c7-4a22-a47d-8c48425ef4a7,,"COORDINATE_ROUNDED,CONTINENT_DERIVED_FROM_COORDINATES,TAXON_ID_NOT_FOUND"
6185414130,"Alligator mississippiensis (Daudin, 1801)",2016-05-06T10:03,2016.0,5.0,30.73194,-88.653663,29330.0,,,HUMAN_OBSERVATION,50c9509d-22c7-4a22-a47d-8c48425ef4a7,,"COORDINATE_ROUNDED,CONTINENT_DERIVED_FROM_COORDINATES,TAXON_ID_NOT_FOUND"
2244246632,"Alligator mississippiensis (Daudin, 1801)",2016-07-09T12:23,2016.0,7.0,31.373173,-91.167697,614.0,,,HUMAN_OBSERVATION,50c9509d-22c7-4a22-a47d-8c48425ef4a7,,"COORDINATE_ROUNDED,CONTINENT_DERIVED_FROM_COORDINATES,TAXON_ID_NOT_FOUND"
1500350195,"Alligator mississippiensis (Daudin, 1801)",2016-08-13T15:22:13,2016.0,8.0,30.397778,-88.790001,,,,HUMAN_OBSERVATION,50c9509d-22c7-4a22-a47d-8c48425ef4a7,,"COORDINATE_ROUNDED,CONTINENT_DERIVED_FROM_COORDINATES,TAXON_ID_NOT_FOUND"
2243020021,"Alligator mississippiensis (Daudin, 1801)",2016-08-20T16:35,2016.0,8.0,32.584521,-89.861765,153.0,,,HUMAN_OBSERVATION,50c9509d-22c7-4a22-a47d-8c48425ef4a7,,"COORDINATE_ROUNDED,CONTINENT_DERIVED_FROM_COORDINATES,TAXON_ID_NOT_FOUND"
1562963594,"Alligator mississippiensis (Daudin, 1801)",2016-09-24T11:36,2016.0,9.0,34.781494,-89.965936,,,,HUMAN_OBSERVATION,50c9509d-22c7-4a22-a47d-8c48425ef4a7,,"COORDINATE_ROUNDED,CONTINENT_DERIVED_FROM_COORDINATES,TAXON_ID_NOT_FOUND"
2243008353,"Alligator mississippiensis (Daudin, 1801)",2016-10-23T08:55,2016.0,10.0,31.42599,-91.453135,197.0,,,HUMAN_OBSERVATION,50c9509d-22c7-4a22-a47d-8c48425ef4a7,,"COORDINATE_ROUNDED,CONTINENT_DERIVED_FROM_COORDINATES,TAXON_ID_NOT_FOUND"
1807312080,"Alligator mississippiensis (Daudin, 1801)",2016-11-09T14:51,2016.0,11.0,31.527937,-89.5367,29226.0,,,HUMAN_OBSERVATION,50c9509d-22c7-4a22-a47d-8c48425ef4a7,,"COORDINATE_ROUNDED,CONTINENT_DERIVED_FROM_COORDINATES,TAXON_ID_NOT_FOUND"
2597702624,"Alligator mississippiensis (Daudin, 1801)",2015-06-24T21:09,2015.0,6.0,33.281045,-88.779928,883.0,,,HUMAN_OBSERVATION,50c9509d-22c7-4a22-a47d-8c48425ef4a7,,"COORDINATE_ROUNDED,CONTINENT_DERIVED_FROM_COORDINATES,TAXON_ID_NOT_FOUND"
3335158624,"Alligator mississippiensis (Daudin, 1801)",2015-07-29T12:00Z,2015.0,7.0,30.894792,-89.469301,342290.0,,,HUMAN_OBSERVATION,50c9509d-22c7-4a22-a47d-8c48425ef4a7,,"COORDINATE_ROUNDED,CONTINENT_DERIVED_FROM_COORDINATES,TAXON_ID_NOT_FOUND"
5231077556,"Alligator mississippiensis (Daudin, 1801)",2015-08-07T09:52,2015.0,8.0,31.361497,-91.417723,195.0,,,HUMAN_OBSERVATION,50c9509d-22c7-4a22-a47d-8c48425ef4a7,,"COORDINATE_ROUNDED,CONTINENT_DERIVED_FROM_COORDINATES,TAXON_ID_NOT_FOUND"
2244224855,"Alligator mississippiensis (Daudin, 1801)",2014-05-04T11:54,2014.0,5.0,31.703256,-91.375563,2214.0,,,HUMAN_OBSERVATION,50c9509d-22c7-4a22-a47d-8c48425ef4a7,,"COORDINATE_ROUNDED,CONTINENT_DERIVED_FROM_COORDINATES,TAXON_ID_NOT_FOUND"
1640121633,"Alligator mississippiensis (Daudin, 1801)",2014-08-11T07:26,2014.0,8.0,30.375557,-88.711907,15.0,,,HUMAN_OBSERVATION,50c9509d-22c7-4a22-a47d-8c48425ef4a7,,"COORDINATE_ROUNDED,CONTINENT_DERIVED_FROM_COORDINATES,TAXON_ID_NOT_FOUND"
2294466067,"Alligator mississippiensis (Daudin, 1801)",2013-07-16T16:41,2013.0,7.0,30.379603,-88.613911,29382.0,,,HUMAN_OBSERVATION,50c9509d-22c7-4a22-a47d-8c48425ef4a7,,"COORDINATE_ROUNDED,CONTINENT_DERIVED_FROM_COORDINATES,TAXON_ID_NOT_FOUND"
1990525045,"Alligator mississippiensis (Daudin, 1801)",2013-08-30T21:39:52,2013.0,8.0,30.671253,-88.632407,2531.0,,,HUMAN_OBSERVATION,50c9509d-22c7-4a22-a47d-8c48425ef4a7,,"COORDINATE_ROUNDED,CONTINENT_DERIVED_FROM_COORDINATES,TAXON_ID_NOT_FOUND"
1836584686,"Alligator mississippiensis (Daudin, 1801)",2013-09-15T08:10,2013.0,9.0,30.359397,-88.673015,122.0,,,HUMAN_OBSERVATION,50c9509d-22c7-4a22-a47d-8c48425ef4a7,,"COORDINATE_ROUNDED,CONTINENT_DERIVED_FROM_COORDINATES,TAXON_ID_NOT_FOUND"
4902100400,"Alligator mississippiensis (Daudin, 1801)",2011-03-14T02:22,2011.0,3.0,31.339896,-91.420326,14.0,,,HUMAN_OBSERVATION,50c9509d-22c7-4a22-a47d-8c48425ef4a7,,"CONTINENT_DERIVED_FROM_COORDINATES,TAXON_ID_NOT_FOUND"
3044903719,"Alligator mississippiensis (Daudin, 1801)",2011-05-04T13:59,2011.0,5.0,30.367837,-88.713792,138.0,,,HUMAN_OBSERVATION,50c9509d-22c7-4a22-a47d-8c48425ef4a7,,"COORDINATE_ROUNDED,CONTINENT_DERIVED_FROM_COORDINATES,TAXON_ID_NOT_FOUND"
2251822520,"Alligator mississippiensis (Daudin, 1801)",2010-11-23T10:50,2010.0,11.0,33.07898,-91.02693,100.0,,,HUMAN_OBSERVATION,50c9509d-22c7-4a22-a47d-8c48425ef4a7,,"COORDINATE_ROUNDED,CONTINENT_DERIVED_FROM_COORDINATES,TAXON_ID_NOT_FOUND"
4909187643,"Alligator mississippiensis (Daudin, 1801)",2009-03-16,2009.0,3.0,31.364,-91.437,,,,HUMAN_OBSERVATION,50c9509d-22c7-4a22-a47d-8c48425ef4a7,,"CONTINENT_DERIVED_FROM_COORDINATES,TAXON_ID_NOT_FOUND"
3044616908,"Alligator mississippiensis (Daudin, 1801)",2007-03-12T17:21,2007.0,3.0,30.417462,-88.997932,488.0,,,HUMAN_OBSERVATION,50c9509d-22c7-4a22-a47d-8c48425ef4a7,,"COORDINATE_ROUNDED,CONTINENT_DERIVED_FROM_COORDINATES,TAXON_ID_NOT_FOUND"
4599990748,"Alligator mississippiensis (Daudin, 1801)",2005-04-27T13:09,2005.0,4.0,32.49821,-91.069133,8.0,,,HUMAN_OBSERVATION,50c9509d-22c7-4a22-a47d-8c48425ef4a7,,"COORDINATE_ROUNDED,CONTINENT_DERIVED_FROM_COORDINATES,TAXON_ID_NOT_FOUND"
1914204379,"Alligator mississippiensis (Daudin, 1801)",2005-05-05T22:22,2005.0,5.0,30.37157,-88.839504,2901.0,,,HUMAN_OBSERVATION,50c9509d-22c7-4a22-a47d-8c48425ef4a7,,"COORDINATE_ROUNDED,CONTINENT_DERIVED_FROM_COORDINATES,TAXON_ID_NOT_FOUND"
2465256191,"Alligator mississippiensis (Daudin, 1801)",2005-08-19T09:50,2005.0,8.0,30.379687,-88.708574,30.0,,,HUMAN_OBSERVATION,50c9509d-22c7-4a22-a47d-8c48425ef4a7,,"COORDINATE_ROUNDED,CONTINENT_DERIVED_FROM_COORDINATES,TAXON_ID_NOT_FOUND"
2626679454,"Alligator mississippiensis (Daudin, 1801)",2003-03-18T18:00Z,2003.0,3.0,32.295552,-89.653339,8.0,,,HUMAN_OBSERVATION,50c9509d-22c7-4a22-a47d-8c48425ef4a7,,"COORDINATE_ROUNDED,CONTINENT_DERIVED_FROM_COORDINATES,TAXON_ID_NOT_FOUND"
2611292663,"Alligator mississippiensis (Daudin, 1801)",2000-04-17T09:48:50,2000.0,4.0,31.423285,-91.480718,29226.0,,,HUMAN_OBSERVATION,50c9509d-22c7-4a22-a47d-8c48425ef4a7,,"COORDINATE_ROUNDED,CONTINENT_DERIVED_FROM_COORDINATES,TAXON_ID_NOT_FOUND"
2311361050,"Alligator mississippiensis (Daudin, 1801)",1997-07-13T14:36,1997.0,7.0,33.080925,-90.971132,195.0,,,HUMAN_OBSERVATION,50c9509d-22c7-4a22-a47d-8c48425ef4a7,,"COORDINATE_ROUNDED,CONTINENT_DERIVED_FROM_COORDINATES,TAXON_ID_NOT_FOUND"
686893640,"Alligator mississippiensis (Daudin, 1801)",1959-04-24,1959.0,4.0,33.095033,-90.993093,3.54,Yazoo,"48 km S Greenville, Yazoo National Wildlife Refuge",PRESERVED_SPECIMEN,dce00a1f-f6b4-4e11-9771-92c62c40ad80,,COORDINATE_ROUNDED
1321097340,"Alligator mississippiensis (Daudin, 1801)",1900,1900.0,,31.7155,-91.0129,31514.2,Jefferson,No Further Locality Data,PRESERVED_SPECIMEN,821cc27a-e3bb-4bc5-ac34-89ada245069d,1.0,OCCURRENCE_STATUS_INFERRED_FROM_INDIVIDUAL_COUNT
1320549717,"Alligator mississippiensis (Daudin, 1801)",1890,1890.0,,31.7155,-91.0129,31514.2,Jefferson,No Further Locality Data,PRESERVED_SPECIMEN,821cc27a-e3bb-4bc5-ac34-89ada245069d,1.0,OCCURRENCE_STATUS_INFERRED_FROM_INDIVIDUAL_COUNT
3418840429,"Alligator mississippiensis (Daudin, 1801)",1885-01-01/1885-12-31,1885.0,,30.41131,-88.827806,7844.0,Jackson County,Ocean Springs,PRESERVED_SPECIMEN,a28138cb-d42a-460d-b16d-8ed2f911022f,,"CONTINENT_DERIVED_FROM_COORDINATES,INSTITUTION_MATCH_FUZZY,INSTITUTION_COLLECTION_MISMATCH"
1699130272,"Alligator mississippiensis (Daudin, 1801)",,,,33.516941,-88.401672,,Lowndes,,MATERIAL_CITATION,bb5b30b4-827e-4d5e-a86a-825d65cb6583,,"TAXON_CONCEPT_ID_NOT_FOUND,TAXON_ID_NOT_FOUND,INSTITUTION_MATCH_NONE,AGE_OR_STAGE_RANK_MISMATCH"
